<?xml version="1.0"?>
<!-- SCPlusV2_RS232 -->
<SBEDataUploadFile>
<ApplicationData>
<Seaterm232>
<SoftwareVersion>2.6.3.104</SoftwareVersion>
<BuildDate>30-Jun-2017</BuildDate>
</Seaterm232>
</ApplicationData>
<InstrumentState>
<HardwareData DeviceType='SBE19plus' SerialNumber='01906740'>

   <Manufacturer>Sea-Bird Electronics, Inc.</Manufacturer>

   <FirmwareVersion>2.2d</FirmwareVersion>

   <FirmwareDate>9 February 2011 08:30</FirmwareDate>

   <CommandSetVersion>1.1</CommandSetVersion>

   <PCBAssembly PCBSerialNum='25307' AssemblyNum='41054G'/>

   <PCBAssembly PCBSerialNum='25737' AssemblyNum='41580B'/>

   <PCBAssembly PCBSerialNum='24669' AssemblyNum='41606'/>

   <PCBAssembly PCBSerialNum='24372' AssemblyNum='41059D'/>

   <MfgDate>  08 DEC 2010</MfgDate>

   <InternalSensors>

      <Sensor id='Main Temperature'>

         <type>temperature0</type>

         <SerialNumber>01906740</SerialNumber>

      </Sensor>

      <Sensor id='Main Conductivity'>

         <type>conductivity-0</type>

         <SerialNumber>01906740</SerialNumber>

      </Sensor>

      <Sensor id='Main Pressure'>

         <type>strain-0</type>

         <SerialNumber>3220369</SerialNumber>

      </Sensor>

   </InternalSensors>

   <ExternalSensors>

      <Sensor id='volt 0'>

         <type>SBE 43 OXY</type>

         <SerialNumber>432005</SerialNumber>

      </Sensor>

      <Sensor id='volt 1'>

         <type>not assigned</type>

         <SerialNumber>not assigned</SerialNumber>

      </Sensor>

      <Sensor id='volt 2'>

         <type>ECO-FLNTURT CHL</type>

         <SerialNumber>FLNTURTD-2025</SerialNumber>

      </Sensor>

      <Sensor id='volt 3'>

         <type>ECO-FLNTURT TURB</type>

         <SerialNumber>FLNTURTD-2025</SerialNumber>

      </Sensor>

      <Sensor id='volt 4'>

         <type>not assigned</type>

         <SerialNumber>not assigned</SerialNumber>

      </Sensor>

      <Sensor id='volt 5'>

         <type>not assigned</type>

         <SerialNumber>not assigned</SerialNumber>

      </Sensor>

   </ExternalSensors>

</HardwareData>
<StatusData DeviceType='SBE19plus' SerialNumber='01906740'>

   <DateTime>2018-11-26T19:37:10</DateTime>

   <LoggingState>not logging</LoggingState>

   <EventSummary numEvents='241'/>

   <Power>

      <vMain>12.4</vMain>

      <vLith>5.3</vLith>

      <iMain>61.4</iMain>

      <iPump>156.8</iPump>

      <iExt01> 4.2</iExt01>

      <iExt2345>18.2</iExt2345>

   </Power>

   <MemorySummary>

      <Bytes>1110270</Bytes>

      <Samples>65310</Samples>

      <SamplesFree>3805169</SamplesFree>

      <SampleLength>17</SampleLength>

      <Profiles>71</Profiles>

   </MemorySummary>

</StatusData>
<ConfigurationData DeviceType='SBE19plus' SerialNumber='01906740'>

   <ProfileMode>

      <ScansToAverage>1</ScansToAverage>

      <MinimumCondFreq>3226</MinimumCondFreq>

      <PumpDelay>60</PumpDelay>

      <AutoRun>no</AutoRun>

      <IgnoreSwitch>no</IgnoreSwitch>

   </ProfileMode>

   <Battery>

      <Type>alkaline</Type>

      <CutOff>7.5</CutOff>

   </Battery>

   <DataChannels>

      <ExtVolt0>yes</ExtVolt0>

      <ExtVolt1>no</ExtVolt1>

      <ExtVolt2>yes</ExtVolt2>

      <ExtVolt3>yes</ExtVolt3>

      <ExtVolt4>no</ExtVolt4>

      <ExtVolt5>no</ExtVolt5>

      <SBE38>no</SBE38>

      <OPTODE>no</OPTODE>

      <GTD>no</GTD>

   </DataChannels>

   <EchoCharacters>yes</EchoCharacters>

   <OutputExecutedTag>yes</OutputExecutedTag>

   <OutputFormat>raw HEX</OutputFormat>

</ConfigurationData>
<CalibrationCoefficients DeviceType='SBE19plus' SerialNumber='01906740'>

   <Calibration format='TEMP1' id='Main Temperature'>

      <SerialNum>01906740</SerialNum>

      <CalDate>07-Jan-11 </CalDate>

      <TA0>1.255288e-03</TA0>

      <TA1>2.593288e-04</TA1>

      <TA2>-2.376104e-07</TA2>

      <TA3>1.449298e-07</TA3>

      <TOFFSET>0.000000e+00</TOFFSET>

   </Calibration>

   <Calibration format='WBCOND0' id='Main Conductivity'>

      <SerialNum>01906740</SerialNum>

      <CalDate>07-Jan-11</CalDate>

      <G>-1.033008e+00</G>

      <H>1.393941e-01</H>

      <I>-2.175401e-04</I>

      <J>3.475757e-05</J>

      <CPCOR>-9.570000e-08</CPCOR>

      <CTCOR>3.250000e-06</CTCOR>

      <CSLOPE>1.000000e+00</CSLOPE>

   </Calibration>

   <Calibration format='STRAIN0' id='Main Pressure'>

      <SerialNum>3220369</SerialNum>

      <CalDate>21-Dec-10</CalDate>

      <PA0>8.222195e-01</PA0>

      <PA1>1.566037e-02</PA1>

      <PA2>-6.194425e-10</PA2>

      <PTCA0>5.244452e+05</PTCA0>

      <PTCA1>4.417653e+00</PTCA1>

      <PTCA2>-9.798927e-02</PTCA2>

      <PTCB0>2.510725e+01</PTCB0>

      <PTCB1>-1.150000e-03</PTCB1>

      <PTCB2>0.000000e+00</PTCB2>

      <PTEMPA0>-5.917147e+01</PTEMPA0>

      <PTEMPA1>5.387460e+01</PTEMPA1>

      <PTEMPA2>-2.653169e-01</PTEMPA2>

      <POFFSET>0.000000e+00</POFFSET>

      <PRANGE>5.076000e+03</PRANGE>

   </Calibration>

   <Calibration format='VOLT0' id='Volt 0'>

      <OFFSET>-4.687158e-02</OFFSET>

      <SLOPE>1.247988e+00</SLOPE>

   </Calibration>

   <Calibration format='VOLT0' id='Volt 1'>

      <OFFSET>-4.719579e-02</OFFSET>

      <SLOPE>1.248132e+00</SLOPE>

   </Calibration>

   <Calibration format='VOLT0' id='Volt 2'>

      <OFFSET>-4.684526e-02</OFFSET>

      <SLOPE>1.248324e+00</SLOPE>

   </Calibration>

   <Calibration format='VOLT0' id='Volt 3'>

      <OFFSET>-4.678105e-02</OFFSET>

      <SLOPE>1.247145e+00</SLOPE>

   </Calibration>

   <Calibration format='VOLT0' id='Volt 4'>

      <OFFSET>-4.669684e-02</OFFSET>

      <SLOPE>1.248307e+00</SLOPE>

   </Calibration>

   <Calibration format='VOLT0' id='Volt 5'>

      <OFFSET>-4.709579e-02</OFFSET>

      <SLOPE>1.247697e+00</SLOPE>

   </Calibration>

   <Calibration format='FREQ0' id='external frequency channel'>

      <EXTFREQSF>9.999977e-01</EXTFREQSF>

   </Calibration>

</CalibrationCoefficients>
<EventCounters DeviceType='SBE19plus' SerialNumber='01906740'>

   <EventSummary numEvents='241'/>

   <Event type='ErrorFLASHUncorrectableError' count='241'/>

</EventCounters></InstrumentState>
<Headers>

cast  40 24 Nov 2018 09:52:05 samples 45088 to 46260, avg = 1, stop = mag switch

</Headers><InstrumentRawData>
<SBEDataUpload startAddr='766479'>

   <Type>1</Type>

   <DataFormat>SEACATPLUS0</DataFormat>

   <Bytes>19941</Bytes>

   <Data>
B4F403FD170BE403084D548D59150292
12ACF4039A1D0BEA03084D5465590E02
9A12B3F403AD220BED03084D546E590F
029A1231F503E4D412F303084D544B5D
0F029012F6F503A8EF1AFA03084E542C
611503421680F6031E7B120004084E54
086311033E16BBF603B75D0D0304084E
54FF650C03421696F6037EE10C060408
4E54B2651503441672F6031DC2120E04
084F543B610D043E3369F603D2321512
04084F541E5F0E043C337CF603D24215
1604084F54E55D0C043C339CF6038A1F
161704084F544B5D0C043633BFF603B2
0F171904084F54EA5CCA02FF0FDFF603
ED9C181B040850543D5DD6020010F5F6
032CF31A2004085054AA61D402FF0F08
F703E62C1B2104085054DA5FD3020410
29F703E22B1B29040851549E65CF02F1
0F43F7038F2A1B3404085154D35FB302
EF0E69F703252A1B4004085154455DA8
02F30EA0F703AB2A1B4204085154CF5D
B402FC0EE5F703BC2A1B41040851540A
5DBB02FF0E23F8034F2A1B3D04085254
BE5CB002D30E7AF80364291B38040852
54BE5CB002E00EDFF8034A281B380408
5354625CAA02D10E41F90364271B3804
085354DA5BBB02D30E91F90303271B3B
04085354645BDC02CB0ED0F903D1261B
3C040853540B5BDA02D10E0BFA038126
1B3904085454005BE102E20E41FA0329
261B36040855541C5BE502CE0E73FA03
EF251B3704085554145BD402F80E9EFA
03D8251B3504085454035BD302F00EB1
FA03C5251B3804085554D15AD502F40E
B2FA03EF251B3604085654B85AD702F3
0EA6FA0314261B3504085654A95ACB02
F80E97FA03FB251B3104085654BA5ABC
020F0F8BFA0314261B2F040856549C5A
C802110F83FA0305261B2A04085654B8
5AC502080F75FA0308261B2B04085654
AC5AC502FD0E5BFA0332261B2B040856
54CD5AC002DF0E33FA036C261B2A0408
5654585BC702EC0E0DFA039F261B2D04
085654335FC902DD0EF0F903C0261B31
04085654395EC202E90ED8F903E2261B
3604085654355CD302F20ED7F903CE26
1B3804085654D65AC902F20EECF90396
261B3804085654495AD702F90E0EFA03
57261B3604085754205AD302F40E3BFA
03F3251B3604085754DF59C002D40E6E
FA039B251B37040856544E59BE02CB0E
A1FA0379251B3804085654DB58BD02D1
0EC5FA038A251B3A040856541358B702
D70ED8FA03A8251B3A04085754A257C0
02CD0EE2FA03D5251B35040857541157
9D02DE0EECFA03DA251B30040858549D
569F02EB0EF9FA039F251B2E04085854
3456A502D70E06FB0392251B2C040858
54A755A802F80E0FFB03AB251B2F0408
58542555BD02C00E1BFB03C8251B3004
085854CF54BB02CD0E25FB03DE251B31
04085854AD54C702C60E2DFB03E2251B
3104085854CB54C802C90E37FB03BC25
1B3104085954AC54E402E90E3DFB039B
251B33040859545354E202E30E41FB03
92251B35040859541D54EA02EC0E46FB
039F251B3704085854DD53E002E30E47
FB03B8251B3904085954B353BE02FD0E
47FB03C0251B37040858549553C002E6
0E48FB03C9251B36040858548753BC02
FA0E50FB03B8251B35040858547853C3
02FC0E58FB039F251B33040858541253
CA02F70E5CFB038E251B3104085854FA
52AF02090F5CFB0392251B3304085854
B652AE02FE0E60FB039C251B33040858
549952AE02070F65FB039B251B320408
58549252B102040F74FB038A251B3204
0858546B52B302D20E87FB036D251B34
040859543E52B502CF0E97FB0358251B
33040858541852AD02D80EA3FB034B25
1B35040857540552B502CD0EA8FB0347
251B3504085754C751C802F30EA3FB03
3B251B3504085754C851DA02F30E9EFB
0329251B3804085854A751D002E90E98
FB0325251B3704085754AD51CB02F90E
87FB0336251B39040858549D51D702D5
0E70FB033E251B38040858549651CE02
F00E5FFB034B251B3804085854A251D3
02E30E56FB035C251B36040858546851
D302E80E4AFB034F251B380408585423
51D102D90E38FB0336251B3504085754
0851D002BE0E17FB032E251B36040857
542551CC02BA0EF7FA0336251B360408
57541451D602BB0EDDFA033E251B3504
0857542651D502C40EC7FA0358251B34
040858541851A902BC0EA6FA0360251B
34040858542251BA02B30E85FA037025
1B34040858540951A302B10E69FA03B0
251B3704085854EF50B002B80E5BFA03
79261B3804085854EE50B702E80E51FA
0314271B3904085854F750C802D30E41
FA03F7261B3704085854C750B902D70E
35FA0375261B3704085854B750B802E5
0E2FFA031D261B3704085854BB50AE02
D80E25FA0314261B38040858549450B3
02E40E16FA0318261B36040858547C50
B302DD0EFEF90321261B370408585489
50AF02D30EE8F90329261B3604085854
7E50B202DA0ECDF9032D261B35040858
548B50B502C40EB2F9032D261B350408
58547450C202D10E9FF90339261B3704
0858546A50BE02CA0E99F90364261B37
040857546550B702DF0E94F903D1261B
39040857545450AE02CD0E94F9030727
1B36040858546650B802D00E8AF903B8
261B36040858546350B202D80E7FF903
85261B36040858545350B102D10E71F9
0392261B37040858542650E402CA0E5E
F903C6261B3704085854EF4FE302CC0E
50F9031C271B3704085854AD4FD902C6
0E4AF90314271B3704085754B24FD702
C40E45F903D1261B3504085754C94FD0
021B0F39F903C4261B3604085754B74F
C8020D0F27F903CD261B370408575486
4FC202080F18F903D6261B3604085754
9D4FCC020E0F12F903E6261B38040857
547B4FD6020B0F10F90314271B350408
5854494FC602EE0E10F90336271B3504
085854414FC002F30E13F903FF261B32
040858543B4FC702EF0E13F903FB261B
3204085854FA4EC002FC0E16F9030C27
1B3604085854FA4ED602D40E17F90353
271B3804085854D64ECC02CF0E18F903
7D271B3A04085854AE4ED202C70E18F9
0385271B38040858549B4ED202DA0E14
F9038A271B3604085854A34EB602C40E
15F90342271B3604085954864EAC02BA
0E16F90325271B37040859545A4EB602
BF0E16F9032F271B3704085A54714EB9
02C70E14F9034B271B3B04085B54484E
C302240F16F9038E271B3C04085B5454
4EC3021E0F1AF903AB271B3B04085B54
F64EBD02210F1DF903B8271B3A04085A
54694FC302270F1EF903BC271B380408
5A54144FC702240F20F903D5271B3804
085A54C94EC602FA0E21F903F9271B36
04085A54734ED102F00E21F903FB271B
3504085A541F4ED202FC0E21F903EA27
1B3404085A54FA4DD702F80E1EF903D5
271B3304085954D94DC502DB0E1FF903
D5271B3204085954CB4DC002E90E22F9
03EA271B3104085954BC4DCF02E20E22
F90301281B3504085A545A4DB802E40E
21F90318281B3804085954524D9702CC
0E21F90329281B3804085954324D9502
D80E21F9032D281B3A04085954154DA6
02D20E23F90329281B3904085854374D
A402D50E22F90321281B36040858542B
4DC902F30E20F90321281B3704085854
014DC502F80E21F90329281B39040859
54D74CC702F70E1FF9032D281B390408
59549C4CB802EF0E21F9033A281B3A04
085954534CC602FD0E20F90336281B3B
04085954474CC502E40E22F90325281B
3804085954114CC202E00E20F9031C28
1B3304085954F64BC902E00E20F90325
281B3204085A54FA4BC002DE0E23F903
42281B3204085A54DE4BD302BE0E21F9
0357281B3704085A54A14BD902C70E23
F9035B281B3704085A54744BC102BA0E
20F9034F281B3804085A543E4BCD02BF
0E22F90336281B3604085954374BCA02
ED0E22F9032D281B3704085954444BD1
02F30E22F903EE271B3604085954E64A
C902F10E22F903D5271B3904085954B8
4ADC02F00E24F903D9271B3B04085954
994AB802F20E24F903DD271B3D040859
54914ACA02FB0E25F903D1271B3C0408
5954904ACA02EA0E26F903D1271B3704
085954A84AC202F00E28F903DD271B35
04085954E94AC602F10E27F903CD271B
3404085854B74ABD02DB0E2AF903E627
1B3404085854694ABF02DE0E2CF90310
281B3804085754514AB502DF0E2EF903
36281B36040857543D4ABE02D80E2DF9
034F281B3404085754354A97020F0F2E
F9036A281B34040857541D4A9002140F
2FF9036C281B3504085754014A8E0213
0F30F90374281B3504085754EF499202
100F30F9036C281B3604085654C649D8
02E10E32F90374281B3704085654AC49
D202DA0E32F9037D281B380408575484
49D902DE0E30F9038E281B3904085754
7A49CA02E30E2FF9038A281B38040857
547C49BE02F00E2EF90370281B390408
58546C49C102F10E2BF9032D281B3904
0857545849B902FE0E2DF903EA271B38
040858545F49BF02F60E2EF903C8271B
3C040858542049B702ED0E2EF903B827
1B3D040858540249C002000F33F903AC
271B3D04085854DE48BD02050F38F903
A7271B3E04085854FC48BB02FB0E40F9
039E271B3E040858540949BE02020F45
F90396271B3B040859544C49C602C30E
49F90396271B3C04085954BF49C902C6
0E46F903A3271B3904085854D449BB02
C60E43F903CC271B3A04085954BD49BE
02BD0E40F903FB271B3904085954E249
C202D20E3DF90314281B3904085A5406
4AC602D10E3BF903FF271B3804085A54
D249C602C50E3AF903C4271B38040859
54E649BF02CE0E3AF9039A271B3D0408
5954E849D702D20E36F90392271B4304
085954F249D502CF0E34F90398271B47
04085954C849D502DE0E33F9039A271B
4804085854C549D002DA0E2EF9039A27
1B4904085854D449D902C90E2EF90396
271B4604085854194AAA02EE0E2AF903
96271B4704085854464AB102EF0E25F9
03AB271B49040858544E4AB202EE0E25
F903D5271B4A040858543D4AAE02F10E
22F90303281B4804085854244AE902DF
0E26F90321281B48040858545E4AD702
DC0E26F90325281B4604085854DE4AE2
02DA0E28F9031C281B43040858540C4B
DA02DF0E26F9031C281B3F0408575407
4B9D02C90E27F90325281B3D04085754
E24AA402C70E27F90325281B3E040856
54A14A9B02B80E2AF90325281B3B0408
5754A44AA602BD0E28F90314281B3804
085754E74AC502FD0E28F90314281B34
04085754D34ABB02080F2AF9031C281B
36040857549D4AC402040F29F9033E28
1B3804085754764ABD02FF0E29F9035A
281B3E04085654574AB502000F27F903
6C281B4404085654264AA902720F25F9
0379281B4604085754EE49B302650F24
F90381281B4504085754CE49B0026F0F
24F90381281B4804085654F349B30271
0F23F90370281B4504085654134AC402
DB0E20F90362281B4204085654FD49BE
02DE0E22F90357281B4004085654F449
BF02D70E22F90357281B3C0408565415
4AC302E00E22F90370281B3804085654
284AC102D90E23F90385281B38040857
54E749BE02CF0E22F90392281B390408
5854B149B902D80E20F90392281B3704
085854C449C402D30E1EF9039A281B37
04085854A249AA02E80E1CF903AF281B
37040858547949B902D90E17F903C028
1B3C040858543149A802E30E15F903CD
281B3E040859544249AA02DF0E0CF903
D1281B4104085954DC48AE02DC0E06F9
03DD281B4104085954DA48DB02EF0E01
F903E3281B4204085954E548E402F30E
FDF803DD281B4004085A54D248E702F5
0EF9F803CD281B3F04085A542649E002
ED0EF7F8039E281B3204085A545A4AAF
02F50EFAF80389281B1F04085B54C74D
AD02000FF9F803E6271B1204085B54C1
57B002EA0E03F90343271B1004085B54
B251B202F50E14F903F3261B0E04085A
547B4F9502F40E25F903E6261B140408
5A54D74E9202EF0E1CF9031C271B1E04
085A54B64D9B02EF0EFEF80364271B30
04085B54C24C9B02FA0EDEF8039A271B
3F04085A542D4CCD02CF0ECEF8039627
1B4B04085A549E4BB602D20ED2F80364
271B5404085B54F14BC602D20EE7F803
29271B5A04085B545F4CC702CD0E0FF9
03D5261B6604085B54094FBE02DC0E76
F90321261B6D04085B542852C402040F
E6F90360251B6E04085B549552C00200
0F77FA0393241B6F04085C540452C402
FE0E01FB03CE231B7304085C54BD53C5
02030F67FB0380231B7504085B546B53
A602BE0EBAFB0337231B7404085B54B1
52B102C60E05FC03E7221B7804085B54
F151B602C90E3FFC03C1221B7C04085B
54A151B902C40E62FC03B1221B820408
5A544852CF02DE0E7BFC03AD221B8804
085A54F952D502E00E90FC0387221B86
04085A549453D102DC0EB1FC034E221B
8C04085A544B53D502E30ED4FC031622
1B9304085A542353DC02EF0EEFFC03FD
211B9904085A540054C802EF0E01FD03
EC211B9F04085B54B353CF02F60E10FD
03D7211BA404085A54B654D802F20E23
FD03BE211BA504085A543556C902ED0E
36FD03A5211BA404085954FD55CA02EE
0E45FD0394211BA6040859544C55C002
FA0E51FD0388211BA9040859540755C4
02EF0E5AFD037B211BB104085A54B956
C102EF0E60FD0372211BBA04085A545E
59DF02FC0E67FD036E211BBF04085A54
965AE0020C0F70FD0359211BC304085A
54C459DD02080F7DFD0349211BC50408
5A54EB57E002FE0E8FFD0338211BC804
0859545557AD021A0F97FD0320211BCC
04085A543656B4021C0FA5FD030E211B
CF04085A54F855B502220FADFD030121
1BD104085A54AC55AB02170FB5FD03F9
201BD504085A5400550C030F0FB9FD03
F5201BD6040859549A561303070FBCFD
03EC201BD904085A54295511030D0FBD
FD03F5201BDB04085A540F550603100F
BBFD03EC201BD904085954915518030D
0FBCFD03E3201BDB04085954D755B102
0F0FC3FD03E0201BE1040859549954B2
02180FC3FD03D3201BEA040858548454
B502170FC8FD03CF201BF1040859545D
54B6020B0FCBFD03CF201BF804085854
2E54E002DF0ECFFD03C3201BFC040859
543854DF02DB0ED3FD03BE201BFE0408
58547A54E902E00ED4FD03BA201BFF04
0859547B54EE02E10ED9FD03B3201B01
050859546654B902EB0EDCFD03AE201B
00050859540854B902F00EDDFD03AE20
1B00050859545F54AC02EB0EDCFD03AE
201B0005085854AF54B102EC0EDEFD03
A9201BFC04085854D554D302090FE1FD
03AE201BFB040858543D54D702020FDE
FD03A9201BFC040858546254C602FE0E
DDFD03A9201BFB040858544C54D1020B
0FDEFD03AB201BFB040858544A54D502
FE0EDDFD03A9201BFE040858545554B3
02E90EDDFD03A9201B02050858544654
B502DA0EDCFD03A5201B0405085854B8
53B402DA0EDDFD03A1201B0905085854
6954B902ED0EE0FD039D201B0F050857
546E53DB02070FE0FD0390201B160508
5854AA53DE02060FE3FD0395201B1C05
0858547553E002FE0EE7FD037F201B20
05085854CC53E002000FF0FD0377201B
2205085854D853C6028B0FF7FD036F20
1B2505085954DE53BF028F0FFCFD0362
201B2405085954E953C002960F03FE03
5A201B25050859549555BD028A0F07FE
0356201B2805085954FE53C202F20E0E
FE0352201B3005085A546154BE02EE0E
11FE034E201B3505085B540954C602FA
0E15FE0349201B3805085B540554BA02
F20E1AFE0330201B3805085B540055BB
02E80E1EFE0338201B3D05085C545454
E402000F24FE0330201B4305085B54FE
53DC02010F28FE032C201B4505085B54
3054EA02F80E2CFE032C201B4605085C
54FF53E502000F30FE0323201B480508
5B54C054C902EB0E33FE031A201B4905
085C545754D702EC0E36FE0317201B51
05085C54D653CB02F00E3AFE0313201B
5805085C545D54D002F40E3CFE030F20
1B5F05085B549B53DE02000F41FE0306
201B6205085C54C654E002FF0E44FE03
06201B6505085C544454E402050F49FE
03FA1F1B6705085C544E54DB02020F54
FE03ED1F1B6605085C547754DF02220F
5CFE03E21F1B6605085C547654E40227
0F66FE03DC1F1B6905085C542654DE02
280F66FE03DC1F1B6E05085D547554DB
021D0F65FE03E11F1B7305085D542154
E202200F65FE03DC1F1B7705085D54FD
53BD020A0F6BFE03D41F1B7905085D54
BE53BB02130F71FE03C71F1B7905085D
549254C0020F0F78FE03BB1F1B7B0508
5D54B954B9020F0F7BFE03B21F1B7F05
085C544754AD02110F81FE03A51F1B84
05085B544154B302100F84FE03A61F1B
8805085C549C54B5021B0F89FE03A21F
1B8D05085C549954AB02180F8EFE0399
1F1B9105085C542654E002F10E94FE03
8D1F1B9605085B548F54DC02F30E98FE
03891F1B9605085B544954D702F80EA0
FE03841F1B9B05085B543554E402EF0E
A4FE03801F1B9A05085B548354DE0223
0FA8FE037D1F1B9B05085A545754C002
2A0FA9FE037C1F1B9F05085A546954BC
02400FAAFE03801F1BA205085A546B54
C202330FABFE03801F1BA605085A547D
54B8022F0FABFE03741F1BA605085A54
7754DC02EC0EAEFE036B1F1BA505085A
54AC54DE02EF0EADFE03671F1BA50508
5A54AA54D902F40EB2FE03631F1B9F05
085A54E454D702F10EB4FE03591F1B9F
05085B548B54EC02F10EB3FE035B1F1B
A005085B544A54DE02F10EB3FE03671F
1BA205085B54FB53D902F60EAEFE0370
1F1BA505085B54D053E202F10EADFE03
741F1BA605085C54F553F602130FAAFE
03671F1BA805085C54F753EA02180FA7
FE03671F1BA705085B541054F502110F
A5FE03741F1BAA05085B545754EF0212
0FA4FE03711F1BAA05085C544454EF02
0C0FA3FE036B1F1BAE05085C54585406
03040FA5FE03671F1BB105085C541554
0103020FA8FE03631F1BAF05085C5422
540503010FAAFE035F1F1BAD05085C54
80540203FE0EACFE035B1F1BAA05085D
547254BF02C50FB0FE03561F1BA80508
5C54D054C002BC0FB1FE03561F1BAD05
085C543754C802BA0FB2FE03551F1BAF
05085C546154C402C90FB5FE03561F1B
B105085C54B954CA02390FB3FE034E1F
1BB705085C541554D5023C0FB5FE034E
1F1BB905085C541755CC023C0FBBFE03
4A1F1BBD05085B54C454C902490FC0FE
03351F1BC005085B544E54F702A50FCC
FE03241F1BC305085C54C254EE02980F
D2FE031C1F1BC605085C540E54F3029E
0FDBFE03111F1BC805085C544C54F402
A00FE3FE03031F1BC605085C545954E1
029E0FE8FE03FF1E1BC405085C548F54
DC02A00FF2FE03F61E1BC305085C547E
54D0029D0FF3FE03FA1E1BC405085C54
2E54D402A20FF4FE03FA1E1BC705085C
543554D302A10FF2FE03031F1BC60508
5C544654B1022E0FF4FE03FA1E1BC405
085C549754B602270FF5FE03F61E1BC2
05085C547C54B9022A0FF3FE03F81E1B
C505085C545554B002210FF4FE03F61E
1BCA05085D542A54F102220FF3FE03FA
1E1BCC05085C542E54E602220FF0FE03
F61E1BCF05085D544554F702240FF4FE
03EE1E1BCF05085D547554F0022A0FF5
FE03EA1E1BCC05085C547954D6025A0F
F9FE03DD1E1BCB05085C546154E3025E
0FFCFE03D51E1BC905085C547354E902
670FFDFE03D81E1BC705085C544854EB
02620FFDFE03E11E1BC805085B545E54
E502600FF9FE03EE1E1BC505085B5419
54CF020D0FF5FE03F61E1BC505085B54
B554D102190FEDFE03FA1E1BC805085B
543754CD02150FE6FE030B1F1BD10508
5C54FD54D702150FDFFE03131F1BD605
085B540255E602150FDFFE030F1F1BE0
05085B544F55D702110FE4FE03F41E1B
E905085B542F55E002160FF3FE03D51E
1BF205085A543F55E202090F06FF03AF
1E1BFA05085A540D55E4021F0F1AFF03
891E1B0006085A542955DB021D0F30FF
03461E1B0806085B544D55E002200F47
FF03461E1B1106085C541A55E202210F
61FF03251E1B1906085C542155D20235
0F86FF03E61D1B1A06085C545E55C202
340FB2FF038E1D1B1C06085D540D55D6
02370FDDFF034E1D1B2006085D540B55
D702270FFFFF03261D1B2306085D541C
55D002310F1500040D1D1B2706085D54
0D55DC02470F280004091D1B2D06085D
543455E202480F350004F81C1B320608
5C540355E502480F3F0004EB1C1B3606
085D54CA54E3023F0F510004CA1C1B3F
06085D54BB54CF025A0F6A0004931C1B
4406085D54D654CC025A0F890004591C
1B4606085E54DE54CB02580FA7000427
1C1B4906085E54A354D602630FCA0004
F51B1B4906085E54B654C102180FE800
04CB1B1B4B06085D54F954C002130FFB
0004BE1B1B5006085D54B554B502110F
070104BE1B1B5706085D54B354C20213
0F0D0104BE1B1B5B06085C548C54AF02
4E0F0F0104B21B1B5E06085B54AA54AB
025A0F100104AD1B1B6006085C54F154
AC02580F160104A51B1B6206085B5491
54AE02530F260104841B1B6606085B54
9E54A8024C0F3101046F1B1B6706085B
54B954C102310F4401045A1B1B6A0608
5B54F754C9022E0F540104341B1B6E06
085B547554CD02390F650104171B1B76
06085B549E54BE02330F810104ED1A1B
7E06085B547854D7022D0FAF0104811A
1B8606085B546254E4022D0FD9010439
1A1B8B06085A545354E102360FFF0104
141A1B8F06085A54BB54E2022B0F2E02
04DE191B9106085A548F54A802510F64
020486191B9106085A54AF54B302400F
95020443191B9006085A54CD54AE024A
0FB1020415191B9306085A549054AB02
4B0FC1020419191B9406085A548A54B9
021A0FCE020415191B9506085B54B554
BE020D0FD6020408191B9506085B54EB
54B9020F0FE0020400191B9A06085C54
7454C2020F0FE60204F4181BA506085C
540055B3020B0FEB0204EB181BAF0608
5C54A654CC022F0FFF0204BD181BBA06
085B54C954D402390F1A030483181BC0
06085C547854CC02330F3503043C181B
C606085C54BA54C9023E0F5003042318
1BC806085C54C654D802220F6903040A
181BCC06085C54C254D702210F800304
E8171BD006085C541C55D502200F9703
04D3171BD606085C54FF54D1021F0FAB
0304CB171BDD06085C544856CF02730F
BB030495171BE006085C545E55D1026D
0FCC030484171BE006085D543C55D402
6E0FD7030478171BE506085D540155CC
026E0FDD030467171BEE06085D545855
C002390FE3030467171BF706085D54C8
54C6023E0FE5030467171BFA06085D54
F354BD02330FE503045F171BFF06085E
540255C202410FFB030424171B020708
5D542255B9023D0F1F0404DD161B0607
085D54D454B102460F400404BC161B0B
07085D54DA54AE023E0F510404AF161B
1107085D54E054AE024A0F6204049A16
1B1807085D548A54B3023E0F7904047D
161B1F07085D54B854BF02330F970404
47161B2007085D54BB54B702370FB304
0412161B1D07085D541755BE022D0FC8
04040C161B1D07085C542255C4022E0F
D7040408161B1E07085C54F254DB022F
0FE1040400161B2207085B540255E402
350FEB0404E7151B2807085C54B354DF
02330FED0404E7151B2C07085C54BD54
DE02310FE90404F3151B2F07085C54ED
54C002EC0FED0404F3151B3107085C54
2055C402DC0F040504BD151B3607085C
540655BB02E20F38050455151B3E0708
5C543E55C602DC0F6805041A151B4207
085C541F55BA02E00FBF0504C3141B49
07085B541555C1021A0F54060484131B
4D07085B54A854C402160FEC06047712
1B5107085B545B54BB02130F730704DC
111B5407085B54F854C5021A0FDC0704
A6111B5907085C54D054DF02750F2D08
0453111B5A07085C544054E502710F61
08043A111B5F07085B54B054E302700F
8E080414111B6407085B54A054E6026D
0FBF0804B0101B6A07085B549554D102
230FF4080469101B6F07085B54A654D3
021E0F26090440101B6E07085B544B55
CE02200F4C090412101B6E07085A547A
56D602200F610904F50F1B6B07085A54
D555DB026F0F680904F90F1B6E07085A
544755DB02740F6E0904F90F1B740708
5A544055E402720F730904F90F1B7D07
085B540255DB026F0F750904F90F1B85
07085B541955DF02730F7C0904E20F1B
8907085C54AF55E902780F880904B20F
1B8F07085C54EB55F702710FA609046B
0F1B9907085C540A55F3026B0FCC0904
290F1BA107085C541855F102640FE909
04030F1BA907085C54FE54F502F30F14
0A04C10E1BB007085D54D354EF02E70F
430A04860E1BB607085D540055EA02EB
0F790A042F0E1BB807085D543E55EA02
F40FA80A04EC0D1BB807085C54E755F4
02F710D10A04BA0D1BB907085C548E55
E402F810ED0A04B20D1BBA07085C5439
55F402F410FF0A04AA0D1BBF07085C54
D354F702FA100C0B04A10D1BBF07085B
54E654EF021110110B04A10D1BC00708
5B54C654F3021110160B04990D1BC207
085C54C654F70212101C0B04990D1BC5
07085B547B54EF0210101F0B049D0D1B
C807085B549E54E8021410210B04990D
1BCB07085A54775400035C10220B0496
0D1BD007085A54945409036010220B04
9D0D1BD207085B54775402035C10230B
04880D1BDC07085C54C054FF025B1027
0B046F0D1BE507085B54C2540D030010
2E0B045F0D1BEB07085B547C541103F6
0F2A0B046F0D1BF407085C5482540803
0310210B04840D1BF707085D54895411
03F80F0F0B04A50D1BFB07085D544854
04036B10FB0A04C30D1BF807085E54F7
5604037610ED0A04BE0D1BF607085F54
3E57FF026310DC0A04C70D1BF407085F
54815604036A10D20A04CB0D1BF00708
5F54A955EC024D10CA0A04D70D1BF207
085E542355E4025410C00A04E00D1BF4
07085E549854E2024B10BC0A04D70D1B
F707085E545054E0024D10B80A04DB0D
1BFF07085F545054DF024410B70A04DB
0D1B0808085F546E54D9022010B30A04
E40D1B1508085F540855E7021F10AE0A
04DA0D1B1C08085E544554D9022710A3
0A04E80D1B1F08085F54AE54E4021810
AA0A04D30D1B2408085F542555E70203
10C00A04AA0D1B2708085E546F54E402
FC0FDB0A04800D1B2608085E546854E5
02F10FF30A046B0D1B2808085D546454
E6020110070B044E0D1B2408085C5450
5402032310150B044A0D1B2208085C54
7554000323101B0B04520D1B2208085C
546954FE022210190B046B0D1B210808
5D547954FC021A10050B04990D1B2508
085E54B75402034D10E40A04C70D1B2B
08085F54365400034D10C70A04E80D1B
3508085F54195400035510B30A04F40D
1B4008085F541754FC025E10B40A04E0
0D1B4908085F54FB5306034C10C30A04
AA0D1B5208085E5403540D03DD10DF0A
04670D1B5B08085E548454FF02E410FD
0A04460D1B6508085D549954FA02E710
140B04390D1B6B08085E5402540103DE
102C0B041D0D1B6C08085D542D54F302
BF10410B04FB0C1B6B08085D54EE53F1
02D410510B04F20C1B6D08085E544C54
EA02D310590B04F20C1B6F08085E543B
54F602C410600B04E60C1B7708085E54
5E540F03BE10650B04D90C1B8408085E
544B541303CE10670B04D90C1B8D0808
5E542C540D03CB105A0B04FB0C1B9A08
085D54FD531503CB103D0B042D0D1BA9
08085D540254FA02CF100A0B04910D1B
BA08085E54D453F802C910CC0A04E80D
1BCA08085E54C1530B03D310A20A04F9
0D1BD708085E54FB53FC02C3108E0A04
F40D1BE408085E54BA53F702C910710A
040D0E1BEE08085E5412540F03C81049
0A04580E1BF408085F5408541303CE10
2B0A04760E1BF708085F5486541503C6
10180A047A0E1BF7080860548C541503
C910040A04860E1BFB08085F54885400
033610F509049B0E1BFD080860544954
FE024610ED0904960E1B000908615446
5401033C10E60904A30E1BFC08086254
6C5407033E10DE0904B00E1B03090862
546E54DE025210D70904B80E1B0A0908
62543954E2025310D60904B40E1B1509
0861541B54D8025010D60904B80E1B21
090862544C54E2024B10D60904B40E1B
2809086254FB53D3025E10E009049B0E
1B29090862545954DE026110F2090471
0E1B2E090862543254E8025010080A04
540E1B2E090863542E54DE025F10210A
042F0E1B3109086254FB53DE02511035
0A04260E1B32090862540F54F0029510
410A042B0E1B33090861544354EF02A1
10490A04220E1B34090862540854F502
98104F0A04260E1B3609086254F953F1
02A0104C0A04330E1B34090862540154
F4028910460A04440E1B3009086254E8
53EC029210370A04580E1B2C09086254
1A54FA0283102D0A04620E1B2A090861
543054F5028D10210A046D0E1B280908
61540E54E5024F10160A047A0E1B2909
0861543E54E0024D10120A047A0E1B33
09086054A654DB0246100F0A047A0E1B
36090860541155E80245100E0A04710E
1B38090860542D5517038A10130A0461
0E1B3B09085F54C15415038410190A04
540E1B4309085F54CA5415037F10200A
044C0E1B5209086054D1540F03871028
0A04440E1B6109085F54C05411037C10
320A04330E1B6B09085E541E55F6028B
103D0A04260E1B7009085F54BA54F002
8A104E0A04120E1B7409085F54AA54EF
028D105C0A04FD0D1B7609085F54A254
E8029010690A04F40D1B7709085D543C
550003AB10730A04EC0D1B7A09085D54
0555F702A110770A04E80D1B8309085D
5484550103AD10790A04EC0D1B880908
5D54A0540003A3107A0A04F20D1B8709
085D54F154FE0209117C0A04F00D1B8B
09085D54F35402030B117D0A04E80D1B
8F09085C54E254050306117D0A04E00D
1B9709085B54B954000307117B0A04E4
0D1B9F09085B54FD54090318107D0A04
E00D1BAA09085B54D05413032310830A
04D30D1BB609085B54D25411031C1087
0A04C70D1BC009085B549B5413032210
930A04AE0D1BC809085C5486540B031F
10A40A049D0D1BCC09085C54E454DE02
1F11B50A04910D1BD409085C54C554DB
021A11C40A04840D1BD709085C54E754
E1021B11CD0A04800D1BDD09085D54E0
54D9021D11CD0A048C0D1BDE09085C54
D4541103A710CB0A04950D1BDC09085C
54C8541703AB10C50A04A10D1BDF0908
5C54D7540D03A010C10A04A50D1BE209
085D54BD541703A910BC0A04A50D1BE7
09085B54E65415034910BA0A04AA0D1B
E609085C54CA5411035110B70A049E0D
1BE409085D54D15416034F10BD0A048C
0D1BE209085F54F7541B034D10C30A04
800D1BE109085F54EC540D037410C30A
04880D1BE509085F54EA5418036810C4
0A04950D1BE7090860547F5411036710
BF0A049D0D1BEA09086054B154150372
10BC0A049D0D1BEE0908605484540C03
7410BA0A049D0D1BF209086054AD5400
033F10BD0A04950D1BFA09085F54C954
00034710C10A04880D1B030A085F5485
5504033A10C40A04880D1B0B0A086054
CF5402034810D20A046F0D1B100A085F
54A854FF025C10F00A04310D1B170A08
6054935404036110320B04BC0C1B200A
0860548C54FE026410B00B04E40B1B28
0A086054A154FE0256104F0C04E20A1B
2B0A086054BF541F03ED10E30C04330A
1B2D0A08605488541903F610550D04CB
091B2E0A085E5436551903FB10AB0D04
9D091B350A085E54FC542603F810DD0D
0489091B370A085D545054F8020711FF
0D047D091B390A085C54A45405030911
170E045F091B410A085C547E54040308
11310E043A091B4A0A085C54B6540203
0A11480E0418091B530A085D54C054FC
020B115E0E04E6081B610A085D548254
29036411740E04A8081B730A085C54CD
5430036711870E0497081B830A085C54
C3542A036911990E0487081B8C0A085C
546C542E035F11B00E0466081B920A08
5D54685447030F12C60E0448081B950A
085C54865457031812D60E0438081B97
0A085C54955450031212E10E043C081B
9B0A085B54E5544F031212ED0E042308
1BA00A085C54BB5434031E12F30E040E
081BA60A085C54FE5430031612F50E04
02081BAE0A085D54EC5432031012F80E
0402081BB10A085D549B5433031412FB
0E04F9071BB50A085E54835429032112
FE0E04ED071BB80A085D548F542F031F
12040F04E5071BBD0A085D5497543803
2012060F04E9071BC30A085E549B542B
032312060F04E5071BD00A085D548554
35032712070F04E1071BE40A085E54AB
544703B211060F04D4071BF70A085E54
08553E03AF110A0F04CC071B040B0860
5491543603B8110E0F04B7071B080B08
605480543E03B111180F04AF071B0B0B
08615499541C0330122F0F0481071B0C
0B086254855420032712490F0453071B
0A0B086354AF541B0325125B0F044F07
1B060B086254AC54220325125B0F0464
071B090B0862547B542D03B412560F04
79071B0B0B0861546C542303B0124D0F
048D071B110B08615485542C03B01247
0F0486071B1A0B085F5491543803B212
450F047D071B260B08605486543603CA
11460F0470071B340B086054A3544703
C511480F046C071B3F0B085E548F5440
03BE114B0F0464071B490B085E547354
3E03CB11600F0425071B500B085F543F
544603BF11800F04EB061B5A0B085F54
3A5444035612A00F04C6061B650B085F
54805449035A12C00F049C061B700B08
5E54425442035912E00F0473061B7C0B
085E54855447035812FC0F045E061B84
0B085E5486545403BC120D100449061B
8E0B085D54B7544D03C8121A10044D06
1B9D0B085D54CA545403C31222100441
061BA90B085D5483544F03CA122A1004
3D061BB40B085D54B1543E039D123410
042C061BBD0B085D54A15447039D123C
100424061BC70B085D54EE544303A212
4D100407061BD10B085D54D4544403A5
126E1004C8051BD80B085D54B7542203
F7129110048A051BDE0B085F54DF5421
03FE12B0100475051BE40B086054EC54
1A03F812CC100458051BEE0B086054F3
541C03FE12E0100448051BFC0B086054
ED5418030113F5100426051B060C085E
54E2545E0344130F1104FD041B120C08
5E54005569033D13381104A2041B1B0C
085E54FD54680342135F110474041B24
0C085E5428555B032F138511044A041B
300C085E542A5560034A13B011041404
1B330C085F54025565035213D61104E7
031B340C0861541A555F035013F21104
CE031B330C086054FB545C0345130E12
04A0031B300C086154FC546303001323
120498031B330C0862540D555B03FE12
2A1204A8031B3C0C08625409556B03F3
12281204B1031B4A0C0864545C556603
FF121D1204BD031B560C086354075583
036C13181204B5031B610C086254E354
7F036B132212048B031B660C086154C9
5483036F1342120449031B6D0C086054
D9547D036E13711204FA021B750C0862
541B557C036913951204D5021B7C0C08
6354EC5462034C13AF1204B8021B820C
086454DD545E035213C51204A7021B87
0C0863540C5565034F13DB12049B021B
8D0C086354CA5464034B13FB12045002
1B910C0863548F547103D0131813042B
021B920C086354AA547103D2132C1304
1A021B990C086354D4547803CE133E13
0412021B9F0C086354D8546903CC1348
130405021BA20C086454A2547C037713
4E1304F5011BA30C086354C4548B038A
13591304D3011BA30C086354AF548203
8C13661304BB011BA90C0862548A5479
038213741304BB011BAA0C086254B754
70030613781304B2011BAC0C0862549B
546B031913821304A2011BAE0C086254
B55471030F139213047C011BAE0C0861
54B15478031713A813045F011BB40C08
5F54B1546F031013B5130457011BB80C
085E548C5470037113B5130463011BBA
0C085D5480547A037113B1130474011B
BB0C085D5484546F037013B213046301
1BBD0C085D54805478037013B113045B
011BBE0C085C547B547303FB12B11304
63011BC10C085A5468547203FF12B013
0468011BC70C085A544A547403F412B5
13045B011BCE0C085A54895471030F13
BD130442011BD30C085A5448545B0395
13CC130415011BD80C085A5451546403
9513DA1304F5001BDB0C085C5469545E
038E13E71304DF001BDF0C085D545054
65039013F51304DB001BE40C085C543C
5452030E140F1404A5001BE70C085C54
28545103FD1324140490001BEA0C085D
54E3535203011431140498001BE90C08
5D5400545203FC1338140490001BEB0C
085D5409544C03F9133C14047F001BEF
0C085E540854610335143A14047F001B
F40C085E54F7535D031F143814047F00
1BFD0C085E54E353600333143A140473
001B060D085F54D75362032A143C1404
6B001B110D0860541754470358143F14
0466001B1C0D0860541C54530346143F
140466001B260D086054FE5356035714
3F140466001B330D086054FF53530356
143814046F001B3B0D085F5433545003
92143314047B001B400D085E5414544E
038D142F14047B001B400D085D544354
4B0393143014046F001B440D085D548A
54530388143114046F001B4E0D085D54
86545F035F143314046F001B550D085D
54AE54620364143714045E001B570D08
5E5457545E03591438140456001B5B0D
085E5473546503601444140428001B64
0D085E543D54640361145614042C001B
6C0D085E54F5565A03E913631404F6FF
1A6D0D085F5437554C03DF13711404F2
FF1A6A0D0860546D545D03DB136D1404
FBFF1A6C0D0861542F544F03D7136414
040B001B6C0D086154FA534F032A1561
140407001B6E0D086054EA5349032515
641404FFFF1A6D0D086054F953500330
15681404FBFF1A6C0D086154FB535803
1F15701404F6FF1A6C0D086054D95379
036D14721404F6FF1A6B0D086054B453
7E036D14711404FBFF1A6C0D08605493
537C0379146C14040B001B6C0D085F54
B2537C035F146614041C001B6B0D085F
5496537A03A1145A140428001B6C0D08
5E5492536303B31451140435001B6D0D
085F5486535C03A8144B14043D001B6C
0D085E5467536603AE144614043D001B
6B0D085E545C536503AC144014044100
1B6D0D085E5443537E0317143C140441
001B6B0D085D544D537C0320143B1404
3D001B6B0D085C545653760321143B14
0439001B6D0D085B54325380032A143B
140435001B6B0D085C5441537303B314
3C140435001B6A0D085C5441537103B5
143E140430001B6B0D085C541C536F03
B7143D140430001B6A0D085C5429536F
03B91439140435001B650D085D544D53
5C03121438140439001B5E0D085D5450
535E03171434140435001B5E0D085F54
265360031C1437140430001B5F0D085F
540A53650312143F140424001B600D08
5F5407535F03231444140420001B630D
085E54DB52530315144914041C001B65
0D085F54D1525A03201447140424001B
680D085F54C252490323144814041C00
1B690D086054D45253032A144E14040B
001B6D0D085F54C05244038C14531404
F6FF1A6A0D086054C9523E038E145714
04F2FF1A6C0D086154B5523F0385145A
1404F2FF1A690D086054F75245039014
601404F2FF1A6A0D086154E952460373
145E1404EEFF1A650D086254CE523803
77145E1404F2FF1A5F0D086354095342
037114601404F6FF1A5C0D086354A453
40038214601404FBFF1A500D086254D7
54420369145E1404FBFF1A3E0D086154
CA5640036F14581404FFFF1A2C0D0860
5449583E035D1451140407001B220D08
605415583F036F144A14040F001B150D
086054D0563E03751441140418001B0D
0D0860543B56510333143D140418001B
050D085F54975551033F143E14041800
1BFF0C085E542B5551032C143C140413
001BF80C085E54EA54560335143A1404
0F001BF10C085E54D7546B0308143D14
040B001BE60C085D54CA547203FF1342
140407001BD90C085E54ED547403FA13
44140407001BCC0C085E54EE547303FF
1344140407001BBF0C085D548C546403
F1134314040B001BB70C085D549E5465
03F0133E140413001BAD0C085D548754
6103F0133C14041C001BA30C085E5480
546003F31335140420001B980C085F54
9D5467036A1431140420001B8C0C085F
54AA5460036D143014041C001B830C08
5F54A45465036A143114041C001B7E0C
086054AA5461036E1430140420001B79
0C085E549B54610370142B140424001B
720C085E549D548203AE132414043000
1B6C0C085E54A4548103AE132114043D
001B610C085F54BB547A03B0131B1404
45001B580C085D54DD547803B0131514
044D001B510C085E54EB54770373140C
14045A001B4E0C085D54D45481036E14
0314046B001B4C0C085C54D3547B0366
14F2130488001B420C085B54F7547A03
6814DE1304A0001B3C0C085A54D25458
038613CB1304C2001B320C085B54E654
4B037813BD1304CA001B290C085C54EF
544F037F13AC1304E7001B1F0C085B54
27554F0381139413040C011B170C085B
540D5561033B1384130419011B090C08
5B54005560033D137A130415011B020C
085C542B555F0336136F130425011BF8
0B085C54415568034C135313046C011B
ED0B085E544E5560033113321304A201
1BE60B085F548B55700314130E1304C7
011BDF0B085E54855576031413E61204
0E021BD90B086154A7556D030E13B112
046D021BD20B085F54BC55720318137C
12049B021BCA0B086054C95551036C12
5B1204A7021BC60B086054EE5556036A
12431204BC021BC10B086054F9555103
73122B1204D9021BBC0B086154305653
037D12101204FE021BB40B0860545B56
73038812EF110430031BA80B085F54B5
5673038912D011045A031BA10B085F54
E15670037F12B8110462031B980B085F
54845774038312A911046A031B940B08
5F54A8574D03BE1397110483031B900B
085E54CA574803BE13851104A0031B8B
0B085F542F585603C213751104B9031B
830B085D546B584C03C513631104CA03
1B7D0B085C54A8584903BC13541104DE
031B7A0B085C54F05840037012471104
EB031B740B085C54275943037B123811
04FB031B6E0B085C54CE594203711229
110410041B640B085C54315A3D036D12
19110425041B5C0B085C54605A290399
1212110429041B5A0B085C54055B2D03
94120B11042D041B580B085B54645B2F
038D120411043A041B510B085C542C5C
35039B12FD100446041B4A0B085D54C4
5C65036312F210044F041B410B085D54
445D61035212ED10045B041B3A0B085D
54B75D5E035012E510045F041B340B08
5C54435E5F035512E6100457041B2F0B
085E54F45E3C032612E6100453041B26
0B085C54955F3C032112E7100453041B
1B0B085D541A6042032C12E910045704
1B0F0B085E54DD603D031F12E5100463
041B070B085E54736139032312E11004
70041BFF0A085E54CD613F031F12D810
0478041BF90A085F54396242032512D1
100485041BF40A086054A3623C032412
C9100491041BED0A086054FD623A031D
12C010049D041BE30A08605483633503
F411BA1004A6041BDA0A0860547F6331
03F511B11004B2041BD80A085E54AC63
2F03F311A51004C3041BDE0A085D5402
643303F611941004E8041BE10A085D54
3A643603E01184100401051BE70A085C
5495643603E311781004FD041BE90A08
5D54D5643403E311711004FD041BE80A
085B5411652F03EC116F1004FD041BE4
0A085C544D65300314126E1004F9041B
E30A085A5469652A031012701004F504
1BE20A085B54AE6532030F12711004F5
041BDF0A085B54D66531031612731004
F5041BDE0A085A54FB65300310127610
04EC041BDC0A085A54E9654503B6117F
1004E0041BDA0A08585412664103B911
851004DC041BD80A085954EE654303B0
11891004D8041BDD0A08595428664503
B7118D1004DC041BDE0A085A54FD6533
03D011881004EC041BE20A085C541966
2D03D511811004FA041BDF0A085A5418
662F03DB11821004F9041BD30A085A54
A2663803DB11881004E0041BC00A085B
54D4662803AC11901004D3041BB40A08
5A54E8663103B5118F1004DC041BAA0A
085B5439673303B411871004F0041BA2
0A085C5431673203B11179100409051B
950A085E543067400310126910042F05
1B850A085D54B8673B031D1252100448
051B740A085D54EE67440316123D1004
61051B630A085E5430683E030C122410
047E051B4E0A085E54CA68390310120F
10049F051B3C0A085F54C6684C036112
F90F04C0051B310A085F5413693E0361
12DE0F04EE051B290A085F54EE684103
6612C20F040F061B1C0A085E541E6944
036012A80F0428061B100A085E545169
5003B211910F0441061B040A085F549C
694D03B3117F0F0456061BFA09085F54
77695603B211700F046A061BEF09085F
545B695403B6115F0F0488061BE50908
605434691D035211490F04A1061BDF09
08605452691A035F113A0F04B1061BDB
0908605471691F035611260F04D2061B
D209086054AC691F035411040F041107
1BCB09085E54F46922033811D10E0474
071BC309085D54D96926033A11A60E04
A6071BBA09085C54E2691E033811890E
04AF071BAD09085D54CB691C033A116A
0E04D4071B9E09085D54BE6919032E11
4F0E04F5071B8F09085B54C8690D0357
112F0E0417081B8009085B54D4691603
5611110E0440081B7209085B54D0690B
035A11F10D047A081B6609085A546469
17035611C80D04B5081B5909085A540F
6922033D119C0D04FB081B4A09085A54
FB681E0338116C0D043E091B3E09085A
54E668250336113F0D0470091B320908
5954DF68210335110F0D04B6091B2809
085A54B9681C030711D90C04050A1B1F
09085954706821030C11AF0C042D0A1B
1609085854ED691F030A118B0C044C0A
1B0E09085954726921030E116F0C046D
0A1B0309085A545B6919033411550C04
860A1BFC08085B5475691D032311420C
04930A1BF708085954C46917032B1131
0C04A30A1BF208085A54206A1B032311
130C04EA0A1BEA08085954A16A220329
11F80B04070B1BE1080858540E6B1503
5711E40B04180B1BD208085A54836B13
036111D90B04200B1BC608085954FE6B
0B035C11CE0B04290B1BC3080859544A
6C0F036911CA0B04310B1BC208085854
A96CF302C610C10B04420B1BBF080859
540A6DED02C710B70B044A0B1BC00808
5954516DF202C910B20B04560B1BBE08
0858546D6DF902C510AC0B04670B1BBF
080859548D6D1A035211A30B047C0B1B
BD08085954A06D180341119C0B04800B
1BC008085954D06D26033811990B0484
0B1BC408085954C26D24034711950B04
880B1BCB08085954FD6DFC020B11950B
04880B1BD008085A540D6E0703FF1096
0B04800B1BCF08085954356EFF020611
9A0B04780B1BCD08085954406E01030A
119C0B04710B1BCB08085954886E0403
0911A50B04630B1BC808085854636E33
03F510A80B04630B1BC408085854AE6E
3003FA10AB0B04730B1BBB080858540B
6F3503F010A90B04730B1BAD08085854
466F3003FE10A60B047C0B1B99080858
54726F13032A11A80B047C0B1B8A0808
5854DF6F0A032111A60B04840B1B7B08
085854F46F0D032511A60B04840B1B6E
0808585460701D032F11A80B047C0B1B
6308085854A5702203F610AF0B04730B
1B5408085854EF701F03F310B80B046B
0B1B48080858543A712403F810BD0B04
4E0B1B3E0808575449712703F110C40B
04350B1B310808575480712103AB10CA
0B041C0B1B2208085654D1711E03AC10
CA0B04350B1B1608085654F3711D03A9
10C70B04670B1B080808575428722003
A910C20B04780B1BFA07085754397229
03A510BF0B04840B1BEF070857545D72
0A03A510B60B048C0B1BE60708575461
721603B110AC0B04990B1BDF07085854
7E721303A5109E0B04AE0B1BDB070859
5438720803A5108D0B04CD0B1BD40708
58540B72F50240107F0B04D70B1BCF07
0858542772ED023A10760B04E00B1BCB
070857541E72EA024C106C0B04EC0B1B
CB07085654FC71F10240105E0B04050C
1BCD07085754DC71E202E90F4A0B0433
0C1BCF07085854B471E502E60F310B04
440C1BCF070859547671E402EF0F010B
048E0C1BD0070858545A71DB02F20F9A
0A04670D1BCE070857546071F4024F10
4A0A04C30D1BCE070858546771F5024B
10280A04A50D1BCB070859545E71F702
5110150A04950D1BCC070858545071F1
024910FB0904B60D1BCA070858541D71
E7024F10D50904F90D1BCB070859542C
71DE02E30F9709045D0E1BCB07085854
2871DE02D80F5C0904B40E1BC9070858
543771DE02E30F3F0904A30E1BCD0708
5954F070D502E20F180904E60E1BD007
085954C770C6023A0FEF08043D0F1BCF
07085A546C70BB02410FC208048A0F1B
CD07085B545B70C3023D0F5508046910
1BCB07085A547070C402440FF50704CD
101BC807085A549270C202FF0ED80704
7E101BC9070859548F70C102000FDA07
0440101BCD07085B548470BF02000FE5
07041E101BCD07085C547570C802030F
F6070427101BD307085B546470DF0243
0FEF070461101BD307085C546570DF02
450FD30704B4101BD607085C543F70E2
023F0FB40704D6101BD307085D545870
E202420FA70704CD101BD207085D5452
70DD023C0FA10704B9101BD607085D54
A870BB02650F9F0704AC101BD607085C
543770BB02620F9F0704BD101BD30708
5B545270BA02550FA20704BD101BCB07
085C546370C6025F0FAA0704AC101BBD
07085B544170D302F011B107049F101B
A907085A541D70D502F511B907049B10
1B9707085A549F70D102EA11C507048F
101B8A07085954FB70D202F111D10704
7A101B8407085A54DF71E0023D0FC707
04A4101B7E070859542771D8023E0FAB
070404111B71070859540D71D7023F0F
6D070489111B66070859548771E0023A
0F2007040A121B5F070856546572D702
1A0FE0060449121B54070857546973CF
021C0FAF060466121B4907085654CF74
D1021D0F8906047F121B3D07085554CC
75CD02290F69060494121B3207085654
0777D302270F4E0604A9121B29070856
542D78CF020B0F2D0604EB121B190708
56544279CA020F0FFE050440131B0A07
085754407ACD02150FCF050486131B00
07085654337BCF020D0F9F0504C4131B
F2060855540C7CCC02670F6905042014
1BDC06085554DB7CCD02680F3505045F
141BC906085554B57DCD02580F0A0504
91141BBE06085554E57DD1025B0FD804
04FD141BBE06085654FE7DD302670F94
040487151BC906085654C67DCE02690F
44040404161BCD06085654BC7DCD0269
0FE80304A3161BD206085754C07DD302
730F990304EE161BD606085754AC7DBE
02910F50030431171BD2060857549E7D
C4028F0F1003047F171BC606085554E8
7DBE02960FDB0204A5171BBF06085454
217EBB02890FB90204BA171BB3060856
54097EBD02940FA50204BF171BA90608
5654ED7DCF02220F970204C7171B9B06
085554667ECF02240F920204CF171B92
060856549E7ECC021A0F8E0204DC171B
8F060856546D7ECC021F0F8A0204E017
1B8906085754797DF202410F81020401
181B7C06085654357DEC023E0F780204
1A181B6E060855543A7DF102400F6B02
043C181B6506085554D47CEA023A0F59
020464181B5A060855543E7CD102350F
4802048B181B5206085654A47BCC0231
0F390204A4181B4C06085554697BCC02
2A0F2F0204A8181B4A06085654D47BD1
02320F1F0204CA181B42060856549179
D502200F070204F8181B3406085654B9
76DD02210FE3010443191B2706085754
0E77E6021F0FC3010486191B1D060855
543A78E302210FA20104A7191B100608
5754677ADD02230F830104D5191B0106
0857549C7BD102610F6601040A1A1BF6
050855540A7BD1025E0F430104571A1B
F505085554CE7AD0025F0F0E0104BB1A
1BEF050856549F7BD302630FC700045E
1B1BE105085654CD7BE3021E0F8B0004
A91B1BD2050857541A7CDB02220F5C00
04C71B1BCC05085754587CE002190F37
0004E41B1BC705085754A67CE002260F
1B0004FD1B1BBE05085754A17CC402AC
0F060004231C1BAF05085754E47CC002
B60FE7FF03511C1BAC050857540A7DC6
02AD0FCBFF036D1C1BA605085754237D
C002A90FB7FF03931C1B960508585402
7DB1020F0FA3FF03B11C1B8705085854
1F7DAF020F0F90FF03D21C1B7D050859
54F17CAE02170F7FFF03E31C1B720508
57542C7CB4020E0F73FF03EF1C1B6305
085754C27BB102110F67FF03151D1B58
050859546B7BC202F00E58FF032A1D1B
5505085954087BBD02EE0E49FF03321D
1B5105085854C079C002F20E34FF0369
1D1B45050858549A76CA02F10E18FF03
9B1D1B37050857541374C202F20EFDFE
03CD1D1B30050857541973C602F30EE9
FE03DE1D1B2905085754D674C202F40E
DCFE03EA1D1B1C05085654D176C002EF
0ED1FE03FF1D1B0B050855544F78F302
F50EC0FE03291E1B0205085554DA79ED
02E60EB0FE033A1E1BFA04085354B17B
EC02F10EA2FE03431E1BE904085354D9
7CF102F30E9AFE03531E1BDA04085254
827DC602FE0E90FE03681E1BD5040852
54BF7DC002FE0E87FE03701E1BD20408
5354AF7DC402FC0E7DFE03811E1BD104
085254EC7DC2020B0F6FFE039A1E1BD2
04085254067EBD02070F59FE03C41E1B
D4040852542C7EC302EE0E42FE03EE1E
1BD704085354527EBC02ED0E2AFE0311
1F1BD904085554457EBD02EF0E14FE03
2D1F1BD104085554BA7DC402F20E02FE
033D1F1BC1040855548A7DDE02140FF4
FD034A1F1BB5040855543D7DE202120F
EEFD03521F1BB0040858549A7CDE0213
0FE5FD03521F1BA8040859541F7BE202
130FE1FD035F1F1B9A04085954117BD3
02380FE0FD03671F1B8A04085A54337B
D402350FD9FD037C1F1B8304085C54E5
7BD102290FD7FD03751F1B7C04085D54
C877C902330FD0FD03891F1B6D04085D
54E272B302E70EC3FD03A21F1B600408
5D54496FB102DA0EB1FD03D01F1B5A04
085D54856DAE02E60EA1FD03D81F1B53
04085B54576EB502DE0E95FD03F51F1B
4804085A54A36EB102DE0E82FD031320
1B4104085A54446FAD02E00E67FD0328
201B3F040858542571B102DE0E4FFD03
4A201B3A04085954AB73A802E20E25FD
038C201B2A040859549C75B102E00EA9
FC03A5211B1E040859543376BC02CF0E
2EFC036E221B1A040857547876C002D1
0EE7FB036A221B12040856542477BF02
CE0EB5FB036A221B0904085654AE72C0
02CE0E81FB03E3221B00040857543F6D
52048A1E4EFB0317231BF9030856543C
6C4C04841EF2FA03A4231BF803085654
7C6A4D04871E78FA0386241BFB030854
54FE674A048D1EEFF90347251B000408
5554BA6613046D1666F9033A261B0104
08555429651F046516E9F8039A261B06
04085654EB641A0468167FF803FB261B
10040857543F651A04701625F803B427
1B13040857548A6518046616C8F70321
281B1704085854CE65E202C81E7CF703
68281B1A040858541A66DE02C71E4AF7
0379281B20040858548466E302C91E23
F7038E281B25040859547A66E002BC1E
0FF7039E281B2604085A548966D60238
0F02F703AA281B2504085B54B166D902
2C0FF9F6039E281B2104085C54E666D5
02330FF6F603A7281B1E04085B54F166
CC022F0FF4F6039E281B1A04085B5427
67A602000FF9F60392281B1B04085A54
3167B302010FFDF60392281B1604085B
543367AF02000F06F7038E281B130408
5B546267AC02010F0BF7038E281B1004
085A547767B302EF0E0EF703A3281B0A
04085A54D067B202F10E13F70392281B
0704085B542E6AA902E90E1CF7039E28
1B0204085C547867AC02F20E25F70381
281BFB03085C540F68AE02ED0E28F703
81281BF203085C5475680D024E121BF7
0337251BE303085C5453670E025712F8
F60325261BE203085B544B6713025712
CDF6034D8419E103085A54B268110251
12AFF603E54510E103085954A568FEFB
A80BB9F6031AE40DDE030859545D68F5
FBAC0BDBF603CE120EE003085854BC67
F8FBA20BFAF603CF630EDF03085854BB
67FAFBA50B</Data>

   <DataCRC>1b026eaf</DataCRC>

   <BytesSent>19941</BytesSent>

</SBEDataUpload>
</InstrumentRawData>
</SBEDataUploadFile>
