<?xml version="1.0"?>
<!-- SCPlusV2_RS232 -->
<SBEDataUploadFile>
<ApplicationData>
<Seaterm232>
<SoftwareVersion>2.6.3.104</SoftwareVersion>
<BuildDate>30-Jun-2017</BuildDate>
</Seaterm232>
</ApplicationData>
<InstrumentState>
<HardwareData DeviceType='SBE19plus' SerialNumber='01906740'>

   <Manufacturer>Sea-Bird Electronics, Inc.</Manufacturer>

   <FirmwareVersion>2.2d</FirmwareVersion>

   <FirmwareDate>9 February 2011 08:30</FirmwareDate>

   <CommandSetVersion>1.1</CommandSetVersion>

   <PCBAssembly PCBSerialNum='25307' AssemblyNum='41054G'/>

   <PCBAssembly PCBSerialNum='25737' AssemblyNum='41580B'/>

   <PCBAssembly PCBSerialNum='24669' AssemblyNum='41606'/>

   <PCBAssembly PCBSerialNum='24372' AssemblyNum='41059D'/>

   <MfgDate>  08 DEC 2010</MfgDate>

   <InternalSensors>

      <Sensor id='Main Temperature'>

         <type>temperature0</type>

         <SerialNumber>01906740</SerialNumber>

      </Sensor>

      <Sensor id='Main Conductivity'>

         <type>conductivity-0</type>

         <SerialNumber>01906740</SerialNumber>

      </Sensor>

      <Sensor id='Main Pressure'>

         <type>strain-0</type>

         <SerialNumber>3220369</SerialNumber>

      </Sensor>

   </InternalSensors>

   <ExternalSensors>

      <Sensor id='volt 0'>

         <type>SBE 43 OXY</type>

         <SerialNumber>432005</SerialNumber>

      </Sensor>

      <Sensor id='volt 1'>

         <type>not assigned</type>

         <SerialNumber>not assigned</SerialNumber>

      </Sensor>

      <Sensor id='volt 2'>

         <type>ECO-FLNTURT CHL</type>

         <SerialNumber>FLNTURTD-2025</SerialNumber>

      </Sensor>

      <Sensor id='volt 3'>

         <type>ECO-FLNTURT TURB</type>

         <SerialNumber>FLNTURTD-2025</SerialNumber>

      </Sensor>

      <Sensor id='volt 4'>

         <type>not assigned</type>

         <SerialNumber>not assigned</SerialNumber>

      </Sensor>

      <Sensor id='volt 5'>

         <type>not assigned</type>

         <SerialNumber>not assigned</SerialNumber>

      </Sensor>

   </ExternalSensors>

</HardwareData>
<StatusData DeviceType='SBE19plus' SerialNumber='01906740'>

   <DateTime>2018-11-26T19:37:10</DateTime>

   <LoggingState>not logging</LoggingState>

   <EventSummary numEvents='241'/>

   <Power>

      <vMain>12.4</vMain>

      <vLith>5.3</vLith>

      <iMain>61.4</iMain>

      <iPump>156.8</iPump>

      <iExt01> 4.2</iExt01>

      <iExt2345>18.2</iExt2345>

   </Power>

   <MemorySummary>

      <Bytes>1110270</Bytes>

      <Samples>65310</Samples>

      <SamplesFree>3805169</SamplesFree>

      <SampleLength>17</SampleLength>

      <Profiles>71</Profiles>

   </MemorySummary>

</StatusData>
<ConfigurationData DeviceType='SBE19plus' SerialNumber='01906740'>

   <ProfileMode>

      <ScansToAverage>1</ScansToAverage>

      <MinimumCondFreq>3226</MinimumCondFreq>

      <PumpDelay>60</PumpDelay>

      <AutoRun>no</AutoRun>

      <IgnoreSwitch>no</IgnoreSwitch>

   </ProfileMode>

   <Battery>

      <Type>alkaline</Type>

      <CutOff>7.5</CutOff>

   </Battery>

   <DataChannels>

      <ExtVolt0>yes</ExtVolt0>

      <ExtVolt1>no</ExtVolt1>

      <ExtVolt2>yes</ExtVolt2>

      <ExtVolt3>yes</ExtVolt3>

      <ExtVolt4>no</ExtVolt4>

      <ExtVolt5>no</ExtVolt5>

      <SBE38>no</SBE38>

      <OPTODE>no</OPTODE>

      <GTD>no</GTD>

   </DataChannels>

   <EchoCharacters>yes</EchoCharacters>

   <OutputExecutedTag>yes</OutputExecutedTag>

   <OutputFormat>raw HEX</OutputFormat>

</ConfigurationData>
<CalibrationCoefficients DeviceType='SBE19plus' SerialNumber='01906740'>

   <Calibration format='TEMP1' id='Main Temperature'>

      <SerialNum>01906740</SerialNum>

      <CalDate>07-Jan-11 </CalDate>

      <TA0>1.255288e-03</TA0>

      <TA1>2.593288e-04</TA1>

      <TA2>-2.376104e-07</TA2>

      <TA3>1.449298e-07</TA3>

      <TOFFSET>0.000000e+00</TOFFSET>

   </Calibration>

   <Calibration format='WBCOND0' id='Main Conductivity'>

      <SerialNum>01906740</SerialNum>

      <CalDate>07-Jan-11</CalDate>

      <G>-1.033008e+00</G>

      <H>1.393941e-01</H>

      <I>-2.175401e-04</I>

      <J>3.475757e-05</J>

      <CPCOR>-9.570000e-08</CPCOR>

      <CTCOR>3.250000e-06</CTCOR>

      <CSLOPE>1.000000e+00</CSLOPE>

   </Calibration>

   <Calibration format='STRAIN0' id='Main Pressure'>

      <SerialNum>3220369</SerialNum>

      <CalDate>21-Dec-10</CalDate>

      <PA0>8.222195e-01</PA0>

      <PA1>1.566037e-02</PA1>

      <PA2>-6.194425e-10</PA2>

      <PTCA0>5.244452e+05</PTCA0>

      <PTCA1>4.417653e+00</PTCA1>

      <PTCA2>-9.798927e-02</PTCA2>

      <PTCB0>2.510725e+01</PTCB0>

      <PTCB1>-1.150000e-03</PTCB1>

      <PTCB2>0.000000e+00</PTCB2>

      <PTEMPA0>-5.917147e+01</PTEMPA0>

      <PTEMPA1>5.387460e+01</PTEMPA1>

      <PTEMPA2>-2.653169e-01</PTEMPA2>

      <POFFSET>0.000000e+00</POFFSET>

      <PRANGE>5.076000e+03</PRANGE>

   </Calibration>

   <Calibration format='VOLT0' id='Volt 0'>

      <OFFSET>-4.687158e-02</OFFSET>

      <SLOPE>1.247988e+00</SLOPE>

   </Calibration>

   <Calibration format='VOLT0' id='Volt 1'>

      <OFFSET>-4.719579e-02</OFFSET>

      <SLOPE>1.248132e+00</SLOPE>

   </Calibration>

   <Calibration format='VOLT0' id='Volt 2'>

      <OFFSET>-4.684526e-02</OFFSET>

      <SLOPE>1.248324e+00</SLOPE>

   </Calibration>

   <Calibration format='VOLT0' id='Volt 3'>

      <OFFSET>-4.678105e-02</OFFSET>

      <SLOPE>1.247145e+00</SLOPE>

   </Calibration>

   <Calibration format='VOLT0' id='Volt 4'>

      <OFFSET>-4.669684e-02</OFFSET>

      <SLOPE>1.248307e+00</SLOPE>

   </Calibration>

   <Calibration format='VOLT0' id='Volt 5'>

      <OFFSET>-4.709579e-02</OFFSET>

      <SLOPE>1.247697e+00</SLOPE>

   </Calibration>

   <Calibration format='FREQ0' id='external frequency channel'>

      <EXTFREQSF>9.999977e-01</EXTFREQSF>

   </Calibration>

</CalibrationCoefficients>
<EventCounters DeviceType='SBE19plus' SerialNumber='01906740'>

   <EventSummary numEvents='241'/>

   <Event type='ErrorFLASHUncorrectableError' count='241'/>

</EventCounters></InstrumentState>
<Headers>

cast  68 25 Nov 2018 14:14:39 samples 62903 to 63321, avg = 1, stop = mag switch

</Headers><InstrumentRawData>
<SBEDataUpload startAddr='1069334'>

   <Type>1</Type>

   <DataFormat>SEACATPLUS0</DataFormat>

   <Bytes>7123</Bytes>

   <Data>
DEEB0312870BE003082655E654A402C4
03E0EB0366900BE103082555E654AF02
BA03E2EB035DC50BE103082455CF549D
02C303DEEB03FCFA0BDF03082455F554
B102BE03E1EB03F6330CE003082355EB
54A102B603E4EB034C3E0DDE03082355
DE54A202C303E0EB03CE030FDD030822
55D354A002B703E2EB03B95C0DDF0308
22554555A302C303FDEB03F92B0DDF03
0821557E5504FCD60220EC0346FA0CDF
030821551355FAFBE2023BEC0337EF0C
DE03082155EF54FCFBE10248EC03AEE5
0CDF03082155FD5402FCE40252EC03FC
890DE0030821554355E705FEFB59EC03
6BB50CE0030821553F56E405FFFB56EC
03C0640CE403082155A557D605FCFB5F
EC039B2B0CE803082155F859E305EDFB
1AED037F9D0CEF03082155345BDA05F6
FB08EF03B74D11F603082155C259FBFB
350691F003DF720DFC03082255815800
FC390675F10350AA10FE030822557E57
FFFB3906F9F10304830C020408225513
57FBFB2F064AF2033DAD110604082255
905612036B2686F203DBBC140A040823
554A5614036826CBF20344E5140F0408
235509560D036D260BF3035D13151404
082355C75514036D264CF303E7E51414
040823550756F6FB790E87F3034D0F19
1304082355F555F7FB7E0EC5F303FB2C
1B1204082255FD55F6FB880E18F403D4
2C1B1204082355F855F8FB880E75F403
1D2C1B1504082255F1559B01BB0D9CF4
03962B1B1704082355BC559801BF0D93
F403602B1B1904082355A9559B01C80D
74F403682B1B190408245573559301BB
0D51F4032B2C1B180408245598559701
BF0D2BF403862C1B1B040824558E55F1
02041018F403862C1B1904082455E655
F502091017F403472C1B1904082555E3
55F402FC0F1FF4038A2C1B1804082555
F755E802FC0F27F4036C2C1B16040824
551C561E03BD0F1DF403942C1B150408
255538562B03BE0F0AF403B02C1B1404
082555E6551C03BF0FF8F303C92C1B16
0408265515561A03C70FDFF303E22C1B
1504082655E755F902E00FD3F303F72C
1B18040827550956ED02E30FD2F303F3
2C1B19040827550356EA02D60FE0F303
C02C1B1A04082755CD55F002E30FEEF3
03A32C1B1C04082755B6550603ED0FFC
F3038A2C1B1F04082755CB55FE02F10F
0FF403712C1B1F04082755CC550003DD
0F1FF403752C1B1D04082755AB550103
E70F38F403682C1B1C04082755BC5502
03EF0F56F403122C1B1A040827550356
D902E30F89F4038E2B1B1D04082755CF
55E302DA0FDCF403102B1B1E04082755
EE55E002D80F3BF503A72A1B1F040827
557661DF02E00FA3F503182A1B1F0408
285504600603E20F0AF6039A291B2304
082855E75DF402DD0F5FF6035C291B24
04082755565CFC02E00F87F60353291B
2204082755565BF602DC0F9DF6035729
1B2104082855605AF502DE0F9EF6037D
291B1F04082755AB59F902E20F91F603
A7291B1E04082855E158F802D90F80F6
03C0291B1F04082855A8580303E30F6C
F603C9291B1E040827555658FE02C90F
5AF603CD291B2004082655D257FC02D0
0F4FF603D9291B2304082755A457FC02
C50F43F603CD291B2704082655575707
03CB0F3DF603DD291B28040827550657
F902D80F3DF603E6291B2904082755DF
562203C70F3FF603CD291B2804082855
AA561103C70F41F603C0291B2A040827
555A561B03D40F49F603C8291B290408
26551A561F03D20F51F603C0291B2B04
082755D4550D0347105AF603B8291B2C
040827559855020343105FF603A3291B
2C04082755A355F902371064F6038829
1B2B040826554A55FD023E1068F60396
291B2C040827556C55FA02CC0F6CF603
81291B2D0408275519550203D00F6BF6
0392291B2F04082655F754FE02DA0F65
F60392291B3204082755D4540003D10F
63F6035F291B3604082855AA54EE02D5
0F64F60368291B38040828557254E102
D10F68F6036C291B40040828551B54F4
02D00F67F60379291B46040827550A54
ED02D10F66F6036C291B4B04082755CA
53F602DD0F62F60370291B5004082755
A4530F03361057F6035F291B55040827
557D53090346105CF60374291B570408
2755CA531103361059F60358291B5704
082755C3531A0339105CF6034A291B59
04082755C253FA023A1062F60368291B
5D040827559653F9023F1077F6037029
1B6604082755BF5301033D109AF60370
291B6E04082755F55304033C10B6F603
70291B7204082755A7530B032C10C0F6
0368291B7904082855C75301032E10C4
F6033A291B7E04082855EA5300033210
D4F6032D291B83040828558353000332
10E7F60318291B8B0408285556530003
2710F5F6035B291B920408275532530B
033110F9F603E2291B9504082855E952
00032810FFF6035E2A1B9304082855F6
52FA02261007F703C42A1B9204082855
D952FC0232100CF703FF291B92040828
55B652180332100BF7034F291B940408
2755B3521C0325101AF703FF281B9F04
0827554E521A03291029F703EA281BAA
0408285520521C032D1036F70350291B
B3040827552752FC021E103DF703032A
1BB804082855EB510C03181048F7036C
2A1BB80408285594510903181052F703
C02A1BB604082855C15106031E1051F7
03212A1BBB04082855C851130335134C
F703B3291BC004082855B15108033613
46F703DD291BC304082755A5510B0336
1345F7033A2A1BC604082855C2510F03
321345F703AF2A1BC604082855885118
03DF1046F703072B1BC3040828559B51
2203E61047F703212B1BBE040827555F
512403CB1042F703572A1BBC04082755
36512003D2103DF70388291BBE040826
552E511503D01037F70392291BC30408
26551D511703F10F2EF7033E291BC704
082755EA501403ED0F2FF703FF281BD0
04082755BA501203EA0F45F7031C291B
D904082755C3501703E80F5DF7039E29
1BDC04082755A95013036D1072F703E9
291BDC04082755B0501703631085F703
EE291BDE04082755B35011036D1095F7
036C291BE304082555AE5013036F10A5
F703E2281BE9040824557B5002034210
B4F703C0281BF204082455705005033D
10C0F703E2281BF9040824559450FA02
4210C4F70320291BFF040824558750F7
023810C9F7037C291B05050824554B50
1203A310D2F703D5291B0D050824553C
500B03A310D7F70381291B1505082455
32501303A510DBF70318291B1B050825
552A501703A810DDF70357291B200508
27554D500B039F10DFF703BC291B2505
0825556A502203EA0FDCF7030D2A1B28
050824555A501B03F40FDDF703E2291B
2A050824552A501803E90FDCF7034A29
1B320508235531501C03EE0FDBF703EE
281B3605082355485013039D10E0F703
FB281B3C050822552D500D039A10DFF7
0325291B4305082255C55010039A10DE
F7036C291B470508235542501703A410
D9F703A7291B4C05082455FF4F2F032F
10D8F703D9291B520508245506502F03
2F10D8F703142A1B5705082455804F38
032E10D6F7033E2A1B5A05082355C24F
36032D10D4F703682A1B6105082355A6
4F3203EA0FCCF703972A1B6305082455
394F3303E50FBFF703B82A1B67050824
55504F3203EE0FB3F703D52A1B6B0508
2255614F2D03EF0FAEF703F22A1B6B05
082255244F2803EB0FA8F703C02A1B6D
050822552F4F26032B10A2F703D1291B
7005082155FA4E330323109EF7030B29
1B7805082255D74E2F032910AAF703C0
281B7E05082355E64E31032B10CBF703
CD281B8405082355584E3D030D10E0F7
03FF281B8905082455274E40030B10EE
F70346291B8F050823554B4E3E030F10
FBF70385291B9405082355184E42030A
1006F80307291B9B050824551A4E5203
491016F803D1281B9F05082455594E54
034B1031F80318291BA605082455364E
51034F103AF80381291BAB0508265536
4E560349103BF803C4291BAE05082555
0B4E4003621039F803FB291BB2050825
55194E4103611033F803052A1BB40508
2555294E330361102DF803EE291BBA05
082555144E3C03631026F803C0291BC0
05082655374E40035E1022F80353291B
C605082955264E40032C1026F803AF28
1BCE05082855254E3B032D1049F80385
281BD705082855D94D3D032B1071F803
5F281BDF05082955CF4D3B03361094F8
034E281BE705082955BF4D28032F10B0
F8033E281BF105082955B04D37033510
C5F80325281BF905082955864D2D032B
10DBF803C8271B0106082855734D2903
3110FFF8039A271B0B060829554B4D3F
039E1022F90396271B13060828553E4D
4D03991032F903E9271B14060827554C
4D3D039A1038F9035B281B1406082755
464D4303A11048F90392281B10060827
55524D27037C1062F9039E281B0E0608
28554F4D2F03791074F9031C281B0E06
082755634D2203871080F90357271B12
06082655524D35037A108FF903D9261B
1E060824557D4D28037A109CF9036626
1B2906082555B54D25033610AEF90314
261B3606082455B84D2D033C10BFF903
FF251B4206082355714D2B034410CCF9
03F3251B4906082455574D31033610D8
F903EA251B4E06082455A94D42031610
E3F903E2251B5606082355594D3F031E
10EFF903DC251B5E060823556D4D4403
1D10FAF903DE251B6506082355B84D3E
031A1005FA03DE251B6A06082455954D
47033F1005FA03EA251B6C060824556B
4D3D03391005FA03EA251B6E06082555
834D46033A1009FA03F3251B72060826
558D4D3F0345100CFA03F7251B780608
2455D14D4503911011FA03F1251B7D06
082555B94D3F03961015FA03E2251B84
06082755F84D3A039C101AFA03C9251B
8D06082855E94D47039C101DFA03B825
1B94060827550D4E3A03931021FA03A3
251B9E06082655344E6303271022FA03
7D251BA7060825555A4E6103321023FA
0379251BAF06082555554E5E03301022
FA0380251BB706082655914E60032D10
20FA037D251BBD06082655A74E47031B
1021FA0375251BC406082755DA4E3E03
181023FA0371251BCE06082655C74E38
031A1027FA0371251BD406082655E84E
3C031B1028FA0371251BDA06082655E9
4E570300102BFA0375251BE106082755
D54E4C0305102CFA0370251BE6060827
55394F4D0300102EFA0371251BEE0608
2855144F510301102FFA036D251BF606
082855EA4E3D03821032FA036D251BFC
06082555E34E3E03811033FA0368251B
0207082555E04E45037C1035FA036425
1B09070826552A4F46037C1036FA0368
251B0F07082655244F4403811033FA03
68251B1407082755244F4E03371035FA
0368251B1607082655424F5103401034
FA0368251B19070826553D4F51033D10
34FA0364251B1D07082555624F4E033A
1034FA0360251B2107082355664F3003
411033FA035C251B2907082355614F30
0340102EFA0357251B31070821557F4F
28033E102AFA0353251B3607082055B7
4F3103411023FA0347251B3F07082055
8A4F4F03B1101DFA033E251B4A07081F
55CF4F5103B31019FA034B251B560708
1F55F34F4603B2100FFA034F251B5E07
081E55D14F5303B41008FA035C251B65
07081E55D34F65037D1004FA035F251B
6907081D5520505D037A10FFF9036825
1B6F07081D55794F61038410FCF90368
251B7307081F55C34F5E038010FBF903
6D251B7807081E55C44F62037B10FCF9
036D251B7F07081F55C04F3C033310FD
F9036D251B86070820559F4F44032C10
FEF90368251B8E07082055864F3C0332
1002FA0398251B910708235532503903
2D10FEF9039F251B9107082355D24F4E
03A910FCF9039B251B9307082455A34F
5603A910F7F90392251B9307082555B4
4F5403B210F4F9038A251B9407082555
AD4F4B03A310F1F9038E251B95070826
55B84F5C03A110F2F9038E251B940708
2755A54F6003A910F4F9038C251B9307
082855CC4F6103A710F3F9034F251B92
0708285522505A03A810EFF9033E251B
9207082A5516507E039410DFF9035825
1B920708295524507B039D10D4F9035C
251B9307082855F74F80039B10D6F903
47251B9407082A550B5082039910DCF9
0343251B920708295522507D039710E2
F9033B251B920708295540505103A010
E8F90336251B910708295534505103AA
10EBF90336251B94070829553C505303
A310EDF90336251B9407082955715045
03A810EFF90336251B9607082955D650
4C03AA10EEF9033E251B9707082A5513
515103A710EFF90343251B9707082A55
B3504F03A610F0F9033F251B98070828
55C25049039C10EFF9033A251B960708
2655CE504903A310EDF9033E251B9507
0825553A514903A510EEF9033E251B94
0708235563515A03A810EBF9033E251B
93070822556D514D03A610EBF9033A25
1B94070822556A516903E210ECF9033A
251B910708215594516F03EE10EDF903
37251B8807082055CB516E03E510EDF9
0332251B7C07082055F3516503E710EC
F90336251B6907081F5535527003DC10
EAF9033A251B5707081E5536525F0396
10E6F90343251B5107081E5573525A03
9410E1F90347251B4C07081C558B525B
039810DFF90343251B4607081C559A52
60039C10E0F90336251B3C07081A55AE
5240034210E5F90329251B3607081955
BC523D033E10EBF90325251B31070819
55E85244033C10F1F9031D251B340708
1A55385340034610F4F90321251B3007
081A5550534C031010F7F90321251B27
07081C555A5356031210F3F90327251B
1907081C558F5350030D10EFF9032E25
1B1007081D55815357030D10EBF90332
251B0B07081D559D534203F00FE8F903
32251B0607081E55DD534703E50FE9F9
0332251BF706081F55C8534003ED0FEB
F90321251BE906081F55C1534103EF0F
F0F90319251BDF06081F55F0533403EA
0FF1F9031B251BDD06082055E8535C03
2E10F1F9031D251BD506082055C55360
032F10F3F90319251BC306082055D053
58032A10F5F90319251BAB06082055CC
5369032B10F5F90319251B9E06082055
01546903FE0FF3F9031D251B9A060821
551D545B03FD0FF3F90319251B9A0608
205522545A03FA0FF5F90313251B9506
0822551C545C03FE0FFBF90304251B97
0608225505544003161002FA03F3241B
93060821552154440325100CFA03EB24
1B8206082255225440031B1014FA03DE
241B6706082355165441031A101BFA03
D1241B52060822554B543E0321101FFA
03D6241B4C060822552A5454031A1022
FA03DA241B41060822550E5457031D10
22FA03DA241B3C060823552454560316
1022FA03DA241B380608215520545703
201021FA03D6241B3206082055375453
032F1023FA03D6241B1D06081F552754
49032B1025FA03D1241BFF05081F551D
545503361022FA03D1241BEC05082055
485449032F1024FA03CE241BE9050822
5557545103101026FA03CD241BE40508
225587545403121028FA03C5241BE305
082155A4544D0309102EFA03BC241BE4
05082055CC5451030B1031FA03B4241B
DE05082055F9544B03341036FA03B424
1BCA05081E55EB544F032B1039FA03AC
241BA805081D55FB544A03321038FA03
AA241B8B05081D55FC5454032A1039FA
03B0241B8105081B5566554A030B1037
FA03B4241B7D05081D557D5554031210
34FA03BC241B7C05081C5585554D030C
1031FA03BC241B7B05081D558B555203
0C1030FA03BC241B7C05081D55A9554F
0311102EFA03B8241B6B05081E55D955
0603DB0F2EFA03B6241B4D05081E55FD
55F902E50F2FFA03B4241B3005081D55
D2550203DD0F2CFA03B8241B2305081D
55C9550003DD0F23FA03D6241B1D0508
1E55BE552F03F10F0DFA0310251B1A05
081E5595552C03ED0FE1F9036D251B18
05081F5597552F03EB0FABF903B8251B
1905081F55CD552B03E80F78F903E025
1B13050820559F563303E00F4DF903FF
251BF70408205560572903DA0F31F903
1D261BD40408205594572F03DC0F1CF9
0325261BC1040820554F572903E40F0C
F9032D261BBB04081F55F4562703E90F
01F9033A261BB504081E55C4561D0303
10E9F80375261BB004081F55F8562403
FF0FC1F803D6261BB204082155025720
0303108AF8031C271BAD040820550A57
1D03FA0F58F8034F271B9D04081F5502
572C03DB0F17F803A7271B7E04081F55
31572F03E30FD9F703FB271B5E04081F
5537572703DE0FB5F703FB271B520408
1F5505572D03DA0FA2F703ED271B4F04
081E55B1561E03EB0F89F70325281B4C
04081D55D8562103EE0F5BF70389281B
4904081C55DB562003E90F20F703F728
1B4804081C55E8561E03F40FF2F60314
291B3E04081B55AC561103C10FCFF603
25291B2304081C5539590B03B80FB7F6
03F7281B0B04081C552C5E1303BE0FA3
F60357291B0904081B55045D1103BE0F
8EF6036C291B0C04081C55595B0603BE
0F7DF60389291B0E04081B558A5A0203
5F1369F603AB291B0E04081955135AFC
02611358F603B8291B0D040818559959
FE02601350F603C4291B150408175533
59F9025D1346F603C9291B1704081855
335969034F103EF603D5291B15040817
55B85860034B1038F603E2291B130408
1655C1586A03431034F603E6291B0F04
0816558B585C0351102EF603EA291B0E
04081855925804033B102BF603F2291B
0F040819553E5806033D102DF603F129
1B11040818555358FD023C1029F603EE
291B1404081855D557FD023A1026F603
F7291B1804081855BC5719036D1022F6
03FF291B1B04081755E25717036F101D
F603032A1B1C04081855C15729036C10
1AF603102A1B1C04081855915729036C
101AF6030D2A1B1A040819558F571503
6F1017F603142A1B1E0408195531571C
03EF0F15F603182A1B2204081A552257
1E03F30F13F6031C2A1B2504081C55F5
562103EF0F0FF603212A1B2604081C55
9D561E03EF0F11F603212A1B2204081C
556B56EC02391013F6031E2A1B1D0408
1C554156F9023E1014F6031C2A1B1604
081C555856F2023C1015F6031C2A1B18
04081B553256EF02401011F603252A1B
1B04081C551A5640035E1012F603292A
1B1F04081B554E563F03601013F60329
2A1B2404081C5503564703631013F603
2A2A1B2904081A55DF553C035E100FF6
03362A1B2A04081B55D655EC021D1007
F603462A1B2804081B55DF55EE022110
01F6034F2A1B2304081A55E455EF021D
10FCF503532A1B1B04081A55AF55EB02
2210F6F5035B2A1B1404081B55FD55EE
021910F1F503622A1B1704081B55F655
EA02EC0FF0F5035F2A1B1D04081C5514
56F102ED0FF3F503572A1B2104081D55
C355EF02EE0FEBF5035F2A1B2104081C
55CC55EC02EC0FDAF503962A1B1F0408
1E55CB550803E90FCEF503AB2A1B1C04
081D5591551103F60FC7F503AF2A1B1E
04081D5575551103EB0FC3F503AF2A1B
1D04081C5556551403EC0FBCF503B82A
1B1704081C555E55EC022510B8F503B8
2A1B0A04081D557F55EB022910BBF503
AF2A1BFD03081F556F55EA022E10BDF5
03A32A1BF203081E556C55EB022E10C0
F503A32A1BEB03081D5569557811DC2B
CAF503922A1BE503081E550C558511E6
2BD6F503812A1BDF03081E5521557C11
DA2BDDF503792A1BE003081E55115575
11DE2BE7F50350AC18E003081C551F55
7911D42B0FF603829812E103081C5526
55FAFBFE0E3CF6038B510DDF03081A55
6D5500FC010F5BF60390830EE003081D
55AD55FEFB010F6EF6033CCA0EE10308
1C55A155FEFBFE0E7DF60340140FE103
081D551D56FDFB440788F60324FB0EE1
03081C55C15602FC460798F60345A20E
E103081A555D56F5FB4D07A0F603CEEA
0DE103081B55E755FCFB4607AAF603EC
F80DE103081A551756930A2D10B1F603
B7110EE1030817559D568A0A3610C0F6
03D1DA0EE1030817553C56950A3010DA
F603FF6D0FDF03081955E156940A2D10
0EF7034C670EE003081755C6560C04B1
0C39F70379150EE003081855C1560804
B30C54F70322A20EE0030818558C560B
04AE0C</Data>

   <DataCRC>edc05308</DataCRC>

   <BytesSent>7123</BytesSent>

</SBEDataUpload>
</InstrumentRawData>
</SBEDataUploadFile>
