<?xml version="1.0"?>
<!-- SCPlusV2_RS232 -->
<SBEDataUploadFile>
<ApplicationData>
<Seaterm232>
<SoftwareVersion>2.6.3.104</SoftwareVersion>
<BuildDate>30-Jun-2017</BuildDate>
</Seaterm232>
</ApplicationData>
<InstrumentState>
<HardwareData DeviceType='SBE19plus' SerialNumber='01906740'>

   <Manufacturer>Sea-Bird Electronics, Inc.</Manufacturer>

   <FirmwareVersion>2.2d</FirmwareVersion>

   <FirmwareDate>9 February 2011 08:30</FirmwareDate>

   <CommandSetVersion>1.1</CommandSetVersion>

   <PCBAssembly PCBSerialNum='25307' AssemblyNum='41054G'/>

   <PCBAssembly PCBSerialNum='25737' AssemblyNum='41580B'/>

   <PCBAssembly PCBSerialNum='24669' AssemblyNum='41606'/>

   <PCBAssembly PCBSerialNum='24372' AssemblyNum='41059D'/>

   <MfgDate>  08 DEC 2010</MfgDate>

   <InternalSensors>

      <Sensor id='Main Temperature'>

         <type>temperature0</type>

         <SerialNumber>01906740</SerialNumber>

      </Sensor>

      <Sensor id='Main Conductivity'>

         <type>conductivity-0</type>

         <SerialNumber>01906740</SerialNumber>

      </Sensor>

      <Sensor id='Main Pressure'>

         <type>strain-0</type>

         <SerialNumber>3220369</SerialNumber>

      </Sensor>

   </InternalSensors>

   <ExternalSensors>

      <Sensor id='volt 0'>

         <type>SBE 43 OXY</type>

         <SerialNumber>432005</SerialNumber>

      </Sensor>

      <Sensor id='volt 1'>

         <type>not assigned</type>

         <SerialNumber>not assigned</SerialNumber>

      </Sensor>

      <Sensor id='volt 2'>

         <type>ECO-FLNTURT CHL</type>

         <SerialNumber>FLNTURTD-2025</SerialNumber>

      </Sensor>

      <Sensor id='volt 3'>

         <type>ECO-FLNTURT TURB</type>

         <SerialNumber>FLNTURTD-2025</SerialNumber>

      </Sensor>

      <Sensor id='volt 4'>

         <type>not assigned</type>

         <SerialNumber>not assigned</SerialNumber>

      </Sensor>

      <Sensor id='volt 5'>

         <type>not assigned</type>

         <SerialNumber>not assigned</SerialNumber>

      </Sensor>

   </ExternalSensors>

</HardwareData>
<StatusData DeviceType='SBE19plus' SerialNumber='01906740'>

   <DateTime>2018-11-26T19:37:10</DateTime>

   <LoggingState>not logging</LoggingState>

   <EventSummary numEvents='241'/>

   <Power>

      <vMain>12.4</vMain>

      <vLith>5.3</vLith>

      <iMain>61.4</iMain>

      <iPump>156.8</iPump>

      <iExt01> 4.2</iExt01>

      <iExt2345>18.2</iExt2345>

   </Power>

   <MemorySummary>

      <Bytes>1110270</Bytes>

      <Samples>65310</Samples>

      <SamplesFree>3805169</SamplesFree>

      <SampleLength>17</SampleLength>

      <Profiles>71</Profiles>

   </MemorySummary>

</StatusData>
<ConfigurationData DeviceType='SBE19plus' SerialNumber='01906740'>

   <ProfileMode>

      <ScansToAverage>1</ScansToAverage>

      <MinimumCondFreq>3226</MinimumCondFreq>

      <PumpDelay>60</PumpDelay>

      <AutoRun>no</AutoRun>

      <IgnoreSwitch>no</IgnoreSwitch>

   </ProfileMode>

   <Battery>

      <Type>alkaline</Type>

      <CutOff>7.5</CutOff>

   </Battery>

   <DataChannels>

      <ExtVolt0>yes</ExtVolt0>

      <ExtVolt1>no</ExtVolt1>

      <ExtVolt2>yes</ExtVolt2>

      <ExtVolt3>yes</ExtVolt3>

      <ExtVolt4>no</ExtVolt4>

      <ExtVolt5>no</ExtVolt5>

      <SBE38>no</SBE38>

      <OPTODE>no</OPTODE>

      <GTD>no</GTD>

   </DataChannels>

   <EchoCharacters>yes</EchoCharacters>

   <OutputExecutedTag>yes</OutputExecutedTag>

   <OutputFormat>raw HEX</OutputFormat>

</ConfigurationData>
<CalibrationCoefficients DeviceType='SBE19plus' SerialNumber='01906740'>

   <Calibration format='TEMP1' id='Main Temperature'>

      <SerialNum>01906740</SerialNum>

      <CalDate>07-Jan-11 </CalDate>

      <TA0>1.255288e-03</TA0>

      <TA1>2.593288e-04</TA1>

      <TA2>-2.376104e-07</TA2>

      <TA3>1.449298e-07</TA3>

      <TOFFSET>0.000000e+00</TOFFSET>

   </Calibration>

   <Calibration format='WBCOND0' id='Main Conductivity'>

      <SerialNum>01906740</SerialNum>

      <CalDate>07-Jan-11</CalDate>

      <G>-1.033008e+00</G>

      <H>1.393941e-01</H>

      <I>-2.175401e-04</I>

      <J>3.475757e-05</J>

      <CPCOR>-9.570000e-08</CPCOR>

      <CTCOR>3.250000e-06</CTCOR>

      <CSLOPE>1.000000e+00</CSLOPE>

   </Calibration>

   <Calibration format='STRAIN0' id='Main Pressure'>

      <SerialNum>3220369</SerialNum>

      <CalDate>21-Dec-10</CalDate>

      <PA0>8.222195e-01</PA0>

      <PA1>1.566037e-02</PA1>

      <PA2>-6.194425e-10</PA2>

      <PTCA0>5.244452e+05</PTCA0>

      <PTCA1>4.417653e+00</PTCA1>

      <PTCA2>-9.798927e-02</PTCA2>

      <PTCB0>2.510725e+01</PTCB0>

      <PTCB1>-1.150000e-03</PTCB1>

      <PTCB2>0.000000e+00</PTCB2>

      <PTEMPA0>-5.917147e+01</PTEMPA0>

      <PTEMPA1>5.387460e+01</PTEMPA1>

      <PTEMPA2>-2.653169e-01</PTEMPA2>

      <POFFSET>0.000000e+00</POFFSET>

      <PRANGE>5.076000e+03</PRANGE>

   </Calibration>

   <Calibration format='VOLT0' id='Volt 0'>

      <OFFSET>-4.687158e-02</OFFSET>

      <SLOPE>1.247988e+00</SLOPE>

   </Calibration>

   <Calibration format='VOLT0' id='Volt 1'>

      <OFFSET>-4.719579e-02</OFFSET>

      <SLOPE>1.248132e+00</SLOPE>

   </Calibration>

   <Calibration format='VOLT0' id='Volt 2'>

      <OFFSET>-4.684526e-02</OFFSET>

      <SLOPE>1.248324e+00</SLOPE>

   </Calibration>

   <Calibration format='VOLT0' id='Volt 3'>

      <OFFSET>-4.678105e-02</OFFSET>

      <SLOPE>1.247145e+00</SLOPE>

   </Calibration>

   <Calibration format='VOLT0' id='Volt 4'>

      <OFFSET>-4.669684e-02</OFFSET>

      <SLOPE>1.248307e+00</SLOPE>

   </Calibration>

   <Calibration format='VOLT0' id='Volt 5'>

      <OFFSET>-4.709579e-02</OFFSET>

      <SLOPE>1.247697e+00</SLOPE>

   </Calibration>

   <Calibration format='FREQ0' id='external frequency channel'>

      <EXTFREQSF>9.999977e-01</EXTFREQSF>

   </Calibration>

</CalibrationCoefficients>
<EventCounters DeviceType='SBE19plus' SerialNumber='01906740'>

   <EventSummary numEvents='241'/>

   <Event type='ErrorFLASHUncorrectableError' count='241'/>

</EventCounters></InstrumentState>
<Headers>

cast  56 25 Nov 2018 08:57:04 samples 55470 to 56468, avg = 1, stop = mag switch

</Headers><InstrumentRawData>
<SBEDataUpload startAddr='942973'>

   <Type>1</Type>

   <DataFormat>SEACATPLUS0</DataFormat>

   <Bytes>16983</Bytes>

   <Data>
F2E003B8F40AE003083C56215BAA02C3
03D9E0033EE80AE003083C56EB5AAF02
CA03B4E003E0DD0ADF03083B56295BA4
02C50382E00395D60ADF03083B56725B
A002C80348E0034ED20AE003083B56EC
5AAC02C30310E003AFD40ADE03083B56
255BB002C103D9DF0337F60ADF03083B
56415CA202C203A2DF03FBFE0ADF0308
3B56905BA602B60368DF03CAEF0AE003
083B56DD5AB102D2032EDF0335E80AE0
03083A56D45AAE02C103F1DE0369E20A
DF03083A56985AAA02C703B1DE033DDB
0ADF03083A56775AA102CE0372DE0354
D60ADF03083A56705AA202CA0332DE03
54D20ADE03083A56545AAC02CE03FBDD
0364CE0AE003083A565D5BA802CA03C7
DD03DFCA0AE003083B56E45AA302BD03
91DD038DC90AE003083B56805AA302C8
0346DD0365C70AE303083B562F5AA202
CC031FDD033FC40AE303083C56C158A2
02CE0334DD03D4C00AE203083C56CB57
A602BE0345DD03A7C40AE503083D5627
58A602C80360DD0387C60AEB03083D56
0F5B3202D101C0E1039ACD12FB03083D
56105A2B02D301BAED03ED770D020408
3D5636582502D80173F5037B3E0F0404
083E5622573102D201F5F8030E4A0D07
04083E56C6588206660CC7FA037EBE0D
0804083E569E577906660CD5FB034352
130D04083E5638587B06720CE9FC0353
65141A04083F56FA577D06630C0EFE03
06D0131904083E561F58FCFB801EFDFE
03E32A141904083E565B58F6FB771EA2
FF032804141804083F56175C02FC731E
FFFF033CE6191A04083F56E95B00FC6F
1E130004CD301A2104084056EB5A00FC
751E67000443781A24040840560E5B5D
04FA0D04010492A71A2704083F56535A
5904F70D6701046DDC1A3104083F56E7
596404F30DF20104BDEC1A3904083E56
535A6104F50DA1020427ED1A4204083E
56645A09035A0E2F0304F2ED1A420408
3F567C5A1103630E7F0304CBF71A4104
083F56695A1303600EBB0304C3011B44
04083F56A25A15035D0ED70304B5061B
4704083E56925AFC02AF0ED70304FF08
1B4904083E56975AF502B50EDB030461
0A1B4704083E56B55A0B03AC0EF40304
950B1B4A04083F56F85AFA02A70E1704
04C00C1B4904083F56135BDC02960E3F
04046F0D1B4804083F56315BCD028A0E
5804047A0E1B4804083E562E5BCF028D
0E670404BF0F1B4604083E56455BD102
9C0E740404E20E1B4704083E56AA5BCA
02970E840404A8101B4604083D56135C
A902440E86040481111B4704083D56A2
5CAF02420E810404C8111B4704083C56
F85CB102400E7E0404DC111B4704083C
56025DAF02400E81040445121B490408
3C56395DD902540E890404D7121B4804
083C56F761CF024D0E9C040492131B45
04083B56965FDA024D0EAF0404DD131B
4304083C56325ED402580EC204041814
1B4104083C56875D0003D70ECE040449
141B3D04083C56E95C0003D70ED30404
39141B3F04083B56915C0603D30EC804
049D141B4104083B565F5C0203D80EB6
04044C151B4404083A56175CE5028B0E
9E04047E151B4804083A56A35BDC0295
0E950404C1151B45040839565A5BDF02
900EA90404EB151B4404083A56555BD7
02900EC0040432161B4404083A56075B
E0028B0ED40404E5161B4104083B567E
5A05039E0EDB04046B171B3E04083B56
445A00039F0EE7040428171B3C04083B
56D3590103A40EFA040435171B3C0408
3B56885906039F0E0C05046F171B4004
083B563059DA02800E170504E8171B46
04083B560059DA02860E0805048B181B
4804083A56BD58DE027E0EF704045019
1B4804083A56A158E702780EE6040497
191B4704083A562B58BB02900EEA0404
26191B48040839562958C202970EF804
043B191B4904083956ED57BF02930EF8
0404B4191B4804083A56D657C1028B0E
E60404781A1B4504083A568857E202A2
0ED104042C1B1B4404083B564A57E002
9E0EBF04048C1B1B4004083B562757DE
02A10EC40404491B1B4004083B56EC56
DB02A20ED70404D81A1B4204083A56C9
56DF029A0EEB0404C81A1B4404083A56
7B56CB02A20EFB0404FA1A1B4604083A
565956B5029E0E0805040A1B1B490408
3A566156C0029D0E130504061B1B4C04
083A561A56B902A10E1B05042C1B1B4C
04083A562256C402A10E150504991B1B
4B04083A56C355B9029E0EFE0404281C
1B4804083A56AB55C602A40EDE04049C
1C1B4304083A564C55C0029D0EC20404
2F1C1B4104083B562455C002A50EBD04
04B31A1B3F04083B56EC54C302A60ECC
0404251A1B4204083B56A854BD02A30E
DB0404351A1B4704083A566754C202A2
0ED004049A1A1B4A040839561954F302
BE0EB20404301B1B4B04083A561254E9
02BE0E9204049D1B1B4A04083B56BF53
F502C20E930404CB1B1B4804083B5681
53EF02C30EA30404801B1B4704083B56
5253F002C00EB704043D1B1B4504083B
562353CC02600EC604045E1B1B440408
3B561453CB02650ECD0404621B1B4304
083B56F452D102610ED90404F11A1B43
04083A56C652D502630EE90404A21A1B
4604083A56A052BE02940EF30404BB1A
1B48040839567452BD028D0EF604040F
1B1B47040838565152BD028D0EF30404
521B1B46040838563352C202910EED04
04531B1B46040838562352F302CB0EEB
0404491B1B46040838562252F502C60E
E90404621B1B4704083856FB51FC02D0
0EE604048C1B1B43040837561B52F302
CA0EE304048C1B1B4304083756D551D7
02A00EE504042C1B1B4604083656D751
E302A00EEB0404E11A1B4704083656A1
51DE02A20EEB0404451B1B4704083556
B351DE02A30ED90404AD1C1B46040835
56BC51DB02A40EBF04045A1D1B430408
36569551EF02BF0EB50404981C1B4304
0837569751E402C00EB20404B21B1B44
040837568A51EB02BC0EB40404051C1B
46040837567651F102BF0E9804049C1C
1B47040838566E51D002B20E7604044C
1C1B45040838564851D102AD0E7A0404
B91C1B45040838563051CF02B30E8504
04EA1D1B46040837562351D502B10E89
0404A71D1B48040838562351C202990E
8204048A1D1B4A04083856E750C30289
0E730404321D1B4904083856EB50C802
8E0E620404F31D1B4904083856E950BD
02930E4F04046C1E1B4904083756BD50
B802900E4104042D1E1B4804083756C1
50C3029E0E370404791E1B4704083756
AD50C9028F0E2A04045B1F1B46040838
568A50C4028D0E240404A71E1B450408
37569C50C102920E2B0404791E1B4504
0835567E50F602200F2E0404701E1B48
040836565750E802200F1F04040B1F1B
47040835564250F2021C0F130404461E
1B49040833562D50EE02200F220404B8
1D1B4B040834562550E402C10E300404
F71D1B4A040835560650DB02C40E2204
04251E1B4A04083456DE4FE002C00E08
0404291E1B4604083256B64FDD02C20E
FE0304A21E1B4304083256BE4F0403EB
0EFD0304151F1B4304083256A84F0003
ED0E0504044F1E1B4604083256C84FFC
02F30E140404321E1B4704083356A54F
0103F30E190404641E1B490408325673
4FEE027F0E0904048E1E1B4904083456
784FEF02800EF00304AB1E1B49040834
56444FEA02750EDE0304D01E1B4A0408
33561F4FF302800ED00304FA1E1B4804
083356294FEB027F0EC70304351F1B49
04083156304FC4028A0EBC0304691F1B
4904083256214FC702920EB20304A61F
1B4704083256FD4EBD028D0EA50304D4
1F1B4804083256D44EBD028F0E950304
1B201B4604083256224FE702B30E7F03
04A1201B4704083356074FF102AD0E73
03041F201B4904083456494FF302A90E
820304E91F1B4A04083356DD4EF302B1
0E90030413201B4A04083356AE4EE302
070F9003044E201B4C04083356924EE6
020E0F7E030495201B4904083456A94E
EE02150F640304D3201B49040834567A
4ED5020E0F5403040A211B4904083456
884EF002910E460304C7201B47040833
564D4EF402890E50030452201B460408
34568B4EF1028E0E6B030423201B4704
083656434EEF02910E8403041E201B47
04083756124EEB02910E97030428201B
4404083856CF4DD002A20E9F0304FE1F
1B4604083956134ED302A20EAB03048D
1F1B4404083756834ED4029B0EBB0304
281F1B4304083856564ECD02990ED303
04EA1E1B4404083756234E0F03950EE2
0304321E1B44040836560B4E14038E0E
FC03042A1D1B46040837560F4E13038D
0E1A0404B11C1B4804083756D44D1003
8E0E3204049D1C1B4804083656924DE8
02A00E390404A81C1B4904083556914D
ED02A40E3E0404CA1C1B45040835569C
4DEB02A20E4104040D1D1B4104083356
B04DF102A50E3D0404AC1D1B43040832
56AB4D9702990E230404791E1B430408
31569E4DA002A40EEF0304071F1B4704
0830567F4DA202A30EBC0304461F1B48
04083056974D9E02A20E9B0304451F1B
48040830569F4DA5029C0E8D0304181F
1B4504082F56B04D9D027A0E8D030420
1F1B4204083056AD4DA2027B0E930304
561F1B4804082F568A4D9E02820E9603
045F1F1B4C04083056734D9702850E95
0304281F1B50040832565E4DC802B10E
9D0304F21E1B52040832564F4DCC02AB
0EAB0304DD1E1B5304083356584DC802
B80EBC0304D01E1B5204083356424DCC
02B30ECC0304BC1E1B4E040834562D4D
E702910EDA0304B71E1B4D0408365616
4DDC02960EE00304E11E1B4C04083656
F14CE502940EE303047C1F1B48040837
56D64CDB02950ED603041B201B470408
3756B64CE402A40EC3030488201B4704
083856D44CDE02A40EAB0304C3201B48
04083656B24CE2029A0E9B0304EC201B
4B04083556844CE002A10E8C0304E320
1B4A04083756634CE002A40E7E0304C7
201B49040838567D4CCB029E0E710304
A5201B4504083656524CD202A50E6903
04BE201B4404083656354CD402A00E63
030440211B4504083656124CCA02A40E
57030472211B4604083656504C0603A0
0E4D0304D3211B48040834560E4C0003
A20E44030401221B4B040835562E4CF8
02A30E3D030412221B5004083356FF4B
0203A10E35030416221B5404083356DF
4BDC02E20E28030422221B5904083456
CC4BDA02E40E18030416221B5F040835
56964BE602DC0E0C0304C2211B670408
34569A4BE002DE0EFF02041A211B6704
083556A94BC802BE0E0203049D201B65
04083556874BCE02C40E1803047F201B
6304083756654BCA02C40E2D03043820
1B6604083656864BC802C40E3E0304E1
1F1B6A040834564F4BCF02C20E550304
D41F1B6E04083656294BE302920E6C03
04F51F1B71040837562B4BE3028C0E75
0304A61F1B78040836566A4BE002990E
800304891F1B7904083556434BE1028F
0E8E0304C71F1B7C04083756084BD702
9F0E970304FE1F1B7E04083656164BD4
02950E920304D81F1B8504083756DF4A
E402A40E8E0304911F1B8404083756DA
4AD702990E950304A21F1B8604083656
E04ADE02D30EA00304801F1B86040833
56C44ADE02D60EAB0304AA1F1B860408
3356A44AD802DB0EAC0304C31F1B8A04
0833569F4ADB02CB0EAB0304D81F1B8D
040833567B4AE602930EA80304D21F1B
9304083056B34AD8028F0EA70304841F
1B9604083056EF4AD902890EAC030463
1F1B9804083156914AE9028D0EB40304
2D1F1B96040831566F4AE202950EBF03
04561F1B99040830564A4ACE02A40EC4
0304801F1B9D04083156334AD002A90E
C10304701F1BA004083056344ACC02A2
0EBE0304281F1BA504083056254AD402
9F0EC10304B81E1BAB04083156064ACF
028C0ECF0304421E1BAE04083256024A
D002910EE80304181E1BB004083156EA
49CB02900E000404181E1BB404083256
E649D102930E0B0404D51D1BB8040832
56DB49EF02E60E1504048A1D1BBB0408
3556FD49EA02DC0E220404691D1BBD04
0835560A4AF002DC0E300404601D1BBE
04083856044AEA02E00E3B0404601D1B
BE04083956E749E902920E4204043E1D
1BC304083956E449F3028E0E440404E3
1C1BC804083856ED49EB02900E530404
7A1C1BCB04083756FA49F802950E6604
04121C1BCE040837561D4AF202930E7C
0404CF1B1BD004083756264AF002B20E
8E0404841B1BD504083956434AED02B3
0EA204044D1B1BD904083956664AEF02
B30EB90404341B1BDB040838567B4AEF
02B20ECD04041B1B1BDC04083756A64A
D5029A0EDD0404031B1BE00408375695
4AD9029F0EED0404F11A1BE704083656
CB4AD8029C0EFD0404891A1BE8040836
560E4BE202A00E0A050423181BE90408
3556544BD102E40E1E050492161BEA04
0834565E4BD302DA0E2E0504D2151BED
04083356764BD302D90E5405046E151B
F4040834566F4BCF02DE0E8305042B15
1BF7040836568F4BDE02F10EAD05040A
151BFA04083756BD4BDC02EF0ED70504
D3141BFB04083556E24BD902EB0EF505
04BF141BFC040835562A4CDB02F10E0F
0604A1141BFF04083556594CD502EF0E
23060491141B05050833568A4CFC02AB
0E3106048C141B0A05083256B54C0503
AB0E39060478141B0D05083356094DF8
02B10E3F06046F141B0D05083456564D
0003A90E4506045A141B0F05083456BA
4DDB02CF0E4C06044E141B1305083456
0D4EDE02D90E52060446141B18050835
565D4EE202D20E5406043D141B1C0508
3456D94EDC02CF0E59060435141B2005
083556194FEA02900E5B060431141B21
05083556774FF302950E62060420141B
2305083456E04FEC028E0E6806041414
1B27050834564650EF02920E6B06040C
141B2D050833566650CA02AF0E6C0604
0F141B2F05083556CB50CE02B50E6E06
0407141B33050834560351C802B10E6F
060403141B36050834565651CC02B70E
700604F2131B37050834568E51C802AE
0E730604EE131B3D05083656C151DC02
910E750604E6131B3E050836560552D9
02940E7A0604E1131B44050834562252
D902960E7F0604CD131B4A0508345653
52E0028B0E810604D1131B4D05083456
8F52D0029A0F820604C4131B51050833
568F52CD029F0F7D0604D1131B540508
3256C052CC02A50F740604E1131B5705
083156C952D402A20F6A0604F8131B5B
05083056EE52E002940E5D060407141B
5F050832561853DF02890E5406040F14
1B60050831563453E202960E4D06040F
141B5E050831567253E002910E470604
0F141B61050830568953E2028F0E4106
0418141B6505083156A353E102900E3B
060418141B6905083356CC53E3028C0E
33060420141B6E05083156BA53DB028F
0E2F06041C141B6C05082F56E053E202
980E2D06040F141B6C05082F56D653EF
02710E2F060407141B6A05082F56E853
F302680E31060403141B6805082F56FF
53F202750E32060403141B6605082F56
0354F202710E30060410141B6A05082F
560354E202600E29060420141B6D0508
31562554E002630E1F06042D141B7105
0830562854E502660E18060435141B76
050831564A54E002640E1706042D141B
78050830564754C902950E1906041414
1B7A050831565B54D1028F0E1D060407
141B7A050830566C54CC028F0E210604
03141B7C050831566A54D5028D0E2206
04FF131B7C050830568054BF027E0E21
0604FA131B7C05082F567954BB027C0E
230604EE131B7E05082F568554C10284
0E1E0604E1131B7F050830569054B902
810E1B0604DD131B8005082F56AE54BF
027F0E1F0604CC131B7F05083056C354
FD029F0E240604C8131B8205082F56C3
540103A40E290604CD131B8405083156
B954FE02A00E2C0604CD131B87050831
56C0540403A30E320604CD131B870508
3056B254DE028F0E380604D9131B8405
083256BF54DE028D0E3E0604D5131B86
05083256E454E402900E410604D9131B
8705083256E654D902950E3F0604DD13
1B8805083056F454D002BC0E3F0604DD
131B8905083356E954D202BE0E3D0604
E1131B8D05083156FC54CD02C50E3C06
04DD131B8C05083356ED54CE02BC0E3D
0604E1131B8C050833560955ED02AE0E
3B0604DC131B9405083356F5540503B6
0E3B0604DD131B9A050834560F55FF02
AF0E3B0604E6131BA6050833561055FE
02AE0E400604D5131BA8050834563755
FB02B30E4C0604B8131BAA0508335650
55E202B50E5D060492131BA805083156
3A55E202A90E6A060492131BAB050831
564655DE02AB0E71060496131BAF0508
31561E55DE02B10E7506049B131BB705
082E561955ED02D30E7406049F131BBA
05082F562955EB02C90E710604A3131B
BA05082D563355F102D20E6F0604A713
1BBC05082E561C55F102D00E690604B4
131BC205082D562455FB02AA0E670604
B4131BC905082F564B550403AF0E6606
04B8131BCE05082F5652550003B50E63
0604BC131BD005082D566555FD02AF0E
620604B4131BD505082D564855FF02BD
0E630604AB131BD805082C566655EE02
C40E660604A7131BDE05082C566055F1
02BE0E680604A7131BE505082C569255
F302BD0E680604AB131BE705082C5685
55F202C20E6B0604A7131BEB05082C56
BA55E202AF0E7006049F131BED05082C
569855E402AF0E8306046D131BEF0508
2C568D55DB02AF0EB0060411131BED05
082F569555DE02B20ED50604DF121BF4
05082E565755DE02A20EF00604D0121B
F905082E565F55E002A10E040704BE12
1BFF05082D565F55DA02A00E170704AD
121B0606082D566055DD02A00E270704
98121B0B06082B566D55D902C20E3707
047F121B0E060829565C55E002C30E42
070472121B1006082C566C55E202BF0E
5607044D121B1306082E568255E202C4
0E73070417121B1A06082D565655D902
940E8907040E121B2206082C565855FC
02910E9A070406121B2906082A568B55
FC02930EAA0704E9111B2F06082C567C
550103860EB50704D8111B3506082E56
61550003910EC10704D0111B3806082F
566055FE02BA0EC90704D0111B3B0608
2D5669550003C50ECE0704CB111B3F06
082C5664550503B80ECD0704D4111B41
06082C567E550003C20ECD0704DC111B
4506082C565A550003360FCD0704D811
1B4A06082D565055F602300FD10704D0
111B5006082E5694550B03380FD10704
CC111B5406082F569B5500032C0FD307
04BF111B55060831569B55F6029E0ED3
0704BF111B5506083156C755F702A10E
D20704BF111B5506083156CF55ED02A1
0ED50704B7111B5906083156E755F402
9F0ED70704B7111B6206083156D055F0
029E0ED40704BF111B6B06083256E255
0003920ED20704C8111B7706082F5616
56FF02920ECA0704D4111B7C06082D56
F65504038E0EC50704DF111B8206082B
561256FE028D0EBD0704E9111B8A0608
2B5604560303000FB40704ED111B8C06
082A561B560603000FAF0704ED111B8B
060829561256FF02FE0EA80704ED111B
8F06082A56F2550403000FA60704F511
1B9306082956C955ED02E50EA00704F5
111B9706082656F655EE02DF0E9F0704
F5111B9D06082756CB55E802DE0E9E07
04ED111BA306082556CD55ED02E40EA2
0704ED111BA606082456EA55F602A40E
A40704DC111BA906082256FA55EA02A0
0EA40704E9111BAD06082456D755F302
A00EA00704F1111BB106082556D055F2
02A40E9B070402121BBB06082456E255
EE029E0E97070402121BC006082556C7
55E102BC0E93070403121BC506082756
E955DB02BC0E8E07040A121BC7060829
56C555E202BC0E8B07040E121BCC0608
2B56D255E402C60E87070417121BD206
082B56E0550403310F8407041F121BD6
06082C56F3550403280F8007041F121B
DD06082C56E455FE022D0F7C07042312
1BE206082E56EB550203300F7807042C
121BE506082E561156F3020F0F780704
27121BE806082D56F755FA02170F8507
0406121BED06082D56F655EC020E0F9A
0704DC111BF306082F56D255F402100F
B00704BB111BF706082E56DA55E102A8
0EBB0704AA111BFC06082D56DF55D902
B00EBC0704BF111B0007082C56C955DC
02B30EB80704D7111B0507082D56DF55
DB02AA0EAF0704ED111B0B07082E56E7
55DA02AC0EA0070402121B1007082C56
1C56F102A90E9107041B121B1207082B
561056EC02AB0E91070413121B150708
2B562956F002AA0E9A0704E1111B1807
082B56E455F102AC0EA70704CC111B22
07082A562A56F802BF0EB10704C8111B
2607082A561356EF02BF0EC10704B311
1B2D07082A565156EF02C00ED007049E
111B3007082A564A56EE02C50EDB0704
91111B3207082B564556F002890EE107
048D111B3607082B562456E6028D0EE9
070485111B3A070829562356ED02860E
ED070485111B3E07082A560856ED0297
0EEF07047F111B4407082A56F9550203
AB0EF3070481111B4907082A56D45504
03AB0EF6070474111B4E07082B561A56
F802AF0EFC070468111B5507082B5607
56FC02AC0E0108045F111B5607082D56
1756FF02AD0EFE07045B111B5607082C
5638560F038B0E00080464111B560708
2C5659561503900E00080468111B5A07
082C5628560D03940EFF070468111B5F
07082D5628561303900EFD070470111B
6507082E560E56DF02BE0EFD07047011
1B6D07082C561D56D902C20EFB07046C
111B7007082B563856E102C00EF80704
70111B7407082B56AA56DE02C90EF307
047D111B7707082A565A560903910EE8
07048D111B7907082B565D5610038F0E
DF07049B111B7B07082A568356060393
0EDA07049A111B8007082A56CB561A03
940EDC07048D111B8907082B56C656E2
02BD0EE307047D111B9107082A56AB56
E102C10EE9070474111B9707082956F5
56E002C20EEA070478111B9807082756
EC56E002BA0EE6070489111B9B070827
564F57DD02BE0EE107048D111B9D0708
265669570103A20EE2070489111BA007
0825565557F8029E0EE3070481111BA2
070823565C5704039C0EE5070485111B
A6070823567E5700039C0EE207048511
1BAB07082256CF57ED02C40EE107048D
111BAF07082456F257ED02BB0EE00704
8D111BB1070824564B57E902BF0EDF07
0485111BB507082456A757F502C00EE2
07047B111BB907082356B3570703AE0E
E7070470111BC50708245679570003B0
0EEB07046C111BCC0708235689570103
B10EF1070464111BD5070823562F5700
03AA0EF707045F111BDC07082256C856
EA020D0F00080453111BE107082356BA
56EF020D0F0808044A111BE807082356
D256F002110F0E080442111BEB070825
569056EE02130F1608043A111BEC0708
2556C056E802150F1E080425111BEB07
0826566357E202BE0E25080421111BEB
07082856A657DE02C40E2B08041D111B
F0070828568257DE02BE0E2E08042111
1BF5070829567B56E002C10E29080429
111BFD070829569657FF02930E280804
2B111B0508082A56805700038F0E2B08
0421111B07080829569F5703038D0E2B
080421111B0608082856B8570103930E
2E080421111B0B080827562C57FE02D1
0E2F080425111B140808285651570603
CF0E2E080425111B18080827563A57FE
02D20E2B080425111B1C080828561657
FD02CC0E27080425111B1F0808275622
57DE02C50E24080425111B2308082756
0E57D902B80E24080421111B2B080827
561357DA02BE0E23080425111B330808
27565157DF02C40E23080425111B3908
0828566D57DC02BF0E22080425111B3C
080827566E57F7023D0F24080421111B
3D080828569557FA02410F2408042111
1B3F08082856F657FC023D0F27080423
111B4608082656ED57FE023E0F290804
21111B4A08082756D157F502E60E2B08
041D111B4C080828561F58F202E10E2A
08041D111B50080829563E58F902DD0E
2A080418111B52080829561658F802E4
0E29080418111B5808082956E757F702
F10E29080418111B5F08082956FD57FE
02F10E2A080418111B6308082956EB57
F802F20E2B080414111B680808295616
580203E90E2E080414111B6E08082B56
44582703E20E33080410111B7408082A
5639581C03DC0E34080410111B790808
2B5610581D03DF0E3408040C111B7E08
082A562F582503E30E37080404111B80
08082B5669581E03E90E3B0804FF101B
8208082A562B581303DC0E3B0804FB10
1B8508082A56E0571103DF0E400804FB
101B8608082B5616581403E90E410804
FB101B8908082B564F580A03E30E4008
04FF101B8F08082B5674580803D50E42
0804FB101B9008082B567E581503D20E
420804FB101B9708082B56FE571303C9
0E450804F3101B9E08082B561F580B03
CC0E470804F3101BA008082B560D5815
03AB0E4A0804EF101BA608082B563358
1103B50E4C0804EB101BAB08082B5623
580D03AD0E4D0804EB101BB108082A56
62580D03AF0E4D0804F3101BB6080829
5658581703330F4C0804EF101BB90808
2956705820032F0F4E0804EF101BB908
08275648582203340F4D0804EB101BB9
08082656405820032D0F4D0804EB101B
B908082556405816032D0F4C0804EB10
1BB9080825567258F2020D0F4D0804EB
101BB8080825566658F1020C0F4E0804
EF101BB7080823566D58F3020F0F4A08
04EB101BB7080821566558EA02050F4B
0804F3101BBC080822567D582303C20E
470804F7101BC50808225683582003C2
0E430804F7101BCF0808215682582103
C40E430804FB101BD508082256025919
03BE0E420804F3101BDB080821564358
F102E20E440804EF101BDF0808225635
58EA02DC0E450804EB101BE408082256
0758E802E20E490804EB101BE9080822
562F58F802DE0E4A0804EB101BF30808
2456A158EC02180F4B0804EB101BF808
0824569B58F502090F490804EB101BFC
080824569558EC020C0F4B0804EB101B
FE080824565F58F002100F4A0804EB10
1BFF080823569C58EB02110F490804EF
101B02090822567F58EB020B0F480804
EB101B08090822567958EF020B0F4808
04EB101B0C09082356CB58F5020F0F46
0804EF101B1409082256BC58EA02130F
470804EB101B1A090823569A58200319
0F470804EF101B1909082156B1582303
210F440804F7101B1F09082056485820
031F0F400804FB101B24090820567A58
1603210F400804FB101B2D0908205624
580D03020F3D0804FB101B3309081E56
37581203070F3B0804FB101B3509081E
56E3571903000F38080404111B370908
1D5637581103050F35080408111B3909
081E56DA57FB02FF0E3408040B111B38
09081D56A8570003030F33080408111B
3C09081F56A657F902000F3008040811
1B4009081F56A557FE02FB0E3108040C
111B4909081D56B557FC02FC0E2E0804
10111B5209081E567A5700033E0F2C08
0414111B5509081F56685707033D0F29
080410111B5509081F561057FB023E0F
2C080410111B5609081E56E65602033A
0F2808040C111B5809081F56EC560F03
CD0E28080410111B5709081D56E1560F
03CD0E27080414111B5A09081E56E656
1603D40E26080418111B6009081D56FF
561303CB0E2508041D111B6509081D56
5557FD02ED0E2208041D111B6709081D
562C57FE02EC0E25080414111B670908
1D56F256FC02EB0E2908040F111B6809
081D561E57FE02E90E2C080408111B6C
09081E565557FE02530F2E080408111B
7209081D56A45701034F0F3008040811
1B7509081E564057FF024D0F31080408
111B7D09081F562E57FC02520F330804
08111B8209081E562157F902530F3308
0408111B8209081D5657571A03EB0E36
080408111B8509081D562B571E03F10E
36080408111B8B09081D5634572003F0
0E37080404111B8E09081D5658571E03
EE0E380804FF101B970908205612570B
03010F37080404111B9909081E566B57
0F03010F3B0804FF101B9D09081E56A2
571703FE0E39080404111BA509081F56
EB571303FD0E3608040C111BAB09081F
5616580003E00E3208040F111BAE0908
1E560C58FF02E10E30080410111BB009
081E56C157FE02DE0E30080410111BB7
09081C5686570403D70E2E080414111B
BD09081D5613570E03220F2B08041811
1BC409081B5644571503200F2B080418
111BC809081B5617570F031E0F2D0804
08111BCC09081C5618571003230F3008
0408111BCF09081D56835706031C0F34
080404111BD509081D568A570D030C0F
3A0804FF101BDD09081B56AE570D030B
0F3D0804FB101BE409081A56A0570B03
140F430804EF101BE609081956E1570F
03100F4A0804E2101BEC09081956BE57
EF021D0F520804D6101BF109081956E9
57EA021D0F560804D6101BFA09081956
C557E8021E0F560804DF101B030A0818
569D57F4021E0F520804F3101B0B0A08
185692572003F30E4D0804F7101B100A
081756B8571D03ED0E4C0804F7101B10
0A08175696572403F10E490804F3101B
130A081856A6571D03F30E450804FB10
1B140A081956AF570003FF0E43080404
111B190A0818568F570403010F410804
FF101B1D0A0817567957FD02000F3F08
0404111B210A0817565C57FE02FA0E40
0804FF101B290A081756E156FC02F60E
410804F7101B300A0818560A57180320
0F430804F7101B3B0A081956EF562603
1E0F430804FB101B3F0A0819563E571F
031B0F440804FB101B490A0818564B57
1C031E0F420804FF101B500A08185676
570203110F450804FB101B570A081756
7D57FB02100F440804FB101B5B0A0818
564A57FC020F0F480804FB101B5E0A08
1956EA56F702090F4B0804EF101B640A
0818560A57F902220F520804E2101B6B
0A0818561D57FE02220F570804DA101B
700A0816561D57F902210F590804DE10
1B780A081656205708031D0F600804DA
101B7B0A08175607570603EE0E710804
AC101B7E0A0816567E570303F30E8108
048F101B810A0816565F57FF02F30E8E
08048B101B880A0816565957FD02F60E
8A0804A4101B920A081856C757FF02EF
0E820804B9101B990A08175609570003
110F830804B9101B990A081656FD5606
03100F870804A4101B9E0A0816564F57
04030E0F880804A4101BA60A08175660
570103060F8C08049A101BAB0A081756
5757F1020F0F9308048F101BAF0A0816
562157F5020F0F9B08047A101BB40A08
1556C156EE02100FA5080469101BBA0A
081656D756EA02120FAC080465101BC2
0A081756DB561A03110FB1080465101B
CB0A081756E0562403120FB408046E10
1BD50A081856D95622030F0FB608046E
101BDA0A081556E0561903110FB80804
61101BE00A081456FF56F302F10EC308
0444101BE70A081456FD56ED02F10ED0
08042F101BE90A0812560657F702F00E
D7080437101BEF0A0811561157E602F0
0ED9080437101BF80A0812567757E802
EE0EDD080437101BFE0A08135657570F
03130FE308042B101B070B0814566C57
0C030E0FFB0804EA0F1B0F0B0812568D
570603110F180904B20F1B150B081556
4A570B030F0F340904990F1B190B0816
568F57FE02940F4509048D0F1B200B08
1856B957FA029C0F570904840F1B220B
08165654570203A50F6C0904670F1B28
0B081656225701039A0F7C0904560F1B
300B08165677571003700F8E0904460F
1B360B0816566D570703670FA4090424
0F1B3F0B081656EB570D036B0FC10904
F70E1B460B081956F8571403690FDC09
04C90E1B4B0B081756F6571703AF0FF3
0904A80E1B500B08175625582203B20F
090A048A0E1B5B0B0818564B582603B2
0F1F0A04710E1B620B08165642582403
B40F340A046D0E1B6B0B081556AD5720
03AA0F510A043B0E1B700B0815565857
F902DE0F820A04BE0D1B770B08165640
57FD02DF0FC20A04520D1B7B0B081456
4A570103DC0FF30A04310D1B840B0813
561957F802DF0F160B04280D1B8B0B08
12562E5740032D103A0B04FB0C1B940B
0812560E5743032E105B0B04D50C1B9C
0B0811562F5741032F10790B04B40C1B
A20B081156055741032D10920B04930C
1BA60B081156095724036E10A80B047E
0C1BA80B08115675571E036B10B40B04
7A0C1BB40B0811564D5720037110C00B
04750C1BBD0B081256EC561E036D10C6
0B04710C1BC50B081156C3562B034D10
D00B04500C1BD20B081056D8562F0355
10EB0B04120C1BDB0B080F56B5562D03
5110FE0B04010C1BE40B080F56BB562B
0358100A0C04010C1BED0B081056C256
2E0353101B0C04D70B1BF60B080E56AA
562503FE0F3C0C04950B1BFC0B080F56
68562003FA0F730C04180B1B040C080E
56BC5623030010B00C04B00A1B0A0C08
0D5686561D03FC0FE80C04720A1B120C
080E56A85628037A101E0D04220A1B19
0C080D56D3562D037E106F0D0499091B
220C080C56DD5629037A10CE0D041909
1B2A0C080B56EA562D0377101D0E04AC
081B310C080B56FB5641033211750E04
ED071B3A0C080A561D573C033211F40E
0425071B410C080B5639574203361163
0F04B1061B490C080B56D3563C033611
C90F0452061B540C080C56ED56350392
121B10040B061B5B0C080D56DB562603
8A126A1004B4051B600C080E5614572B
039612D1100409051B670C080D56D356
2E03921259110404041B6C0C080E5660
5733039712E811042C031B750C080E56
8F576E03FB11661204EE021B800C080E
5659576D03EE11D11204C8021B860C08
0F5685576D03F4112A1304FD011B890C
0810560D576B03F4117B1304AE011B89
0C081056C85671037B13B513048D011B
890C080F56A4566C037F13E113046C01
1B880C080F56DB5668037D130314044F
011B880C080F56F0566D037A131A1404
32011B8A0C080F56E2565903AD122A14
042D011B880C080F56A6566203B31231
14042D011B8A0C080F5672566203B312
32140436011B890C080F56AC566203B3
1229140442011B890C080F5659566603
F1120614047C011B870C080F56745660
03F212DF1304CB011B8A0C080D563A56
6303F112B61304F5011B890C080D5636
565E03F4129613040E021B8B0C080D56
5C566203EC127F130405021B8A0C080E
5679566103AD1370130401021B8B0C08
0E5654565E03AC136313040E021B890C
080E5636566103AC1355130416021B8C
0C080F5620566103AF134513042B021B
8A0C08105603566503D0123813043B02
1B870C080E563B565E03D51230130422
021B890C080F56BE556203D712381304
05021B890C080F56E6556703D3123E13
04F9011B890C080F56CA5551035D123B
1304F9011B8A0C0810569C5551036512
38130401021B8A0C080F565B554E0358
1235130416021B890C080E562F554D03
68122E130412021B890C080E56555552
0390122113040E021B880C080F565955
4D0391121413041E021B8A0C080E567C
55540392120D13042B021B890C080D56
6155560398120F130412021B880C080C
5685554D0392121A1304F9011B8A0C08
0B56BD555603B01217130405021B8A0C
080C5609565103AE1207130433021B88
0C080C565D565803AE12EF12046D021B
890C080D564F564903AE12E512046D02
1B8B0C080D56E3555D037F11E1120461
021B890C080C56675558038811DD1204
50021B890C080C56EF545D038611D912
043B021B890C080A5648555C038911DA
12042B021B8A0C080B56F2543C03C211
E212041E021B890C080C56CA544203C5
11E812041A021B890C080A56E0543E03
C411ED12041A021B880C080B569B5440
03C611EA12041A021B890C080B56CB54
5D032311F41204FD011B870C080B5629
555E032111001304F0011B860C080B56
C9545C0320110E1304E4011B880C080A
56A45458032E111B1304CF011B8A0C08
0956935460032311211304D3011B890C
080856C05452037011251304CF011B86
0C080756E0544A036E11251304CB011B
840C080656D15454035811231304C301
1B820C080656DE544B036711201304C7
011B7D0C0806560D5535037A11191304
E0011B760C080656DA543E037F11FE12
042B021B710C080756ED5444038311E6
12043B021B6F0C080756F1543D038211
D2120454021B6E0C080456C654600300
12B6120479021B700C0806560C555E03
FF11921204A7021B6A0C080456265565
03FB116F1204DD021B5B0C0804562A55
60030312571204E9021B4B0C08035667
555F0315124B1204E1021B3B0C080456
2D555D0310123F1204E9021B300C0805
5683555E0311122712041B031B260C08
0656465559031012FF11046E031B210C
0806566F5569031412D01104B9031B20
0C08055660555303D011B21104C6031B
210C0805567E554903D6119B1104C603
1B210C0806564B555303D411971104B5
031B180C08055645554F03CE11A31104
7B031B080C0804569E552B032911B311
0462031BEF0B080256965535032311C2
110455031BDF0B08015691552F032411
CE11044D031BD60B0802567655260326
11BC11048B031BD10B08005690551E03
72106C11045B041BCD0B08015679551B
036D10D9100497051BC90B0801564E55
22036D103610047F061BBE0B0801568A
551F037010A30F042E071BAA0B08FF55
905530039A10340F0476071B900B08FE
55675528039410E30E0489071B7C0B08
FD5569552B039410A90E04B3071B740B
08FD55B65528039A10710E04FE071B70
0B08FD55A5552C039D102B0E0476081B
6D0B08FD55A85516032710CE0D042109
1B6E0B08FD5584551D032C106A0D04A6
091B660B08FC556D5524032D10100D04
0E0A1B520B08FB55A85528033110CD0C
042B0A1B390B08FB551D5642030B109D
0C04480A1B240B08FC553F5642030710
7E0C04610A1B190B08FC55115643030B
10630C04760A1B160B08FE551F564103
0B10430C04C10A1B100B08FD55F95526
03F30F130C04180B1B100B08FD550256
3003ED0FE00B04670B1B090B08FD55F8
553103EB0FAC0B04A50B1BF80A08FE55
FF552D03F40F7B0B04E00B1BDE0A08FC
5512561D03800F550B04010C1BC70A08
FD5508561F03740F3C0B04090C1BBD0A
08FD552C561D037C0F270B04220C1BB9
0A08FD5523562A03870F090B045C0C1B
B70A08FE55ED5522037E0FE00A04B40C
1BB70A08FE5518561403CE0FA70A0418
0D1BB00A08005610561103C50F760A04
560D1B9E0A080156C3551003D10F510A
04750D1B840A080056E6550B03CB0F35
0A04880D1B6C0A080156E1551203640F
240A04840D1B5D0A08015631560D0363
0F190A048C0D1B590A08FF551A561103
5A0F0B0A04AA0D1B540A08FF557D560C
03610FF10904F40D1B530A08FD559956
1303000FBC0904650E1B4E0A08FD55A6
561103000F7C0904DA0E1B370A08FE55
85560E03000F3F0904200F1B1E0A08FF
557B560903040F150904390F1B060A08
00563B561E03110FF90804390F1BF709
080056E55521030F0FED08042D0F1BF3
0908005645561C03100FE50804460F1B
F30908FE5545561D03090FD10804740F
1BF20908FE55445626030F0FBC080499
0F1BED0908FC5516561103CE0EA70804
A60F1BDA0908FB551A560903CE0EA108
04A10F1BBE0908FB55D7551103D30E9A
0804A20F1BA60908FA553A561A03CE0E
980804AE0F1B9A0908F9552E560203F4
0E920804C30F1B950908FA5531560003
EA0E890804D80F1B930908FA551056FA
02F50E7E0804EC0F1B930908FB55E755
0203ED0E770804F10F1B8B0908F955E9
55FE02FE0E6C0804F50F1B770908F955
01560003FE0E64080405101B5C0908F7
55FB550103F00E60080412101B440908
F655A355FF02FC0E5A080416101B3909
08F455E155F702260F58080423101B33
0908F255C055FF02220F5508042B101B
330908F355615508031C0F5108043310
1B310908F2556A5502031D0F4B080433
101B2C0908F355945501031C0F470804
3C101B140908F4555655EB02130F4408
0440101BFA0808F5558355EA020A0F40
080442101BE50808F5555855F302100F
4008044C101BDC0808F5558055EE020D
0F3E080448101BD70808F5557F550D03
ED0E3B080450101BD40808F5556C550B
03F40E3D080455101BD10808F4557C55
1003F20E3A080450101BC90808F45533
551203ED0E37080455101BB50808F455
39551203240F36080455101B9C0808F4
5524550D031C0F39080455101B850808
F45524550F03220F36080455101B7E08
08F5552D551103240F3608045D101B79
0808F55563550F031D0F35080469101B
780808F5553555F702230F3208046E10
1B760808F5555555FF021C0F31080465
101B6E0808F555A45402031F0F2E0804
72101B590808F55524540103200F2E08
0472101B3A0808F3552C540E03FC0E2D
080472101B220808F35546540E03010F
2D080476101B1A0808F35548540B03FC
0E2F080472101B160808F1551B540D03
030F2C08047A101B120808F1551254FC
02DE0E2A08047A101B0F0808F1553254
FA02E60E2908047A101B080808F155F5
530203DE0E2908047E101BF50708F055
0354FE02DE0E2808047A101BDD0708F0
5554540C03CE0E2708047A101BC80708
F1554E540F03D30E2708047E101BBF07
08F1552A540B03CB0E25080482101BB9
0708F05584540C03D40E25080482101B
B50708F05564540C03020F2208048B10
1BB40708EF557D5404030F0F1E08048F
101BAF0708EF555554FC020D0F1F0804
8F101B9C0708EF558A540403130F2008
048A101B7F0708EF55915403030F0F1C
08048B101B680708EE558054FC02EC0E
1B08048F101B600708F055A0540403E9
0E19080493101B5C0708F055D5540203
ED0E1808049B101B5C0708EF55AF54FD
02EE0E170804A0101B580708F155CC54
0C03EF0E1508049B101B500708EF55C6
540C03ED0E14080497101B3A0708EF55
D6540803F90E13080497101B1D0708EF
55C6541303ED0E1308049B101B090708
EE55D054FE02C00E1108049B101B0307
08EF558A54FE02BE0E11080497101B03
0708F0558554F702BF0E100804A8101B
010708F155CF540603C20E0F0804B010
1BFF0608EF556354FC02D30E0D0804B0
101BFB0608EE558A54E602EA0E0E0804
AC101BE40608EE559B54F102F20E0D08
04A7101BC50608ED55EF53ED02ED0E0D
0804A4101BAD0608ED558D54EB02F00E
0D0804A8101BA20608EB556C54110323
0F0B0804A8101B9D0608EB5529541003
1F0F0C0804B0101B980608EC5542540E
03200F090804B0101B960608E9555154
0C03260F060804B0101B950608EA5520
540003E50E050804B4101B860608EA55
26540803E00E020804BD101B6E0608EC
554E540003DC0EFB0704C5101B540608
EB557054FE02E20EF70704C9101B4606
08EB558C54F102170FF50704C9101B41
0608E9558C54EB02250FF30704D2101B
3E0608E855A254EC021D0FEF0704DE10
1B3C0608E8558354EC02240FEA0704E2
101B390608E8558054EC021C0FE50704
DF101B340608E7556F54F302D80EE307
04E6101B220608E8557B540803E80EDF
0704E2101B070608E8554A540603E20E
DF0704E2101BEF0508E9552454FC02E0
0EDD0704EB101BE10508E8552154E602
E30EDB0704EB101BE20508E8554A54DD
02DC0ED70704F3101BDC0508E9551254
D802D70ED40704FF101BDB0508E955E3
53E402E40ECC070410111BDB0508E955
DC53ED02C00EC6070410111BD60508E7
558F53E902C00EC407040C111BBF0508
E8558353EF02BC0EC407040C111BA205
08E6558A53EB02C00EC207040C111B8C
0508E855B153E8022D10C007040C111B
860508E855CA53F4022E10BE07041411
1B860508E855A253EF022B10B807042B
111B830508E855B753ED022710B30704
31111B810508E8558453EB023310AA07
0436111B7C0508E8556B53E802FB0EA4
07043A111B680508E9557453ED02030F
9F07043E111B4D0508E8558453ED02FB
0E9C070442111B380508E8558253EF02
F80E9B070446111B2C0508E9554253E8
02F40E9707044F111B280508E9554753
F302E60E93070457111B230508E9555A
53F102EB0E8A07046C111B230508E955
3E53F502EF0E7F070478111B230508EA
550D53FE02EF0E73070481111B1B0508
E8551753F902F00E6D070485111B0505
08E8554553FD02EB0E68070481111BEC
0408E75518530003EB0E67070485111B
D50408E8551653D802CD0E6507048311
1BCD0408E8551A53DD02CD0E62070485
111BCA0408E755D852DD02CD0E600704
91111BC80408E8550E53DD02D10E5307
04A6111BC70408E8550A53E002CB0E49
0704BF111BC40408E7552753F002CF0E
3F0704C8111BB60408E955DE52F102D1
0E360704C3111B9B0408EA55CA52F602
D00E310704BF111B820408E855BF52E5
02D30E2F0704C3111B780408E755DA52
0103DF0E2B0704C8111B750408E75504
53F902DD0E220704D4111B750408E755
1C53FA02DC0E0D07040A121B710408E6
5533530503E20EF3060440121B710408
E7552353D7021C0FE0060440121B6F04
08E7550253CE021C0FD606043C121B69
0408E655D352D0021A0FCC060443121B
610408E655C852D302150FC506044912
1B590408E855A452CF02D30EC2060440
121B4E0408E855A452C802CE0EC10604
40121B440408E755E052CF02CB0EBE06
043C121B390408E755D253D102D20EB9
060449121B2B0408E755A056D102D10E
B5060459121B1F0408E6559957F302D3
0EB1060459121B140408E555A756E602
CD0EA2060472121B110408E555CF55EF
02CF0E93060498121B110408E555E154
ED02CB0E810604A9121B120408E4555E
54DB02DA0E710604B9121B150408E455
F953DB02E00E600604D2121B170408E3
559F53E002E00E530604C8121B180408
E2557653E402E00E4E0604B5121B1B04
08E2551C53EA02D80E4D0604AD121B1E
0408E3554253F302CD0E460604B1121B
200408E2554053EF02CD0E390604DB12
1B230408E055FE52EF02D00E16060426
131B220408DF55FC52C102A30EF50504
5C131B210408DE553053BD02A20EDF05
0460131B230408DD550853BB02A40ECC
050471131B230408DD550253BC029A0E
BF050479131B200408DE552D53BD029E
0EB6050479131B1C0408DF553653D202
FB0EB105047D131B170408DF55A953D2
02FC0EAB050486131B140408DF558453
CF02080FA9050486131B170408DF5576
53CA02040FA805048C131B160408E055
6153F102B30E9E0504AF131B130408E0
556053E902B20E840504F6131B100408
E1556B53ED02A70E5F050435141B0F04
08E0552453F002AD0E42050456141B0E
0408E1553053EC02A00E34050456141B
110408E1553453E902A20E2A05046714
1B0E0408E255F752E802A20E1D050478
141B100408E1551C53F2029E0E110504
88141B0D0408E255CA52DC02120F0A05
0491141B0D0408E3557953E0020D0F0C
05048C141B0C0408E3556953DD020B0F
1205047C141B0E0408E2557553E40211
0F12050485141B0D0408E0556153DB02
0F0F19050488141B090408E0554153D3
02A20E1E050480141B030408DF555053
D302A40E2105047C141BFE0308DF5598
53CF029F0E1F05048C141BF90308DE55
AC53CF02A10E1B05048C141BF30308DE
55D6538B03C31A1C050495141BEE0308
DE555B548F03C01A19050499141BE703
08DE550C548503BB1A160504A6141BE3
0308DE551C548B03C01A0E0504B6141B
E20308DD5559541704C2270A05044498
19E30308DC55E6541D04CF27170504C5
1712E10308DC5517551E04C7272D0504
0F560EE20308DD55B1541F04C8274805
04F6E60EE10308DD55E054A302010767
0504DBD70EE40308DC552955A402FE06
83050456A10FE20308DB551256A20207
07A105042FD90EE40308DB55A956A102
0207B30504EBF90DE20308DC558B579D
020007C3050479540DE20308DC550859
A002BE03CE050467DC0DE50308DB557B
5AAD02C003D60504F84D0EE30308DA55
A659A902C303EC0504614F0EE40308D9
554C5CA802BD03</Data>

   <DataCRC>11a37ef3</DataCRC>

   <BytesSent>16983</BytesSent>

</SBEDataUpload>
</InstrumentRawData>
</SBEDataUploadFile>
