<?xml version="1.0"?>
<!-- SCPlusV2_RS232 -->
<SBEDataUploadFile>
<ApplicationData>
<Seaterm232>
<SoftwareVersion>2.6.3.104</SoftwareVersion>
<BuildDate>30-Jun-2017</BuildDate>
</Seaterm232>
</ApplicationData>
<InstrumentState>
<HardwareData DeviceType='SBE19plus' SerialNumber='01906740'>

   <Manufacturer>Sea-Bird Electronics, Inc.</Manufacturer>

   <FirmwareVersion>2.2d</FirmwareVersion>

   <FirmwareDate>9 February 2011 08:30</FirmwareDate>

   <CommandSetVersion>1.1</CommandSetVersion>

   <PCBAssembly PCBSerialNum='25307' AssemblyNum='41054G'/>

   <PCBAssembly PCBSerialNum='25737' AssemblyNum='41580B'/>

   <PCBAssembly PCBSerialNum='24669' AssemblyNum='41606'/>

   <PCBAssembly PCBSerialNum='24372' AssemblyNum='41059D'/>

   <MfgDate>  08 DEC 2010</MfgDate>

   <InternalSensors>

      <Sensor id='Main Temperature'>

         <type>temperature0</type>

         <SerialNumber>01906740</SerialNumber>

      </Sensor>

      <Sensor id='Main Conductivity'>

         <type>conductivity-0</type>

         <SerialNumber>01906740</SerialNumber>

      </Sensor>

      <Sensor id='Main Pressure'>

         <type>strain-0</type>

         <SerialNumber>3220369</SerialNumber>

      </Sensor>

   </InternalSensors>

   <ExternalSensors>

      <Sensor id='volt 0'>

         <type>SBE 43 OXY</type>

         <SerialNumber>432005</SerialNumber>

      </Sensor>

      <Sensor id='volt 1'>

         <type>not assigned</type>

         <SerialNumber>not assigned</SerialNumber>

      </Sensor>

      <Sensor id='volt 2'>

         <type>ECO-FLNTURT CHL</type>

         <SerialNumber>FLNTURTD-2025</SerialNumber>

      </Sensor>

      <Sensor id='volt 3'>

         <type>ECO-FLNTURT TURB</type>

         <SerialNumber>FLNTURTD-2025</SerialNumber>

      </Sensor>

      <Sensor id='volt 4'>

         <type>not assigned</type>

         <SerialNumber>not assigned</SerialNumber>

      </Sensor>

      <Sensor id='volt 5'>

         <type>not assigned</type>

         <SerialNumber>not assigned</SerialNumber>

      </Sensor>

   </ExternalSensors>

</HardwareData>
<StatusData DeviceType='SBE19plus' SerialNumber='01906740'>

   <DateTime>2018-11-26T19:37:10</DateTime>

   <LoggingState>not logging</LoggingState>

   <EventSummary numEvents='241'/>

   <Power>

      <vMain>12.4</vMain>

      <vLith>5.3</vLith>

      <iMain>61.4</iMain>

      <iPump>156.8</iPump>

      <iExt01> 4.2</iExt01>

      <iExt2345>18.2</iExt2345>

   </Power>

   <MemorySummary>

      <Bytes>1110270</Bytes>

      <Samples>65310</Samples>

      <SamplesFree>3805169</SamplesFree>

      <SampleLength>17</SampleLength>

      <Profiles>71</Profiles>

   </MemorySummary>

</StatusData>
<ConfigurationData DeviceType='SBE19plus' SerialNumber='01906740'>

   <ProfileMode>

      <ScansToAverage>1</ScansToAverage>

      <MinimumCondFreq>3226</MinimumCondFreq>

      <PumpDelay>60</PumpDelay>

      <AutoRun>no</AutoRun>

      <IgnoreSwitch>no</IgnoreSwitch>

   </ProfileMode>

   <Battery>

      <Type>alkaline</Type>

      <CutOff>7.5</CutOff>

   </Battery>

   <DataChannels>

      <ExtVolt0>yes</ExtVolt0>

      <ExtVolt1>no</ExtVolt1>

      <ExtVolt2>yes</ExtVolt2>

      <ExtVolt3>yes</ExtVolt3>

      <ExtVolt4>no</ExtVolt4>

      <ExtVolt5>no</ExtVolt5>

      <SBE38>no</SBE38>

      <OPTODE>no</OPTODE>

      <GTD>no</GTD>

   </DataChannels>

   <EchoCharacters>yes</EchoCharacters>

   <OutputExecutedTag>yes</OutputExecutedTag>

   <OutputFormat>raw HEX</OutputFormat>

</ConfigurationData>
<CalibrationCoefficients DeviceType='SBE19plus' SerialNumber='01906740'>

   <Calibration format='TEMP1' id='Main Temperature'>

      <SerialNum>01906740</SerialNum>

      <CalDate>07-Jan-11 </CalDate>

      <TA0>1.255288e-03</TA0>

      <TA1>2.593288e-04</TA1>

      <TA2>-2.376104e-07</TA2>

      <TA3>1.449298e-07</TA3>

      <TOFFSET>0.000000e+00</TOFFSET>

   </Calibration>

   <Calibration format='WBCOND0' id='Main Conductivity'>

      <SerialNum>01906740</SerialNum>

      <CalDate>07-Jan-11</CalDate>

      <G>-1.033008e+00</G>

      <H>1.393941e-01</H>

      <I>-2.175401e-04</I>

      <J>3.475757e-05</J>

      <CPCOR>-9.570000e-08</CPCOR>

      <CTCOR>3.250000e-06</CTCOR>

      <CSLOPE>1.000000e+00</CSLOPE>

   </Calibration>

   <Calibration format='STRAIN0' id='Main Pressure'>

      <SerialNum>3220369</SerialNum>

      <CalDate>21-Dec-10</CalDate>

      <PA0>8.222195e-01</PA0>

      <PA1>1.566037e-02</PA1>

      <PA2>-6.194425e-10</PA2>

      <PTCA0>5.244452e+05</PTCA0>

      <PTCA1>4.417653e+00</PTCA1>

      <PTCA2>-9.798927e-02</PTCA2>

      <PTCB0>2.510725e+01</PTCB0>

      <PTCB1>-1.150000e-03</PTCB1>

      <PTCB2>0.000000e+00</PTCB2>

      <PTEMPA0>-5.917147e+01</PTEMPA0>

      <PTEMPA1>5.387460e+01</PTEMPA1>

      <PTEMPA2>-2.653169e-01</PTEMPA2>

      <POFFSET>0.000000e+00</POFFSET>

      <PRANGE>5.076000e+03</PRANGE>

   </Calibration>

   <Calibration format='VOLT0' id='Volt 0'>

      <OFFSET>-4.687158e-02</OFFSET>

      <SLOPE>1.247988e+00</SLOPE>

   </Calibration>

   <Calibration format='VOLT0' id='Volt 1'>

      <OFFSET>-4.719579e-02</OFFSET>

      <SLOPE>1.248132e+00</SLOPE>

   </Calibration>

   <Calibration format='VOLT0' id='Volt 2'>

      <OFFSET>-4.684526e-02</OFFSET>

      <SLOPE>1.248324e+00</SLOPE>

   </Calibration>

   <Calibration format='VOLT0' id='Volt 3'>

      <OFFSET>-4.678105e-02</OFFSET>

      <SLOPE>1.247145e+00</SLOPE>

   </Calibration>

   <Calibration format='VOLT0' id='Volt 4'>

      <OFFSET>-4.669684e-02</OFFSET>

      <SLOPE>1.248307e+00</SLOPE>

   </Calibration>

   <Calibration format='VOLT0' id='Volt 5'>

      <OFFSET>-4.709579e-02</OFFSET>

      <SLOPE>1.247697e+00</SLOPE>

   </Calibration>

   <Calibration format='FREQ0' id='external frequency channel'>

      <EXTFREQSF>9.999977e-01</EXTFREQSF>

   </Calibration>

</CalibrationCoefficients>
<EventCounters DeviceType='SBE19plus' SerialNumber='01906740'>

   <EventSummary numEvents='241'/>

   <Event type='ErrorFLASHUncorrectableError' count='241'/>

</EventCounters></InstrumentState>
<Headers>

cast  62 25 Nov 2018 12:27:44 samples 59940 to 60366, avg = 1, stop = mag switch

</Headers><InstrumentRawData>
<SBEDataUpload startAddr='1018963'>

   <Type>1</Type>

   <DataFormat>SEACATPLUS0</DataFormat>

   <Bytes>7259</Bytes>

   <Data>
D1550376E716ED0308BF57A15B1D022C
031B83030B1D19FB0308C057085F1A02
2A03E4A20351A613030408BE57025D1D
022C03DAB003D9A412070408BD570760
18022A0382B0036992140A0408BD57F1
63B40D8B0E75AE0347B30E0D0408BD57
F164B60D860EDDA8035970150E0408BD
57BA61B10D860EADA103580D16100408
BC57685FB50D920ECBA003B3B8141504
08BD571D5DFE02450D6EA203AC261820
0408BC572D5CFA02370D89A403F11918
250408BC579B5B0203360D2AA703F470
18250408BC57EB5AFF023B0D0EAB031D
EB18270408BE577E5A9802A60DAEB303
474F19260408BE57155A9A02A70DF6BD
03F0B519290408BD57E659A202A60D6F
C703490E1A280408BE5782599902AB0D
F0CF039D681A270408BE5748599002AD
0DC0D70396AF1A270408BE571959F902
CF0DCEDE03A3CF1A290408BF57F058F5
02D40DC6E40306DC1A2A0408C157EA58
F502CD0D35E903C6EA1A2D0408C157CE
58FE02C70D70EC03D0FE1A2E0408C257
BB589B02940DECEE03CC071B320408C1
57A55897028D0D97F003CB0D1B340408
C357AB589D028F0DC0F1034D141B3504
08C35787589C02940D8FF203E6191B33
0408C55775589802D50D52F303031F1B
360408C55759589D02D90D21F403CF20
1B330408C45791589B02CB0DB8F4036C
261B330408C3578158A002C60D09F503
462B1B310408C25790588802CC0D3BF5
03962B1B310408C357A1588402CD0D49
F503872C1B2F0408C357BD589002D10D
EEF403862D1B320408C357CA588702CF
0D97F403682D1B310408C357D8588B02
C80D8DF403BD2D1B310408C457BF58DE
02F90DA7F403C12D1B340408C3572F59
DE02000EADF403262E1B340408C25780
58E202F90D84F403F62E1B340408C257
AC57E402ED0D50F403F0301B360408C2
574157C702750D24F403FE321B380408
C257FD56CA02830D2DF403BC331B3704
08C0573957D1027E0D67F403D9331B36
0408C0574657CE027E0DD4F4038A341B
360408C0575A57DF02AD0D83F5038634
1B330408C057DA57DD02A80D77F603A4
351B350408C0570858DA02A80D8FF703
BA361B350408C1573458E102AE0D7EF8
03E0371B330408C1576158C402A70D1E
F9039F381B320408C157D258C802A10D
9DF903A3381B310408C1572159CA029B
0DF8F90360381B320408C1576559CC02
9B0D45FA0391371B350408C1576E59CC
02A60D70FA03C4371B340408C0577959
F902A00D4CFA0342381B380408C0578E
59FD02A80D22FA0300391B3A0408C157
85590203A80D20FA03D43A1B3B0408C2
573D59FE02AF0D44FA03C53C1B3A0408
C2572A59E002C00D89FA03003F1B3C04
08C357EB58D502BF0DEEFA0318411B3A
0408C257FE58DE02B70D6DFB034A431B
380408C257C458DF02BA0DD8FB03C944
1B370408C357D4580103C80D1FFC0374
451B360408C457AC580503D10D67FC03
C3441B350408C4576A58FB02C80DB5FC
0355421B370408C3576058FB02CD0D1E
FD036F3F1B370408C4573C588A02D50D
A8FD039A3E1B370408C35734588402D0
0D0BFE03723F1B360408C4572B588502
C40D3CFE03A03F1B370408C457EB5791
02C20D58FE03843E1B390408C557EA57
8A02C70D78FE034A3E1B390408C557EF
57B302F40D77FE03BE3F1B390408C557
9C57B502010E4DFE0391401B380408C4
578B57BE02040E36FE0302401B370408
C5577B57B902FF0D25FE030B431B3604
08C5574A570D03A90DF1FD03D2411B35
0408C65739570C03B10DC6FD03DC421B
360408C7572A570F03AA0DC8FD03B841
1B370408C657EE561503AF0DDDFD0345
401B360408C7572E57D702B70DE9FD03
06401B3B0408C7573957D002BF0DE5FD
03B93F1B3B0408C7572C57CC02BB0DEE
FD03063F1B3B0408C7575457CF02BC0D
FFFD03AB3E1B3C0408C7573B579B02FE
0D09FE03F33E1B3D0408C6574E579002
F90D0CFE03113F1B3C0408C657595799
02F90D10FE035B3E1B3C0408C7574957
8E02FB0D10FE03A53D1B3B0408C7579A
579F02FC0D08FE03DC3D1B380408C757
6F57CF02F10DFAFD03023E1B3A0408C8
576457C802EE0DF9FD03573E1B3A0408
C8576A57C302EF0DF7FD0306401B3D04
08C8578157CB02ED0DE9FD0360411B3A
0408C7577A57F002BF0DC6FD03B2421B
3B0408C8579857EB02C60DACFD03CD43
1B3A0408C857E257EA02C00DB0FD032A
441B3B0408C757BF57F202C50DC3FD03
B4431B3B0408C857CE57CC02B00DDDFD
03A7431B3C0408C857D857CA02CD0DF3
FD03C9431B3B0408C957A657C702BE0D
08FE03BD431B3B0408C9579557CA02C1
0D27FE0344441B390408CA57C957DE02
C90D46FE036A441B390408CA57DA57DE
02C40D59FE0399451B390408CB57C057
E402B10D62FE037F461B390408CC57B2
57D402C00D6EFE03A3471B3A0408CC57
A457DD02B40D83FE03E3481B3A0408CD
57A157E602A70D9FFE03014A1B3C0408
CD57A257EC029E0DBDFE03BF4A1B3A04
08CD57A257E802AD0DDDFE032A4D1B38
0408CD57A857F002A00DF1FE03D1501B
3B0408CE57BE57AD02CF0DD6FE033551
1B390408CE578957AE02C90DB1FE0365
501B390408CF578F57B102C90DA9FE03
C74E1B390408CF577557AE02D10DC6FE
03DE4C1B390408CF577557EA02780DFD
FE03A1501B3A0408D0573657E202780D
0BFF03CA591B3B0408D0573B57EF0281
0DDEFE03745D1B3A0408D0573C57EB02
7C0DACFE031B5C1B3B0408CF573657DA
02D40D8AFE0389571B3D0408D0572057
E002D10D79FE0315581B3C0408D05717
57DA02CA0D6CFE038D5E1B3C0408D057
DB56D502CD0D3CFE034C631B3D0408D0
57C156E402C20D02FE03FF631B3D0408
D057B656DB027E0DC9FD03D05E1B3D04
08D157BC56DF02770DA2FD03755A1B3B
0408D157E756D702780D9DFD03E85B1B
3D0408D157B756DB027E0D9CFD03B060
1B3C0408D157B256D502DC0D74FD0384
641B3B0408D157B556DB02E80D24FD03
C0651B3C0408D157A056D802CE0DC6FC
033D681B3D0408D1579E56D702E00D6B
FC03DF691B3B0408D0578856BF02CF0D
14FC036F6B1B3A0408D157A456BD02C4
0DC4FB03936B1B3C0408D157BF56B802
D50D79FB035D6C1B3B0408D1578A56C5
02D20D2BFB03D06C1B3C0408D1579B56
9502AD0DE0FA03DF691B3E0408D05799
569302B70DA2FA039A661B3B0408D057
9856A802B90D89FA032B671B3D0408D0
578B569702B90D7EFA03E2671B3D0408
D0579D569502A30D6DFA03536A1B3C04
08D057A856B502C80D48FA03726C1B3D
0408D057BF56B902B90D12FA03756D1B
3E0408D157C156C202C20DD4F9030A70
1B3F0408D257AF56BB02CB0D95F903B1
6F1B3F0408D257C856EF02D20D57F903
B06F1B3D0408D157D556E302E20D1DF9
0328711B3A0408D157E056E302D30DE2
F803D1721B3C0408D157F956EF02CE0D
A9F8030E741B3F0408D257F156DB02C1
0D77F8033B751B3D0408D257F956DB02
B30D4DF8030D761B3E0408D257F756DC
02B10D25F8031E761B400408D1570157
DB02B70D02F80384751B3D0408D2570F
57BB02B70DD3F70354741B3F0408D257
0157C602C70D9EF703A0741B3F0408D2
571A57BD02BD0D6DF70385751B3F0408
D2570857C202B90D42F703BD761B3E04
08D257F556B502B10D18F703EC771B41
0408D25704570003B50DF4F60348781B
3E0408D2570B57F902B50DD2F6035B79
1B3D0408D257EA56F302AA0DB6F603C1
791B3D0408D257E356F602AD0D9DF603
217A1B3F0408D257D556BB02BD0D82F6
030F7A1B3F0408D257CD56BB02B10D63
F603B0791B400408D357AE56B202B70D
3BF603A1791B410408D357CB56B902C9
0D11F60356791B420408D457D756A702
E80DE7F503FC791B400408D457B756AA
02E40DBFF503657A1B420408D457B056
A802EC0D9AF50347791B410408D557A6
56B002D20D75F50393771B420408D557
AC56DB02C20D53F503CB761B3F0408D6
57A956E602C20D38F503BE771B3E0408
D6579456DB02BF0D23F503197A1B3F04
08D657A856DA02CE0D06F503197B1B3E
0408D6579F56E002B30DEBF403897C1B
3E0408D7578256CE02FD0DD1F4032E7D
1B400408D7579856C802FE0DBBF40309
7E1B400408D8576E56CA02F20DB1F403
287C1B420408D8577456C602FC0DA5F4
0337751B450408D8579756CE02A20DA6
F40330731B480408D857BE57C6029D0D
D2F40333731B4A0408D8572857C4029B
0DF2F4038A731B4C0408D857C356BF02
9F0DECF40374731B4C0408D857B656C4
02A60DD8F403A8711B4C0408D857A756
B402A00DC9F403266E1B4F0408D857CA
56C402990DE9F40385691B4E0408D857
A856C102A00D53F503EF641B530408D8
578F56AF02C40D21F603FB641B540408
D8579556B902BB0DD8F6033A5F1B5804
08D857BF56AE02B30DCBF7035F5C1B5B
0408D8572657BF02B10DEBF8030F5E1B
5D0408D7572B57B202C00D88F903CC60
1B610408D757DB56AC02080EB2F903D1
601B630408D757AC56AE020D0EC3F903
12611B650408D857E456AC020F0EF6F9
03AB5E1B640408D8579F56A6021E0E5D
FA03675D1B660408D857A156BD02CA0D
DFFA03D85C1B640408D8579E56BA02C2
0D68FB03D75B1B680408D9572A57AD02
CA0DE8FB03635B1B6C0408D9570F57B1
02D00D64FC03E4591B6B0408D957F856
D902D00DE7FC034B591B6D0408D857E8
56E002E40D5CFD0369571B6E0408D857
DF56D002D10DD3FD0395571B720408D9
57D556DA02DD0D2FFE0351571B760408
D957FD56FD02B20D79FE0350571B7804
08DA570657FC02B70DA8FE031F561B7B
0408DA571557F502BD0DD8FE037C561B
7C0408DA57E456FB02C60DFCFE03D055
1B7E0408DA57F5560203C30D1CFF0336
541B810408DA572857D102BE0D4CFF03
E7521B840408DA572457D202C40D82FF
03E4521B860408DA57F356CA02C00DB1
FF037C521B870408DA57F456CF02C00D
C9FF03F0511B890408DA57C956E002A1
0DE9FF0399511B880408DB57C656DC02
A40D0B00048F511B870408DA57C156E8
029C0D2E000497511B880408DA57D256
DF029B0D54000471511B890408DB57A8
56E302C00D7900040F511B8A0408DB57
B656EA02BA0DA40004DB511B8A0408DA
57CA56F302C20DCF000492521B8A0408
DB57C856ED02C20DEA000467531B8904
08DB57D056D902AB0DF200048C531B89
0408DB57D956D702A90DF700042E541B
850408DB57F556D502B30DF800040E54
1B830408DB57F956E402B10DF8000422
531B7D0408DC57E256D702AD0D080104
F0511B780408DD57F056D302070E2901
04A74F1B790408DD57D056E502110E67
01049C4B1B7C0408DD57C956DA02050E
CC010457451B7F0408DD57E456E00204
0E62020406421B830408DD57DA56CC02
B30DF00204613F1B870408DE57E256C7
02B70D7E0304E93D1B8D0408DD57DD56
D102A40D0F0404ED3D1B8B0408DD57D0
56CF02B30D8B0404BD3E1B8A0408DD57
E056CE02C70DE10404043F1B860408DD
57F356D902C90D2205042E3F1B870408
DD57F056DE02C30D640504A73E1B8404
08DD570257DD02CD0DC00504E23C1B82
0408DD570757B9028B0D510604AE3A1B
830408DE570F57B4028A0DEC0604D339
1B820408DE571257B702960D61070421
391B870408DD572F57B702950DC30704
9B341B890408DD575357BA027E0D4B08
04BD311B8D0408DD576A57E202B30DCA
0804C52C1B930408DD571658DB02CA0D
5409047D271B9A0408DD57DA59D902B5
0DE70904111D1BA40408DD57845AD502
B00D7E0A04B1151BAA0408DE57925AC7
02D60DF50A0438121BB50408DF57C95A
CC02CC0DC90B0412101BBB0408DF57B8
5BD702C40DFE0C043B0E1BC40408E057
245CCB02DC0D190E044C0C1BC70408E0
57A65BE402F00D290F04670B1BCE0408
E157AC5BDE02E00D4710043E091BCF04
08E0578F5AE802D90D391104AC081BD4
0408E0578B5AD002D50DDE1104A2071B
D80408E057135BC802E00D561204B906
1BDE0408E057845BD602EF0DA9120439
061BE70408E157EF5BCA02E70DF11204
03061BEF0408E157395CCC02ED0D2413
04D5051BF70408E1579F5BCF02E60D49
1304C0051BFC0408E1576A5BC002FC0D
6E1304EE051B000508E157885BC00207
0EA5130469051B040508E157C05CC402
FC0DD1130453041B0C0508E0570C5DC7
020A0EEB130414041B170508E1574D5D
EF020D0E02140408041B210508E1576F
5EE502170E141404C1031B2B0508E157
815EEA020B0E2F14045A031B370508E1
574E5EEB02100E4E140487031B3E0508
E157EF5DCF02850E5C140430031B4105
08E257F35CD1027C0E63140455031B41
0508E257735CCC02780E5F14047B031B
420508E2570E5CCB02820E6014046E03
1B460508E157CA5BD502370E6514047B
031B460508E257955BC502370E6E1404
4D031B470508E2576E5BCC022F0E7214
0451031B460508E157385BD802310E70
14046E031B460508E257125BCC022B0E
7614045E031B460508E257CB5AED02DA
0D7C14041F031B470508E257985AED02
D90D7D14040B031B450508E257835AF3
02D50D7814040F031B450508E2575B5A
E102D90D6A14041B031B480508E2573C
5AE202BE0D5B140455031B4A0508E257
215AE802B60D49140434031B4E0508E2
57E659EE02B10D4414041B031B500508
E157B859F402C00D3E1404F2021B5605
08E157155AF502BB0D3E1404AF021B5B
0508E057E459F602C00D48140458021B
640508E157CD590203B70D5214042202
1B6D0508E2576F5AFC02CA0D561404E4
011B780508E257E15B0103480E591404
BF011B850508E257795CF5023E0E5E14
04A6011B910508E257BD5CFE02430E67
1404BF011B980508E257A75CF502350E
74140429011BA10508E157185CFD022F
0E7E140415011BAD0508E1573D5CD302
370E75140429011BB50508E157715CC4
023E0E6A140429011BC00508E257E85C
CB02420E621404EF001BC90508E25791
5CC002400E6014040C011BD60508E257
CF5CE302790E551404EF001BE30508E2
57335CD5027E0E4D1404E7001BEC0508
E3576B5CD202800E481404EF001BF905
08E357895CDB02700E441404E7001B03
0608E457495CE6025A0E3C1404E7001B
0E0608E457945CEC026D0E3414040001
1B1A0608E4577F5CE8025F0E2F140442
011B220608E457CD5CEE02560E2A1404
DF001B220608E357075BF302930F2C14
0436011B240608E457A85AE002920F18
140415011B240608E457F659EC02930F
0614043A011B230608E5578959E702AB
0FFB130468011B240608E5576559F202
960FF5130463011B230608E5570959FC
02AB0FEE130478011B220608E5570C59
F502B50FEB130480011B210608E557B8
58F702B00FED130480011B210608E557
88580803A90FEF130489011B220608E5
577158F2020D10E9130495011B210608
E5578C58E6021910E71304BF011B2106
08E5578C59EA020F10EC13041D011B21
0608E5572D59EA021C10F21304EB001B
210608E5579E58F702B20FEE1304DF00
1B220608E5573F58FE02A50FE91304EF
001B220608E55702580203AF0FE41304
04011B240608E557DE5700039B0FE313
0425011B230608E557BE57E002B70FE3
130425011B230608E557B557D502BA0F
E8130419011B230608E4579157CF02B5
0FF9130404011B230608E4577557D102
B70F061404EB001B220608E457D657D7
02B00F131404CE001B220608E457AB57
E802D90F1E1404E3001B1E0608E45758
57F702DF0F251404AD001B0E0608E457
3F57EF02DA0F261404AD001BFF0508E4
572C57E402DE0F211404CA001BFB0508
E4573357E002090F0B140419011BF905
08E4572C57DB02040FE613044F011BF3
0508E4573057DB02020FD513042D011B
EB0508E4571D57E002F20EEB1304D200
1BE70508E4572C57FD02A20E051404A0
001BE60508E45746570003A60E1B1404
83001BE20508E457445700039D0E2D14
0483001BDD0508E4573B57ED02A70E40
14046B001BD60508E3574657D502C40E
4A140456001BD50508E4573F57B702CB
0E4C14042C001BD40508E4573257C802
B10E55140430001BCF0508E4572F57BD
02C70E65140418001BC50508E4573657
B102BE0E7314040B001BC00508E45758
57BB02820E7D140403001BBF0508E457
5357BF02800E7A14040B001BC00508E4
575E57B2027A0E7B1404FBFF1AB20508
E4574157C802820E801404E6FF1AAE05
08E4572D5701033A0E891404DEFF1AAA
0508E4573157FD02400E901404DEFF1A
A50508E4572E570103460E971404C0FF
1A990508E457245701033E0E9E1404B4
FF1A8F0508E4574357F0029C0EA41404
97FF1A8C0508E4571657F0028D0EA814
049FFF1A860508E45749570203A00EA1
1404A3FF1A780508E5572557F7029A0E
981404B4FF1A6F0508E4573157F50242
0E931404A3FF1A700508E4571A57C502
4B0E921404ACFF1A680508E4573157BA
02460E9514049FFF1A5C0508E4570657
C2024D0E9B140497FF1A580508E457FF
56BC02510EA114047EFF1A530508E457
1D57F102310EA5140482FF1A4D0508E4
57FE56EF022F0EA414047AFF1A3F0508
E457FB56ED02330EA5140461FF1A3A05
08E357FE56EE02430EAA140469FF1A37
0508E4572057F1022B0EAD140459FF1A
2E0508E4570857F202260EAC140455FF
1A230508E4571357E402310EAD140455
FF1A210508E457FB56F3022F0EB21404
55FF1A1C0508E4571E57D702230EB514
0444FF1A0F0508E4571057DB02290EB7
14043CFF1A050508E4571657DB02290E
B9140438FF1A050508E4571957D50224
0EBB14042BFF1AFD0408E4573257DA02
3D0EB6140423FF1AEC0408E4571357C0
024F0EB114041FFF1AE40408E5571457
BB02420EB4140416FF1AE00408E45709
57BE023E0EB1140416FF1AD70408E557
1057BA02530EA814041FFF1ACC0408E5
57FD56AA02A60EA114042FFF1AC40408
E5571C57A602A90E96140440FF1AC104
08E5571D57A1029C0E84140455FF1AB7
0408E5570A57A902A00E6F140472FF1A
AD0408E5572057DC021B0E4A1404B8FF
1AAA0408E5571C57E002150E211404F6
FF1A9F0408E4575657DB02130EEE1304
18001B930408E4572457E002130EC913
0428001B8D0408E5574957E802120EAA
130449001B8A0408E5574457E302250E
7D130483001B790408E6573A57F10228
0E471304D6001B6D0408E6573557E202
1C0E0E130429011B6A0408E657BF57E9
022B0EC212049D011B5F0408E5571958
C002170E6112042B021B500408E55781
57C702110EF31104A7021B4D0408E457
5F57CD02160E7211043D031B490408E5
572758C0020C0EDC100410041B390408
E5572158B902E60D4D1004AE041B2B04
08E457A357B702E70DB80F0469051B26
0408E457C958B102E60D110F0430061B
1C0408E457385AB902F10D3E0E045C07
1B0F0408E5577D5E93043A0E230D0414
091B0B0408E557565D9004370EBC0B04
C10A1B0B0408E657A35B7F04360E470A
04F20C1B0D0408E657935A8204370E5A
0904910D1B100408E557E659E0063A09
BC08045D0D1B120408E4575059C90630
099F060494121B160408E357FB58D106
3009EB030461181B180408E357B458D7
063A091101040E1C1B1A0408E3579A58
D2062B0909FE03741F1B1E0408E35781
586F022C0E5FFB0362211B1D0408E357
3C586802310E13F90358231B200408E2
5733586702290E8BF703A4231B1E0408
E357B2586302210EB0F603AC231B1F04
08E3578958F602B50D2FF60309241B1E
0408E2576758EF02AF0DE1F5030C241B
1E0408E2577458EE02B80DB1F5034724
1B1B0408E1577B58E602AF0D55F50304
251B190408E157EA58CA02CA0DABF403
42261B110408E1575159BD02BE0DEFF3
03A7271BFC0308E0577359BC02C40D2B
F303B8281BE80308DF57485ABB02C60D
62F20348291BDB0308E057B65A6C0025
58AFF103C7781ADC0308E057A05A8000
305835F1031AA613DC0308E057165A6E
002A5821F103D68E0DDC0308E057FE59
83002B583CF10394440FDD0308E057E8
5A700030586AF1039F8B0FDD0308E157
8A5EC0004B05BAF103CF3C0EDF0308E1
57EF5CC70051050EF2031EB60DDB0308
E157745CD200420566F203F0540DDC03
08E057295CB9005405B7F203D70E0DDE
0308E057105C9202BD0305F303C2DE0C
DD0308E1570F5C9702B703</Data>

   <DataCRC>1098618b</DataCRC>

   <BytesSent>7259</BytesSent>

</SBEDataUpload>
</InstrumentRawData>
</SBEDataUploadFile>
