<?xml version="1.0"?>
<!-- SCPlusV2_RS232 -->
<SBEDataUploadFile>
<ApplicationData>
<Seaterm232>
<SoftwareVersion>2.6.3.104</SoftwareVersion>
<BuildDate>30-Jun-2017</BuildDate>
</Seaterm232>
</ApplicationData>
<InstrumentState>
<HardwareData DeviceType='SBE19plus' SerialNumber='01906740'>

   <Manufacturer>Sea-Bird Electronics, Inc.</Manufacturer>

   <FirmwareVersion>2.2d</FirmwareVersion>

   <FirmwareDate>9 February 2011 08:30</FirmwareDate>

   <CommandSetVersion>1.1</CommandSetVersion>

   <PCBAssembly PCBSerialNum='25307' AssemblyNum='41054G'/>

   <PCBAssembly PCBSerialNum='25737' AssemblyNum='41580B'/>

   <PCBAssembly PCBSerialNum='24669' AssemblyNum='41606'/>

   <PCBAssembly PCBSerialNum='24372' AssemblyNum='41059D'/>

   <MfgDate>  08 DEC 2010</MfgDate>

   <InternalSensors>

      <Sensor id='Main Temperature'>

         <type>temperature0</type>

         <SerialNumber>01906740</SerialNumber>

      </Sensor>

      <Sensor id='Main Conductivity'>

         <type>conductivity-0</type>

         <SerialNumber>01906740</SerialNumber>

      </Sensor>

      <Sensor id='Main Pressure'>

         <type>strain-0</type>

         <SerialNumber>3220369</SerialNumber>

      </Sensor>

   </InternalSensors>

   <ExternalSensors>

      <Sensor id='volt 0'>

         <type>SBE 43 OXY</type>

         <SerialNumber>432005</SerialNumber>

      </Sensor>

      <Sensor id='volt 1'>

         <type>not assigned</type>

         <SerialNumber>not assigned</SerialNumber>

      </Sensor>

      <Sensor id='volt 2'>

         <type>ECO-FLNTURT CHL</type>

         <SerialNumber>FLNTURTD-2025</SerialNumber>

      </Sensor>

      <Sensor id='volt 3'>

         <type>ECO-FLNTURT TURB</type>

         <SerialNumber>FLNTURTD-2025</SerialNumber>

      </Sensor>

      <Sensor id='volt 4'>

         <type>not assigned</type>

         <SerialNumber>not assigned</SerialNumber>

      </Sensor>

      <Sensor id='volt 5'>

         <type>not assigned</type>

         <SerialNumber>not assigned</SerialNumber>

      </Sensor>

   </ExternalSensors>

</HardwareData>
<StatusData DeviceType='SBE19plus' SerialNumber='01906740'>

   <DateTime>2018-11-26T19:37:10</DateTime>

   <LoggingState>not logging</LoggingState>

   <EventSummary numEvents='241'/>

   <Power>

      <vMain>12.4</vMain>

      <vLith>5.3</vLith>

      <iMain>61.4</iMain>

      <iPump>156.8</iPump>

      <iExt01> 4.2</iExt01>

      <iExt2345>18.2</iExt2345>

   </Power>

   <MemorySummary>

      <Bytes>1110270</Bytes>

      <Samples>65310</Samples>

      <SamplesFree>3805169</SamplesFree>

      <SampleLength>17</SampleLength>

      <Profiles>71</Profiles>

   </MemorySummary>

</StatusData>
<ConfigurationData DeviceType='SBE19plus' SerialNumber='01906740'>

   <ProfileMode>

      <ScansToAverage>1</ScansToAverage>

      <MinimumCondFreq>3226</MinimumCondFreq>

      <PumpDelay>60</PumpDelay>

      <AutoRun>no</AutoRun>

      <IgnoreSwitch>no</IgnoreSwitch>

   </ProfileMode>

   <Battery>

      <Type>alkaline</Type>

      <CutOff>7.5</CutOff>

   </Battery>

   <DataChannels>

      <ExtVolt0>yes</ExtVolt0>

      <ExtVolt1>no</ExtVolt1>

      <ExtVolt2>yes</ExtVolt2>

      <ExtVolt3>yes</ExtVolt3>

      <ExtVolt4>no</ExtVolt4>

      <ExtVolt5>no</ExtVolt5>

      <SBE38>no</SBE38>

      <OPTODE>no</OPTODE>

      <GTD>no</GTD>

   </DataChannels>

   <EchoCharacters>yes</EchoCharacters>

   <OutputExecutedTag>yes</OutputExecutedTag>

   <OutputFormat>raw HEX</OutputFormat>

</ConfigurationData>
<CalibrationCoefficients DeviceType='SBE19plus' SerialNumber='01906740'>

   <Calibration format='TEMP1' id='Main Temperature'>

      <SerialNum>01906740</SerialNum>

      <CalDate>07-Jan-11 </CalDate>

      <TA0>1.255288e-03</TA0>

      <TA1>2.593288e-04</TA1>

      <TA2>-2.376104e-07</TA2>

      <TA3>1.449298e-07</TA3>

      <TOFFSET>0.000000e+00</TOFFSET>

   </Calibration>

   <Calibration format='WBCOND0' id='Main Conductivity'>

      <SerialNum>01906740</SerialNum>

      <CalDate>07-Jan-11</CalDate>

      <G>-1.033008e+00</G>

      <H>1.393941e-01</H>

      <I>-2.175401e-04</I>

      <J>3.475757e-05</J>

      <CPCOR>-9.570000e-08</CPCOR>

      <CTCOR>3.250000e-06</CTCOR>

      <CSLOPE>1.000000e+00</CSLOPE>

   </Calibration>

   <Calibration format='STRAIN0' id='Main Pressure'>

      <SerialNum>3220369</SerialNum>

      <CalDate>21-Dec-10</CalDate>

      <PA0>8.222195e-01</PA0>

      <PA1>1.566037e-02</PA1>

      <PA2>-6.194425e-10</PA2>

      <PTCA0>5.244452e+05</PTCA0>

      <PTCA1>4.417653e+00</PTCA1>

      <PTCA2>-9.798927e-02</PTCA2>

      <PTCB0>2.510725e+01</PTCB0>

      <PTCB1>-1.150000e-03</PTCB1>

      <PTCB2>0.000000e+00</PTCB2>

      <PTEMPA0>-5.917147e+01</PTEMPA0>

      <PTEMPA1>5.387460e+01</PTEMPA1>

      <PTEMPA2>-2.653169e-01</PTEMPA2>

      <POFFSET>0.000000e+00</POFFSET>

      <PRANGE>5.076000e+03</PRANGE>

   </Calibration>

   <Calibration format='VOLT0' id='Volt 0'>

      <OFFSET>-4.687158e-02</OFFSET>

      <SLOPE>1.247988e+00</SLOPE>

   </Calibration>

   <Calibration format='VOLT0' id='Volt 1'>

      <OFFSET>-4.719579e-02</OFFSET>

      <SLOPE>1.248132e+00</SLOPE>

   </Calibration>

   <Calibration format='VOLT0' id='Volt 2'>

      <OFFSET>-4.684526e-02</OFFSET>

      <SLOPE>1.248324e+00</SLOPE>

   </Calibration>

   <Calibration format='VOLT0' id='Volt 3'>

      <OFFSET>-4.678105e-02</OFFSET>

      <SLOPE>1.247145e+00</SLOPE>

   </Calibration>

   <Calibration format='VOLT0' id='Volt 4'>

      <OFFSET>-4.669684e-02</OFFSET>

      <SLOPE>1.248307e+00</SLOPE>

   </Calibration>

   <Calibration format='VOLT0' id='Volt 5'>

      <OFFSET>-4.709579e-02</OFFSET>

      <SLOPE>1.247697e+00</SLOPE>

   </Calibration>

   <Calibration format='FREQ0' id='external frequency channel'>

      <EXTFREQSF>9.999977e-01</EXTFREQSF>

   </Calibration>

</CalibrationCoefficients>
<EventCounters DeviceType='SBE19plus' SerialNumber='01906740'>

   <EventSummary numEvents='241'/>

   <Event type='ErrorFLASHUncorrectableError' count='241'/>

</EventCounters></InstrumentState>
<Headers>

cast  39 24 Nov 2018 09:46:20 samples 44628 to 45087, avg = 1, stop = mag switch

</Headers><InstrumentRawData>
<SBEDataUpload startAddr='758659'>

   <Type>1</Type>

   <DataFormat>SEACATPLUS0</DataFormat>

   <Bytes>7820</Bytes>

   <Data>
8DFF0319540BE103083154ED59A602C3
037FFF0312430BE103083154695AA602
C4036AFF03253D0BE2030830542859A1
02C9034EFF03D5390BE203083254E357
A302C30334FF038A360BE003083254F7
579402460423FF038D330BE103083154
705999023F0415FF03E4370BE3030831
5455598E02460408FF0301540BE40308
3154715C90024904EBFE031BEA0BEC03
0831549C5AFFFB270FB2FD037DD214F5
03083154505A07FC2B0F94FB03AAAC14
F503083154B95903FC270F2AFA03D00A
0DF2030833547659FCFB290F4CF9033B
9A0CE9030834546C594707EB08BEF803
5EB30BE1030836542D5A4407ED0808F8
03FE950BE103083654E35A4507EC08A4
F70359840BE203083654E85C3F07EF08
9DF703DE770BE2030838544D5B4207E4
08A5F7037A720BE203083854C659A101
320CBBF703F9740BE703083A542B5AA1
01310CC8F703DE290CF003083854C359
A2012E0C8CF7033B150CF9030837547E
5D9C01280C47F70301B20B0204083754
5A5CF8FB98011EF7033B1A0C07040838
54E95A12FC910107F703FC31130A0408
3854A55AFDFB9601F9F6036BB2141104
083A54625AF5FB8B01F8F6034EBE1417
04083954355A06FC0608F2F60352CA14
1E04083A549B5AFEFB0608F3F603FEFF
141D04083A544D5A03FC0208F2F603E5
021821040839546B5A09FC0108EEF603
C1311B2404083954B35A0C02A00FEDF6
0388311B2304083954785A0D02A90FEB
F603F1311B2504083A54695A14029E0F
E7F60323311B2404083B54C25A1002A0
0FE1F6035D301B2304083C54E05A0A02
9E0FD9F6033C2E1B2504083B54CD5AE6
02BA0FD5F6032E2D1B2404083D54F15A
F302B80FC8F603D12C1B2404084054CD
5AF502B60FBAF603B02C1B2404084154
CE5AF102AF0FA6F603CD2C1B27040840
54E35AA002D10F91F603C02C1B220408
4154C45AA302D80F7FF603D42C1B2304
084054EF5AA502DA0F6EF603B02C1B23
04083F54E75AA602CC0F64F603812C1B
2804083F54B05AD702330F59F603792C
1B2D04083F54B45ACC02360F4CF60381
2C1B2B04083F54ED5ADB022F0F42F603
982C1B2804083F54195BD702380F3FF6
03A32C1B2304084054395BD102200F3C
F603B82C1B2104083F542B5BC402240F
39F603B02C1B2004083D54185BCF0222
0F35F603B82C1B2004083E54415BD102
220F31F603D52C1B1B04083E54815BCC
021E0F26F6037B2C1B1B04083D54975B
49036F1018F603792C1B1A04083C5463
5B4C036E100FF603962C1B1D04083C54
475B3D03791002F603B02C1B2104083E
542A5B40036D10F9F503C02C1B240408
3E542F5BCC03830EF5F503B02C1B1D04
083E54A45CD703800EF5F503872C1B1E
04083F54BF5CCC03850EF5F503752C1B
2004083F54F25BCE038D0EFEF503752C
1B2204083F54745BB803D80E05F60375
2C1B2004083E544E5BBC03D50E0CF603
752C1B2304083E54275BC203D10E12F6
035C2C1B2104083F54285BBD03D10E1B
F6032F2C1B1F04083E54F85AA202900F
26F603142C1B2104083F548F5AA60293
0F2FF6031D2C1B2304083F542E5AA402
970F32F6033E2C1B2504083F54E559A2
02940F2BF6034B2C1B2304083F54AA59
A1028D0F24F603632C1B2104083F5487
59C002FD0E1EF603792C1B2004083F54
3859C202EF0E19F603712C1B2604083E
54995BBD02EA0E14F603472E1B270408
3F540B5DC602F30E13F603152E1B2704
084054F25A6D02F40E13F603112E1B29
04084054155A6402F00E12F603242E1B
2704084054AC597802FE0E0FF603FC2D
1B2604084154C5597102F00E0EF60397
2D1B24040840549D5999022B0F0EF603
A32C1B28040840540D5DA3022E0F0EF6
03192E1B2D040840546A5C9E02320F12
F603D62D1B2F04084054625AA7022F0F
1AF603952E1B31040840549759A20280
0F1BF603EB2E1B32040840543C59A402
7B0F21F603C12E1B30040840540E599A
02710F23F6032A2E1B2E04084054D258
A402770F25F603712D1B2F0408405480
58A002830F27F603252D1B2F04084154
0F589D028A0F28F603FF2C1B32040840
54E057A4028D0F2AF603142D1B300408
40548457A802930F2DF6031D2D1B3104
0840547A57A502960F30F603FB2C1B30
040840548D579702560F32F6038E2C1B
2E04084054555788024F0F34F6035F2C
1B33040841540A579D02490F35F603B0
2C1B330408415432579102540F39F603
3A2D1B33040841541957B502400F43F6
03F32C1B30040841547B57B2023F0F44
F603792C1B2E040841545C58AF02420F
42F603D92B1B3204084154F757B2023C
0F41F603B82C1B3C040840548357AF02
430F49F603FF2C1B3E04084054CE56C0
02400F49F6033F2E1B3C040840549A56
B5023A0F49F603C52E1B3B04084054F5
56AD02490F4DF603752E1B3904084154
8356AB02400F4BF603DB2D1B37040841
542556E402B30F43F603322D1B3B0408
4054A555E402B10F41F603212D1B3E04
0840545A55EA02AD0F3EF603212D1B3F
040840546155E702BA0F40F603EA2C1B
3F040840545855A4021C0F41F603AB2C
1B3F04083E541855A402240F42F60377
2C1B3E04083E54AB549D02280F42F603
642C1B4104083F545B54A202250F3EF6
035C2C1B4104083E544454BD02690F3F
F6034B2C1B3F04083E54A554B802730F
3FF603532C1B4004083E54A954B5027A
0F3EF603532C1B3F04083F548954BF02
7D0F40F603472C1B3D04083F547E54AC
02420F44F6032D2C1B3D04083F546554
A002400F48F603252C1B3F04083F5453
54AA02400F49F6033A2C1B4004083E54
71549E02400F4CF603712C1B4004083F
54915499023F0F53F6038F2C1B3E0408
4054D354D002430F58F6036C2C1B3D04
084054D154CE02470F5DF603642C1B3B
04084054B254CB023D0F5EF6033A2C1B
3B040840548254D102460F5BF6031D2C
1B3D04083F545754D902490F58F6034F
2C1B40040840544E54CB02380F59F603
2D2D1B3F040840543554CF024D0F5EF6
03932D1B3F04084154D154CF02430F61
F603042D1B3F040841547C54BC02150F
5DF603AB2C1B42040841549954AE0213
0F5DF603D12C1B4104084054D354B302
180F5AF603C52C1B41040840541955B8
020F0F58F6039C2C1B40040840549054
9D024B0F57F603752C1B40040840547C
54A502480F55F603712C1B4304084054
4E5590023D0F51F603642C1B45040840
54D655A102490F4FF603792C1B450408
3F5417579A02440F4DF603082D1B4604
0840545055BA02220F51F603862D1B47
040840545855C7021C0F5AF603752D1B
46040840549255C6021C0F5FF603F32C
1B45040841546655CC02270F5DF603C0
2C1B470408415463578C02380F5CF603
B82C1B4704084054315791022F0F58F6
03F42C1B4804084154AB559702420F5A
F603582D1B4704084154EF548E022F0F
5BF603B42D1B45040841548054DC025A
0F61F603F72D1B44040841540054DF02
5C0F66F603212E1B44040841548C53E2
026A0F67F603362E1B44040841544553
DE02650F6AF603402E1B4504084154E9
52A802080F6DF603472E1B4504084254
BA52B502180F72F603502E1B44040842
548952B202080F73F603602E1B450408
42545252A702130F74F603712E1B4304
0842543652B502090F7BF603892E1B43
040841541552BE02360F7CF603582E1B
42040841545A53C202320F7DF603862D
1B44040841549E52C702350F7EF60325
2D1B4504084254E752C202380F7AF603
322D1B46040842540852CE02340F78F6
034F2D1B4504084254A851D902340F7C
F6038E2D1B43040841549F51D102340F
80F603E72D1B42040841548D51D5022A
0F83F603262E1B41040841545051D002
600F84F603582E1B42040842543651D0
02710F89F603652E1B4204084254F050
D902710F8CF603652E1B4404084254AC
50CC02640F8CF603502E1B4504084254
5B509702F90E8EF603582E1B46040842
543E50A402040F90F6037A2E1B450408
42543E50B002FE0E93F603AC2E1B4304
0841543850A802F80E96F6039B2E1B44
04084154E951A4020C0F97F603CF2D1B
44040842543C52D702840F97F6038A2D
1B47040842548751C4027F0F95F60382
2D1B4504084354A150DA02830F92F603
7E2D1B49040843542F50CC02800F91F6
037E2D1B4804084354F34FE4021E0F92
F6039B2D1B4504084354C44FE102190F
93F603D72D1B4704084354984FEC0223
0F99F603FC2D1B4A04084354864FDF02
2B0F9AF603322E1B4704084354604F84
02750FA0F603502E1B4604084354954F
8402750FA4F603582E1B4304084354D7
4F7C027A0FA8F603702E1B4104084254
C14F7D02680FA9F603712E1B40040843
54954FEE023B0FADF603822E1B3F0408
4254684FEF024A0FAEF603692E1B3E04
084354A04FF302380FB0F603212E1B3D
04084354CB51EF024F0FB3F603642D1B
40040843545D51EE02420FACF603112D
1B4204084254A350E002440FA7F603FB
2C1B4404084254BE4FDC02470FA2F603
FB2C1B4204084254754FE502420FA0F6
031D2D1B4404084254304FE8024B0FA1
F603432D1B4604084254D54EA4021E0F
A4F603512D1B46040842545D4EAA0224
0FA8F6032E2D1B4704084254574EA002
1C0FAAF603192D1B4504084254D14EA2
02220FA8F603322D1B4104084254524F
DB022B0FA7F603642D1B3D040843541D
4FE4022A0FA6F603B82D1B3E04084254
CD4EEE021C0FA9F603DB2D1B3F040842
54894ED602270FADF603E22D1B3F0408
4254744EBA028B0FB0F603DA2D1B3E04
084254634EB5028A0FB0F603C92D1B3F
040842544E4EB502830FB3F603BD2D1B
3F04084254324EBC02800FB4F603B42D
1B3E040842543C4EB202810FB3F603C3
2D1B3F04084254074E9802910FB3F603
C12D1B4304084354C24DA002930FB1F6
03B02D1B43040843548B4DA402920FB2
F6039F2D1B45040843548B4DA302990F
B1F6039B2D1B4404084454C14DB10231
0FAFF603AE2D1B4104084454EE4DB702
2B0FADF603D62D1B3E04084454C54DB5
022A0FAFF603DE2D1B4204084454974D
AA02240FAFF603CD2D1B400408435488
4D9C02200FB1F603CD2D1B4004084354
A14D9C02090FB1F603D22D1B3E040843
54C04DA202010FB2F603E72D1B3C0408
4454844DA802220FB2F6030C2E1B4004
084354484D9502090FB3F603082E1B44
04084354114D88020B0FB3F6030C2E1B
4604084254F54C8C02040FB5F6030C2E
1B4904084254C64C8F02070FB9F60311
2E1B4804084254BF4C8702040FB7F603
0F2E1B4D040841549D4CED02400FB9F6
03FC2D1B4E04084154974CEA024D0FBB
F603DE2D1B4A04084154954CE802500F
B8F603CD2D1B4704084154DA4CEF0240
0FBAF603F72D1B4704084254DD4CAA02
330FB9F6030F2E1B4704084154D54CAB
023B0FBAF603432E1B4B04084154944C
B702390FBAF6030C2E1B4E0408415488
4CB302310FBCF603DE2D1B4B04084254
964C9B02180FBCF603E22D1B49040841
548A4CA5020D0FBCF603F72D1B490408
4254994CA7021E0FBCF603342E1B4A04
0842545F4CA7020E0FBEF603542E1B4A
040842542F4CE302600FC1F603472E1B
4E04084454A84EE9025F0FBFF6034B2E
1B5004084454144EDD02600FC2F60350
2E1B5204084354654DDE02630FC2F603
602E1B52040843546C4DE202640FC3F6
03692E1B5504084254834EF3026C0FC6
F603472E1B5D04084254C44DF302780F
C9F603082E1B6104084254FF4CF40273
0FC7F6039F2D1B6204084254D54CF402
780FC5F603862D1B6404084354204D8C
023B0FC4F603962D1B6704084354004D
9702490FC3F603AC2D1B660408435418
4D9202490FC0F603BD2D1B6704084354
5E4D95024F0FC0F603AC2D1B69040844
54BA4CC602630FC2F603A32D1B6A0408
4354664CC002620FC1F603B22D1B6D04
0844545E4CC602630FC2F603AC2D1B6E
04084454924CBF025E0FC2F603C52D1B
7104084454BA4C9702620FC4F603C92D
1B73040844543F4CA202640FC4F603D6
2D1B7704084554214C95026D0FC5F603
E22D1B7A040845548E4CA202600FC5F6
03E32D1B7C04084554694DAC02660FC6
F603112E1B7A04084554014DC6024D0F
C7F6033B2E1B7B04084654864CC80242
0FC9F6036D2E1B7C04084554484CC602
420FCFF603AC2E1B8104084554A44CC2
023E0FD2F603642E1B84040845540F4D
BB02330FD2F603C02B1B840408455432
4DAE022A0FCCF603D12A1B8204084554
964CBD02380FD5F6037D2A1B84040845
54294CB4022E0FE7F6034F2A1B870408
4554094CAE02320FF3F6033A2A1B8604
084554FE4BAA02400FF9F6032A2A1B87
04084654244CB4022B0F00F7031C2A1B
88040845543E4CB502390F03F703182A
1B8B04084554784CF202290F04F70310
2A1B8D04084554F64CEC023A0F05F703
142A1B8C040846548E4DF402360F04F7
03072A1B89040846541850EF02330F08
F703F7291B85040846545D51E502380F
0CF703ED291B8104084654E250E6027E
0F11F703DD291B87040847542750DA02
7F0F16F703D5291B8E04084754BA50DE
028D0F1CF703CD291B90040847543F51
E0027E0F22F703C4291B940408465492
519302510F40F70368291B9104084754
3252A6024B0F71F70307291B90040846
54B652A102500F92F703F2281B930408
4654F6529C02360FA8F703F2281B9504
0846542F531203220FACF70307291B9A
040845547B531303270FACF70310291B
9B04084554DF531103150FB2F7030C29
1B9804084554375407032C0FC3F703DB
281B94040845548354AA023F0FDEF703
92281B8F040845549654A8024C0FEDF7
0396281B9004084654B654A2023B0FF5
F7039E281B9404084654F455A202390F
FAF7038E281B9404084654D5569B0245
0F01F80385281B9404084654F256C302
040F02F8037E281B9004084554B457B7
02070F03F80381281B91040846544657
C8020B0F05F8037D281B97040846548C
56C802090F0BF80368281B9B04084654
7B56D2024B0F15F8034A281B9F040846
549056CB02570F1EF80346281B9D0408
4754A156D302580F20F8034F281B9804
084754FE56C802500F1EF80352281B95
040847544357AA025F0F1AF80357281B
97040848542C57B002620F18F8035728
1B9A040848541857B102600F15F80368
281B9F04084854C457AD02600F0EF803
6C281BA4040847544958D3024D0F09F8
0368281BA704084754C757D202540F09
F8035A281BA904084754B857D502550F
18F80336281BAB040847540558CC024C
0F2DF8030C281BAF04084654F957D202
4F0F46F803EE271BB404084654CE580D
03690F62F803CD271BBC040846543959
0F03780F90F80385271BC004084754BE
591103740FDAF803FB261BBF04084654
90590E03780F53F903EF251BBD040846
540859F202530FCDF9036D251BBE0408
46547F5AED025A0F1AFA034B251BBF04
0846547159FE02600F43FA0358251BC6
040846545959EF02600F48FA0381251B
CC04084554A059D702470F3DFA03AB25
1BD404084554BE59DE02580F41FA038C
251BD904084554025AD1024F0F78FA03
00251BDA040845543A5ACD024B0FB9FA
039F241BDF04084454095AD602A00FDF
FA038A241BE604084454F95BF502A50F
00FB037E241BE8040844540A66EC029A
0F15FB034B241BEA040844541764FF02
A30F24FB032A241BE9040845547C61F0
02A70F2EFB0325241BEA04084654E45F
F302251036FB0308241BEA04084554AB
5FF00216103DFB0300241BEA04084554
135FF902241040FB0304241BEB040845
547B5EEA021F103EFB0308241BEB0408
4654955DF10203103CFB030C241BEF04
084554A35DF20200103BFB0304241BEF
04084654A05CF202011037FB0315241B
F104084554895CF402001031FB031924
1BF004084554245CB102471029FB0326
241BEF04084554B65BB502421028FB03
2A241BEE04084554725BB502451023FB
032E241BEF04084654425BAC0238101C
FB0332241BEF04084654345BB2020710
17FB0336241BEB04084654FB5AB50212
1014FB0339241BEB04084654C65AA602
051012FB033B241BEA04084654B25AB0
02FF0F0CFB0343241BEA04084554625A
AA020B1008FB0343241BEA0408455433
5AD202381009FB033B241BEB04084554
0F5ACC0232100BFB0336241BEC040846
54F559CF0228100EFB0332241BEC0408
4554EF59D6023C100EFB0332241BED04
084554215AA9023A100FFB0331241BED
04084554085AB1022C1011FB0332241B
ED04084554D259B0023A100EFB032A24
1BEE040846549759B30227100EFB032E
241BEE04084754DC59B402FF0F10FB03
2A241BEF04084654C859AE020E100FFB
0326241BED040846548A59AF0206100F
FB0326241BED04084654D059B8020110
0EFB0321241BEA04084754375AAA0258
1011FB031D241BEA040847549E5AE602
831010FB0321241BE7040847544D5BE0
0283100BFB0326241BE704084854085C
D902871006FB032A241BE90408485436
5BDB028310FDFA0336241BE904084854
455AB3026710F6FA0347241BE9040848
54F959BB026910EBFA0355241BEA0408
48546B59B2025E10E5FA0354241BE704
084854415CB1026510E8FA0347241BE2
040849543E62ED025510E6FA0347241B
DE040849541563EF025D10E5FA034B24
1BDE040849545D63E4024810E2FA0350
241BE404084854E365F8025510D6FA03
54241BE504084954C464E202C90FDAFA
034D241BEB040848543769E602BC0FE5
FA0326241BED040849546664DA02C00F
FAFA0308241BEE040849540068E202BE
0F07FB03FC231BEA040849540D6DD202
CD0F12FB03F8231BE104084A547968C8
02F20F18FB03F8231BDD040849544A66
C402EF0F1EFB03F8231BDB0408495484
62D802F80F2AFB03ED231BDD04084954
B560C902F50F39FB03D6231BE1040848
54A25FC802C00F47FB03BD231BE60408
4854775EB802B70F55FB03AC231BE604
0848549B5DC102AF0F59FB03A0231BE8
04084854D45CBF02AB0F56FB03AC231B
E904084854DD5CCB02F30F50FB03C523
1BE804084754375DDC02FF0F3AFB03F1
231BEC04084854B862D202F40F22FB03
08241BED04084854EA60D702ED0F0AFB
0321241BEE04084954F15E9202E00FFC
FA032A241BED04084954835E8402DC0F
EFFA032E241BEC04084854A75E8C02E7
0FEDFA0321241BE904084854A35E9802
DE0FEFFA0319241BEA040848546C5D8E
02DE0FEEFA032D241BE9040848547E6F
E402DE0FE5FA032E241BEC0408485445
69E302E00FD5FA0354241BEC04084854
5A64E302D70FC2FA0375241BEB040848
545261F102DA0FB1FA0386241BE90408
49546260D602ED0FA7FA0386241BE004
084954EA60C702EF0FA0FA037E241BD4
040849544B5FD602EC0FA1FA037E241B
CA04084954565ED102F80FA6FA036D24
1BC204084A54E65CDE02880FABFA0360
241BBD04084A54735CDF02850FB4FA03
54241BBA04084A548F5BE6027C0FB9FA
0354241BB604084954325BD802870FC0
FA0354241BAF04084954BC5A98024B0F
C3FA0350241BA3040848549E5B9D024D
0FC3FA035A241B9C04084854AE5AA102
4B0FBCFA036D241B9904084854165A9F
02590FAAFA038E241B9604084854325A
9B024B0F94FA03BC241B8E040848549B
5ABD022A0F6DFA0310251B8904084954
4B5ACF021E0F35FA0371251B82040848
54C059BA02240F0DFA037D251B7F0408
48549C5ACB02190FEFF90388251B7A04
084954AD5A9802490FD4F903A3251B6D
04084954B45B95023E0FB5F903D1251B
6504084854515A9F02420F93F903FB25
1B5F04084854F759A002560F78F9030C
261B5B04084854A8590F03470F4EF903
53261B56040847545B5915033A0F16F9
03C0261B4B040847545F591703440FD9
F8031B271B430408485437590603460F
9DF80364271B4104084954985AFD0232
0F5CF803AB271B3B040849540A5BE602
270F2DF803D5271B3604084854A75BF0
021F0F0EF803E2271B2D04084954A05A
F702290FEFF703FF271B27040849541B
5BF5021B0FD6F70319281B2004084954
7459A302350FC1F70331281B19040849
544C5A9B022E0FAFF7034F281B140408
4954FD5A9E02330F96F70374281B1704
0849546E59A902390F77F703B3281B1C
0408495488594F024B0F52F703FF281B
1E040849542E5A53025C0F2BF7032D29
1B2004084A546E595202470F13F70340
291B2204084954C8595002540F07F703
35291B28040849546A590D033D0FF7F6
034A291B2D040849541C590F03480FE5
F60368291B300408495457591103470F
CCF6039E291B3104084A54955915034A
0FAAF603D5291B3104084A548D596B02
260F89F603012A1B3104084954305968
02290F6EF603182A1B3604084A540559
68022A0F5DF603182A1B3604084A54CD
587702220F57F603142A1B3604084954
19596A02220F56F603182A1B30040849
546D59E3021C0F4DF603292A1B290408
49546B59E2020F0F45F6033A2A1B2404
0849545559E402170F3BF603422A1B1D
04084954DE58E1021D0F37F603422A1B
1304084A54265A5E02C20D3EF603072A
1B0504084954AF786802C80D47F603AB
291BFA03084A54987C6702CA0D4DF603
2D2A1BEF03084A542B705902C80D4FF6
03362A1BE503084A540770CD1636464D
F603462A1BE203084A544275C2163046
4FF6037CB618E203084A54F872D11638
466AF60338B10FE303084A546A6DCE16
2846B3F60367D50EE203084A540C6F51
0B530A01F70318D70EE203084954116D
560B510A3FF703BAB20DE203084A54F1
6B600B5C0A6AF70390680EE203084954
3969560B580A7EF703D5610FE303084A
54D665550B470A95F70335610FE10308
495488639902C703B0F703F28B0EE303
084A5409639F02CF03CFF70338C60DE2
03084A54F761A202C803EDF7039C280E
E303084A543361A402C5030FF8035AA4
0FE303084A547160A802D003</Data>

   <DataCRC>d061a5f</DataCRC>

   <BytesSent>7820</BytesSent>

</SBEDataUpload>
</InstrumentRawData>
</SBEDataUploadFile>
