<?xml version="1.0"?>
<!-- SCPlusV2_RS232 -->
<SBEDataUploadFile>
<ApplicationData>
<Seaterm232>
<SoftwareVersion>2.6.3.104</SoftwareVersion>
<BuildDate>30-Jun-2017</BuildDate>
</Seaterm232>
</ApplicationData>
<InstrumentState>
<HardwareData DeviceType='SBE19plus' SerialNumber='01906740'>

   <Manufacturer>Sea-Bird Electronics, Inc.</Manufacturer>

   <FirmwareVersion>2.2d</FirmwareVersion>

   <FirmwareDate>9 February 2011 08:30</FirmwareDate>

   <CommandSetVersion>1.1</CommandSetVersion>

   <PCBAssembly PCBSerialNum='25307' AssemblyNum='41054G'/>

   <PCBAssembly PCBSerialNum='25737' AssemblyNum='41580B'/>

   <PCBAssembly PCBSerialNum='24669' AssemblyNum='41606'/>

   <PCBAssembly PCBSerialNum='24372' AssemblyNum='41059D'/>

   <MfgDate>  08 DEC 2010</MfgDate>

   <InternalSensors>

      <Sensor id='Main Temperature'>

         <type>temperature0</type>

         <SerialNumber>01906740</SerialNumber>

      </Sensor>

      <Sensor id='Main Conductivity'>

         <type>conductivity-0</type>

         <SerialNumber>01906740</SerialNumber>

      </Sensor>

      <Sensor id='Main Pressure'>

         <type>strain-0</type>

         <SerialNumber>3220369</SerialNumber>

      </Sensor>

   </InternalSensors>

   <ExternalSensors>

      <Sensor id='volt 0'>

         <type>SBE 43 OXY</type>

         <SerialNumber>432005</SerialNumber>

      </Sensor>

      <Sensor id='volt 1'>

         <type>not assigned</type>

         <SerialNumber>not assigned</SerialNumber>

      </Sensor>

      <Sensor id='volt 2'>

         <type>ECO-FLNTURT CHL</type>

         <SerialNumber>FLNTURTD-2025</SerialNumber>

      </Sensor>

      <Sensor id='volt 3'>

         <type>ECO-FLNTURT TURB</type>

         <SerialNumber>FLNTURTD-2025</SerialNumber>

      </Sensor>

      <Sensor id='volt 4'>

         <type>not assigned</type>

         <SerialNumber>not assigned</SerialNumber>

      </Sensor>

      <Sensor id='volt 5'>

         <type>not assigned</type>

         <SerialNumber>not assigned</SerialNumber>

      </Sensor>

   </ExternalSensors>

</HardwareData>
<StatusData DeviceType='SBE19plus' SerialNumber='01906740'>

   <DateTime>2018-11-26T19:37:10</DateTime>

   <LoggingState>not logging</LoggingState>

   <EventSummary numEvents='241'/>

   <Power>

      <vMain>12.4</vMain>

      <vLith>5.3</vLith>

      <iMain>61.4</iMain>

      <iPump>156.8</iPump>

      <iExt01> 4.2</iExt01>

      <iExt2345>18.2</iExt2345>

   </Power>

   <MemorySummary>

      <Bytes>1110270</Bytes>

      <Samples>65310</Samples>

      <SamplesFree>3805169</SamplesFree>

      <SampleLength>17</SampleLength>

      <Profiles>71</Profiles>

   </MemorySummary>

</StatusData>
<ConfigurationData DeviceType='SBE19plus' SerialNumber='01906740'>

   <ProfileMode>

      <ScansToAverage>1</ScansToAverage>

      <MinimumCondFreq>3226</MinimumCondFreq>

      <PumpDelay>60</PumpDelay>

      <AutoRun>no</AutoRun>

      <IgnoreSwitch>no</IgnoreSwitch>

   </ProfileMode>

   <Battery>

      <Type>alkaline</Type>

      <CutOff>7.5</CutOff>

   </Battery>

   <DataChannels>

      <ExtVolt0>yes</ExtVolt0>

      <ExtVolt1>no</ExtVolt1>

      <ExtVolt2>yes</ExtVolt2>

      <ExtVolt3>yes</ExtVolt3>

      <ExtVolt4>no</ExtVolt4>

      <ExtVolt5>no</ExtVolt5>

      <SBE38>no</SBE38>

      <OPTODE>no</OPTODE>

      <GTD>no</GTD>

   </DataChannels>

   <EchoCharacters>yes</EchoCharacters>

   <OutputExecutedTag>yes</OutputExecutedTag>

   <OutputFormat>raw HEX</OutputFormat>

</ConfigurationData>
<CalibrationCoefficients DeviceType='SBE19plus' SerialNumber='01906740'>

   <Calibration format='TEMP1' id='Main Temperature'>

      <SerialNum>01906740</SerialNum>

      <CalDate>07-Jan-11 </CalDate>

      <TA0>1.255288e-03</TA0>

      <TA1>2.593288e-04</TA1>

      <TA2>-2.376104e-07</TA2>

      <TA3>1.449298e-07</TA3>

      <TOFFSET>0.000000e+00</TOFFSET>

   </Calibration>

   <Calibration format='WBCOND0' id='Main Conductivity'>

      <SerialNum>01906740</SerialNum>

      <CalDate>07-Jan-11</CalDate>

      <G>-1.033008e+00</G>

      <H>1.393941e-01</H>

      <I>-2.175401e-04</I>

      <J>3.475757e-05</J>

      <CPCOR>-9.570000e-08</CPCOR>

      <CTCOR>3.250000e-06</CTCOR>

      <CSLOPE>1.000000e+00</CSLOPE>

   </Calibration>

   <Calibration format='STRAIN0' id='Main Pressure'>

      <SerialNum>3220369</SerialNum>

      <CalDate>21-Dec-10</CalDate>

      <PA0>8.222195e-01</PA0>

      <PA1>1.566037e-02</PA1>

      <PA2>-6.194425e-10</PA2>

      <PTCA0>5.244452e+05</PTCA0>

      <PTCA1>4.417653e+00</PTCA1>

      <PTCA2>-9.798927e-02</PTCA2>

      <PTCB0>2.510725e+01</PTCB0>

      <PTCB1>-1.150000e-03</PTCB1>

      <PTCB2>0.000000e+00</PTCB2>

      <PTEMPA0>-5.917147e+01</PTEMPA0>

      <PTEMPA1>5.387460e+01</PTEMPA1>

      <PTEMPA2>-2.653169e-01</PTEMPA2>

      <POFFSET>0.000000e+00</POFFSET>

      <PRANGE>5.076000e+03</PRANGE>

   </Calibration>

   <Calibration format='VOLT0' id='Volt 0'>

      <OFFSET>-4.687158e-02</OFFSET>

      <SLOPE>1.247988e+00</SLOPE>

   </Calibration>

   <Calibration format='VOLT0' id='Volt 1'>

      <OFFSET>-4.719579e-02</OFFSET>

      <SLOPE>1.248132e+00</SLOPE>

   </Calibration>

   <Calibration format='VOLT0' id='Volt 2'>

      <OFFSET>-4.684526e-02</OFFSET>

      <SLOPE>1.248324e+00</SLOPE>

   </Calibration>

   <Calibration format='VOLT0' id='Volt 3'>

      <OFFSET>-4.678105e-02</OFFSET>

      <SLOPE>1.247145e+00</SLOPE>

   </Calibration>

   <Calibration format='VOLT0' id='Volt 4'>

      <OFFSET>-4.669684e-02</OFFSET>

      <SLOPE>1.248307e+00</SLOPE>

   </Calibration>

   <Calibration format='VOLT0' id='Volt 5'>

      <OFFSET>-4.709579e-02</OFFSET>

      <SLOPE>1.247697e+00</SLOPE>

   </Calibration>

   <Calibration format='FREQ0' id='external frequency channel'>

      <EXTFREQSF>9.999977e-01</EXTFREQSF>

   </Calibration>

</CalibrationCoefficients>
<EventCounters DeviceType='SBE19plus' SerialNumber='01906740'>

   <EventSummary numEvents='241'/>

   <Event type='ErrorFLASHUncorrectableError' count='241'/>

</EventCounters></InstrumentState>
<Headers>

cast  49 24 Nov 2018 12:46:08 samples 52124 to 52509, avg = 1, stop = mag switch

</Headers><InstrumentRawData>
<SBEDataUpload startAddr='886091'>

   <Type>1</Type>

   <DataFormat>SEACATPLUS0</DataFormat>

   <Bytes>6562</Bytes>

   <Data>
25C00308100BE1030822553E5862068B
1425C003A90F0BE20308225522575C06
871428C003750F0BE10308225523565F
0690142BC0036C110BE1030822557856
60068C142EC00300150BE00308225532
56E302290E33C00397200BE103082255
1056E402230E37C00339320BE1030822
55C555DB02240E3CC00347530BDF0308
22556F55E802200E41C0036B6A0BE103
0822556C55AE02631845C003C37C0BE1
030822556955AE025A184DC00315930B
E003082255E055B302631854C003B7A7
0BE103082255F255B10263185EC00329
B40BE203082355CB55AB04441066C003
DBB90BE103082355D955BA043D1071C0
0354B10BE103082355B755AA0443107B
C00320AA0BE1030823556055AE044710
83C0030C9B0BDF03082455E955B50441
1088C00300880BE103082555E955C202
A30A76C003DE7D0BE1030825558D55CA
02A50A51C003DA760BE0030825553E55
D402AC0A20C00311720BDF030826553E
55DB02AF0AEABF03CA6C0BE203082755
3F5B3704FA13B1BF03AA670BE0030826
55F359430406147BBF032A660BE20308
27552E5841040C144EBF033A5E0BE103
0828552C573204021424BF0375590BDE
0308285540574F06830604BF0344580B
E20308285522564C067B06ECBE031853
0BE103082855FF554C067806D8BE0314
520BDF03082955BC555206840669BE03
4C520BE303082A55C35505FCC908ECBC
03DC4F0BE903082A55BA55FCFBCF083E
BC035F520BE703082B551D56F5FBCB08
FCBB03F5490BE603082B55145600FCD1
08DDBB030F430BE803082B550B59FBFB
C70869BC03ED490BEF03082B55855886
05250752C40334DC14F703082B554057
9B052D07CFCF0329E0130204082B550D
5A89052707B7D6035FA30C0704082C55
7B5B940533077DD9037D2C110A04082D
55AF5AFAFBD1131DDA0383EF0D0F0408
2D55985AF8FBC6137DDA03893A121204
082F55445BFAFBC413EDDA0356051513
04082F55235C0EFCD31345DB03B82C15
1304083055145BC002F61002DC03DF5E
161504083055E159C6020911EADC039E
81161804082F552B59B60205117ADD03
E94F191B04082F554958BE020E112BDE
03267E1B1D040830558358B70210102E
DF032A781B1D040830558D58A8020B10
07E0032B741B1904083055CA58B30207
10A6E003436C1B17040830559C58B502
1D1047E10385661B15040831555058AC
021010CEE10362631B1904083155BC57
CA0295103CE20399601B1A0408325550
57C9029C108AE203205C1B1E04083155
0257CF029210B8E203EC5A1B23040832
55E156D7029310BAE2034F5B1B2A0408
3255E756C502B210AEE203135B1B2A04
0832552357D5029E109EE203F1591B2E
04083255F556CC02A81098E203C05A1B
31040831550257C902A5108EE203FE59
1B3304083255CE56EB024F1070E2032E
591B3104083355FF56D802561041E203
325B1B2C040833552457DE02671012E2
03C25A1B2A04083355EA56E9026010EA
E10332581B2604083355CF5600039C10
C7E103A9591B260408335501570D03A0
10ADE1038C581B2604083455DF560403
951096E10354591B2404083455D15600
03981079E1032A561B20040834558156
0203A01060E10398541B24040834559D
56A0022E1051E103E1531B2D04083555
0157AB02391050E103B0531B37040834
55E056B60229104BE1036D541B3F0408
34551056A60239104AE10335551B4404
08345587557003B6104DE103FD551B47
0408345536555E03B01059E103B9551B
4904083555E6545C03BA1061E1038655
1B4C0408355586546503BE106BE10310
551B4F040834553E54B40246107EE103
0E561B5404083555E053BC025510AFE1
031B561B5904083555DD53B2024F10E0
E10317571B60040835558253A6025210
08E203C3581B64040835557D53CF029F
1026E2033F581B68040834556553D502
941044E20333571B6E040833553453CC
02941060E2032B571B71040833553A53
CD02961094E203B1591B740408335516
53D7029E10D0E203085A1B7804083355
ED52CC0290100FE30332581B7C040833
55B852D20283104CE303BB571B810408
33558E52D602821080E3038E551B8904
0834559452D0028510CBE30347541B94
040834557852D102821013E403D2551B
9E040833556B52CC02871035E4038957
1BA5040833552A52D2027C105DE40324
5B1BA9040833553852CD0285107EE403
5B641BAE040834552F52BE0287107CE4
03155F1BB0040834552652C202811097
E403C95E1BB404083555F551C2029110
B8E403365B1BBA04083555E651C2028A
10E9E403B7571BC004083555D351C702
73101CE503EE581BC804083655C651D3
026E102BE503035C1BCC040836558A51
D70265102CE503C95D1BCF0408355583
51C4027E1027E503DF5B1BD104083555
6F51CB026A1040E5036C591BD8040835
555951D102921070E50381561BDF0408
34552A51D3029410AEE50399571BE804
083455FA50C7028B10C1E5032C5E1BEE
04083455F550D3028C10B8E5038F5A1B
F404083555D250C0026310C0E503995B
1BF804083555B650BF025810C5E503F4
5C1BFC040836559C50BF025410CCE503
675D1BFF04083555A650C4025C10D7E5
03BB5C1B05050835558C50E0025310F7
E5033F641B09050834557150D8025E10
04E603D2681B0A050833554A50D6025C
1012E6035B6A1B0C050833551150E802
631020E60395651B10050833552050D7
02381038E603725E1B1405083455F44F
D102291064E6030B591B1C05083455C7
4FD302201088E60377581B2305083555
AB4FD50224107FE603EF611B2C050835
55C94FC90229103FE60316691B2E0508
36558F4F04034B1039E6033D6A1B3205
0837557D4FFE0243104AE603DE641B37
050838556F4F0103491044E603795A1B
3F05083755564F0A03421062E603075C
1B4805083855124FDB023A106DE6036B
661B50050837553D4FEC02451068E603
6E6D1B53050837553D4FD7023C108AE6
034C6D1B5505083755F24EE4024710F5
E503466B1B5905083855CD4ED702E20F
80E40372681B5A05083855D44EE102F1
0FE8E30388631B6105083955BF4EDB02
F60F1CE40311681B6605083955994EE1
02F20F34E403476A1B6A050839558D4E
BF021E1067E403D6681B6E0508385553
4EBF021910B5E40371631B7405083855
5A4EB9021E102FE503E65E1B7A050838
553A4EBD021810F1E5032F5F1B820508
3955F64DBB021E10A4E60330651B8805
083955034EF1020110FEE603606B1B8D
05083855F44DF502011046E703296B1B
9405083855D64DF002FA0F8FE703AC6F
1B9705083755BD4DF5020810C9E70369
721B9B05083855B04DD402C90FF8E703
0A741B99050838558D4DD502D10FC3E7
03EA711B9D05083955724DCC02CB0FB7
E603E6671BA205083955464DD302CA0F
1CE60373601BAC050839554C4DEF02DD
0F02E6039B601BB605083A55304DED02
E30F51E60380641BBE05083A55D94CEA
02D90FA4E6030A6B1BC305083B55CB4C
F102E10FF8E603466F1BC805083C55CA
4CCC02DC0F5CE703F1701BCE05083C55
C64CD302D80FD1E703F76A1BD705083C
55B04CCF02DD0F39E803F9691BDD0508
3B55AA4CD502E10F7EE8034E6F1BDE05
083A55A34CCF02DF0FBBE80391721BDC
05083A55A74CDB025610E7E80390751B
DB05083B55AA4CE2025F1015E903DB76
1BE205083C558A4CDC025610DAE8032C
771BF005083B55844CE40265108AE703
4B761BFC05083C55864CDC02BB1046E5
0333721B0906083C556A4CD902BB10DB
E30359711B0E06083C557D4CE102B410
3CE303C3711B1506083D55674CD802BC
10D6E203A8711B1C06083D55684CCC02
8610C6E2032A721B2406083D55984CCE
028310DFE20396741B2A06083C55634C
D3028510A8E2036D771B2E06083C5572
4CC50284102DE20397791B3006083C55
3B4CF7028510D5E103F07A1B3406083D
55174CF9028710B6E103407B1B390608
3D55444CF5028B10B7E103CF7A1B4006
083E55654CF5028710CEE10327791B47
06083F55414CED028C10F9E103AA771B
4E06083F554E4CEE025A102DE2033B78
1B53060840557B4CED025C104EE2033E
791B56060840556D4CED0255105BE203
087B1B5A06083F55444CF502611052E2
03787C1B6006083F553A4CF502FE0F35
E203687C1B6606083E55FA4BF7020710
22E20305761B6F06083D55D14BF40206
1037E20390711B7606083D55A74BF502
FF0F77E203D0721B7B06083D55904BD0
02D60FC8E20382741B8006083D557E4B
CC02D10F18E303B8721B8506083D5527
4BD302DA0F75E3035A6F1B8E06083B55
0B4BD302CB0F1FE403636F1B9206083A
55254B15030D10DBE403B9701B950608
3A55194B0F03161066E5030D731B9506
083A55074B0F031710B3E50327741B98
06083955364B0E031610E1E5035A6F1B
9D06083855F14A0B030E10A4E603786F
1BA506083855E64AE002720F9EE703EE
711BAD06083855D84AE202740F19E803
F36D1BB306083955C44AE6026F0FD7E8
03706A1BBC06083955BB4AD902720F3C
EA031B6A1BC406083955A84AB9025D0F
82EB036D691BCC060839559E4AC40258
0F68EC0370691BD106083955754AC602
600F24ED035C661BD6060839556F4AB9
02630F21EE0350631BDE06083955534A
F9029D0F62EF03BB621BE20608395546
4AF502980F50F0034A641BE506083B55
4D4AEA029E0FC5F0033B641BE906083B
554F4AF802A60F0BF103F3611BEF0608
3C55794A0E032E108CF103595E1BF306
083C55284A15032D105CF20318591BFB
06083D552F4A0803331058F30366551B
0407083D556C4A0D032A1033F403EE53
1B0A07083E55444A09032910CEF40348
531B0F07083D55364AE90256103FF503
47541B1607083D553F4AE3025E107CF5
035C541B1C07083D553D4AEE025510A6
F50378521B2507083E552C4AEF026110
EBF50346511B2F07083E55404AED0262
1046F60378501B3707083D553C4AF002
611087F6033F501B3F07083E55514AEA
025610B4F603CD4F1B4207083D55404A
F5025F10DEF603BC4F1B4807083E5548
4A1403961003F703384F1B4B07083D55
3E4A1303921026F703A84E1B5407083C
55374A14039C104EF703244E1B570708
3B554C4A0B03981072F703DC4D1B6007
083A55264A0803D11094F7030D4D1B67
07083B554A4A0003C310B2F703D3491B
6F07083B55444A0403C810E0F7033545
1B7907083B55644AF702CE102FF803DF
411B8407083B55354A0603CD108DF803
80401B8907083A55384A1A031311D8F8
034B401B8D07083A55424A260310110A
F90373401B9007083A553F4A23031011
21F90380401B9307083A556C4A18031F
1136F90345401B9507083B55424A2D03
E8105EF9032F3E1B9D07083B55654A33
03EF1099F903393B1BA607083C55534A
3503EB10D7F903D7391BAD07083C5545
4A3303E91006FA031D391BB607083C55
6C4AFD02CF1128FA0357381BBE07083D
557E4AFF02D31143FA03FD361BC50708
3E55B04AFC02D61162FA038B351BD007
083F55934AF602D91174FA03EF341BDC
07083D55974A1B03AB107BFA037D341B
E407083D559C4A1C03B01082FA03A734
1BE707083D55AC4A1D03A91083FA0344
351BEB07083C558D4A2003A91082FA03
AD351BEF07083D55BC4A2103A8107DFA
0355361BF507083E55944A0F03E0107E
FA0312361BFD07083F55F94A1E03DF10
77FA0379351B0408083F55244B1603DA
1075FA0308351B0808083E55074B1303
DB107FFA0319351B0C08083E55414B13
03F4108EFA033F351B1308083F556D4B
1203E7109CFA03F3341B1C08083E557A
4B1E03ED10AEFA0365341B2308083E55
C34B1003F010C0FA03E6331B2A08083E
55B14B0803F011C8FA03C0331B2F0808
3E55C84B1C03F511C6FA03E6331B3408
083E55054C1303F211C4FA03E2331B3A
08083F55224C0B030112C3FA038F331B
42080840553C4CF302C610C1FA033533
1B49080840555F4CF102D210BEFA0339
331B4B08084155794CEA02D010BAFA03
9A331B4E08084055874CFB02C810B9FA
0321341B5208084055994CF402C510B4
FA0330351B5608083F55044D22037311
ABFA0372351B5608083E55CE4C19036E
1199FA03CC371B5808083D55D14C1F03
69118DFA03813B1B5608083D55D94C25
03701187FA03153F1B5708083D55DD4C
350320117EFA036F411B5708083D55F9
4C330324116CFA03E9421B5508083E55
DD4C36031C115BFA0326441B5708083D
55164D2D03231148FA030E451B590808
3D55FB4C3303381139FA03CD451B5708
083C55284D3403451126FA0383461B57
08083C552F4D34034C1114FA0320471B
5708083B557B4D2F03411101FA03C247
1B5808083A55424D2203C611F0F9033C
481B5908083A554F4D0503CC11DFF903
5D481B5908083A55484D1103C511CDF9
0379481B59080839553C4D0C03CB11B8
F903B2481B5808083B550F4D1C03C211
A7F903ED481B5908083B55E44C1D03A1
1191F9036C491B5808083C55F84C1C03
A4117FF9037A4A1B5808083C556D4C22
03A9116BF903074B1B5608083B55D94C
1C03A6115AF903053D1B5708083B5574
4D2403C6116BF90373311B5608083B55
F74D1E03C91197F9034D2D1B5508083B
55514E1F03C211C7F903C42B1B560808
3C55F54E1F03C5110AFA03072B1B5608
083C557E4F1C0359114CFA03742A1B55
08083B552F502803571186FA03032A1B
5308083C55A15020035E11ACFA031C29
1B5708083D550E5124035E11C2FA0338
291B5808083D55CC511E039A11CDFA03
DD281B5708083E554D521603A311D7FA
0381281B5508083D55A4521003A411E0
FA035F281B5208083E5506531103AA11
DEFA03E2271B4808083E5546530E03AE
11DCFA03FF271B3A08083E55E7531403
1F11E2FA03F2271B2D08083E55325413
032111E1FA03E5271B2108083F559954
0B031A11DDFA03E2271B1708084055E2
5411031711DAFA03D9271B0D08084055
2E5516030111E1FA03AF271B01080840
5593551003F810E6FA039E271BF10708
40551D561503F410F3FA0360271BE607
08415569560A03FB1004FB034B271BDC
07084155CC56E802671014FB033E271B
CD07084155FE56EF02741021FB032527
1BBC070841551357F20261102BFB03FF
261BAF070842554957EF026B1034FB03
07271B9F070842557557EF02641031FB
0303271B8E070842557A57140365102A
FB0310271B7C07084155AF5715035510
27FB030B271B6A07084155C65717035E
1023FB03FF261B5807084255F3571503
5B101BFB03FB261B46070843552D5835
03491016FB03F7261B36070842552758
2903511011FB03E6261B250708415527
582F03511008FB03E6261B1607084055
0C582B034E1008FB03E3261B0507083F
551E581503C61012FB03BC261BF30608
3E552E581103CC101DFB03A7261BE006
083F5514581503CB1024FB0385261BCF
06083F5552581103C7102BFB0375261B
C006083F55D15704039D1029FB037D26
1BB006083F55B957180392102BFB037D
261B9E06083F55EB570D039F102BFB03
6A261B8E06083E55B15709039B1026FB
0370261B8006083F557A57080398101A
FB0385261B7206083F552D570F03B00F
08FB03A7261B6006083F55B3570E03B7
0FF8FA03AF261B4D06083F5522571903
AA0FE7FA03BC261B3A06083D550D571A
03AF0FCFFA03D2261B2B06083E550957
0203D20FB6FA03F3261B1506084055D5
56F702D10F91FA0329271B0306084055
AF56FC02CB0F69FA0353271BF2050842
55E8560403CE0F39FA0396271BDD0508
4155C456EF023D1002FA03DD271BCB05
084155B356F1023E10D0F9030C281BB9
050840555256EF023B109CF90345281B
A9050840553056F3023F1060F9038E28
1B94050840550556DA02211114F903FF
281B8005084055C155DF021F1190F803
032A1B6C050840558355E0022211E9F7
03142B1B5805083F556855E20224112D
F703182C1B41050840552C55DC022711
63F603092D1B3005083F550C55D202EF
0F6CF503972E1B1805083E55F954C902
EF0F78F403B92F1B0205083F55D854D3
02F00F5FF3036F311BED04083F557054
D702F30F2FF20342331BD604083E5550
54BA023A100BF1037E341BBF04083D55
3754BB023610FBEF03B5351BAA04083D
55FA53C6024410F9EE03D8361B980408
3D55B853C2023C101EEE03D4371B8A04
083E55AD53D3025E104AED03E2381B77
04083E558C53CC024B1071EC031C3A1B
6404083E55BD53D5025A10A3EB030F3B
1B5004083D558C53D3024D10EEEA03E2
3B1B3F04083D558A53B4029D104EEA03
7A3C1B2A04083D553B53B3029910BCE9
03E63C1B1604083E55DA57AD02A2101A
E903E93D1B0C04083D55075CB4029910
42E803833F1B0C04083E55625AAE028C
1052E7033A411B0D04083E555658D802
B31026E6032A431B0C04083E551557E2
02A71018E503C3441B0E04083D558356
E602A71041E4035B451B0E04083E55EF
55DF02AA10B3E3038E451B0F04083F55
5B55AE02B80F66E30380451B10040840
55E254A802AE0F55E30335451B100408
40556454B102B10F66E303E5441B1004
0840551454AB02B80F7EE303CF441B16
04084155AA53FF02CB1089E30306451B
1604084055AE53FC02CD1087E3033D45
1B14040841557E530003C510B0E303C7
441B100408405542530103C710FEE303
FE431B0E04083F556753D202AE1049E4
03C5431B0F040840553E53C302B5107A
E403C9431B15040842554553D502B810
90E403F3431B1A04084155EC52C802BA
108AE40322441B19040842550553D202
BC107AE4036A441B0D040843559C529B
021A105BE40390441BFC030844551E52
A002201047E403B2441BEE0308435599
529A02231040E403B5441BE403084355
9952A202181032E403ED441BE2030843
5584537E09023F16E403EA6F18E20308
4255EB538309093F26E4035BF20EE003
0843556D528709083F63E40363B80FE4
030842556C528009093FADE40395B00E
E3030844558C529210810C00E503EE71
0EE3030845554F529510820C4DE503BB
490EE40308455513528F10920C96E503
949D0EE2030845558C5189108D0CD6E5
0343DF0EE4030844553C5116FC1D050E
E603DD640EE103084355045106FC2905
4CE603FB100EE203084155F45407FC27
0586E6036ADD0DE2030840553B5902FC
2605</Data>

   <DataCRC>e469a9c5</DataCRC>

   <BytesSent>6562</BytesSent>

</SBEDataUpload>
</InstrumentRawData>
</SBEDataUploadFile>
