<?xml version="1.0"?>
<!-- SCPlusV2_RS232 -->
<SBEDataUploadFile>
<ApplicationData>
<Seaterm232>
<SoftwareVersion>2.6.3.104</SoftwareVersion>
<BuildDate>30-Jun-2017</BuildDate>
</Seaterm232>
</ApplicationData>
<InstrumentState>
<HardwareData DeviceType='SBE19plus' SerialNumber='01906740'>

   <Manufacturer>Sea-Bird Electronics, Inc.</Manufacturer>

   <FirmwareVersion>2.2d</FirmwareVersion>

   <FirmwareDate>9 February 2011 08:30</FirmwareDate>

   <CommandSetVersion>1.1</CommandSetVersion>

   <PCBAssembly PCBSerialNum='25307' AssemblyNum='41054G'/>

   <PCBAssembly PCBSerialNum='25737' AssemblyNum='41580B'/>

   <PCBAssembly PCBSerialNum='24669' AssemblyNum='41606'/>

   <PCBAssembly PCBSerialNum='24372' AssemblyNum='41059D'/>

   <MfgDate>  08 DEC 2010</MfgDate>

   <InternalSensors>

      <Sensor id='Main Temperature'>

         <type>temperature0</type>

         <SerialNumber>01906740</SerialNumber>

      </Sensor>

      <Sensor id='Main Conductivity'>

         <type>conductivity-0</type>

         <SerialNumber>01906740</SerialNumber>

      </Sensor>

      <Sensor id='Main Pressure'>

         <type>strain-0</type>

         <SerialNumber>3220369</SerialNumber>

      </Sensor>

   </InternalSensors>

   <ExternalSensors>

      <Sensor id='volt 0'>

         <type>SBE 43 OXY</type>

         <SerialNumber>432005</SerialNumber>

      </Sensor>

      <Sensor id='volt 1'>

         <type>not assigned</type>

         <SerialNumber>not assigned</SerialNumber>

      </Sensor>

      <Sensor id='volt 2'>

         <type>ECO-FLNTURT CHL</type>

         <SerialNumber>FLNTURTD-2025</SerialNumber>

      </Sensor>

      <Sensor id='volt 3'>

         <type>ECO-FLNTURT TURB</type>

         <SerialNumber>FLNTURTD-2025</SerialNumber>

      </Sensor>

      <Sensor id='volt 4'>

         <type>not assigned</type>

         <SerialNumber>not assigned</SerialNumber>

      </Sensor>

      <Sensor id='volt 5'>

         <type>not assigned</type>

         <SerialNumber>not assigned</SerialNumber>

      </Sensor>

   </ExternalSensors>

</HardwareData>
<StatusData DeviceType='SBE19plus' SerialNumber='01906740'>

   <DateTime>2018-11-26T19:37:10</DateTime>

   <LoggingState>not logging</LoggingState>

   <EventSummary numEvents='241'/>

   <Power>

      <vMain>12.4</vMain>

      <vLith>5.3</vLith>

      <iMain>61.4</iMain>

      <iPump>156.8</iPump>

      <iExt01> 4.2</iExt01>

      <iExt2345>18.2</iExt2345>

   </Power>

   <MemorySummary>

      <Bytes>1110270</Bytes>

      <Samples>65310</Samples>

      <SamplesFree>3805169</SamplesFree>

      <SampleLength>17</SampleLength>

      <Profiles>71</Profiles>

   </MemorySummary>

</StatusData>
<ConfigurationData DeviceType='SBE19plus' SerialNumber='01906740'>

   <ProfileMode>

      <ScansToAverage>1</ScansToAverage>

      <MinimumCondFreq>3226</MinimumCondFreq>

      <PumpDelay>60</PumpDelay>

      <AutoRun>no</AutoRun>

      <IgnoreSwitch>no</IgnoreSwitch>

   </ProfileMode>

   <Battery>

      <Type>alkaline</Type>

      <CutOff>7.5</CutOff>

   </Battery>

   <DataChannels>

      <ExtVolt0>yes</ExtVolt0>

      <ExtVolt1>no</ExtVolt1>

      <ExtVolt2>yes</ExtVolt2>

      <ExtVolt3>yes</ExtVolt3>

      <ExtVolt4>no</ExtVolt4>

      <ExtVolt5>no</ExtVolt5>

      <SBE38>no</SBE38>

      <OPTODE>no</OPTODE>

      <GTD>no</GTD>

   </DataChannels>

   <EchoCharacters>yes</EchoCharacters>

   <OutputExecutedTag>yes</OutputExecutedTag>

   <OutputFormat>raw HEX</OutputFormat>

</ConfigurationData>
<CalibrationCoefficients DeviceType='SBE19plus' SerialNumber='01906740'>

   <Calibration format='TEMP1' id='Main Temperature'>

      <SerialNum>01906740</SerialNum>

      <CalDate>07-Jan-11 </CalDate>

      <TA0>1.255288e-03</TA0>

      <TA1>2.593288e-04</TA1>

      <TA2>-2.376104e-07</TA2>

      <TA3>1.449298e-07</TA3>

      <TOFFSET>0.000000e+00</TOFFSET>

   </Calibration>

   <Calibration format='WBCOND0' id='Main Conductivity'>

      <SerialNum>01906740</SerialNum>

      <CalDate>07-Jan-11</CalDate>

      <G>-1.033008e+00</G>

      <H>1.393941e-01</H>

      <I>-2.175401e-04</I>

      <J>3.475757e-05</J>

      <CPCOR>-9.570000e-08</CPCOR>

      <CTCOR>3.250000e-06</CTCOR>

      <CSLOPE>1.000000e+00</CSLOPE>

   </Calibration>

   <Calibration format='STRAIN0' id='Main Pressure'>

      <SerialNum>3220369</SerialNum>

      <CalDate>21-Dec-10</CalDate>

      <PA0>8.222195e-01</PA0>

      <PA1>1.566037e-02</PA1>

      <PA2>-6.194425e-10</PA2>

      <PTCA0>5.244452e+05</PTCA0>

      <PTCA1>4.417653e+00</PTCA1>

      <PTCA2>-9.798927e-02</PTCA2>

      <PTCB0>2.510725e+01</PTCB0>

      <PTCB1>-1.150000e-03</PTCB1>

      <PTCB2>0.000000e+00</PTCB2>

      <PTEMPA0>-5.917147e+01</PTEMPA0>

      <PTEMPA1>5.387460e+01</PTEMPA1>

      <PTEMPA2>-2.653169e-01</PTEMPA2>

      <POFFSET>0.000000e+00</POFFSET>

      <PRANGE>5.076000e+03</PRANGE>

   </Calibration>

   <Calibration format='VOLT0' id='Volt 0'>

      <OFFSET>-4.687158e-02</OFFSET>

      <SLOPE>1.247988e+00</SLOPE>

   </Calibration>

   <Calibration format='VOLT0' id='Volt 1'>

      <OFFSET>-4.719579e-02</OFFSET>

      <SLOPE>1.248132e+00</SLOPE>

   </Calibration>

   <Calibration format='VOLT0' id='Volt 2'>

      <OFFSET>-4.684526e-02</OFFSET>

      <SLOPE>1.248324e+00</SLOPE>

   </Calibration>

   <Calibration format='VOLT0' id='Volt 3'>

      <OFFSET>-4.678105e-02</OFFSET>

      <SLOPE>1.247145e+00</SLOPE>

   </Calibration>

   <Calibration format='VOLT0' id='Volt 4'>

      <OFFSET>-4.669684e-02</OFFSET>

      <SLOPE>1.248307e+00</SLOPE>

   </Calibration>

   <Calibration format='VOLT0' id='Volt 5'>

      <OFFSET>-4.709579e-02</OFFSET>

      <SLOPE>1.247697e+00</SLOPE>

   </Calibration>

   <Calibration format='FREQ0' id='external frequency channel'>

      <EXTFREQSF>9.999977e-01</EXTFREQSF>

   </Calibration>

</CalibrationCoefficients>
<EventCounters DeviceType='SBE19plus' SerialNumber='01906740'>

   <EventSummary numEvents='241'/>

   <Event type='ErrorFLASHUncorrectableError' count='241'/>

</EventCounters></InstrumentState>
<Headers>

cast  58 25 Nov 2018 10:21:57 samples 57573 to 58683, avg = 1, stop = mag switch

</Headers><InstrumentRawData>
<SBEDataUpload startAddr='978724'>

   <Type>1</Type>

   <DataFormat>SEACATPLUS0</DataFormat>

   <Bytes>18887</Bytes>

   <Data>
05A0035E660FE0030824575D522B0104
FCBA9F0365A90DE3030825570D533301
FBFB5F9F036B0E0DE703082557C55335
01F3FB8E9F036EE80CEE03082657DF58
4201FEFB11A7037D5E0EF803082657BF
592003FAFB45B5032D640EFD03082857
5F592003F3FB69C80312310F00040829
57B9582003F4FB3ED503E6E410030408
2A57FD572603F9FBC6DC03E2D9140604
082C57CE589100954D39E2037DDA1509
04082C5741588800954DABE603338016
0804082D5775578400904D4EEA036B12
1A0A04082E5762568C008F4D76ED03D0
70170D04082F57C1559B02073F69EF03
36561A1204083157E9559B02033FC4F0
035B6A1B1804083257C754A102063FD4
F103F9691B2004083457B9549D02033F
C0F2036B521B23040836574E54A20207
3F46F4034E4A1B260408375717543D01
680D09F6035B431B2604083857015437
01760D96F7037E3F1B27040838570154
3801680DF6F8038A381B2704083957B3
533501660D48FA0398361B2604083957
7A5378034810A3FB0344361B25040839
5790536C0344100AFD0317321B240408
39577F536F0349104DFE039D311B2404
08395762536A034F105CFF032B301B24
04083A5755533A03D00C360004792C1B
2404083B576B532E03C20CCE0004622A
1B2704083C5764532903D80C620104C4
2A1B2704083C576F532703CE0CF90104
EA291B2704083C5740538002630B6A02
0403291B2804083C5763537F025D0BD3
02048A251B2604083D574A537F02610B
1203040C271B2704083C5759537B0256
0B440304162F1B2804083C57AD537902
5D0B590304FF401B2C04083D57B553B6
032C0B650304BC3E1B2C04083D57B253
C0032E0B6A0304ED321B2D04083D57A1
53AE03340B500304262F1B2C04083D57
7D53B903340B290304A32D1B2A04083E
57855368023F0C430304322C1B280408
3E574D5368023F0C7B0304962A1B2704
08405709536D02410CA5030429251B26
04083F57DB526702400C11040476221B
2A04083F57D15270018B0CA204048020
1B2A04083F572B536F018C0C6D0504A1
1F1B2C04084057AC527B018A0C3B0604
B71F1B2C0408415749527101880CE406
046B1F1B2C0408405719524203380A56
07040C1E1B2A0408405702524B03340A
CD07041D1D1B2A04084157F45153033F
0A4D0804A01C1B2C04084057EA515003
2D0A930804A01C1B2A04084057795155
032D0A9D0804A81C1B2A040841574751
F801E40CA40804E31C1B2B040841571D
51FD01ED0CC40804E31D1B2C04084257
FD50EF01E90C0C0904AE1F1B2C040842
571851F801E20C7C090444211B290408
42571451EA02EE0AEA0904B1211B2B04
0841571151E102E80A430A0401211B29
04084257E350E902F30AA20A0423201B
2B04084257E350EC02EE0AFD0A04991F
1B2A04084257BE50BF01DB0A480B04AA
1F1B2B04084257B050C201EC0A7C0B04
06201B2D04084357A450C301E40AAC0B
0484201B2F040842579850D201EC0AC1
0B04F1201B30040843577A506E03620D
D80B042B211B31040843577250710357
0DFA0B047B211B330408435743507303
5D0D280C0426231B32040844573A5071
035C0D2C0C044F251B30040843572250
6C035E0D000C04E3241B2F0408435714
500B03590BDC0B04CD251B2C04084357
F94F0203580BE60B042A241B2E040844
57E44F1203590B0C0C04E8201B2E0408
4457D54F0A03520B3C0C04C31F1B2F04
084457AF4F1603590B780C04D41F1B31
04084357954F1A03580B970C0480201B
3404084357804F2203670B8E0C04C621
1B34040844577E4F22035E0B7C0C04BF
221B33040843575E4F6C02FE0B690C04
DA231B3404084457514F6E02060C610C
04C1241B2F040845573F4F5E02FA0B5F
0C04D1241B2F04084557184F7902040C
680C04E3231B2E04084557FC4EEF02C5
0C840C04D3211B2E04084557024FEA02
CF0CA00C045E201B3004084557D94EE6
02D10CAF0C0493201B2D04084657AE4E
EC02C50C8F0C0472211B2E040846579C
4EEA02C60C470C0416221B2E04084657
964E7F02A20CFE0B0461221B30040846
578C4E8102990CD70B0449211B2F0408
47577D4E8202990CC50B048D1F1B2F04
0847576D4E7302A00C970B04B21F1B31
040847574E4EE703750C4E0B04A0211B
2E040847573A4EDB037B0CEA0A04B823
1B2D040847572B4EED03710C7D0A04F3
231B2B04084757034EE903700C280A04
48231B2B04084757D14D0003EA0B100A
041F211B2B04084657C14DFC02EE0B2A
0A041D1E1B2E04084757AE4D0003EA0B
3D0A041F211B3004084757924DFD02EC
0BDD09048E2B1B3204084857854DEC03
930C8B09046A301B3104084857964DFA
038E0CA80904CF311B3004084857874D
EC038C0CD009046E301B2C0408485775
4DED038A0CAF0904B42C1B2C04084857
5E4DF2038D0C5809042D281B2A040848
57384D0104980B31090492261B2A0408
48571E4DF0038A0B1F090458231B2C04
084957004DF4038B0B3E090483211B30
04084957ED4CFF03880B52090492261B
3404084957C84C26030D0B040904112F
1B3504084957BC4C1E030F0BD2080418
331B3504084957B84C1B03090BF50804
81331B3104084957814C1A03120BF708
04C82F1B3004084A57844C7E03F70AA8
0804B82A1B3004084A576D4C7603F30A
7008040C281B3104084A575A4C7E03F6
0A6C080470281B3004084A57564C7803
F00A6A0804102A1B2E040849574A4CB2
02370C43080485281B2F04084957334C
AF02440C4408049A261B31040849571F
4CB0024C0C5D080400251B3304084957
024CB502420C6E080431271B36040849
57ED4BAE02410C5D08043F2E1B370408
4957DB4B9C02A90B2B0804F1311B3704
084957BE4B8E029D0B26080463331B36
04084957B84B9A029A0B360804ED321B
3604084957944BA5029C0B2B0804DF2F
1B3404084A57874BE2026A0CF90704C4
2B1B3704084A576B4BE202660CC80704
D92B1B3804084B57654BD402700C8C07
041A301B3704084B57544BD2026B0C18
070410341B3704084B57494B1502F60C
BD060405361B3604084A571E4B1F02FB
0C87060431331B3804084B57164B1202
FB0C7906043B2E1B3804084B57FF4A0C
02F80C810604652E1B3904084B57E14A
1A03BA0C82060447321B3904084C57D5
4A1203BD0C5F06049C351B3904084C57
C94A2303B90C3B0604BF371B3804084C
57AA4A1103B90C27060421391B330408
4C579F4A1E03BB0C1B0604A6371B2F04
084D57894AEA02850C0706049D311B2F
04084D578F4AE8028D0CFE05045C2D1B
3204084C577E4AEC027A0C1B0604532B
1B3404084C57684AEE027A0C4E060479
2A1B3404084D576C4AA002EC0B660604
F32B1B3504084C57424AA002F30B3606
0419301B3704084D57344A8902EE0BAD
05046C331B3604084D572C4AA602E80B
51050472351B3704084E570C4A390398
0B410504B2361B3604084E57084A4403
A60B510504A6371B3504084D57F74937
03A70B6405045A381B3504084E57EE49
3E039F0B6F0504DA381B3604084E57D2
493001C70B6F05044C391B3604084E57
D2493101C10B64050482391B3504084E
57D1493A01C10B500504E8351B340408
4E57D1493301BC0B2C050476301B3604
084E57C6493F01C00B1B050476301B36
04084E57B449F702E10B1C0504E9311B
3704084F579B49FC02DD0BFE04047D33
1B3604084F579149FC02E10BCD040443
351B3604084F578449F902DB0BA30404
12371B330408505776493E03960B8D04
0446381B3304084F576A493F03A80B7D
040404391B3504084F57784933039D0B
6D04043B391B320408505770493803A8
0B54040431391B320408505756492501
C90B32040419391B310408505753491C
01C10B090404D6381B32040850573249
2401B60BDE030437391B32040851573A
492401C50BB303041E3A1B3204085157
3649B502330C8E0304583B1B35040851
572149B302330C710304083C1B340408
52570A49B602330C5C0304543C1B3604
085157F048BF022E0C480304193C1B34
040851570E49B602350C2D0304C23B1B
3504085157E648C402DA0C090304673B
1B3604085157C148D502DA0CE20204CB
3A1B3604085157B448D002D90CBB0204
633B1B37040851579648CA02DD0C9A02
04173C1B36040851578248CB02A20C79
0204083C1B37040851577A48CF029A0C
5802044A3B1B34040852577148C50299
0C3C02040F3B1B31040852576748C602
970C2202042F3A1B2F040852577A48F4
02A30B0E020454351B2E040852576448
EA029C0B2B0204B5351B2D0408525734
48E9029D0B5D0204ED361B2E04085357
3E49EA02A60B7302044A381B2F040852
57FE487C03FE0B7502047E391B300408
525793486603010C550204AA3A1B3204
0852575F486A03020C2E0204E93A1B34
04085257364877030A0C070204FA3A1B
350408525722486703000CE70104633B
1B3804085357FE473503D60ACC010495
3B1B3904085357DD474903D50AB30104
ED3A1B3704085357C4474003DC0A9801
04493A1B3504085357B7473803D60A7D
0104F0391B3204085457B0479C022A0C
640104693A1B30040854579B47A80230
0C4C0104B63A1B2F0408545787479B02
300C350104733A1B3004085457594796
02320C1F010481381B2F040853575F47
5B02720C1C01042A351B31040854575D
475702750C5D010412361B3304085357
46475702750CA80104BE361B35040853
5734475B02740CC701047B361B330408
535734476D02680CDA010497351B3504
0853570D476802780C0902045C351B37
040854570F4766027C0C410204EC351B
3504085457F4466802730C600204ED36
1B3404085357E7466602760C62020417
371B3304085357EC465C034D0B580204
B6361B3204085357DE465C03590B5A02
0443361B2F04085457D1466003540B6B
0204A5361B2D04085357CB465A035F0B
81020434371B2D04085357CC46BA0255
0C8C020413371B2B04085357B046C102
540C8E02048E341B2F04085357C146B9
02500CC4020499351B2F040854578246
B502480CFA0204AA371B300408545781
46AB026C0CF00204C9381B3204085557
5846A502710CCE02046C381B32040856
574B46AC02780CB50204D6351B340408
56574446A702750CD6020443351B3504
08565748469A029C0B1103044D361B35
0408565738469502910B2F0304F9361B
370408565720468A028B0B2D03048437
1B360408575719469A02900B1303040D
381B38040857571D469802990BF20204
D9371B35040857570F46F702550CD402
0491371B36040857570446E6025D0CC3
020484371B3504085757EE45F302530C
B4020407381B3604085857DF45E70255
0CA7020462381B3604085857E345C202
170C9502048E381B3504085857C945B4
02150C800204B8381B3304085857C045
BA020F0C69020469391B3404085857A7
45C102110C530204083A1B3404085857
9A45D902350C3702048F391B34040858
578D45CF02330C1E02049B381B350408
58579F45E102370C0F0204DD371B3304
0859577E45DE022D0C140204A2371B34
0408595775459202060C2102049F381B
360408595760458A02150C220204DB39
1B380408595755458202100C10020473
3A1B3904085A575C4583020C0CF70104
1E3A1B3704085A574B458C02010CDD01
04EC381B3504085A5740451903410CD1
01046C381B3504085A5737451303440C
D001043D371B3304085A575F4522033E
0CEE0104072A1B3104085A57AC451603
3B0C110304851E1B3404085A5772458F
022F0C0A05045F171B3404085A576A45
8502300C2F070436131B3404085A5761
459002320C250904DF101B3504085957
4C4586023B0CB60A04780F1B38040859
574C459602870CE50B04A30E1B370408
59574E4595027C0CDB0C04EC0D1B3604
08595777458502860C950D04410D1B38
0408595774458C02790C120E04C50C1B
360408595790452003850C620E04540C
1B3604085957A14515038C0C960E0437
0C1B380408595799451F03770CAD0E04
540C1B3904085A57DB4511037D0CAF0E
04540C1B3704085A57DC451303840CA9
0E04370C1B3904085B570946AE026F0C
950E04090C1B3804085C572A46BE025B
0C870E04E40B1B3704085B574646BA02
640C7B0E04C70B1B3704085C577346C8
025B0C640E04A50B1B3404085C57B946
92024C0C420E04CF0B1B3504085C5705
478A024E0C200E04F40B1B3604085C57
574798024E0C150E04F90B1B3604085C
578E4799024A0C0A0E04DB0B1B390408
5D57FE4798024D0CFB0D04C30B1B3904
085E573A489502520CE50D04890B1B38
04085E5798489D02530CD70D04A10B1B
3604085E57EB489302500CDB0D04A10B
1B3704085E573349F402530CE20D0488
0B1B3804085E576E49FE02490CE10D04
780B1B3604085E57B749F902580CC40D
049D0B1B3504085D57104AFD025C0C9C
0D04E80B1B3404085D57464AF702510C
680D04260C1B3404085D57824A8E0299
0C290D04580C1B3504085D57B34A8E02
9F0CD80C04D10C1B3604085D57DB4A8E
029D0C820C043D0D1B3A04085D57224B
90029D0C2A0C049D0D1B3C04085E575C
4B96022D0CE40B04CF0D1B3C04085E57
894B9F02330CB20B04E80D1B3A04085E
579E4B9802370C930B04F00D1B390408
5D57E34B9302340C7E0B04F90D1B3A04
085E57104C21032A0C680B04010E1B38
04085E57284C2D03210C4D0B041E0E1B
3704085E57544C3003250C1E0B04440E
1B3404085E577E4C2903210CEA0A048A
0E1B3404085D579D4CD7025D0CAF0A04
DE0E1B3404085D57CF4CD102510C790A
04240F1B3604085D570D4DC602570C5E
0A04240F1B3404085D571D4DCD025A0C
550A04F70E1B3404085D57464DCC0254
0C540A04D10E1B3404085D575A4D9502
410C6E0A04930E1B3604085D575F4D95
02330CA80A04160E1B3804085E576E4D
9C02420CEB0A04950D1B3A04085E5780
4D91024A0C2F0B043D0D1B3C04085E57
924D2A038E0C6A0B040B0D1B3B04085E
57AE4D2903920C890B04140D1B380408
5F57C54D2F037F0CA60B040F0D1B3604
085E57D84D33038E0CC80B04D90C1B34
04085E57064E7102AF0CFF0B04860C1B
3204085F571A4E7D02BC0C350C04220C
1B3304085F57324E7502BC0C550C04FD
0B1B3404085F57414E7702BB0C630C04
050C1B3504085F57394E88021C0C6F0C
041A0C1B3704085F57544EB302280C70
0C041E0C1B3604085E57554EB5021D0C
6C0C04190C1B3704085E576F4EB2022C
0C630C04220C1B3904085E57894EA602
220C5A0C04260C1B3804085E57A14ECD
02700C530C04370C1B3804085D57924E
CC027D0C420C04440C1B3904085D57B6
4ECD026A0C1F0C04750C1B3804085D57
D24EC602730CED0B04CD0C1B3804085D
57D04ED702610CAD0B04180D1B360408
5D57E14EDA02530C730B04410D1B3404
085D57F54ED1025E0C410B046F0D1B34
04085C57FF4EDD025A0C1D0B04910D1B
3404085D57134FF6025B0C080B04A10D
1B3604085D571E4FF902570CF10A04BA
0D1B3804085D57194F02035B0CE10A04
C30D1B3A04085D571C4FFF02500CD30A
04CF0D1B3A04085D57154FF102390CCC
0A04BE0D1B3A04085E57334FF3022E0C
D00A049D0D1B3A04085F574A4FF8022B
0CE10A046F0D1B3A04085E574D4FFA02
2B0CED0A04670D1B3804085E574C4FF5
022F0C260B04DE0C1B3604085E57594F
C802720CBE0B04850B1B3904085E5763
4FCF02850C790C04440A1B3604085E57
504FCE02840C0E0D04B2091B3604085F
57554FC902830C690D04CB091B350408
5F57724FC602330C9D0D04E4091B3904
085E57774FC402380CBC0D04CF091B38
04085E57824FD502260CD20D04BB091B
3904085E57774FC802340CC60D04F109
1B3A04085E577C4FC002450C920D0469
0A1B3804085E57974FC802500C4C0D04
E60A1B3704085F57C44FD102440CFF0C
04460B1B3704085F57A94FCF024A0CBA
0C04880B1B3304085F57A64FD302590C
900C048C0B1B3304085E57B24FC6025E
0C6B0C04A50B1B3504085F57BD4FCC02
5D0C310C04160C1B3604086057C64FCF
02680CE30B04A30C1B3804086057D94F
C402670C900B04030D1B38040860572E
50D202770C440B043D0D1B3904085F57
FE4FCF02710CFE0A04880D1B3704085F
57D54FCC02670CCE0A049D0D1B360408
5F57E24FD3026F0CB50A048C0D1B3704
085F57D54FC202570CAA0A047C0D1B3A
04086057E64FB3024C0C9A0A04920D1B
3E04086057F34FBE02550C790A04D30D
1B4604086057E54FB902510C510A041A
0E1B4804086057DE4F9B025F0C340A04
330E1B4E04085F57105096026C0C3F0A
040D0E1B5204085F5709509D02660CA2
0A040B0D1B5504085F570B509802600C
1F0B041E0C1B5804085E574750A4026A
0CC50B04240B1B5D04085E574050BA02
2C0C9C0C040E0A1B6204085E576450BE
023C0C660D043A091B6104085E576C50
BE022E0C530E04BB071B6404085E574E
50C3022C0C640F0420061B6304085F57
4750D902570C741004C7041B6604085F
572B50D5024B0C581104E7031B6C0408
60572F50E5025F0C0412046E031B6B04
0860572050E3024E0C83120428031B6E
040860572D50EA02460CE11204E1021B
71040860573A50DF02440C271304B802
1B73040860574D50EA023F0C5213049B
021B78040860575150E3023F0C741304
6D021B7B040861575D50F702490C9313
0422021B7E040861575D50FE024F0CBF
1304C7011B80040861575550FF025A0C
FB130474011B8204086157AC50F3024F
0C2D1404EB001B85040862579F50FD02
530C541404E3001B86040862577A5002
033D0C77140498001B88040862579250
10033C0C97140466001B890408625779
500B03460CB314046B001B8C04086157
9E500E03480CC9140449001B8D040862
57B0500F03460CD5140439001B920408
615783500E03570CE314040F001B9104
08615769500F03570C091504C0FF1A90
0408625771500F03640C4615044CFF1A
8E040861575950F1023B0C8F1504E1FE
1A8E040862573850E2023A0CD8150479
FE1A93040862574350F5023A0C131604
37FE1A95040863573350EA02470C3216
043FFE1A98040863572250E702330C3D
160458FE1A9A040862575150D702410C
3E160443FE1A9C040862572750D00242
0C30160468FE1A9E040862572B50E102
390C27160464FE1A9E040862572450E2
02400C2816044FFE1AA2040863572450
DE021B0C2E16044BFE1AA7040862574D
50DC02060C44160405FE1AA904086257
6750DC02140C651604A1FD1AAB040862
574950D902170C8516048DFD1AAC0408
61574950DB02450CA0160470FD1AAE04
0862575F50E202460CC316041DFD1AAE
040861573850DB02500CDA160419FD1A
B3040861575A50DB02400CED1604EBFC
1AB8040861575750E402560CFC1604D6
FC1ABF040861573E50EE02490C0E1704
D6FC1AC3040861575E50F102530C4017
0462FC1AC4040861579650F002610C84
1704B0FB1AC7040862574C50E102460C
D417044DFB1AC3040862570C50D90244
0C2B1804E1FA1AC1040862570B50DD02
3B0C6E180492FA1AC004086257F64FD8
024E0C99180492FA1AC7040861571450
DF02510CB4180497FA1ACB04086157FA
4FFE023A0CC918047EFA1AD004086257
0450F502450CDC18046DFA1AD6040862
57E64FFF02410CEA180448FA1ADA0408
6257E84FF902490CF8180448FA1ADB04
086157E04F0303470C0319042FFA1ADC
0408615703501003310C0E19041FFA1A
DC0408615771501303480C1A1904DCF9
1ADE0408615738500603420C241904E5
F91ADD0408615706500703480C251904
E5F91AE104086157F64F0003480C2119
04EDF91AEA040861573E500503500C1F
1904E9F91AF10408605763500003380C
191904E5F91AFB040860572750F0027C
0C1A1904EDF91A00050860571650F302
820C271904C3F91A08050860570750EA
02840C3919048BF91A0E050860576E50
E702860C44190479F91A130508605764
50E402830C5A190460F91A1605085F57
8650F6024C0C73190416F91A1605085F
572A50FD02550C8D1904FDF81A140508
5F57DC4FF302550CA2190401F91A1205
085E57E74FFE02560CB41904D3F81A12
05085E57C14F0E03570CCA1904CBF81A
1305085F57F54F0B034E0CD61904A2F8
1A1505085E57C74F0E03560CDF1904AE
F81A1405085E578A4F0F034C0CE01904
B6F81A1505085E57A04F13033F0CE419
04BBF81A1605085E578A4F1B03430CEC
1904B2F81A1305085E577B4F1C03420C
FF190495F81A1705085E57884F1A033A
0C1C1A0457F81A1C05085E57B94FF702
530C401A0404F81A1E05085E57AC4F00
035A0C811A04A5F71A1D05085E57AD4F
F802580CE21A04F3F61A2005085E5799
4F01034D0C321B0498F61A2105085F57
7C4FF902510C6D1B0484F61A2205085F
57954F0703440C981B046BF61A220508
6057844FF3023C0CB31B044AF61A2305
086057794F08033D0CBC1B044EF61A25
05086057864F04033F0CBE1B045FF61A
2B050861577C4F1D036A0CC01B045AF6
1A34050861575A4F2903660CC21B044A
F61A3A05086157594F1C035F0CCC1B04
1CF61A4105086057564F1F035F0CED1B
04B1F51A4A05086057304FF102AC0C23
1C0449F51A4F05086057334FE402AF0C
641C04DAF41A5005086057524FE902AE
0CA41C0487F41A5305086057424FE702
AD0CE01C0445F41A55050860572C4FF4
02330C0F1D0420F41A57050860575A4F
F1022E0C391D040FF41A590508615743
4FF6023B0C5C1D04FBF31A5B05086157
3B4FFE022F0C731D04F7F31A64050860
574B4FED02280C711D0407F41A6F0508
60573E4F1903500C6B1D042CF41A7605
0860573A4F1C03590C7A1D04EAF31A7F
050860572F4F1403580C921D04A8F31A
8505086057354F1A03560CB31D0472F3
1A9005085F57594FF302460CD11D0451
F31A9405085F573D4F0303390CEF1D04
24F31A9A05085F57334FF2023F0C0E1E
04FAF21AA205085F574A4FF802420C16
1E04FAF21AAC05086057404FF402600C
1F1E04F6F21AB6050860572A4FFC0264
0C3A1E04B8F21ABE05086057534F0003
5D0C631E046EF21AC7050860574E4F03
035E0C901E0424F21ACF050860572D4F
0B03760CB01E040BF21AD605085F5724
4F0803840CDE1E04CEF11AD905085F57
374F0B037C0C291F043CF11ADD05085F
57364F05037B0C6D1F04D5F01AE70508
5F57204F1103720CA51F049FF01AF205
085F572D4F1C03570CD51F047EF01AF9
05085E572E4F1803570CE61F0483F01A
FD05085E572C4F1C03500CD31F04E6F0
1AFF05085E572B4F2403440CB51F041F
F11A0506085F57224F1F03E80C921F04
45F11A0B06085F57264F2003DA0C761F
0441F11A1106085F57374F1103DE0C6A
1F0438F11A1506085F57394F1503E00C
721F0413F11A1906085F572F4F020360
0C911F04C5F01A1E06085F57214F0603
640CBB1F0472F01A2406085E57244F04
035F0CE91F043CF01A2D06085D572C4F
0003620C0F20042CF01A3606085E5735
4FF502730C352004E2EF1A3F06085E57
1A4F03037B0C4E2004A3EF1A4606085E
573E4FF302690C612004A0EF1A4D0608
5E571D4F0003670C7420048FEF1A5206
085E57294F00036A0C8B20047AEF1A5A
06085E57254F29038E0CA0200459EF1A
6006085E57154F3403860CB6200438EF
1A6906085E57374F2D03840CCF20041B
EF1A6F06085E57254F39038B0CE52004
03EF1A7B06085D57264F1A03630CF620
04EEEE1A8006085D57284F17037B0C0F
2104D1EE1A8806085C57284F2403650C
2D210497EE1A9206085C57284F11037B
0C4D21046AEE1A9A06085B573C4F3803
560C6B21043DEE1AA206085C572F4F3C
03570C8B210424EE1AA806085B57334F
4203550CA1210407EE1AAE06085B5729
4F41034F0CB22104F5ED1AB706085B57
3B4F2E033F0CB62104FBED1ABF06085B
572C4F38034B0CBD2104F6ED1AC50608
5B57424F2F03400CC92104DEED1ACA06
085B573F4F2D03410CE6210487ED1ACB
06085B57254F31033F0C0E220424ED1A
D106085B572C4F2D03510C3022040BED
1ADB06085B57374F2903520C4922040B
ED1AE106085A570B4F3403520C622204
FFEC1AE606085A57254F2503480C7822
04DAEC1AEA06085B57244FF702410C8A
2204BDEC1AEE06085B571A4F01033F0C
9E22049CEC1AF406085B57204FFE0243
0CBB220466EC1AFB06085B572C4F0003
470CDC22043DEC1AFE06085B572A4F15
03650CF7220429EC1A0007085B57304F
1303680C0F230410EC1A0607085B571A
4F13035F0C2B2304F3EB1A0E07085B57
2A4F1503620C432304B9EB1A1407085B
572A4F1C03AF0C522304A9EB1A1C0708
5B57024F1803AE0C5F23049CEB1A2207
085A57014F1503A60C6F230490EB1A28
07085B57ED4E1A03AE0C7F23047FEB1A
2907085A57E64E1403AD0C86230463EB
1A2C07085B57DD4E1203530C8823045F
EB1A2C07085C57044F1903520C892304
5AEB1A3007085C57004F2403490C8723
0452EB1A3707085B57F84E1A03540C82
230453EB1A4307085B572B4F1E034F0C
7B230473EB1A4B07085B570A4F13035B
0C75230473EB1A5007085B57064F2003
4C0C77230467EB1A4F07085B57FE4E16
03500C7E23044EEB1A4D07085B57044F
1A039F0C8823043EEB1A5107085B5705
4F1203A20C92230421EB1A5507085A57
FF4E1C03A60C96230425EB1A5A07085A
571D4F22039F0C9C23042DEB1A5E0708
5A57184F4F03640CA923040CEB1A6207
085A57FF4E53036E0CB62304F7EA1A6C
07085A57044F53035A0CBE2304E7EA1A
6E07085957034F4B035B0CC92304D6EA
1A7207085857014F4B03730CCE2304DB
EA1A7907085857F84E4B03480CD32304
D2EA1A8407085857EA4E4D034D0CD623
04C6EA1A8D07085857F34E54035F0CDA
2304BEEA1A9207085757F44E5C03500C
DB2304B1EA1A9707085757FF4E3C036E
0CDB2304B1EA1A9C07085757F14E4103
700CDB2304B1EA1AA007085757F54E3A
036C0CDA2304ADEA1AA507085657F64E
3F03790CDB2304B6EA1AAC07085657F5
4E0A03640CD12304BEEA1AAF07085657
054F1203600CCD2304CAEA1AB7070856
57134F1103660CC12304D2EA1AC10708
5657064F0E03590CBD2304D6EA1ACC07
085657154F3F03420DB92304D2EA1AD7
07085657134F4903370DB92304C6EA1A
E207085657004F3A03380DBB2304C2EA
1AEA07085657094F37033F0DBF2304C2
EA1AEF07085557134F3F032F0DBE2304
C2EA1AEF07085557414F3C03790CBF23
04BEEA1AF8070855572D4F3F036E0CC0
2304B6EA1A06080855573D4F3303700C
C12304ADEA1A0D08085657354F39037A
0CBF2304B6EA1A10080855573D4F1703
4E0CC22304BAEA1A1008085557424F17
03420CC22304B4EA1A0F08085557514F
1703440CC62304B1EA1A140808565754
4F1703460CC62304B1EA1A1808085557
654F3C03C10CC32304B1EA1A17080855
576A4F3A03BD0CBE2304BAEA1A170808
5557784F3803C40CBF2304B1EA1A1908
085557734F4203BF0CBE2304ADEA1A17
080855578F4F42035E0CC12304A5EA1A
1908085457864F3A03570CC72304A1EA
1A1E08085557904F4103440CD123048C
EA1A1E08085657A14F40035A0CDF2304
6FEA1A23080856579A4F3503550CEF23
0457EA1A2508085657A14F1D03350C02
240440EA1A2608085657CE4F1A03370C
0C240432EA1A2608085657D34F18033C
0C1224042EEA1A2608085657B74F2003
300C1A240425EA1A2308085557B94F2D
035B0C1F24041DEA1A21080855571550
2B03580C2424041DEA1A1B0808555749
502B035C0C22240421EA1A1908085557
42502603580C1A240432EA1A18080855
5732503E033D0C0E24043EEA1A1C0808
5557AE503B033F0C06240446EA1A2508
085557CF503B03460C0E240421EA1A2A
080854579A503403360C1F2404FCE91A
2F08085457C6502903670C322404E1E9
1A3508085357CA502603660C3E2404D3
E91A3908085357C3502603600C462404
CBE91A4008085357AE502103660C5124
04CBE91A4408085357C5502903650C56
2404B2E91A4608085357AA505C03390C
5E2404B6E91A4408085357D5505C0337
0C612404AAE91A430808535754515A03
330C65240495E91A410808535702515E
032B0C6A240495E91A4208085357D250
2C034C0C6A2404A6E91A440808525717
513703550C642404B2E91A4D08085257
525132034D0C602404AAE91A57080852
5759512B03570C5E2404B2E91A600808
5157B0515E034B0C5A2404AEE91A6A08
085157F5515A03570C592404AAE91A74
0808515757526003530C582404A6E91A
7A0808515729525F03490C5B2404A1E9
1A80080852573F523603660C5C240495
E91A85080851570C523E03640C622404
91E91A8C08085157AD5240036A0C6524
0464E91A9408085157C75246035E0C69
240480E91A9E08084F5787523E035F0C
6E240480E91AA608084F578D5260035F
0C6E240485E91AAE08084F57C0525F03
6C0C7224047FE91AB908084F573F535C
035D0C6F240478E91AC508084E570F53
6003640C7124047CE91AD308084F578F
524003630C70240480E91AE308085057
A7523E035F0C6B24047CE91AEF080850
57835245036A0C6D240478E91AFD0808
505772523F035D0C6C24047CE91A0709
0850576A521703790C6D24047CE91A15
09085057A6521B03720C7024046CE91A
2509084F5749521C037D0C72240470E9
1A2E09084F572C521703760C73240478
E91A3409084E57EE515503730C712404
83E91A3B09084E5718525B03760C6C24
0491E91A4009084E5722526203820C66
240495E91A4809084F57E3515603660C
61240495E91A5109084F57FB51620380
0C5A240495E91A5B09084E57D7516003
700C57240495E91A6509084E5700525C
036D0C5524049DE91A6F09084E57F751
62036F0C502404A6E91A7B09084E57B6
515C036E0C4E2404AEE91A8409084D57
D7515703A10C4B2404AAE91A8A09084D
57AC515B039D0C5024049DE91A8F0908
4D577F515403AA0C59240489E91A9409
084D57B0515E03950C5E240487E91A98
09084D57FD515D036A0C64240485E91A
9809084D57E55160035B0C61240489E9
1A9B09084D5712526003620C5B240495
E91A9D09084E5719525A035D0C542404
A6E91AA409084E572D5242033E0C4F24
04AAE91AA709084D57FD513E03460C48
2404AAE91AA509084D57D1513F03410C
412404BAE91AAC09084C57EA51340342
0C3C2404C2E91AB309084D57E7513A03
4C0C392404BEE91ABA09084C57265243
03680C332404C2E91AC309084C571352
4003610C322404C3E91ACB09084C571D
5242036A0C322404C6E91AD509084B57
38523C03660C2E2404C6E91AD909084A
572B526003770C302404C2E91ADE0908
4A57755255037D0C322404BEE91AE809
084A579A5265036E0C332404BEE91AF3
09084A575C526003790C382404B6E91A
010A084957C25253038A0C402404A6E9
1A080A084957E2524F038C0C4A240499
E91A100A08495717535103770C4E2404
9DE91A170A084957365343037D0C4C24
04AAE91A220A084957295354035A0C46
2404B2E91A2E0A0849573A5357036A0C
452404B7E91A340A084A5776535E036B
0C472404AEE91A400A084A575C535E03
5D0C4924049DE91A4A0A08495741535A
036A0C68240464E91A530A0849576A53
5F03870C9F2404F8E81A600A08495756
535603910CE024049EE81A6A0A084857
CD535703950C07250481E81A730A0849
576E535E039C0C41250464E81A7C0A08
495774533F03730CA52504C4E71A840A
08495777533D03770C232604D9E61A8E
0A084957995335036F0C9E260429E61A
970A08495783533B03720C18270498E5
1AA00A0849577D535C03410C8F27040C
E51AAC0A084857A5535F033F0CE32704
C2E41ABB0A0848578E535C03460C1528
04A1E41AC60A08485772535A03440C23
2804BEE41ACF0A08475759535D035A0C
2E2804C6E41AD60A0847574153600354
0C5F280478E41ADC0A08475729536703
4E0CB52804BFE31AE30A08475716535C
034E0CF9280468E31AEA0A084757EB52
5E034B0C22290459E31AED0A084857EE
5258034C0C37290464E31AF10A084857
CB525C03500C49290458E31AF40A0848
57BA525E035D0C5D29043BE31AF20A08
4857AB5259035B0C8C2904E9E21AF10A
0848578F5274034A0CC6290482E21AEB
0A08485775527A033F0C052A0407E21A
E80A08485760527903460C392A04D5E1
1AEA0A084857B0527B033D0C462A04F1
E11AE90A084857E85276035C0D2A2A04
3CE21AEB0A0848579F5278035E0D022A
048AE21AED0A08475768527203620DD7
2904C8E21AF10A08475753527803600D
B02904F9E21AF70A08475737525A036B
0C7E29042BE31AFF0A0846572F525A03
5F0C4829046CE31A0A0B084657FF5162
035D0C1F290491E31A120B0845570652
5C03630C0229049AE31A160B084557E1
515903640CEE2804A6E31A180B084457
99515903380CE12804AEE31A1C0B0844
57985157032C0CD92804B2E31A1D0B08
43576C515D032E0CD22804B6E31A210B
0843573D516103320CCA2804BFE31A23
0B084357485176036E0CC72804C3E31A
260B08425755517A035F0CC92804B6E3
1A2D0B08425765517E03660CD02804A6
E31A310B0842576B5183036A0CCE2804
A6E31A380B08425756518103AD0CB928
04D5E31A3F0B0842577E516D03B40C9C
280409E41A450B08425711516903B00C
A12804E8E31A4B0B08435716517903B3
0CBA28049AE31A540B0843570A517403
530CD4280464E31A590B084357F7507B
03590CFA280426E31A5E0B084257FA50
7903540C2C2904DCE21A630B084257F0
5083035D0C6F290472E21A6A0B084157
FC507703440CAB29043CE21A740B0841
57BA5066035B0CD529041CE21A7E0B08
4157B8505C03590CFC2904FAE11A8E0B
0841578D505B03590C1F2A04DDE11A98
0B084057BD505C035F0C6B2A0462E11A
A50B084157C0503C03690CFA2A043EE0
1AAE0B084057A6503B036E0C992B0448
DF1ABB0B083F57915044035A0C1A2C04
D5DE1AC70B083F5780503503670C6C2C
04ACDE1AD20B0840577A505C036E0C80
2C04D5DE1ADF0B083F578D505C03680C
7C2C04F6DE1AE70B083E57395065037E
0C8C2C04E9DE1AF40B083E573E506403
7D0CAB2C0497DE1A040C083E5755506E
037D0CC02C0472DE1A100C083E572450
7603790CBD2C048BDE1A230C083E5700
506F036D0CCC2C046EDE1A350C083E57
EB4F6A036E0CE12C0439DE1A450C083D
57F64F6903630CFF2C040CDE1A580C08
3D5709506F03700C152D04F7DD1A680C
083D57C34F6803840C282D04EBDD1A79
0C083C57E34F7103700C4C2D04B5DD1A
880C083C57EE4F6B03750C7D2D0467DD
1A980C083C5729507103500CB32D0422
DD1AA80C083C57115069033D0CE62D04
F0DC1AB50C083B57FC4F7203460C292E
048BDC1AC10C083B57D84F6703460C64
2E0440DC1ACB0C083B57CE4F6703B70C
8D2E041FDC1AD20C083A57BB4F6E03B1
0CAC2E040FDC1AD60C083A57974F7203
A60CC72E04FADB1AD90C083957AA4F75
03AD0CE52E04E1DB1ADE0C083957AC4F
9F03420CFD2E04D1DB1AE20C08385754
4F98033F0C132F04CBDB1AE40C083857
574F8F03390C1E2F04BCDB1AE60C0838
57654F9503370C272F04B4DB1AE40C08
3757644F9603460C2F2F04A4DB1AE10C
0837573F4F7503E40C322F0498DB1ADD
0C0837573D4F6303EE0C362F0493DB1A
DE0C083657484F7603EE0C3C2F048BDB
1ADC0C083657244F6B03F50C3B2F048F
DB1AD90C083657F84E7E03A00C332F04
A0DB1ADC0C083657044F7A03A10C2E2F
04A4DB1AE20C083657EA4E77039E0C25
2F049CDB1AEF0C083657DF4E7A03980C
192F04A4DB1AFC0C083657DE4E7E034C
0C152F04ACDB1A060D083657E54E8003
500C1B2F0477DB1A0E0D083657AA4E86
03500C272F0457DB1A180D0836579B4E
8A035B0C2C2F0452DB1A240D083657B8
4E7203590C292F045EDB1A2F0D083657
854E7503690C292F045ADB1A3B0D0836
57B34E70036A0C2F2F0445DB1A450D08
3557A34E7903660C382F0435DB1A510D
083557E24E7B035F0C452F0414DB1A5D
0D083557DC4E70035D0C5C2F04E4DA1A
6C0D083557DD4E7A03640C772F04BEDA
1A760D083557F54E7C035A0C8C2F04A5
DA1A810D083457EA4E7103650C942F04
B2DA1A8C0D083357E64E78036D0C892F
04C6DA1A960D083357D44E7A03620C7D
2F04DFDA1AA00D083357BF4E6C035D0C
7D2F04DFDA1AA60D083257824E6F0374
0C8D2F04B5DA1AAC0D0831579F4E8B03
8C0C8A2F04B6DA1AB70D083057B44E82
038D0C822F04D3DA1ABC0D083057B64E
89037D0CC72F0443DA1AC40D083057AF
4E86038D0C5330043CD91ACA0D083057
A94E8303E40CCD3004B5D81ACF0D082F
57D44E8803F00C2C31044FD81AD00D08
2F57854E8703F90C7731042BD81ACD0D
082E57B64E8303E80CB13104E4D71ACF
0D082E576E4E9203F30CDA3104D8D71A
CF0D082D57854EBD03FD0CF63104D0D7
1AD10D082D57634EB703000D073204C3
D71AD00D082D57564EB503FA0C113204
BBD71AD10D082D57434EBC03FD0C0E32
04C1D71AD10D082C57504EA3031C0D08
3204C3D71AD10D082C57544EA203140D
FF3104D0D71ACF0D082C57584EA90320
0DF33104E0D71AD00D082C57494EA703
1E0DE43104F4D71AD10D082C57564EA7
031E0DDD3104F4D71AD00D082C57834E
B703190DDC3104E4D71AD20D082B5775
4EB903230DD03104F8D71AD10D082B57
734EB0031D0DBF310419D81AD00D082B
57504EA603140EB0310422D81AD20D08
2A57434EAA031C0E9631043AD81AD00D
082A57474EA9031D0E7A31045FD81AD1
0D082A57244EAF03160E61310474D81A
D00D082A573F4EA603200E45310492D8
1AC80D082A57364ECA036D0E293104B9
D81ABF0D082A57354ED0036B0E0D3104
DAD81AB80D082A57274EC303680EF530
04E2D81AB60D082A57364EC9036B0ED5
300424D91AB10D0829573B4E7903B40C
A1300472D91AAE0D082A573A4E7603BD
0C6D3004B8D91AAE0D0829573A4E7C03
BF0C413004DFD91AB20D082857274E72
03B50C213004EDD91AB00D082857494E
8103860C0D3004F1D91AAA0D0829572E
4E7E03880C0A3004D4D91A960D082857
244E8503870C0F3004B3D91A890D0829
57344E8B03920C133004AFD91A860D08
29573F4E70036B0C133004BDD91A870D
0829572D4E6F03710C0D3004C4D91A7E
0D082857274E7A036A0C093004C8D91A
6B0D082857274E7303710C043004CCD9
1A5B0D082857564E7303720C063004C8
D91A4F0D0828575D4E7103650C033004
C8D91A480D0827574B4E7A035B0C0430
04C4D91A3F0D082757524E6D03660C05
3004BDD91A2B0D082757664E7C03620C
043004C0D91A180D0826574E4E940364
0C0A3004BCD91A0D0D082657834E8503
620C0B3004BCD91A070D082657714E8B
03690C053004CCD91AFE0C082657974E
7E035F0CFB2F04D0D91AF00C0826575A
4E7003430CEF2F04E1D91AE40C082557
764E7003440CE62F04F0D91ADF0C0824
575D4E75033D0CE12F04F1D91ADA0C08
2457854E6A033C0CDD2F04F1D91AD20C
0824576D4E8A03680CD92F04EDD91AC2
0C082457724E8D03550CDA2F04E5D91A
B30C0824577B4E8F03690CD82F04E9D9
1AAA0C082357654E8103620CD92F04E8
D91AA40C0823575C4E8B03530CD72F04
EDD91A9B0C082357404E8F03530CCF2F
04F9D91A8B0C082257394E8703510CCE
2F04FDD91A7C0C082257294E8D03590C
CA2F04FDD91A710C0822571C4E860357
0CC32F040ADA1A6F0C082257374E8303
470CB72F041EDA1A670C082157344E89
03530CAB2F0428DA1A550C0822575A4E
8B035C0CA12F0433DA1A450C08215747
4E85035B0C9C2F0433DA1A3D0C082157
494E69036D0C912F043FDA1A3A0C0821
574C4E6903660C8B2F044BDA1A370C08
2157434E70035D0C7E2F0457DA1A290C
0821572D4E66035F0C722F046CDA1A19
0C082057324E62034E0C642F047DDA1A
0D0C0820573A4E68035D0C592F0489DA
1A060C0820573C4E7403570C4F2F0491
DA1A060C081F57524E6703560C422F04
A1DA1A000C081F57524E6B03590C2E2F
04C6DA1AF30B081F57424E64032A0C09
2F0404DB1AE20B081E57544E5A03240C
E02E043DDB1ADA0B081E573D4E5E0326
0CC72E0457DB1ADF0B081E575F4E6003
290CB02E0462DB1AE10B081E57704E9A
033F0C912E0487DB1ADF0B081D57364E
96034A0C6A2E04C1DB1AD10B081D5747
4EA3033D0C4B2E04EADB1AC30B081C57
4E4E9C033D0C2E2E0402DC1ABC0B081C
574E4E9C035B0C182E040FDC1AB80B08
1C575D4E9803630C052E0420DC1AB10B
081C57584E95036A0CF02D043CDC1A9F
0B081C57494E9A03670CDA2D0458DC1A
8E0B081C573A4E9B03390CC82D046DDC
1A890B081C57574E8B032D0CBB2D0475
DC1A880B081C57734E8803330CB12D04
79DC1A810B081C57854E8303380CA82D
047DDC1A6F0B081C57744E80032C0CA9
2D047EDC1A620B081C57854E5B03330C
A52D0481DC1A5F0B081B57704E5F0333
0CA42D0486DC1A5D0B081B576E4E5103
2A0CA32D0486DC1A4F0B081B57674E59
03350CA12D0481DC1A3A0B081A57614E
75032C0CA12D0481DC1A2F0B081A5757
4E7103270C9F2D048ADC1A290B081A57
694E6D03340C982D049CDC1A210B081A
57784E7403340C8C2D04B7DC1A130B08
1A57644E7403510C722D04F0DC1A010B
081957964E7A03500C512D0422DD1AF9
0A0818579F4E7C03550C392D042EDD1A
FC0A081857944E7A03550C272D043ADD
1AF70A081857904E72036E0C1B2D043E
DD1AE30A0818578C4E6D03890C142D04
3EDD1AD20A081857BB4E7003880C0E2D
0443DD1ACA0A081757B44E6D03950C0B
2D043EDD1AC60A081757904E6F03820C
062D044BDD1AB90A081857974E66033D
0CFB2C045FDD1AA70A081857B64E6D03
3F0CD82C04ADDD1A950A081757D24E71
033D0CA02C0418DE1A8D0A081757D34E
7903410C622C045EDE1A870A081757B6
4E7803220C152C04CCDE1A780A081757
D04E6F03190C9D2B04A2DF1A620A0816
579B4E7C031F0CFD2A04DFE01A560A08
16579D4E7503190C622A0498E11A570A
081657DD4E65031B0CD82904FEE11A55
0A081657BD4E5E031F0C462904C8E21A
4B0A081557C34E60031E0C7928044AE4
1A3D0A081557D24E5F031B0C8A270494
E51A360A081557C24E5E03200CD42604
0BE61A350A081557E64E4703340C5C26
0429E61A2D0A081457E64E4E03300C03
26045DE61A1B0A081357F04E4803310C
B62504B4E61A0C0A081357E64E4A0334
0C782504E9E61A050A081357B94E5703
770C4B250402E71A010A081357D24E5D
03750C2C25041FE71AF709081257E34E
5C036D0C16250440E71AE709081257D2
4E6003780CFD240471E71AE009081257
F14E6103350CE424048AE71AE0090811
57134F5C03390CD3240496E71ADA0908
1157024F6803380CC42404BCE71ACA09
0811571C4F5A03290CB32404D4E71AB5
09081157E14E4B03300CA52404F5E71A
AA09081157EB4E4903340C99240401E8
1AA909081057FB4E4D03380C9124040A
E81AA209081057E44E49032C0C882404
22E81A9309081057DD4E4903300C7D24
0437E81A8D09080F57DA4E6003270C75
24043BE81A8909080F57E64E5803230C
6F24044BE81A8B09080F57F24E5E032C
0C6A240450E81A8509080E57044F5F03
240C67240460E81A7A09080E57154F58
03F80C5E240470E81A6D09080E57424F
4503FA0C5A24047DE81A6C09080D5712
4F4303000D5724047DE81A6B09080D57
394F4F03FB0C5324047DE81A5D09080D
57F94E3903440C51240485E81A4A0908
0D57064F4B03440C4B240496E81A4009
080C570E4F3C033F0C4724049AE81A3E
09080C57E94E3C034A0C4824049EE81A
3709080B57FB4E45034C0C472404A2E8
1A2409080C572E4F5503560C432404A6
E81A1009080B57F94E5103510C422404
BBE81A0909080B570D4F53035D0C4124
04BEE81A0B09080B570F4F4A03540C40
2404B2E81A0709080A57FC4E4F03590C
3F2404BFE81AFC08080A57FF4E55036F
0C3C2404CBE81AF108080957FB4E4C03
5F0C3B2404D3E81AEE08080957F74E56
035F0C372404CFE81AF108080857FF4E
4F03340C382404D8E81AEE08080857F7
4E51032B0C362404DCE81AEE08080857
004F5103350C372404D8E81AE6080807
57034F56032E0C342404DCE81AD10808
0757044F5F03350C342404E0E81AC608
0807579F4E5603330C342404E4E81AC0
08080757AE4E5E03350C352404E0E81A
B908080757BD4E62033B0C342404E4E8
1AA908080657BA4E5A03370C342404E8
E81A96080806577F4E4503360C362404
ECE81A95080805576F4E5003320C3224
04ECE81A97080805578A4E4F03350C33
2404E8E81A90080805578F4E4D032D0C
332404F0E81A8008080557A24E42034B
0C322404F4E81A7208080657B94E3E03
470C302404F8E81A7108080657C54E40
03440C302404F4E81A7008080557BF4E
3E03410C2F2404F1E81A6908080657B8
4E3B034F0C2E2404F8E81A5608080657
944E2F03560C2C240401E91A47080805
57BB4E25035B0C2A240405E91A440808
0557EA4E22034C0C2A240409E91A4208
080457EE4E3D03590C29240405E91A39
08080457E54E3A03580C25240415E91A
2208080457E94E3C03530C1E240422E9
1A1808080357F04E3C035C0C1724042E
E91A1308080257E54E3D03620C142404
2EE91A1608080257194F3503660C0E24
0436E91A0D08080257124F39035E0C07
240447E91AF907080257FF4E3E036A0C
FC230453E91AEC07080157164F33035A
0CF523045BE91AEB070800574B4F1D03
240CF1230457E91AE807080057294F1A
032C0CED230457E91AD90708FF561B4F
1C032A0CEE230457E91AC20708FF56EC
4E1B03240CED23045BE91AB90708FE56
0A4F2B03240CEC23045FE91AB50708FE
561C4F2B03210CE7230468E91AAF0708
FE56314F2C03210CE023047CE91AA107
08FD562C4F2B031C0CD4230495E91A98
0708FD560C4F2903370CC62304AEE91A
970708FC56FB4E2B03290CB62304BEE9
1A990708FC56044F26032A0CAA2304C2
E91A950708FC56194F2B03300C952304
E3E91A810708FB562C4F0803080C7E23
0411EA1A760708FC56154F1403010C6A
230421EA1A6E0708FC56F54E0D03080C
5B230429EA1A6A0708FB560C4F0B0304
0C52230432EA1A5A0708FB56F14EFC02
050C4B230442EA1A490708FC56EC4E11
030C0C44230442EA1A420708FC56014F
27031D0C38230457EA1A410708FC56F5
4E20031B0C27230474EA1A420708FC56
E84E1C03160C0B2304B4EA1A380708FB
56D14E2B03410CDD22040CEB1A2A0708
FB56D54E2B03420C9D22046FEB1A2407
08FB56E34E2903460C692204B1EB1A23
0708FB56E84E2B033F0C472204B1EB1A
1B0708FB56D64E2703120C242204D6EB
1A0B0708FB56E64E33030E0CFF210420
EC1AFE0608FA56E54E2E03130CD92104
45EC1AFB0608FA56DF4E2C03120CBA21
0462EC1AFB0608F9560A4F0B03230C9F
210477EC1AF60608F856E54E0203260C
842104ADEC1AE30608F856F44E050322
0C672104D2EC1AD50608F856CC4E0303
180C502104EAEC1ACE0608F856E84E02
03250C3C2104F8EC1ACF0608F756E34E
1B031F0C2B210403ED1AC50608F756CF
4E2103180C0C21045AED1AB30608F756
D84E11031C0CE52004B4ED1AA90608F7
56D34E1903050CC22004CDED1AA40608
F656E34E0F030A0CAD2004C1ED1AA506
08F756E34E0503080CA22004C1ED1A9B
0608F556ED4E10030E0C8F2004E6ED1A
890608F556D54E15030E0C7A200407EE
1A820608F556E44E0F03350C65200428
EE1A7F0608F556EE4E1103330C492004
51EE1A790608F556E94E0203340C1220
04D1EE1A660608F556EB4E16033B0C99
1F04FAEF1A520608F556CA4EEA02560C
091F04E2F01A4A0608F556EE4EEA0253
0CAB1E04D0F01A480608F456F04EF502
5B0C711E04C9F01A3F0608F356E74EE8
02500C181E046EF11A2C0608F256CE4E
F302620CB31D0424F21A1B0608F256D2
4E0D031F0C671D045DF21A1A0608F156
144F0E03280C2D1D0476F21A170608F1
56EB4E0203220CF61C04B0F21A070608
F156C64E0403270CB01C041CF31AF505
08F0563B4F1803250C651C04BDF31AEE
0508F056E64E1703210C281C04F2F31A
EC0508F056FF4E2203240CF71B040FF4
1AE70508F056DB4E1803240CCE1B0439
F41AD50508F056F34EF502660C9B1B04
B1F41AC40508F056964EF7026A0C621B
04FFF41ABF0508F056904EED02770C2B
1B0435F51ABC0508F056704EEF02750C
F81A0473F51AAF0508F0568E4EE20254
0CB21A04DAF51A9A0508F0564A4EF102
570C2B1A040CF71A8E0508F056404EE6
025E0CBB1904A5F71A8F0508F056304E
ED024F0C561904DFF71A900508EF562B
4EF6024E0CDD180485F81A870508EF56
194EDD02100C5A18043BF91A780508EF
56F14DD602100CBA170461FA1A700508
EF56FF4DDD02170C2717040FFB1A6E05
08EF56EC4DDB021A0CC0160420FB1A67
0508EF56CB4DEB02100C78160455FB1A
550508EE56DB4DE002170C2E1604CDFB
1A430508ED56B24DEF021A0CEF15041C
FC1A3C0508ED569F4DEE02190CC31504
2CFC1A3A0508EC569E4DF002250CA415
0441FC1A2F0508EC56874DEA021D0C88
150488FC1A1A0508EB568E4DF002260C
591504EFFC1A0A0508EA56844DED021D
0C2515043EFD1A080508EB56AB4DED02
0A0C0215043AFD1A040508EB56A04DF5
02170CDE14046CFD1AF60408EA569A4D
E0020A0CAA1404DBFD1AE50408EA569B
4DDC020B0C69140454FE1ADF0408EA56
834DDC02100C35140471FE1AE10408E9
569C4DE602280C14140471FE1ADF0408
E956894DDF02210C03140485FE1ACA04
08E8567E4DF5021E0CFA13048AFE1AB7
0408E856804DE602260CFC130496FE1A
B00408E8569C4DD102310CFF130492FE
1AAF0408E856754DCF02310C03140481
FE1AA80408E756744DDE02350C091404
9EFE1A970408E856804DE402350C0C14
049EFE1A8F0408E7565D4DDA02130C08
1404A2FE1A920408E6566B4DE7020E0C
001404A2FE1A8F0408E656A54DD50210
0CF21304D4FE1A800408E556984DD902
180CD213041FFF1A6E0408E456924DC2
02370CAE13047EFF1A630408E3566B4D
D7022D0C881304A8FF1A610408E25668
4DCF02310C4713040F001B5E0408E356
6F4DCA022A0CDB120404011B4E0408E2
56714DBD02330C3A12041E021B3A0408
E2563D4DEA02250C78110462031B3304
08E256294DE2021F0CDB1004D6031B35
0408E156FE4DE502260C7E1004EB031B
2F0408E156184FE6021A0C2910041D04
1B1E0408E056A050E602250CD80F0499
041B170408E156EF51E7021D0C880F04
1A051B160408E056DD50E802230C230F
04CD051B120408E0563250D202280C8F
0E04FC061B120408E056C04F2301B80E
AC0D04B5081B0E0408E156364F2B01BE
0EA60C043B0A1B0F0408E156214F2401
BE0EB50B044D0B1B120408E156CA4E23
01C00EDB0A042B0C1B140408E156C34E
B501A70B1F0A04B40C1B180408E1568F
4EBC01A40B9509041C0D1B1A0408E156
904EB701A20B350904630D1B1B0408E0
56664EB9019B0BF708046F0D1B1C0408
E156434EBD01A30BE00804460D1B1D04
08E056584E9E02060CDE08041C0D1B1B
0408E0565A4E8A02120CE808042D0D1B
190408E056994E9502190CE808045F0D
1B160408E056A14E9302110CD40804AE
0D1B130408DE56A34ED502330CBE0804
E80D1B120408DF56CA4ED102350CB008
04F00D1B110408DF56764ED502370CA8
0804F90D1B140408DE567E4ED502330C
A00804010E1B170408DE56C54EED0221
0C9208042B0E1B160408DE56444EEA02
280C840804540E1B170408DE56414EF0
02240C6608048F0E1B110408DD56414E
E4021D0C400804A80E1B040408DE5694
4E2A030D0A190804C60E1BED0308DC56
804E3103050AF80704350F1BE10308DC
56E14E2A03020ADF0704520F1BE20308
DC5653522E03040AD007047EB817E103
08DC56B9512503010ACE070497EF11E0
0308DC56395102FCD727E7070423C70D
E00308DC56F65003FCD5270E08047213
0FE00308DC56425005FCD6273108049C
0C0FE10308DD563A5008FCD427570804
9FBA0EE10308DC56884FD302B5037E08
0412640EE20308DC56614FD502C4039D
08045DB10EE20308DC565352CA02C103
B6080401610EE20308DB560551C802BD
03CE080446A60DE20308DB5663509602
C303E7080424500DE10308DB56E64FA2
02B503000904BCF50CE20308DB56614F
9C02BF031B090429B50CE10308DA56DD
4E9402C503350904C8840CE20308DA56
B94EAA02BB035209046F610CE00308DA
56384EA002C003</Data>

   <DataCRC>9489c72f</DataCRC>

   <BytesSent>18887</BytesSent>

</SBEDataUpload>
</InstrumentRawData>
</SBEDataUploadFile>
