<?xml version="1.0"?>
<!-- SCPlusV2_RS232 -->
<SBEDataUploadFile>
<ApplicationData>
<Seaterm232>
<SoftwareVersion>2.6.3.104</SoftwareVersion>
<BuildDate>30-Jun-2017</BuildDate>
</Seaterm232>
</ApplicationData>
<InstrumentState>
<HardwareData DeviceType='SBE19plus' SerialNumber='01906740'>

   <Manufacturer>Sea-Bird Electronics, Inc.</Manufacturer>

   <FirmwareVersion>2.2d</FirmwareVersion>

   <FirmwareDate>9 February 2011 08:30</FirmwareDate>

   <CommandSetVersion>1.1</CommandSetVersion>

   <PCBAssembly PCBSerialNum='25307' AssemblyNum='41054G'/>

   <PCBAssembly PCBSerialNum='25737' AssemblyNum='41580B'/>

   <PCBAssembly PCBSerialNum='24669' AssemblyNum='41606'/>

   <PCBAssembly PCBSerialNum='24372' AssemblyNum='41059D'/>

   <MfgDate>  08 DEC 2010</MfgDate>

   <InternalSensors>

      <Sensor id='Main Temperature'>

         <type>temperature0</type>

         <SerialNumber>01906740</SerialNumber>

      </Sensor>

      <Sensor id='Main Conductivity'>

         <type>conductivity-0</type>

         <SerialNumber>01906740</SerialNumber>

      </Sensor>

      <Sensor id='Main Pressure'>

         <type>strain-0</type>

         <SerialNumber>3220369</SerialNumber>

      </Sensor>

   </InternalSensors>

   <ExternalSensors>

      <Sensor id='volt 0'>

         <type>SBE 43 OXY</type>

         <SerialNumber>432005</SerialNumber>

      </Sensor>

      <Sensor id='volt 1'>

         <type>not assigned</type>

         <SerialNumber>not assigned</SerialNumber>

      </Sensor>

      <Sensor id='volt 2'>

         <type>ECO-FLNTURT CHL</type>

         <SerialNumber>FLNTURTD-2025</SerialNumber>

      </Sensor>

      <Sensor id='volt 3'>

         <type>ECO-FLNTURT TURB</type>

         <SerialNumber>FLNTURTD-2025</SerialNumber>

      </Sensor>

      <Sensor id='volt 4'>

         <type>not assigned</type>

         <SerialNumber>not assigned</SerialNumber>

      </Sensor>

      <Sensor id='volt 5'>

         <type>not assigned</type>

         <SerialNumber>not assigned</SerialNumber>

      </Sensor>

   </ExternalSensors>

</HardwareData>
<StatusData DeviceType='SBE19plus' SerialNumber='01906740'>

   <DateTime>2018-11-26T19:37:10</DateTime>

   <LoggingState>not logging</LoggingState>

   <EventSummary numEvents='241'/>

   <Power>

      <vMain>12.4</vMain>

      <vLith>5.3</vLith>

      <iMain>61.4</iMain>

      <iPump>156.8</iPump>

      <iExt01> 4.2</iExt01>

      <iExt2345>18.2</iExt2345>

   </Power>

   <MemorySummary>

      <Bytes>1110270</Bytes>

      <Samples>65310</Samples>

      <SamplesFree>3805169</SamplesFree>

      <SampleLength>17</SampleLength>

      <Profiles>71</Profiles>

   </MemorySummary>

</StatusData>
<ConfigurationData DeviceType='SBE19plus' SerialNumber='01906740'>

   <ProfileMode>

      <ScansToAverage>1</ScansToAverage>

      <MinimumCondFreq>3226</MinimumCondFreq>

      <PumpDelay>60</PumpDelay>

      <AutoRun>no</AutoRun>

      <IgnoreSwitch>no</IgnoreSwitch>

   </ProfileMode>

   <Battery>

      <Type>alkaline</Type>

      <CutOff>7.5</CutOff>

   </Battery>

   <DataChannels>

      <ExtVolt0>yes</ExtVolt0>

      <ExtVolt1>no</ExtVolt1>

      <ExtVolt2>yes</ExtVolt2>

      <ExtVolt3>yes</ExtVolt3>

      <ExtVolt4>no</ExtVolt4>

      <ExtVolt5>no</ExtVolt5>

      <SBE38>no</SBE38>

      <OPTODE>no</OPTODE>

      <GTD>no</GTD>

   </DataChannels>

   <EchoCharacters>yes</EchoCharacters>

   <OutputExecutedTag>yes</OutputExecutedTag>

   <OutputFormat>raw HEX</OutputFormat>

</ConfigurationData>
<CalibrationCoefficients DeviceType='SBE19plus' SerialNumber='01906740'>

   <Calibration format='TEMP1' id='Main Temperature'>

      <SerialNum>01906740</SerialNum>

      <CalDate>07-Jan-11 </CalDate>

      <TA0>1.255288e-03</TA0>

      <TA1>2.593288e-04</TA1>

      <TA2>-2.376104e-07</TA2>

      <TA3>1.449298e-07</TA3>

      <TOFFSET>0.000000e+00</TOFFSET>

   </Calibration>

   <Calibration format='WBCOND0' id='Main Conductivity'>

      <SerialNum>01906740</SerialNum>

      <CalDate>07-Jan-11</CalDate>

      <G>-1.033008e+00</G>

      <H>1.393941e-01</H>

      <I>-2.175401e-04</I>

      <J>3.475757e-05</J>

      <CPCOR>-9.570000e-08</CPCOR>

      <CTCOR>3.250000e-06</CTCOR>

      <CSLOPE>1.000000e+00</CSLOPE>

   </Calibration>

   <Calibration format='STRAIN0' id='Main Pressure'>

      <SerialNum>3220369</SerialNum>

      <CalDate>21-Dec-10</CalDate>

      <PA0>8.222195e-01</PA0>

      <PA1>1.566037e-02</PA1>

      <PA2>-6.194425e-10</PA2>

      <PTCA0>5.244452e+05</PTCA0>

      <PTCA1>4.417653e+00</PTCA1>

      <PTCA2>-9.798927e-02</PTCA2>

      <PTCB0>2.510725e+01</PTCB0>

      <PTCB1>-1.150000e-03</PTCB1>

      <PTCB2>0.000000e+00</PTCB2>

      <PTEMPA0>-5.917147e+01</PTEMPA0>

      <PTEMPA1>5.387460e+01</PTEMPA1>

      <PTEMPA2>-2.653169e-01</PTEMPA2>

      <POFFSET>0.000000e+00</POFFSET>

      <PRANGE>5.076000e+03</PRANGE>

   </Calibration>

   <Calibration format='VOLT0' id='Volt 0'>

      <OFFSET>-4.687158e-02</OFFSET>

      <SLOPE>1.247988e+00</SLOPE>

   </Calibration>

   <Calibration format='VOLT0' id='Volt 1'>

      <OFFSET>-4.719579e-02</OFFSET>

      <SLOPE>1.248132e+00</SLOPE>

   </Calibration>

   <Calibration format='VOLT0' id='Volt 2'>

      <OFFSET>-4.684526e-02</OFFSET>

      <SLOPE>1.248324e+00</SLOPE>

   </Calibration>

   <Calibration format='VOLT0' id='Volt 3'>

      <OFFSET>-4.678105e-02</OFFSET>

      <SLOPE>1.247145e+00</SLOPE>

   </Calibration>

   <Calibration format='VOLT0' id='Volt 4'>

      <OFFSET>-4.669684e-02</OFFSET>

      <SLOPE>1.248307e+00</SLOPE>

   </Calibration>

   <Calibration format='VOLT0' id='Volt 5'>

      <OFFSET>-4.709579e-02</OFFSET>

      <SLOPE>1.247697e+00</SLOPE>

   </Calibration>

   <Calibration format='FREQ0' id='external frequency channel'>

      <EXTFREQSF>9.999977e-01</EXTFREQSF>

   </Calibration>

</CalibrationCoefficients>
<EventCounters DeviceType='SBE19plus' SerialNumber='01906740'>

   <EventSummary numEvents='241'/>

   <Event type='ErrorFLASHUncorrectableError' count='241'/>

</EventCounters></InstrumentState>
<Headers>

cast  43 24 Nov 2018 11:08:52 samples 47765 to 48424, avg = 1, stop = mag switch

</Headers><InstrumentRawData>
<SBEDataUpload startAddr='811988'>

   <Type>1</Type>

   <DataFormat>SEACATPLUS0</DataFormat>

   <Bytes>11220</Bytes>

   <Data>
47EC03BADC0FE00308385583559C02C6
031BEC03EC440FE00308385574559D02
CE03FBEB03E90C0FE1030838555255AF
02CE03E2EB031C840EE0030838556755
9D02CA03CBEB0349E70DE0030839555C
55B002C003B9EB030ACC0DE003083955
6155AF02CD03A5EB03A9340DE003083A
556255A602C10393EB0346FF0CE20308
3A556E55A302C30383EB0352900DDF03
083B5578559E02BD0379EB03D9160FDF
03083B555755AB02D0036DEB0362300F
E003083C55BE559D02BB035CEB03F24E
11E003083D55E055AB02C10347EB0387
8811DF03083E55F555AF02BF0331EB03
594C11E203083E55F055A102C4031EEB
030ADD10E003083F55F955A602BF030B
EB030D340FDF03084055B5559F02C203
EDE903E87F14E0030841555156A302BB
0346E40349AB15E103084155DC553D03
740373D703B3AB11E203084355655846
036C03D7CA0396E50EE603084455215B
44038103E7C203DED90DEA0308455559
66490375031FBD038CF80FF003084555
876A6B099F1181BC031DAF15FB030845
55FA676909901161BF037E0D16050408
4655056367099B1136C3039DA0150E04
0847553C5F5B099011BAC7039C821511
040847552D5EA3013B0A0ECC03DD4015
0D04084755665CAB01510A0ACF0313A9
190C040848555B66A501470AA3D203EB
F51A08040847555A65AF01540A85DA03
EC011809040848556765C20CA1040DE1
0356D71A05040849551763B50C8C04DF
E3039E0D190204084955F762BC0CA604
3CE50319791B02040849559260B60C9D
0441E603A77B1B0504084955275EB90C
9F041EE70395761B0B04084855B15F1A
0402FC76E80368431B10040849557E5F
1F04FFFB90EE039A1E1B1404084955B6
5D2104FCFB9AF703B21B1B1904084955
E55C1204FDFB06FE03E6191B1D040849
556A5C7D03290AC0010450191B200408
4955E25B7A03290ACA030495191B2104
084955815B83032A0AD60404D6181B1F
04084955095C85031C0A59050401181B
2404084A559E5AF902560F9505046B17
1B2804084955AF59FE024E0FD405043E
161B2B04084955C6580103560F0B0604
EB151B3104084A5549580F03490F3006
0400161B35040849553A585B04BF0C47
06043E161B3804084A55EF575F04C60C
54060475161B3C0408495588575A04BF
0C5A0604FE161B3D04084A5559576104
C40C570604BF171B3C04084B55435761
04C40C50060405191B3C04084B553B57
9203E40F400604271C1B3B04084A550A
578703E50F300604371C1B3904084B55
07578B03DD0FB605040E1C1B3E04084B
5504579403D80FBC0404931C1B400408
4B55EC56C9024A0FCF0304FB1D1B4004
084B55C656D102510F3C03049E1F1B3F
04084C559D56CB02340FD80204A1201B
3E04084B558056D1023A0F840204B220
1B3A04084B555F5670038D0D210204EE
1F1B3A04084C554C566E03960D7E0104
5F1F1B3B04084B55375673038F0DD700
04631F1B3904084C552E566C03960D44
00047B201B3704084C551856BC03CB0E
9DFF03A8221B3804084C55D155BF03CB
0E39FF0362211B3D04084B559E55BC03
CB0E56FF036B201B3D04084B556455C0
03CD0E2F00047B201B3B04084B553955
B803D50E21010419221B3D04084C55FA
544C03A80FAD0104F3231B3C04084B55
E3545003B30F1A020464241B3904084C
55C8544B03AF0F020204F3241B380408
4C55A7544A03AC0F09010496251B3404
084C5580549702120F440004EA251B34
04084C556554A102150F020004C5231B
3704084D552A549E02130F2400048421
1B3A04084D55F8539C02110FC7000412
221B3B04084D55C153CC020D0F9D0104
47251B3A04084D55A753D402170F5802
04EA251B3704084D557753D0020E0F1D
0204F7241B3704084C554553D202100F
770104E8201B3904084B553E53B2020D
0FA40104541D1B3E04084B550B53AC02
150F880204D41E1B4204084B55F152B2
02110F440304F8231B4204084B55C952
AE02130FBD0304D5251B3F04084955C2
52AA020E0F14030429261B3B04084A55
B1529F02CD0E8B0104EF241B3804084B
559152A302CF0EAE0004C1231B370408
4A55A352A402D00E930004BD221B3604
084B5594529802CF0EB700042A221B39
04084B558C520003240F2D0104B9221B
3B04084A557B520303210F9A01045325
1B3A04084B55985204032B0FCB01048E
261B3804084A559E520403200F010204
60261B3A04084B559A52F702560F4002
044B241B3804084C558F52EF024C0F8D
020443231B3704084D556F52F602540F
F60204F1211B3B04084F557E52EE024D
0F5C0304EF231B3F040850557352A002
5C0F8B03040C271B41040850555D52A4
025D0FD30204EE261B3B040850554F52
99025C0F82FF03DE261B38040850553F
529A02540F9BFC03C9261B3204085055
0D529802620F21FB03D1261B30040850
55E6515C032C0F75FA038C271B310408
5155ED5169032F0F28FA03FF2A1B3704
085055EC515A03380FEFF903EF2D1B38
04084F55EF516203330F28F9034C2F1B
3E04084F55EB51F402070FB5F703F02F
1B4204084F55E651E802060FE7F6031E
2F1B4204084F550B52EA02040F9CF603
4F2C1B4204084E550452F602080FB5F6
03962A1B4204084F5526524C03100FE3
F60346291B4004084E5525524F03180F
42F703D5281B3F04084D552F524D0311
0FE7F703D5281B3F04084C553E524F03
100F02F903FF281B3F04084D5537527B
02620F11FA039C291B3A04084D553352
8002600FADFA03702A1B3804084D553C
527802620FE5FA03EA291B3304084C55
19527E025F0F3AFB0374291B3104084A
551B527D025E0FECFB0396281B330408
4B550B520203B50EA1FC03C0271B3304
084C55EA51FC02B50E57FD03A2281B34
04084E55DD510403AB0EBCFD03922A1B
3704084F55D451FC02B70EEAFD039F2B
1B3404085155CA510103590E2EFE0303
2C1B32040852558E51F902520E74FE03
B42B1B31040852558A51FE024E0EAEFE
03AB2A1B30040852557151FE02580EDB
FE0378291B320408535557512102BE0E
04FF03142A1B330408545527511B02C1
0E1EFF03B42B1B330408575529512302
C40E24FF03F32C1B3204085755095121
02C60E2AFF03932D1B2E04085755EA50
ED01BE0EECFE03582E1B2D04085755CB
50F201BD0EADFD03262F1B2F04085855
A750E501BC0E43FC039C2F1B2C040858
558F50F001BD0E32FB03472E1B2E0408
58558050E701B90EABFA038E2B1B3504
0857554C500E03360F9AFA03E2271B39
040856553A501003340FD4FA03C9241B
3F04085555145017032E0F46FC036C23
1B4204085355F54F1103330FF5FD032D
261B4504085155DF4FCE02EF0E08FF03
102A1B4304085255C84FC802ED0ECCFF
03E62B1B4204085255B34FD702F10E49
00043A2D1B3D04085255994FCC02FC0E
44FF03E72D1B39040853558A4F3C0318
0F51FE03152D1B3704085255854F4303
180F0FFE036C2B1B35040852557B4F46
03240F1CFE032D2A1B3504085155764F
39031E0F22FE03102A1B35040851557C
4F97022F0F20FE03E22A1B3704085355
704FA0022B0F1BFE03812B1B37040854
55714FA102360F1DFE03222A1B380408
5455714F9702330F48FE0318281B3B04
0854557A4F9B022F0FB8FE0385271B3D
04085555754FB902AF0E11FF03AF2A1B
3D04085655854FB902B60E35FF035C2D
1B3B04085755864FC202B10E0CFF0322
2F1B36040859558D4FBF02B70E0CFE03
472F1B2F04085B55884F0D038F0EF7FC
03D62E1B2D04085B55914F0C038F0E28
FC03602D1B2F04085A55834F0B038D0E
CCFB03042D1B3004085A55904F080393
0EA2FB03082E1B3204085A55824FAA02
AF0F9CFB034B2F1B3404085C55804FAD
02AD0FA5FB03722F1B3404085B55724F
A902AF0FA6FB03B02E1B3404085B556D
4FAA02AF0FA6FB03F32C1B3404085C55
5D4F2D035E0FBDFB03462B1B3304085C
555B4F2E035E0FE4FB03142A1B320408
5C554C4F2F03620FE6FB0354291B3404
085C55444F2603630FEFFB03D1291B36
04085C55494F3203620F11FC03DE2B1B
3304085B55414FF702380F29FC034F2D
1B3304085B55334F0103310F39FC033F
2E1B3404085A55304F0203310F28FC03
762F1B3604085755244F0003320F63FB
0339301B3604085755104FDA01B30F0A
FA037B301B3604085855064FD601AD0F
66F80305301B3304085655074FDB01AD
0F51F703972D1B3404085555E64EDC01
B10F0DF7030C2B1B3704085355E34ECD
02BE0E01F70327291B3804085355DB4E
C602C20E31F70329291B3A04085455CA
4ECD02C40E3AF803E62A1B3A04085355
C84ECA02C40E10F903212D1B38040853
55C74EC002570F8CF9038A2E1B350408
5155BD4EBF02510F66F9038B2F1B3404
085355EB4EBD02520F85F803DC2F1B30
04085455F44EC0024F0F2CF703F82F1B
3004085555BD4EC302510F2FF603EC2F
1B3104085455EC4ECF02DE0E9EF50398
2F1B3304085455E94ED302DE0E5BF503
3B2F1B3404085555DF4ECD02DC0E3FF5
03E02F1B2F040856550A4FD302E20E33
F503CA2E1B2204085555C2546A02EF0E
53F503792C1B1904085655DD506702EC
0E8DF503862D1B160408565540526902
F00ECCF503572C1B1804085655DC5170
02F00E01F603C02C1B1A040857550852
05FCCA0C35F603432C1B1D0408585546
5200FCC00C7BF603532C1B1E04085955
FD52FCFBC30CB2F6035C2C1B23040859
557E5204FCC70CE8F6039B2C1B280408
5B555952F704040C0DF703E62C1B2C04
08585551520105FD0B26F7036C2C1B2F
040859554952FE040B0C4FF703632C1B
3404085955F851F904080C7BF703DA2C
1B36040859554751F704FF0B9CF703F3
2C1B3604085A554D5127026D0FB7F703
102D1B3604085A5528512802690FD2F7
037E2D1B37040859550A512F02690FD5
F703682D1B3504085A551F5128026A0F
D5F703B02C1B3604085955B550FE02EE
0EE4F703922B1B3804085A55A450FF02
ED0E09F803922A1B3C04085B555A5001
03F10E32F803182A1B3A04085B552050
0603E40E79F803F7291B3D04085A55F7
4F3203320F1BF903B32A1B3E04085855
4B503103350F99F903142C1B3B040858
5558502D032E0F04FA03C02C1B3B0408
5655DB503303330F91FA03F72C1B3604
0857559050D202650F68FA03212C1B35
04085555DB4FCA02610F2DFA039A2A1B
3504085455CF4FCF02600F2AFA037228
1B3704085455CF4FD202630FC0FA03F7
251B40040854554A4FD102670F42FC03
E7221B45040856553D4FE302BE0EDDFD
032D271B4A04085555244FDA02C00E13
FF03072B1B4A04085655644FE402C00E
8FFF03212D1B4A04085655D44FDE02BC
0E8BFE03682C1B49040855550650E602
F10E84FC0344291B4B040855557D4FE2
02F40E9CFB0396271B4D04085455CA4F
E702EB0EC8FB036D251B5304085555FA
4FE302ED0E74FC0375241B5704085555
994FFF02200F73FD03EF231B5C040855
55A24FFC021C0FB7FE036D231B5E0408
56550B50FE02240FD8FF0345261B6004
0856555A50FD02230FAD0004E2261B62
0408565531501403E40F510104B4231B
6404085755FE4F1503E10FC40104AC23
1B660408595526500B03E00F180204FC
221B6404085855D04F0E03DE0F580204
A9211B6304085855E84F1603E30FA702
04701F1B63040858551A50E002E40E06
0304A71E1B64040858557F51DE02E30E
4E0304E01E1B6404085855BA51DE02E2
0E8303049C181B6504085955E551DB02
DB0EF70304F8151B6804085A553651E3
02ED0E9804047E151B6A04085B555651
E402F00E0C05046A151B7004085A55F6
50D902ED0E4D050433151B7404085A55
7D50E202EF0E73050440151B7B04085B
557D51EA024E0F8705042F151B810408
5C552852EF024A0F91050412151B8304
085C55B151F6024C0F9F0504F5141B82
04085E552351F702560FAB0504F5141B
82040860559A52DE02490FB105041215
1B7E04085F559752E002410FA8050431
151B7E040861554552DA02470F960504
23151B8204085F550052DC02430F8F05
04F5141B8C04085F556852E002400F98
0504C3141B92040860551953E3020F0F
B20504BF141B96040862551453DB020C
0FC20504A6141B9F04085F55CF53E002
0D0FD4050441141BA404085E551C54E5
02170FF5050463141BA904085E554454
1E03160F070604F2131BAC04085F5558
542003230F290604E1131BAD04085F55
0F552103210F450604E6131BB0040860
553D552103200F520604EE131BAD0408
60556655E502000F550604FC131BAE04
0861551655E202000F4E0604FF131BAE
04085F554D55DD02FE0E4B0604D5131B
B304085E559755DB02000F540604B813
1BBA04085D55D655EC02530F610604AB
131BC504085C550356ED02530F6C0604
9F131BCA04085C551D56ED024D0F7A06
0468131BCF04085C553B56F302520F8C
060468131BD004085C555F56F102530F
9A060464131BD504085C556256050342
10A206045C131BDA04085D5565560203
4110A6060454131BE504085F55C15604
034010AB06044B131BF004085E559A57
05033F10B006044B131BFC04085C5511
58FE027810B4060450131B0605085F55
ED5804036910B606043F131B0805085E
558659FE026910BC06043F131B050508
5D557258FC027010BE06045C131BFF04
085E55D257E9020B0FB5060486131BFA
04085F55E457ED02130FA3060496131B
FB04085F55B457E902150F8D06049613
1B02050861559357F4020F0F86060471
131B08050860555B570F03310F8A0604
54131B11050861554F5709032E0F9B06
0436131B1C050862554F570D033A0FAB
060432131B210508615577571503350F
B806042E131B2705085F5568571B032B
0FC0060436131B2A050860556E57F902
430FC2060432131B2905085F55A35706
03450FC4060438131B2905086055E057
FD02370FC3060443131B240508625584
570203420FBE060458131B2205086055
EF570D03310FB3060458131B21050860
555A580C03310FAB060460131B210508
6155EE581D03310FA5060468131B2405
085F55655810032E0F9F060458131B2A
05085F556D581903010FA2060432131B
3605085E55D2580F03000FAC06042E13
1B4205085D55DC581203050FB8060432
131B4905085F554D580703FE0EBE0604
26131B4F050861550D58F702A80FC406
0422131B5805085F554A59F302B60FC9
060426131B5E050860550559EB02B00F
CD060410131B63050862558459F502B8
0FD406040D131B6B05086255ED59EF02
A90FD9060409131B7305086355415A11
036C0FDB060409131B7805086155265B
10036B0FDD060404131B7A05086055F4
5A1503680FDF060404131B7A05086155
665A1103720FE1060404131B7B05085F
55E4590A03420FE0060411131B7B0508
605595590D034C0FDE060411131B7F05
08605544590E03510FDA060409131B87
0508605541591103530FDB06040D131B
91050862555A5AE602130FDD06040913
1B96050863553C5ADE02150FDF060411
131B9905086255C759E402120FDD0604
08131B9E05086055B059DB02100FDF06
04F4121BA205086155315AFA022E0FE7
060400131BA605086055565903032F0F
E90604FC121BA705086055E258000333
0FE6060400131BA405085F5519590403
2D0FE7060404131BA505086155B159F8
022B0FE4060404131BA805086155DD58
10032D0FE4060400131BAA0508625585
580F03320FE60604FC121BAB05086155
EA581103310FE3060404131BB0050862
55C15818033A0FE20604F8121BB30508
60551F59FE022511E60604E3121BBB05
085F556058FE022111EE0604E3121BC4
05085F55815803032311F50604DB121B
CE05085F55C35806032A11FB0604B412
1BDB05085F55E358F4025C0F0A0704A5
121BE9050860556C59EA02600F180704
B1121BF505085F553D59F202630F1D07
04B1121B0306085F550D5AF102670F20
0704B1121B0C06086155D759EF02640F
200704B5121B11060860553A5A120361
0F200704B5121B1506085F55C75A0D03
5B0F1F0704B5121B1D06085D55715A14
035C0F1F0704A9121B2206085D55F959
0D03640F22070498121B2B06085C55AB
5A0003710F2807049C121B3606085E55
AF590203670F2E070494121B4006085D
55275A00036C0F3107048B121B480608
5D55F759F902690F35070494121B5006
085F55F5591B03070F3807048F121B57
06085E555B5A1103130F3B070494121B
5F06085D55E45911030F0F3907047F12
1B6606085F55035A11030F0F37070494
121B6E06085E55D8590D03620F380704
83121B7706086055B1590F03640F3C07
0490121B7C06086055605A0B03670F3F
070490121B8006085E55565811035B0F
3E070490121B7B06085F55A95902035C
0F3D070498121B790608605530593503
5D0F3907049C121B7D06086355EA5934
03610F34070498121B8506086455D759
31035C0F35070490121B95060866551A
5A2703600F34070494121BA106086555
FA5AF3022D0F36070494121BA9060867
55DC5AE9022F0F38070483121BB30608
6755055BE8022C0F3E070477121BBD06
086655E35AEF02350F4607047B121BC7
06086755EA5B2003600F4A070490121B
D006086855F45924035F0F4507045912
1BDA060868555B5B1F035E0F560704C8
111BE306086755375A1F03690F880704
D4111BE906086755015A1303450FA407
043C121BF006086855965A0B03440F8F
070423121BF4060869558B5A0E03400F
85070427121BFC06086855A75B13033F
0F8E0704C3111B05070866557E5A0D03
440FAC0704D0111B0F070864558E5926
03560FBD07045B111B1B070865550359
20034B0FF1070493101B27070865557B
592903530F4A08042E101B3307086355
1D592703500F9F080427101B41070863
555F59FD02550FCE080423101B4E0708
6455EB590603500FF60804880F1B5C07
086455425A03034B0F2A0904950F1B63
0708655588590403500F470904B20F1B
6C07086455655A20039F0F530904F70E
1B720708645590581E03A00F9509047E
0E1B7107086555795A2103A20FD50904
420F1B7207086555785A1F039D0FC209
047C0F1B7507086355365A0B03530FA1
09040B0F1B8007086355C4590603520F
A80904F30E1B8B070862556A5911034F
0FC209048A0E1B9407086355FB591603
4D0FF20904E40D1B9F07086455DB590B
03500F3C0A04BA0D1BAA070863554A59
30036D0F750A04E80D1BB407086255D6
592C03660F8C0A04DB0D1BBC07086355
025A31036F0F950A04DE0D1BC5070862
558A592D03760F9A0A04C30D1BCE0708
6155125A1C036B0FA40A04BA0D1BD807
086155C05A1C03680FAC0A04C30D1BE2
0708615566592303710FB20A045F0D1B
EA07086155325A31036F0FCF0A04390D
1BF307085F55F6592203680FEB0A0488
0D1BFC07085E55465A1C03650FF20A04
F70C1B0208085D5527591E036D0F0E0B
04D10C1B0608085E55F65A2A036B0F30
0B04D10C1B0A08085F55955B32035D0F
460B04C00C1B1408086055095A330368
0F510B04AC0C1B2508085F555C592D03
660F5D0B04C00C1B3008085F557E5A2A
03630F5F0B04F20C1B3C08086055ED59
23035A0F4C0B045A0D1B440808615539
5A3F03C00F210B04630D1B4A08086155
BD594603BC0F040B04630D1B4C080862
556D5A4203BC0FF50A04630D1B4E0808
6155EB5A4403BB0FEC0A04630D1B5408
0862551D5B2D03530FE80A04610D1B5A
080863559E5A3103500FE60A04670D1B
60080863559B5A2E034F0FE20A047C0D
1B6B08086455E55D2E034B0FDF0A0452
0D1B6F08086355BE5D2A032C10E70A04
560D1B7008086455F35C2F032F10ED0A
045F0D1B6F080863552C5D29033010EC
0A04670D1B6D08086355F95C29033210
E80A04780D1B6D080863554E5C44031F
10DE0A04780D1B6C08086355045C3A03
2210D70A047C0D1B6C08086355A35B42
031A10D40A047C0D1B6C08086255B05B
44031F10D10A04840D1B6A0808615592
5B44031C10CD0A04880D1B6A08086355
4D5B4203FF0FC90A04880D1B6D080862
55415B4003FE0FC80A04880D1B6E0808
6355DB5A43030310C60A048C0D1B6B08
086255F65A4403FC0FC50A04840D1B6C
0808615594584F03DE0FC70A046F0D1B
6D0808605555594C03E30FD00A04670D
1B6D08086155065A4F03E00FD70A046D
0D1B6A08086055DB595303EB0FD90A04
6B0D1B6608086055205A4903E30FD80A
04800D1B5D080861550A5A3603DE0FD4
0A04840D1B5808086055155A4203DE0F
CF0A04730D1B4F08086055F8594203D7
0FD10A04670D1B4C08086055255A2F03
A90FD90A044A0D1B4A08086055215A2E
03B40FE70A04180D1B4B08086055135A
3103AA0FFD0A042D0D1B4B08085F5554
5A2E03B10F040B04410D1B4E08085E55
205A2603B00F030B044E0D1B4E08085E
55135A1D034C0FFA0A04460D1B4D0808
5F55375A22034F0FF80A04390D1B4B08
085F55355A2D034B0FFC0A04460D1B50
08085F55FD592703520FF90A04350D1B
5408086055145A4803B60FFD0A04410D
1B5408085E553A5A4E03B10FFA0A044E
0D1B5908086055235A5303AF0FF60A04
410D1B5908086155FC595A03B10FF50A
04520D1B5708085F55FA5935037F0FF1
0A04520D1B5108086055395A40037E0F
ED0A045D0D1B4F080861554A5A370378
0FEA0A04410D1B4D08086255765A3E03
7C0FEF0A04460D1B4C08086255EA5901
03660FF30A045F0D1B4B08086155205A
FF02590FEC0A04560D1B4908086255F3
5902035C0FEB0A044A0D1B4708086255
DB59FC025D0FED0A044E0D1B48080863
55FE590203610FEF0A044A0D1B450808
6355F25935034E0FEE0A044A0D1B4608
086355225A3F03490FF10A044A0D1B47
08086455445A2603520FF00A042D0D1B
4A08086455705A2E034A0FF90A04200D
1B50080864552F5A0B03750F030B0424
0D1B5708086355245A1403720F090B04
1C0D1B5C080863553A5A17036C0F0E0B
04350D1B6008086355605A1203710F06
0B046F0D1B6208086355475A21038D0F
F10A047C0D1B62080863552D5A1C0394
0FDD0A04880D1B6008086155625A1F03
8F0FCF0A047C0D1B6008086155465A1A
038D0FCD0A04710D1B5B08086255C059
4003C00FD00A04630D1B5B0808645584
594203BE0FD40A04670D1B5608086455
CA593A03C80FD60A046F0D1B4F080862
55A4594703BD0FD60A047C0D1B4B0808
625597594303B80FD10A04840D1B4A08
086255E0595E036B0FCA0A04780D1B4C
080862553D5A6803600FCB0A04630D1B
4A080862550D5A5E03630FD50A044E0D
1B4D08086155F5595E035B0FDF0A044A
0D1B5008086155155A3F03540FE90A04
4A0D1B5108086155D3593603560FEF0A
04460D1B5108086355025A35035B0FF0
0A044E0D1B4F08086355395A4203490F
EF0A044A0D1B4C08086255625A4103DC
0FF10A04410D1B4A08086255675A4603
E00FF10A04560D1B4A08086255B75A3A
03E20FEC0A045A0D1B4908086255AB5A
4103DD0FE90A045A0D1B4B0808615506
5B47030F10E50A04520D1B4D08086055
D35A42030710EA0A04490D1B53080862
55E05A40030310EA0A044A0D1B580808
6255F25A44030710EF0A04410D1B5808
086355E85A3E030710F30A04410D1B57
080862558C5A2F03A30FF70A044A0D1B
4F08086355BE5A2B03A10FF20A044E0D
1B3908086255515A2903A20FF00A045F
0D1B2908086255C05A3103A30FE80A04
6F0D1B2208086255AC5A3C03900FDE0A
04800D1B1E08086155FE5A46038B0FDB
0A046F0D1B1A08086155FD5A3E03900F
DE0A045A0D1B14080861552D5B41038B
0FE50A044A0D1B0F08086255C75A4203
6A0FED0A04410D1B0E08086355C45A3B
036F0FF50A043D0D1B0808086255835A
3E036D0FFA0A043D0D1BF4070861559F
594103650FFF0A043D0D1BD907086255
B7584E038B0F000B043D0D1BBD070861
551B595203890F000B04460D1BB20708
6255A4594D038C0FFD0A044A0D1BAF07
086055F9594D038B0FFD0A04450D1BAD
07086055D65A4A038F0FFB0A04460D1B
AA07085F55695B21033C0FFD0A04460D
1BAA07086155EF5B1D03410FFE0A0439
0D1BA207086155FC5B26033F0F040B04
350D1B8C070861552B5D1C033C0F070B
04310D1B7207086255ED5D22038F0F08
0B04390D1B5D07086355F35E1E038E0F
050B04410D1B58070863556C5E25038E
0FFA0A046B0D1B54070862556E5D1E03
910FDD0A04BA0D1B5607086155185D1C
03BD0FA30A04580E1B5507086055A85C
2403C50F5E0A04B00E1B4F0708605567
5C1103B90F1F0A04DE0E1B3F07085F55
A75C2003C10FE709040B0F1B22070860
55A55C3103B40FC00904140F1B040708
6055125D3103AB0FB00904FB0E1BF306
086155BD5C2F03A90FA80904030F1BEC
06086155515C2703AB0F9509045B0F1B
EC060862555E5C2D03AF0F6009044610
1BED06086155ED5B2003860F0F09047E
101BEB060862557A5B26038C0FE30804
D80F1BDF060862556C5B1F03900FF408
04A10F1BC506086055AA5A2703900F0A
0904A10F1BAB06085F55DC5A1E03A20F
0D0904D80F1B9D06085E557E5B240399
0F0109041A101B9706085E55155B2203
A30FE5080461101B9306085F551F5B1B
039E0FB308043A111B9106086055F25A
0203650F62080496111B8D06086155A2
5AFF02600F21080470111B8306086255
B85A0303600FFE07045B111B6A060860
558B5B0103620FED07045B111B550608
5F55D05B2003370FE307045B111B3E06
085E55EE5B28032B0FDE07045F111B36
06085E55E85B1A03310FD7070470111B
3006085E55185C1A03300FC70704B311
1B2D06085E55195C2003360FAC070402
121B2D06085E55585B0E03330F900704
F1111B2706085F55A35A09032D0F8707
04F5111B1506086055A85B0F032D0F82
0704E5111BFE050860554F5C1303230F
800704DC111BE805086155655D200300
0F7D0704E9111BDB05086155265E2103
070F790704FA111BD405086155805E20
03000F7207040E121BCC05086055A95E
1F03000F64070438121BC805085F5599
5E0B037F0F56070449121BC605086055
F65D13037C0F4C070455121BC005085F
55345E1A03840F4507044D121BAB0508
5E55EC5E0D037C0F41070440121B9105
085E55A16001036B0F4107043F121B7E
05085F551C6200036B0F40070440121B
7805085F558362FE026F0F3D07044912
1B7105085F553F630503740F36070462
121B6F05085F554163FC026F0F2A0704
87121B6B05085D5579621503210F1F07
0490121B6705085E55F2620C031F0F18
07048B121B5705085D552D630B03220F
1607047F121B3F05085E555C6403031E
0F1307047B121B230508605512660003
5E0F1207047F121B0F05086055A766FE
025C0F0F070487121B09050861552D66
F902620F090704A0121B0C0508615583
65FA02620FFD0604D7121B0E05086055
BF64EB02550FEB0604EB121B0F050861
552464EC02520FE10604D0121B090508
62550064E802510FE50604B9121BEF04
0862551A65ED02520FE70604B5121BD7
0408625568660F03330FE60604C6121B
C50408625584670D032B0FDB0604E712
1BBB04086255CA670D032E0FC9060419
131BB904086055AD6715032C0FB20604
4B131BB704085F55B0661503310F9806
049F131BBA04085F552766EF02FC0E76
0604D9131BBB04085F558765ED02FF0E
530604DD131BAD04085E555465F402FC
0E3A0604E1131B9904085C552866F102
F90E2B0604D1131B7E04085B55F56631
038F0F260604C0131B6C04085A553267
2B038D0F270604B4131B6304085B55F5
662E038F0F280604B8131B5F04085B55
CF6630038E0F240604CD131B5904085B
557A66D6025F0F1E0604D9131B560408
5B55DF65D402630F160604E1131B5304
085B555065CA02630F120604DD131B4C
04085B557665CB02650F120604D9131B
3904085A558365F702DF0E140604C013
1B2204085A55A96AF702E30E160604E1
131B1704085B55E0660203E40E010604
87151B1704085B55D462FC02DD0E8C05
0487151B1704085C556D60FC02DE0E28
05040C161B1604085D554D5F8800150F
E704047A151B1904085C55755E8E0011
0FE00404D2151B1E04085C55845E8100
0C0FE6040491141B1F04085C555F5E8E
00120F300504E4141B1D04085D554A5F
02FCF9111C05047C171B1E04085B55CD
5DFAFBF31145040436191B2204085C55
315DEEFBF5114203045B1A1B2704085C
55195E06FCEF114A0204C21B1B330408
5D55005DC0047D0C7A0104D1191B3C04
085B55705CB704740C8B01041A181B44
04085B553A5BC2047E0C38020424171B
4804085B558C59B304750C0503047E16
1B4B04085C5533586902E60EA903049E
161B4B04085C5540576B02D90EEB0304
8C171B4A04085C55B7566802E90ECB03
048C171B4A04085C554B566502DB0EB0
0304E1161B4C04085B55F8556B02E70E
CB03041C171B4C04085C55B355CE0260
0FD5030491171B4E04085D556B55CA02
690FA00304BD181B4D04085D557C55CD
02640F23030436191B4D04085D55A555
D1025E0FB1020450191B4B04085D552A
560603640F6D02043B191B4504085D55
AE56FC02650F4C020421191B3604085C
55D056FD02680F3E02040D191B2F0408
5C55BD570403670F37020426191B2D04
085B552A579D02DE0F1D0204B4191B2C
04085C55F7579D02DA0FE301044A1A1B
2C04085C55DD56A802E10F9B0104BB1A
1B2D04085B556C569D02DB0F560104E1
1A1B2F04085C55D3569D021E102B0104
FA1A1B2C04085B556A56A20222100C01
04FA1A1B2504085B55B7569D02231000
0104C31A1B1E04085A55095A9D021C10
0F0104821A1B1C04085955B1599D021D
10270104571A1B1804085955BA59AE03
0F0E420104351A1B1404085A55855AA6
030A0E550104421A1B1004085A55925C
AD030F0E5D01045F1A1B0D04085955AE
5DB003110E4D0104241B1B0A04085855
7F5D040B020B190104731B1B0504085A
55525D040B030BD80004481C1B020408
5A55115D080B030B730004931C1BFF03
085C552B60050B080B280004351C1BFD
03085C550560FD0662071B0004011C1B
F603085D554764F4065607220004F01B
1BEB03085D550C64FB066007280004E8
1B1BE103085C55E76201075C07210004
051C1BE103085C556A611C04FB111300
04F46517E103085C5573611504F4112B
0004F0620EE003085C5530611C04F811
54000421DE0EE203085C5526612304F7
11860004FEF60EE103085C55A4611F04
F611C60004075D0FE103085B55716144
02C3030F0104CCC00EE003085B552D5F
3E02C003900104C50A0EE203085B55B2
5C3D02C5035302048D900DE003085B55
AB5A4302C703C9020474790FE003085B
558259A502C503180304BBBD0DE00308
5C554458A402C503600304D6570EE003
085B55DF56A502C403AC0304FAB40EE0
03085A555E56A102C503F6030463F20E
E103085B555B56A202BD034304045FD6
0EE103085B5590569C02C303A4040448
8D0FE003085B55B855A902C803050504
43520EE203085B55CD54A702BE036705
04AC260EE203085C556D54A002BF03CD
05040EC50EE003085B558F54A802C503
2706040FBD0DE103085D559A53A602B6
037B0604E4BB0DE203085C551353A902
BD03D60604BA450EE103085D55D2529E
02C303280704A9740EDF03085D556D52
A802BD03</Data>

   <DataCRC>89bd3c4d</DataCRC>

   <BytesSent>11220</BytesSent>

</SBEDataUpload>
</InstrumentRawData>
</SBEDataUploadFile>
