<?xml version="1.0"?>
<!-- SCPlusV2_RS232 -->
<SBEDataUploadFile>
<ApplicationData>
<Seaterm232>
<SoftwareVersion>2.6.3.104</SoftwareVersion>
<BuildDate>30-Jun-2017</BuildDate>
</Seaterm232>
</ApplicationData>
<InstrumentState>
<HardwareData DeviceType='SBE19plus' SerialNumber='01906740'>

   <Manufacturer>Sea-Bird Electronics, Inc.</Manufacturer>

   <FirmwareVersion>2.2d</FirmwareVersion>

   <FirmwareDate>9 February 2011 08:30</FirmwareDate>

   <CommandSetVersion>1.1</CommandSetVersion>

   <PCBAssembly PCBSerialNum='25307' AssemblyNum='41054G'/>

   <PCBAssembly PCBSerialNum='25737' AssemblyNum='41580B'/>

   <PCBAssembly PCBSerialNum='24669' AssemblyNum='41606'/>

   <PCBAssembly PCBSerialNum='24372' AssemblyNum='41059D'/>

   <MfgDate>  08 DEC 2010</MfgDate>

   <InternalSensors>

      <Sensor id='Main Temperature'>

         <type>temperature0</type>

         <SerialNumber>01906740</SerialNumber>

      </Sensor>

      <Sensor id='Main Conductivity'>

         <type>conductivity-0</type>

         <SerialNumber>01906740</SerialNumber>

      </Sensor>

      <Sensor id='Main Pressure'>

         <type>strain-0</type>

         <SerialNumber>3220369</SerialNumber>

      </Sensor>

   </InternalSensors>

   <ExternalSensors>

      <Sensor id='volt 0'>

         <type>SBE 43 OXY</type>

         <SerialNumber>432005</SerialNumber>

      </Sensor>

      <Sensor id='volt 1'>

         <type>not assigned</type>

         <SerialNumber>not assigned</SerialNumber>

      </Sensor>

      <Sensor id='volt 2'>

         <type>ECO-FLNTURT CHL</type>

         <SerialNumber>FLNTURTD-2025</SerialNumber>

      </Sensor>

      <Sensor id='volt 3'>

         <type>ECO-FLNTURT TURB</type>

         <SerialNumber>FLNTURTD-2025</SerialNumber>

      </Sensor>

      <Sensor id='volt 4'>

         <type>not assigned</type>

         <SerialNumber>not assigned</SerialNumber>

      </Sensor>

      <Sensor id='volt 5'>

         <type>not assigned</type>

         <SerialNumber>not assigned</SerialNumber>

      </Sensor>

   </ExternalSensors>

</HardwareData>
<StatusData DeviceType='SBE19plus' SerialNumber='01906740'>

   <DateTime>2018-11-26T19:37:10</DateTime>

   <LoggingState>not logging</LoggingState>

   <EventSummary numEvents='241'/>

   <Power>

      <vMain>12.4</vMain>

      <vLith>5.3</vLith>

      <iMain>61.4</iMain>

      <iPump>156.8</iPump>

      <iExt01> 4.2</iExt01>

      <iExt2345>18.2</iExt2345>

   </Power>

   <MemorySummary>

      <Bytes>1110270</Bytes>

      <Samples>65310</Samples>

      <SamplesFree>3805169</SamplesFree>

      <SampleLength>17</SampleLength>

      <Profiles>71</Profiles>

   </MemorySummary>

</StatusData>
<ConfigurationData DeviceType='SBE19plus' SerialNumber='01906740'>

   <ProfileMode>

      <ScansToAverage>1</ScansToAverage>

      <MinimumCondFreq>3226</MinimumCondFreq>

      <PumpDelay>60</PumpDelay>

      <AutoRun>no</AutoRun>

      <IgnoreSwitch>no</IgnoreSwitch>

   </ProfileMode>

   <Battery>

      <Type>alkaline</Type>

      <CutOff>7.5</CutOff>

   </Battery>

   <DataChannels>

      <ExtVolt0>yes</ExtVolt0>

      <ExtVolt1>no</ExtVolt1>

      <ExtVolt2>yes</ExtVolt2>

      <ExtVolt3>yes</ExtVolt3>

      <ExtVolt4>no</ExtVolt4>

      <ExtVolt5>no</ExtVolt5>

      <SBE38>no</SBE38>

      <OPTODE>no</OPTODE>

      <GTD>no</GTD>

   </DataChannels>

   <EchoCharacters>yes</EchoCharacters>

   <OutputExecutedTag>yes</OutputExecutedTag>

   <OutputFormat>raw HEX</OutputFormat>

</ConfigurationData>
<CalibrationCoefficients DeviceType='SBE19plus' SerialNumber='01906740'>

   <Calibration format='TEMP1' id='Main Temperature'>

      <SerialNum>01906740</SerialNum>

      <CalDate>07-Jan-11 </CalDate>

      <TA0>1.255288e-03</TA0>

      <TA1>2.593288e-04</TA1>

      <TA2>-2.376104e-07</TA2>

      <TA3>1.449298e-07</TA3>

      <TOFFSET>0.000000e+00</TOFFSET>

   </Calibration>

   <Calibration format='WBCOND0' id='Main Conductivity'>

      <SerialNum>01906740</SerialNum>

      <CalDate>07-Jan-11</CalDate>

      <G>-1.033008e+00</G>

      <H>1.393941e-01</H>

      <I>-2.175401e-04</I>

      <J>3.475757e-05</J>

      <CPCOR>-9.570000e-08</CPCOR>

      <CTCOR>3.250000e-06</CTCOR>

      <CSLOPE>1.000000e+00</CSLOPE>

   </Calibration>

   <Calibration format='STRAIN0' id='Main Pressure'>

      <SerialNum>3220369</SerialNum>

      <CalDate>21-Dec-10</CalDate>

      <PA0>8.222195e-01</PA0>

      <PA1>1.566037e-02</PA1>

      <PA2>-6.194425e-10</PA2>

      <PTCA0>5.244452e+05</PTCA0>

      <PTCA1>4.417653e+00</PTCA1>

      <PTCA2>-9.798927e-02</PTCA2>

      <PTCB0>2.510725e+01</PTCB0>

      <PTCB1>-1.150000e-03</PTCB1>

      <PTCB2>0.000000e+00</PTCB2>

      <PTEMPA0>-5.917147e+01</PTEMPA0>

      <PTEMPA1>5.387460e+01</PTEMPA1>

      <PTEMPA2>-2.653169e-01</PTEMPA2>

      <POFFSET>0.000000e+00</POFFSET>

      <PRANGE>5.076000e+03</PRANGE>

   </Calibration>

   <Calibration format='VOLT0' id='Volt 0'>

      <OFFSET>-4.687158e-02</OFFSET>

      <SLOPE>1.247988e+00</SLOPE>

   </Calibration>

   <Calibration format='VOLT0' id='Volt 1'>

      <OFFSET>-4.719579e-02</OFFSET>

      <SLOPE>1.248132e+00</SLOPE>

   </Calibration>

   <Calibration format='VOLT0' id='Volt 2'>

      <OFFSET>-4.684526e-02</OFFSET>

      <SLOPE>1.248324e+00</SLOPE>

   </Calibration>

   <Calibration format='VOLT0' id='Volt 3'>

      <OFFSET>-4.678105e-02</OFFSET>

      <SLOPE>1.247145e+00</SLOPE>

   </Calibration>

   <Calibration format='VOLT0' id='Volt 4'>

      <OFFSET>-4.669684e-02</OFFSET>

      <SLOPE>1.248307e+00</SLOPE>

   </Calibration>

   <Calibration format='VOLT0' id='Volt 5'>

      <OFFSET>-4.709579e-02</OFFSET>

      <SLOPE>1.247697e+00</SLOPE>

   </Calibration>

   <Calibration format='FREQ0' id='external frequency channel'>

      <EXTFREQSF>9.999977e-01</EXTFREQSF>

   </Calibration>

</CalibrationCoefficients>
<EventCounters DeviceType='SBE19plus' SerialNumber='01906740'>

   <EventSummary numEvents='241'/>

   <Event type='ErrorFLASHUncorrectableError' count='241'/>

</EventCounters></InstrumentState>
<Headers>

cast  66 25 Nov 2018 13:55:08 samples 61670 to 62332, avg = 1, stop = mag switch

</Headers><InstrumentRawData>
<SBEDataUpload startAddr='1048373'>

   <Type>1</Type>

   <DataFormat>SEACATPLUS0</DataFormat>

   <Bytes>11271</Bytes>

   <Data>
AEC003A6890CDE0308CA552C56E4005E
092FC003E14A0CE00308CA55B655E800
5B09BCBF03B7340CDF0308CA55DE55ED
005B0977BF032F1B0CDE0308CA55C056
F00065092ABF039E9A0CE40308C9559D
567B05D001D5BE03D0FE0CE70308CA55
935C8505DC0127BF0333F80DEF0308CA
55E9647B05CD0112C903FA8A0DF60308
C955B4677E05CD019DD6030F0413FB03
08CA554B645005B1191BE003BE141600
0408CA5540654E05A71985E5031E1617
040408CA5568645105B0197EE803E79F
150B0408CA559E614705A8196BEA03B1
78150F0408CB55A95FF4035724CCEB03
AE4C19130408CB555F5EF6035724A8EC
0361AB1A1E0408CA55F65DE603592428
ED034F491B230408CB55195DF0035D24
9EED03C9431B260408CC55DB5BEF0347
2400EE0396471B2A0408CD55335AD702
A20F8BEE0398431B2E0408CD55105AE2
02A30FEAEE034B411B300408CD55D359
DB02A40F5CEF03353E1B320408CD55A2
59EA02A70FD5EF03E93A1B320408CD55
FB58FE02B40F3AF003F0381B330408CD
55F958FC02AD0F8FF00382391B310408
CE553A580603B40FEEF003F4391B2E04
08CE555A580B03B00F2BF10304391B2B
0408CE550D58FA027B0F70F10342381B
2B0408CE552D58F602810FB4F1033E38
1B2B0408CE55095803037E0FDFF103B3
371B2C0408CF550F580103820FEBF103
66361B300408CF55FC57E2027D0FE4F1
03E8351B320408CF550258E802840FDF
F10344351B330408CF551758D3027C0F
08F20357341B360408CF55AF57D0027E
0F4DF20336341B360408CE55A357D802
820F97F20397341B320408CF555557E2
02A90FD0F203EC351B340408CF556357
DA02B10FE8F2032A371B360408D055BB
57E102B10FF3F203DA341B360408D055
D357E602AF0F03F30392331B360408D1
552958E6029B0FF4F20389331B370408
D1551358D7029D0FFBF20385331B3504
08D1554558E8029F0F17F30332331B32
0408D1551858E402A20F30F303E1321B
330408D2552858ED02D40F42F3039D32
1B330408D255EE5AE202CB0F55F303AA
321B350408D255645BDE02D40F6CF303
99321B350408D3554F5AE202D60F7DF3
0384321B370408D35545590F03BA0F7D
F303AA321B370408D35505590E03C20F
78F303D8321B380408D455EC581403BA
0F86F303F2321B370408D455EE581503
C50F9CF303BB321B340408D455455809
03BB0FACF30380321B340408D5556657
E402CF0FB8F30388321B320408D3554A
57E002C80FBCF30395321B330408D455
6D57DA02CD0FBBF30342331B350408D4
554A57DD02D10FB0F3038D331B360408
D3550E570503D60F9DF3033A331B3604
08D3555357FC02D60F9BF3033D331B39
0408D455C156FC02CF0FA3F30368331B
3A0408D355A5560C03D40FABF303DD33
1B3B0408D355AA56C402BC0FB2F30307
341B3B0408D3558856BB02BF0FB3F303
B2341B390408D2558956BB02C40FA8F3
0387351B390408D2555B56C202C20F8E
F30361351B350408D1557E56DE02890F
7BF303C6351B310408D1553B56E2028F
0F7AF30324351B2E0408D155CF55DA02
940F84F30364341B2E0408D1558555E0
02900F91F303B3331B2E0408D155B454
E2028A0F90F30374331B350408D35579
54F7028F0F75F303A2331B3A0408D355
5C54EF02910F48F30310341B3B0408D3
55F953EF02900F1EF30360341B3C0408
D4554754F3028A0F00F3038A341B3D04
08D4556454E8029A0FEBF203C1341B3A
0408D3556854F3029A0FD5F20304351B
360408D4552454F802A40FCAF2036035
1B360408D6559E52F6029E0FD1F2037A
351B320408D6552F52D802740FDDF203
58351B310408D5556A52E002710FE4F2
03C9341B310408D755B251D902670FF0
F20382341B340408D6559551DC026B0F
F4F20392341B360408D6557751CD0270
0FE7F203B0341B350408D5559251D002
6E0FD2F203A3341B370408D5554051CF
02630FC5F2037D341B390408D555FB50
CA02700FBCF2036D341B390408D555B3
50CF02690FBBF2038E341B390408D655
F9500803610FB6F20311351B390408D5
55FD501503540FA2F2035D351B380408
D355075108035A0F82F20361351B3804
08D455F85012035C0F73F203A0351B37
0408D555CF50CD027A0F77F2031F351B
360408D3556F50CF02800F7CF203B535
1B350408D3559A50CD02820F66F20327
361B330408D355AB50C702810F35F203
A0351B320408D455F450DC02A30F2EF2
0347351B300408D3556250DA02960F43
F20369341B340408D2554A51DE02A20F
54F20319351B380408D2559551DB029C
0F2FF203E6381B390408D255AC51EA02
C40F09F203A83C1B3A0408D155BD51F4
02BE0F16F203A53D1B360408D1552652
EB02BE0F12F203EB3E1B370408D05577
51EC02BF0F78F1038F3C1B370408D055
DC50EF02B80F0AF103423B1B390408D2
550651F702940FE6F0031C3A1B380408
D355CE50F3028D0FEAF003A8391B3904
08D355C050F302910FF8F0034C391B39
0408D255BF50EE028D0F0AF103F7381B
370408D2551351F2025C0F25F1038A38
1B380408D2553651E6025C0F50F103D4
371B3A0408D255A550EF02630F78F103
5E371B390408D2552B50F1025D0F88F1
0357381B3A0408D2551750DA02720F72
F103A73B1B380408D255CF4FE002740F
50F103163E1B360408D2554250DC0273
0F48F103AF3E1B360408D3559650E202
750F4BF103043F1B330408D5557E50DB
026C0FFAF003543C1B320408D5552450
E202700F98F003F3391B360408D4552B
50D702710F75F003BC381B390408D455
9E4FE4026A0F5CF003A8391B3A0408D2
553B4FE002690F25F003DC3A1B390408
D455E14EDE02700F00F0030C3C1B3904
08D355B04EDE02690FFFEF0392391B35
0408D455D74EE2026B0F21F00343391B
360408D655AF4EDD02650F50F003A13A
1B3A0408D555E14EF2027F0F5CF0037E
3C1B3A0408D4559E4EEE02800F4EF003
2B3E1B3A0408D5557B4EF302790F39F0
03353E1B370408D655294EEB02820F2C
F003423B1B380408D855784EEF02620F
31F003513A1B3B0408D855814EED0267
0F37F003EB3A1B3A0408D8555D4EEC02
5A0F31F003E23B1B3B0408D7558C4EF1
025A0F21F003C13C1B380408D8557D4E
F102B00F10F003623D1B380408D85541
4EED02B10F05F003883D1B390408D955
544EEA02AF0FF7EF03273E1B3A0408DA
551F4EEF02AB0FE7EF03EB3E1B3C0408
D955144EED02AF0FD5EF03433F1B3A04
08DA55164E0103AE0FC4EF03833F1B3A
0408DA55C24D0303B80FB5EF03983F1B
3B0408D955BA4DFE02AF0FA1EF03B93F
1B3B0408DA55934DFE02AB0F8DEF0376
3F1B3B0408DA55404DE0028F0F77EF03
583F1B3A0408D855964DE002910F5EEF
03943F1B3A0408D9556E4DE0028F0F47
EF03583F1B390408DA558E4DE202940F
32EF033B3F1B390408DB55624DC80291
0F1CEF03613F1B390408DC55E84CD102
930F09EF03883F1B390408DA55664CD7
02960FF4EE03C23F1B380408DA55924C
CC02910FDBEE03E43F1B360408DA5557
4CCD026C0FC6EE03F53F1B350408DB55
214CD502610FB0EE03843F1B320408DA
55EE4BCC02620F9FEE03503F1B340408
D955214CD2025E0F8BEE039C3F1B3404
08D955664CCC025E0F7AEE03F03F1B33
0408D8558B4BC0022C0F6AEE0388401B
340408DA55AB4BBA02300F5AEE03C840
1B340408DA558D4BBE02330F48EE0338
401B340408DB55814BC202310F3BEE03
8F3F1B360408DC55944BE0022C102BEE
032E3F1B300408D955994BDA02241022
EE03EC3F1B2C0408D755784BE4023210
16EE03DF3C1B280408D555DD4BE00227
1026EE03D43A1B2A0408D555764BFC02
7B0F69EE03F7391B310408D855FE4AFE
02670FBCEE03B63A1B320408D955EA4A
FE02680FD6EE03673B1B350408D75558
4B09036E0FBEEE03C43B1B340408D655
9A4BF902610FB4EE03993C1B2E0408D6
559A4BFB025C0FB5EE03B93C1B2E0408
D755BB4BF9026A0FC4EE03D83A1B3004
08D6557F4B0603610FEBEE03A13A1B35
0408D555794B0303610F1FEF03BB3A1B
370408D555AE4BCF022F0F46EF03AA3A
1B360408D755754BCD022D0F5FEF0377
3A1B360408D5554A4BCA02310F71EF03
F13A1B370408D455384BD2022D0F77EF
03FB3B1B390408D6555F4B0103440F6C
EF03D23C1B370408D755844B0203400F
4EEF03013D1B390408D955224BFC0240
0F32EF03103C1B3A0408DA559B4AF802
390F23EF03A73B1B360408D855854ADD
026B0F27EF03DE3B1B340408D655554A
D802720F28EF03B13C1B330408D75564
4ADB026B0F20EF03733D1B340408D655
144AE402730F0AEF03D43D1B370408D8
55FF49E802630FF2EE03533E1B370408
D855254AD702590FDAEE03EF3E1B3804
08D955E649DF02600FC7EE03503F1B38
0408DA554C4AE102600FB8EE03B43E1B
360408D955054ADF025E0FA9EE030E3E
1B330408D755F7490303910F98EE03E5
3D1B2F0408D655F74905038E0F8EEE03
BC3E1B2C0408D755EC49F7028C0F80EE
03543C1B2C0408D655F949FE02910F8A
EE03F13A1B300408D5556349E302600F
B9EE03AE3A1B340408D355A349DC025A
0FE0EE03513A1B340408D4555549E402
630F02EF03443A1B300408D3554949DE
02610F1FEF03A13A1B2C0408D5555B49
EF02520F2CEF03233B1B2F0408D6554E
49E402570F1EEF03DE3B1B2F0408D755
9449E6025A0F04EF03EE3B1B310408D6
557D49EF02540FEAEE03783B1B320408
D5558B49FD02620FE0EE038D3A1B3304
08D5556749FC025D0FF8EE03D43A1B31
0408D45587490003640F16EF039E3B1B
2F0408D4558F4902035E0F1AEF03973C
1B320408D4556C49F902580F0BEF0344
3D1B350408D7553049D7024F0FF0EE03
DE3C1B3B0408D6550749E002580FDFEE
032A3C1B380408D755E548DE025C0FDE
EE03393B1B370408D8553249E002510F
F0EE03133B1B320408D9553B49D40287
0F09EF03BA3B1B2E0408D9558B49CA02
8D0F11EF03C13C1B2E0408D955E148C6
028E0F01EF03443D1B320408D9554349
CF028B0FEAEE03053D1B350408DA5522
49ED02A40FD5EE03953C1B380408DB55
9449F3029A0FCBEE03A33B1B350408DB
551349F202A10FD3EE035F3B1B340408
DD557B49E702A20FE7EE03AB3B1B3304
08DE5556490903690FF2EE03D63B1B33
0408DD55D24800036D0FF3EE032E3C1B
350408DC550C49FC026B0FEBEE03CE3C
1B350408DC55F14803036E0FDBEE03DF
3C1B350408DA551F4902036F0FCAEE03
9C3C1B340408DB550549EC02860FBCEE
03803C1B370408DA55B848EF02930FB4
EE031D3C1B370408DA550949EB028E0F
B0EE03893B1B350408DA55EB48F40290
0FB5EE035F3B1B340408D955AC48DB02
6D0FC1EE03753B1B340408D955A748E0
02670FC8EE03673B1B360408D8559048
DB026E0FCDEE035F3B1B330408D75540
48DB02670FD0EE03393B1B350408D655
DE47EF02830FD3EE030F3B1B320408D4
556B48F0027C0FDBEE03203B1B320408
D355C547ED02770FDFEE03463B1B3204
08D4559B48E8027E0FE4EE03C93B1B32
0408D5559748F402420FDEEE03F33B1B
340408D655DF47E802420FD3EE03EA3B
1B330408D7558E47E8023E0FC9EE03B3
3B1B320408D9558447F2023C0FC2EE03
963B1B320408DB55D347EA02420FBEEE
03923B1B340408DC553448C8029C0FBD
EE03643B1B340408DC555248CC02960F
BDEE03283B1B350408DA552848D1029F
0FC2EE03633B1B350408DB559D47CE02
9F0FC7EE03A33B1B320408DC552247E0
026F0FC4EE03E23B1B320408DC553C47
E1026C0FBEEE033D3B1B2E0408DE5502
47DE02730FC1EE034E371B330408DD55
5F47E102710FF9EE0304351B370408DE
55F246DC02690F0FEF035C341B3B0408
DE557A47E102690F33EF0328341B3C04
08DD553047DE02740F5BEF031D341B3D
0408DC551B47DF026D0F76EF0310341B
3C0408DE551247EE024E0F8DEF03FF33
1B3C0408DD556D46F102500F9EEF03F7
331B420408DC55DC46F002550FA9EF03
E4331B490408DC557747F302490FB4EF
03E6331B4F0408DB55BB47EB02510FD5
EF037D331B520408DD550048D602960F
0AF00320331B530408DE551949CF029B
0F40F003D8321B530408DE556549CF02
9C0F6EF003A4321B520408DF558E49CC
029F0F95F00384321B500408DE553B4A
F4023E0FAFF00388321B550408DD5561
4AF0023F0FB8F00399321B590408DE55
C24AF202420FB8F0039D321B5E0408DE
55724BF0023A0FBAF00394321B600408
DE55894BBE02760FBFF00373321B6004
08DE55834CC502690FD8F0032C321B60
0408DE55B94CC002720FE4F0032C321B
610408DD55394DC1026E0FE8F0033432
1B630408DD55A64DCA02910FE9F00327
321B690408DC559C4DC9028B0FEEF003
1F321B6E0408DB550F4ECF028D0FE2F0
0349321B720408DC55634ED602910FBF
F003A2321B710408DB55FC4ECF02930F
A1F003D0321B720408DA55164FFE0287
0F85F003DD321B720408DA55E64E0403
8E0F69F003ED321B720408D955B24FFB
02930F52F003F6321B740408DB55EA4F
FC028A0F45F003FE321B760408DA55A9
4FE0027A0F3FF003ED321B780408D855
BC4FD9027A0F46F003E1321B7A0408DA
55BF4FE402820F54F003C3321B7B0408
DA55C24FE9027C0F6FF00388321B7A04
08DA55F34FED02840F9CF0032C321B79
0408DA556B50F3027C0FC7F003E9311B
780408DC55A150F9027A0FE6F003DA31
1B7A0408DD557B50E702840FF3F003E9
311B7F0408DE55A15003039C0FF4F003
0A321B820408DD55C250FB02A00FFCF0
03E4311B830408DF553751FC02990F15
F103A1311B860408DE55055100039A0F
30F10379311B870408DE554A510003A1
0F45F1036A311B8A0408DC554F51EC02
840F63F10338311B900408DC554051ED
027C0F8DF103E0301B940408DB558451
F902840FC8F10372301B990408DB558A
51F3027E0F08F20311301B9C0408DD55
FD51ED02970F3DF203E32F1B9F0408DE
55E051EB028B0F6EF203C22F1B9F0408
DD55FB51EA028F0F96F203982F1B9E04
08DE55FC51EE02900FB8F203832F1B9A
0408DE55F15102037E0FC8F2037E2F1B
9A0408DC55315206037D0FC9F203972F
1B9C0408DA5559520703870FBDF203B9
2F1BA00408DB556A52FC02790FABF203
DB2F1BA30408DC55B052E002E00F9DF2
03DB2F1BA80408DB55E752DE02DA0FB4
F203832F1BAE0408DC55E251DE02D80F
DAF2031E2F1BB00408DC55C351D702E3
0FFFF203E32E1BB00408DC553752DB02
ED0F25F303C12E1BB30408DE554D52EF
02DD0F3FF303A82E1BB70408DF55CD52
EA02DA0F4CF303AC2E1BBA0408DF55A9
52ED02E30F52F303B92E1BBC0408DF55
DC52F402DA0F52F303BD2E1BC40408DF
55A452FA02AD0F53F303A42E1BC90408
DE558952FA02AC0F52F3039F2E1BCE04
08DE55C052FE02AF0F4EF3039B2E1BD0
0408DF557853FB02AD0F4FF303972E1B
D20408E0557653FC02EB0F59F303892E
1BD80408E05583530103F00F5EF3038F
2E1BDE0408DE556E530403ED0F5FF303
A42E1BE00408DF5558530203F10F64F3
03972E1BDD0408DF55CA53E802870F70
F303752E1BD40408DE551354E902880F
7AF3036D2E1BD00408E0551B54E1027E
0F7CF3037C2E1BD10408E155B353D802
8A0F76F3039B2E1BD70408DF555F53E3
028F0F69F303AC2E1BDE0408E0551E53
11037E0F5EF303BD2E1BDE0408E05550
5313037D0F56F303BD2E1BDE0408DF55
6B531103850F50F303C12E1BDA0408DE
5554530C037D0F4DF303C52E1BDB0408
DE55B053F802A40F49F303C52E1BDB04
08DD5573530603A10F43F303CA2E1BDD
0408DC554353F5029E0F3CF303D22E1B
DE0408DC5541530203A70F3CF303C52E
1BDB0408DC553A53CC029F0F4BF303A5
2E1BD90408DD552953C8029E0F55F303
972E1BDC0408DD55FE52C9029A0F60F3
03862E1BDE0408DD55AF53D3029B0F68
F3037A2E1BE30408DD553453CC02A50F
7BF303502E1BE40408DC555953EC029E
0F98F3031F2E1BE90408DA551E53EF02
9D0FAEF303112E1BF00408DA554452EE
02980FC0F303F32D1BF80408D9552052
F602A10FD4F303C52D1BFD0408D855D1
520003AB0FE2F303B02D1B000508D955
6554F502AA0FE3F303DE2D1B010508DA
5537540003B00FDFF303EB2D1BFF0408
DA554554FA02AE0FDBF303E72D1B0005
08DA555F54EA02750FDCF303EF2D1BFE
0408DC557D54EC026D0FDEF303EB2D1B
FF0408DB558054E802670FE5F303DE2D
1BFF0408DD55A354EB026D0FE6F303D7
2D1BFE0408DC559754F0024B0FE4F303
EB2D1B010508DC557C54EF02560FDDF3
03042E1B020508DA558954ED02510FD6
F303082E1B060508DA55AB52EC02580F
CBF303042E1B0C0508DA559A52E90267
0FC5F303FC2D1B120508DB5588520403
810FC0F303FB2D1B190508DB55C552FC
02820FC2F303DA2D1B210508DC555453
F7027A0FC8F303D62D1B250508DB5587
53FD02760FCDF303E72D1B260508DB55
BA53E702AD0FC7F303F72D1B2B0508DC
551D54E402AD0FC1F303042E1B2C0508
DC550A54D902B00FBDF3030B2E1B3005
08DC556553DB02AD0FB9F3030C2E1B3A
0508DA552553D802600FB4F3030C2E1B
400508DA556E53DB02710FB0F3030C2E
1B420508DA55D653DC02750FB6F303F3
2D1B410508DB55B853E0026F0FCAF303
BA2D1B420508DC55C0530003B20FE1F3
03A82D1B430508DE55C553FD02A90FED
F3039B2D1B480508DD55AD530003AB0F
F0F303A82D1B4C0508DC553754FE02AC
0FF1F303B42D1B520508DC55BC53FA02
AA0FF3F303A32D1B5F0508DD55AE53DE
029A0F01F4037A2D1B6A0508DC551554
D902A20F21F403362D1B730508DE55D9
53DD02A50F44F403FB2C1B7A0508DD55
6454DE02A00F64F403DE2C1B840508DB
551154E802E00F7FF403C52C1B8B0508
DC55D154ED02E30F8FF403B82C1B9205
08DD559854F002E50F9DF403B82C1B9B
0508DF552954F302DC0FA3F403B02C1B
A40508DE5596541B036A0FA8F403AB2C
1BA80508DC55405511036F0FADF403A3
2C1BAC0508DC551A570D036A0FB0F403
9F2C1BB30508DA5521560B03740FB3F4
03AC2C1BB70508D855D2541903B10FB6
F403A72C1BC00508D955CE532603B30F
B7F403A32C1BC90508DB5525542003AF
0FB7F4039F2C1BD30508DC5580542A03
B20FB7F4039F2C1BDD0508DB5584541C
03AD0FB4F4039B2C1BE40508DA55A654
F402B60FB3F4039C2C1BEF0508DA55BF
54EB02B00FAEF403A72C1BF80508DB55
4C53F402B40FAAF403B82C1B030608DB
559E54ED02AF0FA5F403BC2C1B0E0608
D955CF540F03A60FA2F403C02C1B1706
08D75568550C03960F9FF403BC2C1B22
0608D655E75413039B0F9DF403BC2C1B
300608D85503550D03A00F9BF403BC2C
1B390608DA558B550703B00F9BF403B8
2C1B490608DA55E6551C03AF0F9FF403
B82C1B550608DB552B550E03AD0FA1F4
03B82C1B610608DC55E7551203B70FA0
F403B82C1B6F0608DC5580551503ED0F
A2F403C52C1B7D0608DC558E550B03EC
0F9EF403C92C1B890608DA5560550803
F30F9CF403C02C1B970608DA5518560E
03F10F9FF403BC2C1BA60608DC554E55
1003E80FA5F403B42C1BAE0608DC55D3
552003F30FACF403A82C1BB20608DD55
99562903EC0FAFF403A72C1BB50608DD
554B561D03EE0FAFF403B02C1BB30608
DE552C561B03F10FB0F403B02C1BB406
08E055D4550B036D0FAEF403B42C1BB6
0608E055FD550F03670FADF403BC2C1B
B90608E055F4551003710FAAF403C82C
1BBF0608E055425613036B0FA5F403C9
2C1BC90608E155AB55E202830FA5F403
C02C1BD10608E1553455D5028D0FA8F4
03B42C1BD60608E1558D55D7028F0FA4
F403B82C1BD50608E055D155D9028F0F
9CF403D12C1BD40608E0554656F302AD
0F96F403D82C1BD40608E055DF55EB02
B30F92F403DA2C1BD90608E1552E56EB
02A60F8DF403E22C1BDC0608E255B255
F402B10F8DF403E22C1BDE0608E2559A
55EF02B00F8EF403E22C1BDC0608E155
AA55FF028E0F8BF403E42C1BE00608E1
55655500038D0F88F403E62C1BE00608
E1558A55FF02920F87F403EA2C1BE206
08E15562550003850F86F403EA2C1BE3
0608E2559F55F7028D0F86F403EA2C1B
E50608E1559555F9028C0F85F403EF2C
1BE90608E0558B55FD028D0F86F403E8
2C1BED0608E055A255F9028D0F86F403
EF2C1BED0608DF55E355FC02C50F84F4
03E62C1BED0608DF550756FC02BE0F89
F403EA2C1BEB0608DF55C8550003BD0F
88F403DE2C1BE90608DF55CA550403B9
0F8BF403E22C1BED0608E1558F56FC02
BC0F8CF403E02C1BF30608E1558B5504
03C50F89F403DE2C1BFB0608E155AF55
0503BC0F89F403E62C1B030708E15594
55FD02BA0F8BF403DE2C1B080708E155
7C55F202B20F8FF403D12C1B0D0708E1
55A756F902D60F96F403D02C1B150708
E055BA55F902E00F97F403CD2C1B1D07
08E0554D550003D90F95F403C92C1B20
0708E155FD550003D80F94F403D52C1B
1F0708E15531550D0323108DF403DE2C
1B200708E055C15413030F1083F403DE
2C1B220708E05509551303291080F403
E02C1B1F0708E055B3540F03181080F4
03E22C1B1F0708E055365407031A1082
F403DE2C1B200708E0554F5211032410
80F403DE2C1B210708E0555A500D031D
1082F403DA2C1B220708DF556C501C03
1B1081F403DA2C1B230708DE55BF5029
03381080F403E82C1B230708DD55BC50
1A033E107BF403EA2C1B210708DC5503
51220340107AF403E22C1B220708DD55
48511F0348107EF403DE2C1B1F0708DD
5566512A0338107EF403D52C1B200708
DE5554512703FA0F83F403D42C1B2107
08DD5554512203FC0F85F403D52C1B20
0708DD55D9511A03031086F403D12C1B
1C0708DC55B0522403FD0F88F403C52C
1B190708DC55D1521303121088F403D5
2C1B180708DC55D1521503121084F403
E62C1B160708DB55EF52150311107DF4
03EC2C1B0C0708DB553A530E030F1077
F403EA2C1BFD0608DC554F5313037C10
75F403E62C1BF10608DA55C7530F037A
1072F403E62C1BE60608DA5585530F03
7A1074F403DE2C1BE90608DA55A5530E
03821078F403D12C1BE90608DA559253
0003B20F7DF403CC2C1BEC0608DB559D
530103AF0F83F403C92C1BED0608DB55
5C530303AA0F89F403C02C1BEE0608DA
558953F702B00F8CF403C02C1BF50608
DA556053FC02AD0F92F403C02C1BF606
08DA555653E602A00F92F403C52C1BEE
0608D9555054EA029B0F93F403C42C1B
E50608D955A654F0029E0F94F403C02C
1BD70608DB555955EE02A00F93F403C0
2C1BCE0608DB55DD55F6028F0F92F403
C52C1BCE0608DD559055FC028F0F93F4
03C92C1BCC0608DD555D550103920F91
F403C82C1BCA0608DD5552550203980F
92F403C52C1BC00608DE557E55FB02A0
0F93F403C02C1BB20608DE557954FE02
9C0F98F403BC2C1BAB0608DE55A354FC
029C0F99F403BC2C1BAA0608DC553754
0703A50F99F403BC2C1BAE0608DC5557
54DE02A50F97F403C02C1BB10608DC55
C854DF02A00F97F403C52C1BB30608DD
558A54DC029B0F9AF403BC2C1BB50608
DD559954D7029E0F9CF403B82C1BBA06
08DE55D154DB029E0F9CF403B82C1BBF
0608DF558E54FE02600F9DF403B42C1B
C30608DE555E540103600F9FF403AC2C
1BC30608DD55745400035D0FA0F403B4
2C1BC40608DD555E54FE02640FA1F403
B02C1BBB0608DC5576540D03710FA2F4
03A72C1BAB0608DC556E540D037A0FA5
F403A32C1B960608DB556D5416037C0F
A3F403A72C1B870608DA55A054080380
0FA2F403B02C1B830608DB55E353F502
8D0F9EF403B42C1B7D0608DC55D953E9
028F0F99F403B42C1B710608DE55BB54
F102910F9AF403B02C1B5F0608DD5545
55EF02940F98F403B02C1B580608DD55
2E550203800F96F403B82C1B570608DC
553C55FA02850F98F403B82C1B590608
DC55295502037D0F96F403BC2C1B5406
08DB55B954F502800F92F403B82C1B4E
0608DB55AC54FE027D0F95F403B82C1B
4C0608DC551E541A03C10F94F403B02C
1B510608DC5590540E03D10F97F403B0
2C1B530608DC5551540D03CA0F98F403
B42C1B4A0608DB557B541303D40F99F4
03AB2C1B380608DB55265413039C0F9A
F403AB2C1B240608DA55AB530D03A10F
9AF403A72C1B160608DA55D95311039E
0F99F403A72C1B130608DA5571541303
950F98F403B02C1B120608DA558453EC
026B0F9BF403AB2C1B0F0608DA555254
EA02690F9CF403A32C1B0D0608DA55E6
52EF02700FA1F403962C1B0B0608DA55
C153F1026B0FA2F403962C1B0A0608D9
55185400037C0FA4F403982C1B0A0608
D855D6530103820FA6F403962C1B0306
08D855F55202037B0FA7F403962C1BF3
0508D755F652FA027F0FABF4038E2C1B
E30508D8551C55F702730FA9F4038E2C
1BDF0508D7556154F0027F0FACF40392
2C1BDF0508D755FA52ED027C0FA8F403
942C1BDF0508D9559453EF02750FA7F4
03922C1BE00508DA553853F6027C0FA7
F403962C1BE50508D955B05306038E0F
A7F403922C1BE30508D955E052FE028F
0FA9F403922C1BE60508D9559153F902
870FA6F4039B2C1BE60508D8557053FF
028E0FA4F4039C2C1BE70508D9558253
FC025E0FA3F403962C1BE30508D8551A
53FC025A0FA3F403962C1BE30508D955
295300035E0FA4F403962C1BDE0508D9
558C5301035E0FA4F403922C1BDD0508
DA55CA53F602600FA5F403962C1BD805
08DA55A7530303650FA5F403942C1BD2
0508D955D25304035C0FA5F403922C1B
C70508D955D151FC026B0FA6F4038E2C
1BB50508DA55A051FC02600FA6F4038E
2C1BB10508DA55FF51EA02620FA3F403
962C1BB10508D955F551E802600FA0F4
039C2C1BB00508D8555752F502620F9F
F4039B2C1BAF0508DA554352EA02670F
9EF403962C1BAF0508DB551F521A036A
0FA0F403962C1BAE0508DA559F520B03
690F9DF403962C1BAF0508DB55945210
036D0F9DF4039B2C1BAC0508DB557852
14036F0F9EF403982C1B9C0508DB55B4
52FF02710F9DF403962C1B850508DB55
AE5203036F0F9CF403962C1B780508DB
554E52FE026E0F99F403A32C1B730508
DA555E530203670F95F403AB2C1B7305
08DA554653EE029F0F90F403B42C1B6F
0508DD552154EA02A20F8BF403B82C1B
6D0508DC559154EF029B0F87F403B82C
1B6F0508DB559354F3029D0F86F403B4
2C1B700508DB554754ED02A10F85F403
B02C1B6F0508DB55CE531E039A0F86F4
03A72C1B660508DC5551532203A50F8D
F4039B2C1B500508DA550F531C03A30F
92F4038F2C1B430508D855EB52240391
0F93F403962C1B3B0508D855A5520603
640F92F403A32C1B390508D6558752FA
026F0F93F4039F2C1B390508D5558453
FB02760F93F4039F2C1B370508D5558E
53FC02760F96F4039C2C1B390508D555
DA53FD02A90F97F403922C1B350508D4
556E530303AF0F9BF4038E2C1B260508
D4556351F702AB0F9CF4038A2C1B0E05
08D355CE51FE02B30F9DF4038A2C1B00
0508D255A852F302BE0F9CF403922C1B
FD0408D2552752EB02C50F97F403982C
1BFC0408D2554B52F102C20F95F4039F
2C1BF90408D2558D52ED02C00F91F403
A32C1BF60408D2553953EC02BC0F8EF4
03A32C1BF40408D255E452F602AD0F8B
F4039F2C1BEC0408D4554753EC029C0F
8CF4039B2C1BD50408D5559F52F8029C
0F8DF4039C2C1BC90408D7556C54E902
9C0F8AF4039F2C1BC30408D755665406
03AB0F8BF4039F2C1BC20408D855E353
0403B60F8DF4039F2C1BBF0408D75568
54FE02B00F8DF403962C1BC00408D755
0D540003B30F8DF403962C1BC00408D7
551F54F1029F0F8CF4039C2C1BBF0408
D7551D54EF02A20F8CF4039F2C1BB904
08D9552754EB02A40F8BF403A72C1BA4
0408D7556A52E902980F87F403AB2C1B
920408D7553C52EA028F0F82F403AB2C
1B8D0408D7556E52E602850F81F403B0
2C1B910408D7553952F7028C0F7AF403
BC2C1B930408D755C951E3028C0F76F4
03C02C1B950408D7553D52ED02850F71
F403C52C1B900408D755B85201037A0F
70F403C52C1B910408D755F152F90276
0F6DF403C02C1B900408D655A352FF02
7E0F6BF403C42C1B810408D5559253FC
027D0F67F403CD2C1B6C0408D455F052
CD029D0F65F403D12C1B5A0408D45597
53D2029A0F62F403D52C1B540408D555
4E53CB02990F5FF403DA2C1B520408D5
557653D502A20F5DF403DA2C1B500408
D6556453E302840F5BF403D02C1B4E04
08D5558753DB027C0F5DF403C92C1B4D
0408D655E353D902780F5FF403C92C1B
4E0408D655D953E002750F5EF403D52C
1B470408D555EE53E1026D0F5AF403DA
2C1B330408D655D352D302770F57F403
DE2C1B200408D6556C54E1026D0F52F4
03E82C1B1A0408D455AC54D7026E0F47
F4030C2D1B1C0408D4559654DA02730F
29F4035C2D1B1C0408D4555355F4024E
0F03F403932D1B1B0408D35572560003
530FDFF303C12D1B1A0408D3556856FA
02520FBEF303E72D1B1C0408D4557856
FE02510FA5F303EF2D1B1A0408D5555F
54A8028D0F98F303CD2D1B110408D455
6556AC02920FA1F303A32D1B050408D5
55DD56AB02940FACF303932D1B000408
D5554F57B3028D0FAAF303B82D1BFD03
08D455C8575B01862489F3033C2E1BFF
0308D455B2565C01852449F303B52E1B
070408D455AD564E017E24F9F203262F
1B0E0408D5554A564A018424A0F203A8
2F1B100408D4559B56C50199494EF203
11301B150408D355F356CB019C490CF2
0341301B140408D3553357C6019E49E7
F10333301B160408D355EF56CE019A49
D5F10337301B160408D2552C57C50199
49C6F1034C301B150408D255BF56FE02
4E0FB8F10359301B150408D255C95600
035A0FABF10376301B130408D155D956
0603510F98F1039E301B110408D1556B
56F9024A0F86F103B1301B110408D155
3F56B7023F0F79F103B1301B140408D1
555256B602400F71F103BE301B170408
D1555156BC02400F69F103C2301B1704
08D3557956BD023C0F7DF10362301B19
0408D3553D56EE02360F98F10326301B
1A0408D2559856ED02420FC9F103CA2F
1B1B0408D1554156E9023F0FFCF1039C
2F1B1C0408D1557D56EF02450F1CF203
AD2F1B1C0408D3558E56EB021E0F24F2
03E02F1B190408D4553B56EA02250F1B
F20301301B170408D355D655ED021C0F
0CF2031E301B170408D4556355EA021E
0FF6F1034C301B160408D5555F55F102
1D0FD8F1037B301B130408D655FC54CF
02350FBBF1038E301B0B0408D6552355
CC02310FA3F103A5301BF60308D655F4
55C902350F8EF103B5301BE40308D755
EE54CD02310F7CF103BE301BDD0308D5
552F5725040C2B6BF103C6301BDE0308
D555E9571F04092B66F103AF2B18DE03
08D55519592104FF2A7BF103D6EF11DD
0308D555615B2004082BA0F103212E0D
DF0308D755E5588C036B17B9F103AE46
0DDF0308D755025887037217C4F103F3
E80DDE0308D65535578F037617C6F103
B1F90DDF0308D555835789036F17CDF1
0341230EE00308D455DD578200220EDC
F103A8210EDE0308D5554A578C00260E
EAF103D2020EE00308D555CF568C0021
0EF6F10354910EE10308D455B9568400
210E05F2038AAA0FDE0308D35573568E
00270E14F2034AB90FE10308D3552956
EE037C101DF203E5EF0EDC0308D455F4
59EE03791026F2034F850FDE0308D455
CA5AE903811038F20370D30EDE0308D5
555F59EB037B10</Data>

   <DataCRC>1cd0a83c</DataCRC>

   <BytesSent>11271</BytesSent>

</SBEDataUpload>
</InstrumentRawData>
</SBEDataUploadFile>
