<?xml version="1.0"?>
<!-- SCPlusV2_RS232 -->
<SBEDataUploadFile>
<ApplicationData>
<Seaterm232>
<SoftwareVersion>2.6.3.104</SoftwareVersion>
<BuildDate>30-Jun-2017</BuildDate>
</Seaterm232>
</ApplicationData>
<InstrumentState>
<HardwareData DeviceType='SBE19plus' SerialNumber='01906740'>

   <Manufacturer>Sea-Bird Electronics, Inc.</Manufacturer>

   <FirmwareVersion>2.2d</FirmwareVersion>

   <FirmwareDate>9 February 2011 08:30</FirmwareDate>

   <CommandSetVersion>1.1</CommandSetVersion>

   <PCBAssembly PCBSerialNum='25307' AssemblyNum='41054G'/>

   <PCBAssembly PCBSerialNum='25737' AssemblyNum='41580B'/>

   <PCBAssembly PCBSerialNum='24669' AssemblyNum='41606'/>

   <PCBAssembly PCBSerialNum='24372' AssemblyNum='41059D'/>

   <MfgDate>  08 DEC 2010</MfgDate>

   <InternalSensors>

      <Sensor id='Main Temperature'>

         <type>temperature0</type>

         <SerialNumber>01906740</SerialNumber>

      </Sensor>

      <Sensor id='Main Conductivity'>

         <type>conductivity-0</type>

         <SerialNumber>01906740</SerialNumber>

      </Sensor>

      <Sensor id='Main Pressure'>

         <type>strain-0</type>

         <SerialNumber>3220369</SerialNumber>

      </Sensor>

   </InternalSensors>

   <ExternalSensors>

      <Sensor id='volt 0'>

         <type>SBE 43 OXY</type>

         <SerialNumber>432005</SerialNumber>

      </Sensor>

      <Sensor id='volt 1'>

         <type>not assigned</type>

         <SerialNumber>not assigned</SerialNumber>

      </Sensor>

      <Sensor id='volt 2'>

         <type>ECO-FLNTURT CHL</type>

         <SerialNumber>FLNTURTD-2025</SerialNumber>

      </Sensor>

      <Sensor id='volt 3'>

         <type>ECO-FLNTURT TURB</type>

         <SerialNumber>FLNTURTD-2025</SerialNumber>

      </Sensor>

      <Sensor id='volt 4'>

         <type>not assigned</type>

         <SerialNumber>not assigned</SerialNumber>

      </Sensor>

      <Sensor id='volt 5'>

         <type>not assigned</type>

         <SerialNumber>not assigned</SerialNumber>

      </Sensor>

   </ExternalSensors>

</HardwareData>
<StatusData DeviceType='SBE19plus' SerialNumber='01906740'>

   <DateTime>2018-11-26T19:37:10</DateTime>

   <LoggingState>not logging</LoggingState>

   <EventSummary numEvents='241'/>

   <Power>

      <vMain>12.4</vMain>

      <vLith>5.3</vLith>

      <iMain>61.4</iMain>

      <iPump>156.8</iPump>

      <iExt01> 4.2</iExt01>

      <iExt2345>18.2</iExt2345>

   </Power>

   <MemorySummary>

      <Bytes>1110270</Bytes>

      <Samples>65310</Samples>

      <SamplesFree>3805169</SamplesFree>

      <SampleLength>17</SampleLength>

      <Profiles>71</Profiles>

   </MemorySummary>

</StatusData>
<ConfigurationData DeviceType='SBE19plus' SerialNumber='01906740'>

   <ProfileMode>

      <ScansToAverage>1</ScansToAverage>

      <MinimumCondFreq>3226</MinimumCondFreq>

      <PumpDelay>60</PumpDelay>

      <AutoRun>no</AutoRun>

      <IgnoreSwitch>no</IgnoreSwitch>

   </ProfileMode>

   <Battery>

      <Type>alkaline</Type>

      <CutOff>7.5</CutOff>

   </Battery>

   <DataChannels>

      <ExtVolt0>yes</ExtVolt0>

      <ExtVolt1>no</ExtVolt1>

      <ExtVolt2>yes</ExtVolt2>

      <ExtVolt3>yes</ExtVolt3>

      <ExtVolt4>no</ExtVolt4>

      <ExtVolt5>no</ExtVolt5>

      <SBE38>no</SBE38>

      <OPTODE>no</OPTODE>

      <GTD>no</GTD>

   </DataChannels>

   <EchoCharacters>yes</EchoCharacters>

   <OutputExecutedTag>yes</OutputExecutedTag>

   <OutputFormat>raw HEX</OutputFormat>

</ConfigurationData>
<CalibrationCoefficients DeviceType='SBE19plus' SerialNumber='01906740'>

   <Calibration format='TEMP1' id='Main Temperature'>

      <SerialNum>01906740</SerialNum>

      <CalDate>07-Jan-11 </CalDate>

      <TA0>1.255288e-03</TA0>

      <TA1>2.593288e-04</TA1>

      <TA2>-2.376104e-07</TA2>

      <TA3>1.449298e-07</TA3>

      <TOFFSET>0.000000e+00</TOFFSET>

   </Calibration>

   <Calibration format='WBCOND0' id='Main Conductivity'>

      <SerialNum>01906740</SerialNum>

      <CalDate>07-Jan-11</CalDate>

      <G>-1.033008e+00</G>

      <H>1.393941e-01</H>

      <I>-2.175401e-04</I>

      <J>3.475757e-05</J>

      <CPCOR>-9.570000e-08</CPCOR>

      <CTCOR>3.250000e-06</CTCOR>

      <CSLOPE>1.000000e+00</CSLOPE>

   </Calibration>

   <Calibration format='STRAIN0' id='Main Pressure'>

      <SerialNum>3220369</SerialNum>

      <CalDate>21-Dec-10</CalDate>

      <PA0>8.222195e-01</PA0>

      <PA1>1.566037e-02</PA1>

      <PA2>-6.194425e-10</PA2>

      <PTCA0>5.244452e+05</PTCA0>

      <PTCA1>4.417653e+00</PTCA1>

      <PTCA2>-9.798927e-02</PTCA2>

      <PTCB0>2.510725e+01</PTCB0>

      <PTCB1>-1.150000e-03</PTCB1>

      <PTCB2>0.000000e+00</PTCB2>

      <PTEMPA0>-5.917147e+01</PTEMPA0>

      <PTEMPA1>5.387460e+01</PTEMPA1>

      <PTEMPA2>-2.653169e-01</PTEMPA2>

      <POFFSET>0.000000e+00</POFFSET>

      <PRANGE>5.076000e+03</PRANGE>

   </Calibration>

   <Calibration format='VOLT0' id='Volt 0'>

      <OFFSET>-4.687158e-02</OFFSET>

      <SLOPE>1.247988e+00</SLOPE>

   </Calibration>

   <Calibration format='VOLT0' id='Volt 1'>

      <OFFSET>-4.719579e-02</OFFSET>

      <SLOPE>1.248132e+00</SLOPE>

   </Calibration>

   <Calibration format='VOLT0' id='Volt 2'>

      <OFFSET>-4.684526e-02</OFFSET>

      <SLOPE>1.248324e+00</SLOPE>

   </Calibration>

   <Calibration format='VOLT0' id='Volt 3'>

      <OFFSET>-4.678105e-02</OFFSET>

      <SLOPE>1.247145e+00</SLOPE>

   </Calibration>

   <Calibration format='VOLT0' id='Volt 4'>

      <OFFSET>-4.669684e-02</OFFSET>

      <SLOPE>1.248307e+00</SLOPE>

   </Calibration>

   <Calibration format='VOLT0' id='Volt 5'>

      <OFFSET>-4.709579e-02</OFFSET>

      <SLOPE>1.247697e+00</SLOPE>

   </Calibration>

   <Calibration format='FREQ0' id='external frequency channel'>

      <EXTFREQSF>9.999977e-01</EXTFREQSF>

   </Calibration>

</CalibrationCoefficients>
<EventCounters DeviceType='SBE19plus' SerialNumber='01906740'>

   <EventSummary numEvents='241'/>

   <Event type='ErrorFLASHUncorrectableError' count='241'/>

</EventCounters></InstrumentState>
<Headers>

cast  54 24 Nov 2018 14:05:39 samples 54732 to 55180, avg = 1, stop = mag switch

</Headers><InstrumentRawData>
<SBEDataUpload startAddr='930427'>

   <Type>1</Type>

   <DataFormat>SEACATPLUS0</DataFormat>

   <Bytes>7633</Bytes>

   <Data>
E9D5035FDB0ADD0308CC559E64120460
07E6D5038EDD0ADC0308CC55B6601404
6007E1D5033DDE0ADE0308CC552D6003
045C07DED50329DF0AE80308CC550D5E
07045F07A3D503CB480BF00308CC553A
60DD01DB0490D403F0A50CF70308CC55
865DE701DA048BD3033EA00BFD0308CC
55385BE101D904E4D203EDCE0BFF0308
CC55395CD701DD047ED2039AD20B0204
08CC55AD5A2505902E44D203A52D0C08
0408CC55B0592605842E21D20306FA14
0D0408CC55555922058D2E08D203E8F0
140F0408CC5506592905902EF7D1039A
F214110408CC5571593A03AA14EAD103
C7C318100408CC552C593903A614DAD1
03D584170D0408CC55E0593503A414CC
D103578417090408CC55F7593603B314
B9D103C7771B080408CD556D593D03A1
149CD103E4791B0C0408CD5530591403
A61488D10353781B0F0408CE5562591B
039E146FD103D9751B170408CE559C59
1C039B143DD103F3751B1A0408CF558C
5929039A14EED0035C761B1C0408CF55
D65937038F14A1D003D6761B1E0408CF
55C7593303901462D00326771B1C0408
CF55B2592F03971438D00335771B1D04
08CF55F55935038F1412D00301771B1E
0408D0551F5A53036F14F6CF03FD761B
210408D055395A52037814DDCF03F476
1B240408D155DB5953037B14C4CF03F9
761B260408D155735952037114B0CF03
2E771B270408D155265930037C149FCF
034A771B260408D155FE582F037E1491
CF0332771B260408D155175929037B14
87CF0353771B250408D155EE58370381
1480CF0391771B260408D15584592D03
7C147FCF03A0771B2F0408D255755940
03B7147CCF034F771B310408D2557559
4303C11479CF037C771B320408D15542
594703B91477CF038B771B340408D155
88593F03C41473CF035B771B310408D2
55B15951037B1475CF0328771B2F0408
D2557F594D035C1474CF030D771B3004
08D2555B5958037D1475CF030E771B33
0408D2550F6F5A036A1473CF0311771B
360408D255D76B5003B11472CF033D77
1B350408D255D1655003B7146FCF0336
771B350408D25506625803AF1471CF03
1F771B320408D355485F5103C0146ECF
0311771B310408D255945D410349146D
CF0324771B310408D2551C5C41034C14
68CF0322771B350408D255325B420357
1461CF0331771B350408D2556F5A3E03
4D145DCF034F771B3A0408D255AF5942
03511453CF0368771B3C0408D2550C59
6303CC144CCF0371771B3E0408D255B6
585803CD1448CF0391771B3E0408D255
29585C03C81449CF03BE771B3E0408D2
5583576B03BE1449CF03D7771B3B0408
D25516573E03751446CF03D4771B3A04
08D255C6563B036F1441CF03CB771B3B
0408D3553D564103791440CF03D8771B
3B0408D355A9553E037D143CCF03EC77
1B380408D25582553F036A143BCF03FA
771B380408D2555C553D036E143BCF03
09781B350408D2552B554903741438CF
0314781B340408D355CF5446036C1435
CF0319781B350408D35593545C03C814
30CF03E9771B390408D3552B545303D0
1429CF03CB771B3A0408D35516545303
BE1427CF0300781B3E0408D355DE534C
03CF142CCF03D5781B3B0408D355B853
4B03CA1433CF036C791B370408D35523
533A032A1432CF0338791B320408D255
F1523A03331432CF035F781B2E0408D2
5569523F03291435CF03E1771B310408
D45543523D032B1437CF03D3771B3704
08D355EF5156033E1439CF03FA771B3C
0408D2553F515603441440CF0364781B
3C0408D25536514E03431448CF03E678
1B380408D2550C514F034A144ACF0332
791B310408D355FD50560360144ACF03
1A791B290408D255D250560369144BCF
0389781B260408D2559E5054036C1449
CF0325781B270408D255765051036214
4ACF03BA771B2B0408D255495062036A
144CCF03B1771B340408D05567506403
71144DCF03AD771B380408D0557D5062
036F1452CF03CB771B3E0408D0553150
60036D1455CF039D781B3F0408D15506
5056036F1458CF034F791B380408D255
E64F5103681455CF03FE791B2F0408D1
55C44F530370143ACF0391791B250408
D055D24F520378142CCF0359781B2204
08D155B44F5103741428CF03C3771B2A
0408D2559B4F3F036C1430CF03AD771B
320408D2556B4F3C03791439CF038578
1B360408D155114F3D036E1442CF038E
791B370408D055094F3B03781449CF03
E8791B330408D055084F4D03941449CF
0305791B310408D155F94E550386144C
CF0357781B320408D155CE4E5B039314
4DCF0325781B310408D255014F57038D
144ECF03B6781B330408D255F54E6703
D31454CF03E2781B330408D155D64E5C
03CF1456CF03F2771B390408D155CC4E
6003DA1456CF03A2771B410408D055AB
4E5A03D81457CF035C771B4C0408D155
A14E6B03CD1455CF0347771B5E0408D2
55C04E4D03C81454CF033D771B700408
D25529504B03BB1456CF0326781B7704
08D255154F5303C41455CF032B791B79
0408D255EE4E5103C81455CF0357791B
790408D1559B4E6703A21453CF03E678
1B810408D255A44E67039E1451CF0300
781B8D0408D35509506203961452CF03
F2771B970408D255F7505F039B1455CF
0389781B9A0408D2554D506F03BB1457
CF0309791B960408D25513507603D414
57CF0357791B980408D255C1507203C9
1459CF033C791B9D0408D355F54F6B03
D11451CF03A6781BA80408D455BA563B
03F81450CF03BC781BAE0408D555C553
4403E11452CF0311791BAD0408D555BB
523A03E31455CF036C791BAE0408D455
6B524103EA1459CF03B9791BAD0408D3
5520523B03EE1459CF03EC791BB10408
D355FF524403841445CF03067A1BB404
08D35551534203851424CF03F4791BB6
0408D3552A5443038C140ECF03FE791B
BB0408D455475444038614FFCE032A7A
1BBF0408D3552E546703AC14EFCE034F
7A1BC00408D3550D546503B514E2CE03
5F7A1BC40408D45526546B03B514D7CE
03697A1BC60408D45565545A03BB14CE
CE036C7A1BC70408D355A5545203F614
C8CE037A7A1BC70408D355F5535003F8
14C6CE03707A1BC60408D25559535003
F514C5CE03537A1BC80408D35538534B
03EE14CDCE031D7A1BC80408D355EE52
7E03B514D5CE039B791BCC0408D355EA
517803BE14DECE034F791BD30408D455
48527603BB14E7CE0338791BD90408D5
5578537603B714F4CE034F791BDC0408
D45578527F03C11404CF033C791BE604
08D255B35464033E150FCF0327791BED
0408D155C0535D0347151BCF032E791B
F20408D05552536003421521CF033479
1BF90408CF554556600340152ACF0321
791BF80408CF556F556803A41430CF03
41791BFB0408CF55F7546903A91436CF
0399791BFD0408CF55C6536203A11439
CF03C6791B040508CF552E545D03A114
3ECF03A1791B0B0508CE553D537E03C6
143ECF038A791B110508CE5555528003
D1143FCF0384791B0E0508CC55965182
03D31444CF03C6791B090508CD55C750
7F03C41447CF03FC791B070508CE55CB
506C03631448CF03BD791B020508CE55
F84F6D035C144ACF0336791B080508CE
55854F6C0364144BCF031A791B0F0508
CE5513506D0367144ECF03F0781B1505
08CF55CB4F69035B1453CF03DA781B1C
0508CE5591516103B61456CF03EC781B
200508CE5519546403B9145ACF03E678
1B1A0508CE5513546603B5145FCF033C
791B110508CD5537536503BE1463CF03
68791B0D0508CC55C4525003D11465CF
03F8781B0B0508CE557F524C03BD1466
CF035F781B110508CD554B505103C214
62CF03BE771B1C0508CF55304E4903C6
145BCF0378771B270508CF556F4F6503
E61456CF038F771B310508D0556A4F63
03EE1453CF03A6771B330508CF55354F
6503E2144FCF03C3771B310508CE55E1
4E6503E6144BCF0319781B2E0508CC55
F14E6103721449CF0348781B2D0508CB
55B64E6003691446CF031D781B300508
CA55AA4E62036D1443CF03ED771B3705
08CA55854E65036E143ECF03CB771B3F
0508CB55074F5C036A1439CF03BA771B
430508CB550E4F7403F21438CF03C777
1B460508CB55AD4E7103021537CF03E8
771B4A0508CD55184F6B03F91439CF03
E9771B4C0508CC55244F7403FD143CCF
03EC771B4D0508CC550E4F7F0359143D
CF0303781B4D0508CD55824F7C035D14
3ECF0309781B4E0508CD55394E7E0368
143FCF03E1771B580508CC55064F7F03
601440CF03C3771B5F0508CA559A4F79
03C01445CF03BE771B640508CA55244E
7503B11448CF03D7771B680508CA55C0
517A03B6144DCF03C3771B690508CC55
D0507B03BA1450CF03DB771B620508CD
55A9507103521454CF03E9771B5F0508
CD551B506F03501457CF03F4771B6105
08CC55395076034E1459CF03FA771B64
0508CC552A4F72035A145ACF0305781B
6C0508CD55D25076034D145FCF03ED77
1B720508CD55BA5174038C1462CF03ED
771B720508CD5503516D039F1469CF03
F0771B6F0508CD5583507303A0146ACF
0307781B6F0508CD552E507503991470
CF0309781B6D0508CA55174F79036814
70CF0314781B6D0508CB55EC4C78036E
1473CF0315781B740508CC55994D7D03
691475CF03FF771B750508CB55654D86
03711478CF0311781B780508CD55334D
7603A41478CF030C781B810508CA55F6
4C79039D147BCF03EC771B8B0508CA55
C84D6703A9147ECF03CB771B8F0508C8
554B4E6B03A41484CF03C7771B920508
C8551B4C8B036C148CCF03C7771B9405
08C9558D4D8F03701495CF03C3771B94
0508CA55D04D8F036B149FCF03ED771B
920508CA558C4D8B036914A6CF030778
1B940508C9552D4D93036B14A9CF0309
781B9A0508C955754D92032914AACF03
F2771B9E0508CB55D44C8F032714AFCF
03D3771BA70508CB55164D84032614B5
CF03C7771BAD0508CA5537538C032E14
B8CF03AE771BAB0508CB5599518E0319
14BCCF03BA771BA80508CC5571508A03
1F14BFCF03D3771BA70508CC55F34F8C
032514C5CF03FA771BAC0508CA55864F
8F031714C7CF0311781BAF0508CC55B3
4E7C03F913C9CF03FF771BB10508CA55
204F7F03F913CCCF03E8771BB50508CC
55C34E8303F713CECF03E9771BBB0508
CD55CB4D7A03FA13D2CF03DF771BBA05
08CD55574D92030814D4CF03DC771BC0
0508CD55B34A92031314DACF03D7771B
C40508CD554E4C89030814DFCF03BE77
1BC40508CD559D4B8B031114E4CF03C7
771BC10508CC55F54B8E030714F0CF03
DF771BBF0508CA55DE4B90031214F8CF
03FF771BC10508CB55434B83030914FD
CF0309781BC80508CC554B4B8B030F14
00D003CB771BD50508CB552D4D8C030C
1419D0035B771BE40508CA5518509803
44145BD00306771BF10508C9550D509C
033A14CAD003CF761BFB0508CC557552
9A033C1475D10396761B000608CC55D7
54A0033F1401D20385761B020608CD55
C34FB8036D1558D2039F761B060608CD
55604EAB0352158ED20385761B0D0608
CC55A14DA9035B15CBD20385761B1006
08CD55194DA903531515D303AC761B12
0608CE55A64CBB03F2144ED303E0761B
100608CF55914CB703E4146ED3033577
1B100608D055974CBC03E41484D30391
771B110608D1558F4ABF03E8149AD303
B6771B160608D1556A4CC103EE14A4D3
0381771B210608D255674CBC032215B0
D303C5761B2E0608D3556C4CBB032D15
D9D30347761B3A0608D5550950C30327
150DD403D9751B3B0608D555E34DBD03
341539D403E8751B3E0608D655FE4DF4
0375154AD40309761B400608D455484A
F2036D155AD40336761B480608D45517
4BE103801577D4036A751B530608D555
344EEA037015D7D40339741B620608D5
559550DE032A1665D503D5721B730608
D455DD4DD8033116E4D50369711B8006
08D255CB4BE2032D1674D6036F6F1B94
0608D255754DD90327161BD703E16C1B
A70608D155D852EA034716DFD703BE6A
1BB30608D0552F57E8034616ACD80334
691BB50608D2557A52EC0347164AD903
A3681BB50608D255C451EA035316C4D9
0355681BB60608D1559D4CF10347161A
DA0309681BBD0608D1556751E6036616
51DA03EF671BC80608D055A54EE90374
1674DA0384671BD50608D055AA4FEE03
701690DA0353671BE70608D155F74FE7
036716A4DA0322671BF80608D3553C50
E703C916B4DA03F3661B0E0708D155E4
50E803CD16C2DA03DB661B220708D155
C150E503CE16CFDA03C9661B380708D2
55F650E703CA16DFDA039E661B490708
D1559951FD031217F5DA037C661B5207
08D255D052FC031C170EDB032F661B53
0708D0554851F9031E1725DB032F661B
510708D055E150FD03121736DB032666
1B540708D055324FFB03EF1644DB030A
661B5A0708CF55F64E0F04F3164ADB03
FC651B6F0708CF55F74F0604EF1649DB
03FC651B870708CE5569511504EB1649
DB03ED651BA00708CE5536530604EB16
46DB03E2651BB00708CF55AE53F503CE
1747DB03D9651BB20708CE55BF52E903
C81749DB03EA651BB20708CE558A50E9
03C71752DB03AF651BBE0708CE559A50
EE03D11759DB03D0651BD20708CF55B4
51EE030B175CDB03AF651BE40708CF55
B451EB030B1766DB0399651BFA0708D0
559152EE030D1773DB0372651B100808
D155BF54E9030B177EDB0359651B1708
08D155DE51DA03DE178ADB0349651B17
0808D1556351DF03DC1791DB0348651B
170808D1554151E003DC1790DB033B65
1B170808D2556A51DA03DB1793DB0334
651B180808D3554851DF03E11795DB03
DD641B170808D3553451DF03EC1796DB
0305641B190808D2553151EA03EA179A
DB037B631B180808D2553651E703E817
9ADB0333641B180808D0554851F003EF
1798DB0394641B170808D2554C510104
4F1795DB03C4641B180808D355865100
04491794DB03A5641B180808D2558151
F6034A1794DB0362641B170808D25578
5103044A1794DB0326641B170808D255
92510104941794DB03E8631B180808D0
558A51F8039B1794DB0304641B180808
D0558451F9039E1795DB031D641B1708
08D0557F51F9039D178FDB03EE631B17
0808D0558E51F0038F1892DB03D9631B
190808D0557351EF03881894DB03D863
1B170808D1555D51EF03871896DB03FB
631B180808CF555451E9038D1895DB03
1D641B160808D0558351E303811890DB
0344641B140808D1556E51E90316188D
DB0384641B110808D1556F51ED031C18
8BDB03A1641B050808D1555C51E10315
1885DB03A2641BF70708D1556151E203
101882DB03BB641BF00708CF555451DF
037C1782DB03CA641BED0708D0554E51
DB03691780DB03E2641BE60708D05543
51D70372177EDB03BD641BD10708CF55
5151D4036E177CDB036E641BC10708CE
555651F90344177FDB03D1641BB50708
CD556551FE033E1782DB03D2641BAA07
08CE557751FB03411783DB03E6641BA2
0708CE556351FF03361785DB03CA641B
9C0708CD557351FA03B2178BDB03DD64
1B970708CA556151FB03B0178EDB03E6
641B8C0708CA556851FD03AD1792DB03
E6641B7D0708C9556351FE03AF1795DB
03D9641B6E0708C9557451F403AC1794
DB03D6641B5D0708C8557751D5035617
92DB03DD641B4C0708C8554A51DC0365
178FDB03E2641B3E0708C8553751DB03
51178DDB03EB641B360708C8551C51DD
03601789DB03F3641B2B0708C8553351
FB03F31685DB03F7641B1A0708C7550F
51F703EE167DDB0304651B090708C855
0351F703EE1678DB0308651BF50608C9
55FF50FF03EF1672DB0310651BE50608
CB55DF50E90384166CDB0315651BD406
08C955BC50EA0382166ADB030B651BC6
0608C8553951EE0391166ADB0300651B
BC0608C8554351EB03881665DB030C65
1BAF0608C955FD50E503D91562DB0318
651BA40608C8550651E703E01559DB03
26651B9D0608C855D850EF03DF1552DB
0334651B930608C7550151F003D7154A
DB0344651B880608C855C450EC03DC15
40DB0348651B7C0608C755D150E403C0
1537DB0359651B6F0608C555F650E703
BA1528DB0373651B670608C6553750DE
03BF1517DB038C651B630608C8553B50
E503BC1509DB0393651B5D0608C85524
50ED03FB15FEDA03A2651B520608C755
2F50E803FC15F6DA03A7651B430608C8
552B50E903FC15F3DA039E651B3A0608
C6550850EC03FA15F1DA038C651B3606
08C755ED4FFB03DA15EFDA037E651B32
0608C655EB4FF703D515E8DA03B3651B
280608C655FF4FFF03DA15DEDA03CC65
1B190608C855F24FF803DC15D2DA03DE
651B0D0608C955FA4FBC03AA14C2DA03
F7651B050608C955DC4FC103A814ABDA
032F661BFC0508C955C64FB103AD1488
DA0384661BF90508C955CC4FBD03A214
57DA03E0661BF70508CA55D44FBF03A6
1425DA032F671BED0508CC55BC4FC503
6A14F6D9036F671BDD0508CA55D34FD2
036F14D0D90388671BD50508C955A24F
CE036014B6D90391671BD40508C955AA
4FCB036A149DD903B1671BCF0508C955
BC4FBF03A51482D903E7671BC80508C7
55BE4FBD03AF1466D9030D681BC60508
C8558B4FBD03A31455D90320681BC505
08C955A94FC0039F1444D90334681BBF
0508CC55B54F9803211432D90351681B
B20508CC55954FA30315141DD9037468
1BA10508CA551350A103241403D903A8
681B9B0508CB55FE4F9A031B14DDD803
05691B910508CC55EF4F9C033814B0D8
0363691B810508CD55D24FA5032C1481
D803B7691B790508CB55A84F9B032C14
54D803F0691B720508CC55914F9D0333
142AD8032A6A1B6B0508CA55B84F9E03
221404D8035B6A1B620508CB55974F92
038015DED7038E6A1B5A0508CB556F4F
87038D15A5D703EF6A1B510508CB55C6
4F8B038D156BD703466B1B470508CD55
EB4F87037E1535D703876B1B3D0508CD
55AD4F7403E713E3D6033A6C1B370508
CD5506506B03F41366D603276D1B3505
08CC553C507203F113D0D503266E1B2E
0508CA556D507103EA1353D503AF6E1B
1E0508C85548508F03FF1319D5036C6E
1B0E0508CA5526508B03FC13F0D40366
6E1B060508CA55F34F8E03F913C0D403
CF6E1BFC0408CB55D44F8C03031483D4
03416F1BF40408CB55B84F7C03FB1338
D403DA6F1BF00408CD55B54F7803F013
E8D30324701BEB0408CD557A4F7E0303
14A0D30375701BDE0408CE55694F8103
021461D303C5701BCF0408CE55A14F78
03FE1325D30307711BC00408CD55824F
5D035E14F0D20345711BB90408CD55B1
4F59036314A6D203CC711BAE0408CB55
864F60035F1444D2037E721BA40408CA
55824F66036014C7D10352731BA10408
C7557F4F400335144AD103DC731B9B04
08CA55574F42033D14E0D00335741B8F
0408CC55594F3B0340149ED00342741B
820408CE557B4F3C033C1471D0035C74
1B7E0408CC552E4F30033D144AD0038B
741B7B0408CB553E4F2B033B1410D003
EC741B750408CA55454F2E034414CECF
037F751B6B0408CA55694F31033C148F
CF03BF751B6C0408CA555D4F4B03B714
5CCF03DE751B6D0408CA55724F4B03BE
1438CF03F4751B6C0408CA554C4F5803
B9141DCF0309761B5D0408C955574F4B
03BE1406CF0332761B4C0408C9558C4F
4E03B414F2CE035A761B3F0408C755CC
4F40035814E7CE0357761B390408C955
A24F39035C14DCCE036B761B310408C9
55B74F42035B14D3CE037C761B240408
CA55BD4F47035D14CCCE0389761B2504
08C755CD4F43038814C6CE038E761B24
0408C755EF4F44038214C4CE0391761B
1A0408C655085040038414C4CE038576
1B0E0408C655E1503E038814C6CE039E
761B080408C655F45062036A14C6CE03
B4761B090408C655DC505F036014C6CE
03B2761B0A0408C555C35065035614C6
CE03B4761B0D0408C45588505C036014
C9CE03B2761B120408C4556A505F032E
14C7CE03B8761B150408C555AC506203
2814C7CE03BA761B150408C555A5505F
032B14C7CE03BD761B150408C655A050
56032E14C6CE03CA761B120408C8558F
5064032A14C4CE03CB761B120408C955
91504B037014C5CE03D2761B170408CA
55515059037014C4CE03D3761B190408
C955745053037514C1CE03DB761B1C04
08CB55455047036A14C0CE03E0761B1C
0408CB55775028030114BFCE03E8761B
180408CC55B15018030814BFCE03E476
1B0F0408CC55E15025030A14BDCE03D2
761B070408CC55375222031414BECE03
CB761BFD0308CD558D53A9037017BDCE
03E3761BF00308CC553C53AD036717BD
CE03E8761BE20308CB55CE53AD037C17
BDCE03E8761BDE0308CD557F54B2036B
17B9CE03D2761BDC0308CC5514551902
B719C5CE03D8A616DC0308CE550F551D
02B61909CF039B500FDB0308CD551E55
2502B91951CF036D6F0DDD0308CC55F5
541A02B3197ACF037E570EDD0308CA55
E0541D02AC1992CF0345AA0EDD0308C9
55D75401FCE80AABCF03E1B80EDE0308
C9556654F8FBE80AC5CF03C9700FDD03
08C855A953FAFBEA0AE0CF0309E50EDD
0308C8550053FEFBE30AF7CF03995E0F
DE0308C75524549000F50D12D003BEE6
0EDE0308C7555B539500F30D2ED003A6
4E0FDD0308C65521538D00F20D4AD003
CE620FDD0308C4557C558E00EF0D6ED0
03BF180FDD0308C755CE54E700A10A96
D00348ED0FDE0308C755AC53EE00AC0A
B7D0031CA50EDE0308C5559152E800AF
0A</Data>

   <DataCRC>176d9820</DataCRC>

   <BytesSent>7633</BytesSent>

</SBEDataUpload>
</InstrumentRawData>
</SBEDataUploadFile>
