<?xml version="1.0"?>
<!-- SCPlusV2_RS232 -->
<SBEDataUploadFile>
<ApplicationData>
<Seaterm232>
<SoftwareVersion>2.6.3.104</SoftwareVersion>
<BuildDate>30-Jun-2017</BuildDate>
</Seaterm232>
</ApplicationData>
<InstrumentState>
<HardwareData DeviceType='SBE19plus' SerialNumber='01906740'>

   <Manufacturer>Sea-Bird Electronics, Inc.</Manufacturer>

   <FirmwareVersion>2.2d</FirmwareVersion>

   <FirmwareDate>9 February 2011 08:30</FirmwareDate>

   <CommandSetVersion>1.1</CommandSetVersion>

   <PCBAssembly PCBSerialNum='25307' AssemblyNum='41054G'/>

   <PCBAssembly PCBSerialNum='25737' AssemblyNum='41580B'/>

   <PCBAssembly PCBSerialNum='24669' AssemblyNum='41606'/>

   <PCBAssembly PCBSerialNum='24372' AssemblyNum='41059D'/>

   <MfgDate>  08 DEC 2010</MfgDate>

   <InternalSensors>

      <Sensor id='Main Temperature'>

         <type>temperature0</type>

         <SerialNumber>01906740</SerialNumber>

      </Sensor>

      <Sensor id='Main Conductivity'>

         <type>conductivity-0</type>

         <SerialNumber>01906740</SerialNumber>

      </Sensor>

      <Sensor id='Main Pressure'>

         <type>strain-0</type>

         <SerialNumber>3220369</SerialNumber>

      </Sensor>

   </InternalSensors>

   <ExternalSensors>

      <Sensor id='volt 0'>

         <type>SBE 43 OXY</type>

         <SerialNumber>432005</SerialNumber>

      </Sensor>

      <Sensor id='volt 1'>

         <type>not assigned</type>

         <SerialNumber>not assigned</SerialNumber>

      </Sensor>

      <Sensor id='volt 2'>

         <type>ECO-FLNTURT CHL</type>

         <SerialNumber>FLNTURTD-2025</SerialNumber>

      </Sensor>

      <Sensor id='volt 3'>

         <type>ECO-FLNTURT TURB</type>

         <SerialNumber>FLNTURTD-2025</SerialNumber>

      </Sensor>

      <Sensor id='volt 4'>

         <type>not assigned</type>

         <SerialNumber>not assigned</SerialNumber>

      </Sensor>

      <Sensor id='volt 5'>

         <type>not assigned</type>

         <SerialNumber>not assigned</SerialNumber>

      </Sensor>

   </ExternalSensors>

</HardwareData>
<StatusData DeviceType='SBE19plus' SerialNumber='01906740'>

   <DateTime>2018-11-26T19:37:10</DateTime>

   <LoggingState>not logging</LoggingState>

   <EventSummary numEvents='241'/>

   <Power>

      <vMain>12.4</vMain>

      <vLith>5.3</vLith>

      <iMain>61.4</iMain>

      <iPump>156.8</iPump>

      <iExt01> 4.2</iExt01>

      <iExt2345>18.2</iExt2345>

   </Power>

   <MemorySummary>

      <Bytes>1110270</Bytes>

      <Samples>65310</Samples>

      <SamplesFree>3805169</SamplesFree>

      <SampleLength>17</SampleLength>

      <Profiles>71</Profiles>

   </MemorySummary>

</StatusData>
<ConfigurationData DeviceType='SBE19plus' SerialNumber='01906740'>

   <ProfileMode>

      <ScansToAverage>1</ScansToAverage>

      <MinimumCondFreq>3226</MinimumCondFreq>

      <PumpDelay>60</PumpDelay>

      <AutoRun>no</AutoRun>

      <IgnoreSwitch>no</IgnoreSwitch>

   </ProfileMode>

   <Battery>

      <Type>alkaline</Type>

      <CutOff>7.5</CutOff>

   </Battery>

   <DataChannels>

      <ExtVolt0>yes</ExtVolt0>

      <ExtVolt1>no</ExtVolt1>

      <ExtVolt2>yes</ExtVolt2>

      <ExtVolt3>yes</ExtVolt3>

      <ExtVolt4>no</ExtVolt4>

      <ExtVolt5>no</ExtVolt5>

      <SBE38>no</SBE38>

      <OPTODE>no</OPTODE>

      <GTD>no</GTD>

   </DataChannels>

   <EchoCharacters>yes</EchoCharacters>

   <OutputExecutedTag>yes</OutputExecutedTag>

   <OutputFormat>raw HEX</OutputFormat>

</ConfigurationData>
<CalibrationCoefficients DeviceType='SBE19plus' SerialNumber='01906740'>

   <Calibration format='TEMP1' id='Main Temperature'>

      <SerialNum>01906740</SerialNum>

      <CalDate>07-Jan-11 </CalDate>

      <TA0>1.255288e-03</TA0>

      <TA1>2.593288e-04</TA1>

      <TA2>-2.376104e-07</TA2>

      <TA3>1.449298e-07</TA3>

      <TOFFSET>0.000000e+00</TOFFSET>

   </Calibration>

   <Calibration format='WBCOND0' id='Main Conductivity'>

      <SerialNum>01906740</SerialNum>

      <CalDate>07-Jan-11</CalDate>

      <G>-1.033008e+00</G>

      <H>1.393941e-01</H>

      <I>-2.175401e-04</I>

      <J>3.475757e-05</J>

      <CPCOR>-9.570000e-08</CPCOR>

      <CTCOR>3.250000e-06</CTCOR>

      <CSLOPE>1.000000e+00</CSLOPE>

   </Calibration>

   <Calibration format='STRAIN0' id='Main Pressure'>

      <SerialNum>3220369</SerialNum>

      <CalDate>21-Dec-10</CalDate>

      <PA0>8.222195e-01</PA0>

      <PA1>1.566037e-02</PA1>

      <PA2>-6.194425e-10</PA2>

      <PTCA0>5.244452e+05</PTCA0>

      <PTCA1>4.417653e+00</PTCA1>

      <PTCA2>-9.798927e-02</PTCA2>

      <PTCB0>2.510725e+01</PTCB0>

      <PTCB1>-1.150000e-03</PTCB1>

      <PTCB2>0.000000e+00</PTCB2>

      <PTEMPA0>-5.917147e+01</PTEMPA0>

      <PTEMPA1>5.387460e+01</PTEMPA1>

      <PTEMPA2>-2.653169e-01</PTEMPA2>

      <POFFSET>0.000000e+00</POFFSET>

      <PRANGE>5.076000e+03</PRANGE>

   </Calibration>

   <Calibration format='VOLT0' id='Volt 0'>

      <OFFSET>-4.687158e-02</OFFSET>

      <SLOPE>1.247988e+00</SLOPE>

   </Calibration>

   <Calibration format='VOLT0' id='Volt 1'>

      <OFFSET>-4.719579e-02</OFFSET>

      <SLOPE>1.248132e+00</SLOPE>

   </Calibration>

   <Calibration format='VOLT0' id='Volt 2'>

      <OFFSET>-4.684526e-02</OFFSET>

      <SLOPE>1.248324e+00</SLOPE>

   </Calibration>

   <Calibration format='VOLT0' id='Volt 3'>

      <OFFSET>-4.678105e-02</OFFSET>

      <SLOPE>1.247145e+00</SLOPE>

   </Calibration>

   <Calibration format='VOLT0' id='Volt 4'>

      <OFFSET>-4.669684e-02</OFFSET>

      <SLOPE>1.248307e+00</SLOPE>

   </Calibration>

   <Calibration format='VOLT0' id='Volt 5'>

      <OFFSET>-4.709579e-02</OFFSET>

      <SLOPE>1.247697e+00</SLOPE>

   </Calibration>

   <Calibration format='FREQ0' id='external frequency channel'>

      <EXTFREQSF>9.999977e-01</EXTFREQSF>

   </Calibration>

</CalibrationCoefficients>
<EventCounters DeviceType='SBE19plus' SerialNumber='01906740'>

   <EventSummary numEvents='241'/>

   <Event type='ErrorFLASHUncorrectableError' count='241'/>

</EventCounters></InstrumentState>
<Headers>

cast  70 25 Nov 2018 14:56:49 samples 64165 to 64842, avg = 1, stop = mag switch

</Headers><InstrumentRawData>
<SBEDataUpload startAddr='1090788'>

   <Type>1</Type>

   <DataFormat>SEACATPLUS0</DataFormat>

   <Bytes>11526</Bytes>

   <Data>
F6D20343760EE60308DB555260E90000
FC73D403DEB217EE0308DB557268E700
03FC72D503871218FA0308DC552467EC
0005FC1BD6030C1A15050408DC555A64
E800F6FB8ED603BF80150A0408DC555C
620D010210D8D603EDF316120408DD55
03610D010910FCD60368D513190408DD
55EF5F0701071002D703B5E51A210408
DE55065F0901081006D7039D6F162604
08DF554E5E1C05830E05D7035F511B29
0408E055D15D1905860E07D703F8521B
2C0408E055BD5D26058D0E0AD7039554
1B320408E155D35D1C05870E20D70342
551B330408E255895DD8028B0E66D703
13551B320408E2554D5DD102880EC1D7
039D541B320408E3551B5DD6027C0E2D
D803E1531B310408E355D15CD1027C0E
97D80300531B300408E4556F5CD10289
0E03D90359521B310408E455135C9D02
8D0E55D9030E521B320408E455EB5BA2
02980E97D90316521B340408E455DA5B
A202950EBED9030C521B360408E555D1
5BA102910ED6D90327521B380408E655
A15B0403A90ED8D90323521B3A0408E6
558C5BFD02B10ED0D90378521B3D0408
E655975BFE02B80EC3D903B3521B3E04
08E655905B0103B00EB1D903C5521B3C
0408E655A25BD402A00EAAD903D6521B
3A0408E655055CCC02AC0EACD903BB52
1B380408E655FE5BD3029D0EB0D90370
521B380408E7552A5CC502AF0EB5D903
38521B370408E755795CF2029B0EB5D9
039B521B380408E7554A5CE2029E0EB5
D90300531B390408E755FF5BE202A30E
B2D90300531B3C0408E855E15BF9029D
0EB5D903F4521B3D0408E855E65BE802
A00EBED903DA521B400408E955C05BE2
02D10EC3D903CD521B3F0408E955965B
E402CE0EC6D903CC521B410408EA5518
5DE502D90ECBD903E2521B410408EA55
1B5CE202D50ECED903DE521B430408EA
55035CE102D20ED1D903CC521B450408
EA55E45BE002CE0EDAD90396521B4604
08EA55965BE702D70EE5D90356521B45
0408EB559F5BEA02CE0EEFD9036A521B
3B0408EB55645BE202BE0EF9D903AF52
1B390408EA55395BDE02B20E08DA0392
521B390408EA550B5BD502C60E1ADA03
51521B3F0408EB55185BE302BB0E27DA
0330521B440408EB55BE5AF602BC0E34
DA0318511B490408EB55655A0303B50E
3FDA0306511B4A0408EB554D5A0403CA
0E4BDA0342511B470408EB55035AF202
C40E5ADA0346511B450408EC558E59F6
02C40E6BDA0375511B420408EB556A59
BD02B90E76DA0399511B410408EB5509
59C702A90E7FDA039B511B420408EB55
D058C002B50E89DA0379511B440408EA
559D58BA02BE0E90DA0364511B460408
EB553658CD02BD0E92DA0357511B4404
08EB552458DC02BA0E91DA0371511B47
0408EB551658CC02C50E90DA0379511B
480408EB55EB57D102C00E86DA035351
1B4A0408EC550458B702930E79DA033E
511B4C0408EC559757AE02950E66DA03
2B511B4B0408EC557257AB02950E51DA
031C511B490408EC551657B402840E3E
DA032D511B450408EC551557E302BA0E
2CDA0327511B430408EC55B856EE02B1
0E1ADA03D8501B400408EC55AE56EA02
BA0E0DDA0390501B400408EC55B556F3
02B10EFED90384501B3D0408EC556C56
F602B10EF0D9030F511B3B0408ED5527
56F702B30EE6D903D3511B400408ED55
2E56F002B00EE2D90335521B460408EE
55FE55F302AC0EE0D903F0511B4F0408
ED550656E502B10ED2D9037B501B5104
08ED558D55C802CE0ED1D903C84F1B4B
0408ED557C55B902D60EDFD903934F1B
430408ED554855C002D10E20DA03DE4F
1B3C0408ED554055B902D00E47DA03BF
501B380408ED551F55F902CC0E4FDA03
E7511B3B0408ED554155E902D40E46DA
0338521B470408EE552455F502CD0E25
DA0306521B4F0408ED55EC54F402CB0E
F7D903A0501B510408ED55E854FC02DB
0ED7D90319501B510408ED559B54EF02
D00ECDD903F34F1B4B0408EE557E54FA
02CA0EFFD9033E501B440408EE553A54
EF02D50E27DA0394501B420408EE552A
54EC02D30E32DA03C3501B3F0408EF55
2D54E902BA0E2CDA031F511B3D0408EE
553254F402BA0E1CDA03AC511B3E0408
F0554C54F902C30E0CDA03FD511B4204
08EF551D54F902BB0EFED9030C521B49
0408EF55D653F702C30EEFD903EC511B
4D0408F055C2530303CC0EE3D903BD51
1B4C0408F0559C530103BC0ED1D903C2
511B4B0408F05576530603C80EC1D903
BE511B470408EF557053E902C00EB8D9
03EC511B450408EF55B053F402C50EB3
D9032C521B440408F055C553F002C60E
B7D90359521B430408F1557353EA02C0
0EBDD90367521B470408F1559D53D102
C10EC2D9035F521B490408F0553D53D0
02C30EC2D90314521B4A0408F0550E53
CA02BF0EBED9030F511B4A0408F05524
53D202CD0EB7D90376501B470408F055
1653C602BD0EB3D90378501B400408F0
553853D902C20EB5D90379511B3E0408
EF555753D902C20EB8D90301521B4404
08F0551F53D102BC0EBAD90339521B49
0408EF552953D902BA0EB9D903A0511B
4D0408F055C952C502C80EAED903AE50
1B4C0408F055F452D402C10EA7D90343
501B490408EF55EF52D602C70EA7D903
5D501B450408F0550553CD02C30EAAD9
03F2501B410408F155D652CD02C70EAA
D90358511B410408F0557C52C902D10E
ADD90357511B410408F055C752DA02D3
0EAED90371511B430408F055CF52C902
D10EACD903A8511B470408F1557252D1
02D80EA3D903CA511B4C0408F0558552
CB02D70E99D9033E511B500408EF558B
52CF02D50E92D903A9501B4C0408EF55
8952D902CC0E8CD9035F501B4C0408EE
555352D702CE0E88D9032A501B4A0408
EF5549520403D90E88D9034C501B4604
08F05503520003DA0E84D903A0501B47
0408F155C951FC02E30E7ED9034C501B
460408F155FF510303E00E7BD903EA4F
1B460408F0550352CF02E40E7AD903B4
4F1B450408F1550352CA02DC0E78D903
0C501B460408F055CB51CF02E30E74D9
03CB501B460408F055CC51CB02E30E71
D90302511B480408F1558251E102BE0E
6DD903A9501B4A0408F2557F51E302C1
0E67D90344501B480408F2557051D802
C20E63D90322501B410408F2555D51E4
02C30E5FD90311501B3B0408F2554C51
DE02C10E5AD90319501B360408F3551E
51D302C40E56D903FE501B320408F355
2651E402C40E53D903CE511B320408F4
552F51D702BB0E58D90349521B380408
F455D650E402C00E6CD903A7521B3F04
08F355E2500803DE0E86D903BF521B43
0408F355DC500203E30E91D903B4521B
450408F255B050FB02DB0E95D9039A52
1B430408F255B4500103E20E9BD9038A
521B3E0408F2557F50D102A00EA0D903
56521B3C0408F2556B50CC02970EA4D9
030E521B3B0408F2555450CC029B0E9D
D903DB511B390408F2554750CC029C0E
94D903D3511B390408F2552450DF02D5
0E90D9030A521B400408F2558550DE02
E20E91D90328521B440408F1553E50D7
02DF0E99D9031F521B480408F1554750
DC02DE0EA4D90338521B470408F15506
50E002D60EB0D90320521B430408F155
0250EA02D30EB8D903D3511B3F0408EF
550950DE02D20EB9D903E4511B390408
F0552750E102CF0EB9D90314521B3B04
08F0553A50E202D40EBDD9032C521B3E
0408F0554050F002B10EC1D90363521B
440408F255E24FF202B30ECED9038E52
1B470408F3551150F302B10EDED903AB
521B4A0408F355DE4FF502B30EEBD903
9E521B4D0408F3552950DF02C20EF4D9
037C521B4D0408F3551450DB02BB0EF5
D90376521B4D0408F2553650DE02BF0E
EFD90367521B4E0408F3554350DB02BC
0EE7D9037C521B520408F3554D50D902
D30EEFD903A7521B5A0408F3559E50C8
02D10EFCD903C5521B630408F455E84E
D002D00E0ADA03BC521B690408F45522
50CF02D30E11DA03B3521B6F0408F455
0B50AC02DE0E16DA0385521B720408F5
559A50B002DE0E15DA035A521B720408
F5556150B202EA0E0CDA0392521B7704
08F6557B50B502E10E10DA03D1521B80
0408F6554A50B302E00E20DA03C0521B
880408F6553850E802D80E24DA03A352
1B890408F5553E50EB02D10E29DA0396
521B850408F3555A50ED02CB0E30DA03
8D521B7B0408F3558D50EF02D50E35DA
038A521B770408F5557750F102E50E38
DA0385521B760408F5557650E902DF0E
39DA0385521B770408F5555450F102DA
0E36DA038A521B7E0408F4553A50EF02
E20E37DA0396521B870408F5553350EA
02C50E3BDA039A521B900408F4553850
F102C70E3EDA039B521B980408F45518
50F502C70E42DA0396521B9B0408F555
3950EE02C00E40DA0385521B990408F6
553350D902D70E41DA036E521B970408
F6559A50CB02DA0E3DDA036B521B9204
08F655C050D002E00E39DA0349521B91
0408F655B650D002DC0E33DA036A521B
980408F555C34EDB02E30E33DA037C52
1BA20408F755054FFB02D50E32DA03B4
521BAE0408F855B250F202CF0E34DA03
F3521BBE0408F755DF50E602D00E34DA
03DC521BCB0408F5558950E802D10E2C
DA03C9521BCE0408F4552251E202C50E
20DA03BC521BCD0408F355E050E202BE
0E19DA03A7521BD00408F555DA50DF02
C10E16DA039E521BCF0408F5554351DE
02BE0E14DA0389521BCB0408F6552351
D902C20E14DA037A521BC60408F65512
51D702C50E15DA0356521BC40408F655
3651D702B70E13DA0338521BCB0408F6
55F850DB02C20E12DA0382521BD50408
F5551651DA02C20E14DA03B8521BE104
08F3557651DF02B80E19DA03F3521BF2
0408F355A551EB02C30E21DA03E8521B
F90408F4556B52DE02C40E1CDA03D152
1BFC0408F455A452DE02C40E11DA03A3
521BFB0408F555C052DF02C90E09DA03
AF521BFB0408F6557A52E402C30E09DA
038D521BFE0408F8559552DC02D90E0A
DA03C0521B070508FA551552E402D50E
10DA03E0521B170508FB55F851EF02CB
0E14DA031A531B290508F9558B51F702
D20E1CDA032B531B3D0508F955A251ED
02D20E2EDA0321531B4A0508F955AA51
F402C60E48DA0304531B520508F955AA
53BE02DC0E58DA03FC521B4F0508F955
FD53B602DE0E62DA03D4521B450508F8
557453C202DE0E63DA03B4521B410508
F955DA52B702E00E64DA03DA521B4C05
08FA55C052DF02E00E69DA03E8521B5D
0508FB558952E202E30E7CDA03EB521B
6A0508FA554952DD02E00E8DDA03D652
1B6F0508F9553352E202E20EA1DA03C0
521B6B0508FA55FB51DD02DC0ED0DA03
AB521B5F0508F955C651E902DA0E08DB
0396521B530508F855D751EE02E40E29
DB037C521B4E0508F855E251EA02E00E
2EDB0386521B510508F855BD51EA02E0
0E3CDB0396521B5A0508F855C351D502
BC0E84DB0389521B660508F7559851CB
02C70EC9DB035D521B720508F755B551
D102BB0E09DC0312521B7C0508F855B6
51C802CB0E58DC03CE511B860508F755
B451DC02F10E9BDC03AE511B890508F8
558351E202F20ECDDC0397511B8B0508
F8559B51E302F00EE4DC0379511B8B05
08F755B951DE02F40EFADC0354511B91
0508F755A851C002DF0E19DD0324511B
990508FA55BC51C002DE0E42DD03E150
1BA40508FA55B851C902E00E72DD039C
501BB10508F955CE51B902DE0E9FDD03
76501BB70508F955CF51BD02E20EC9DD
0365501BB70508F955F551CB02DD0EF1
DD035F501BB70508F855FD51CC02E00E
18DE0348501BB90508F7554052D502DE
0E49DE035E4F1BBE0508F9550753CD02
E30EB8DE03944D1BCA0508F9550254DD
02EB0E69DF03C94B1BDA0508F955ED54
E202F80E40E003804A1BE50508F855C8
55E402F20E50E10307491BEE0508F955
8856DF02E60E7FE203F7461BF60508F9
559F57CC02020FB1E30306451B000608
F9554E58CC02050FFCE4030F431B0A06
08FA550559CF02FE0E57E6035C411B13
0608F9558059CF02020FCBE703F53F1B
180608F7552F5AF402220F65E903DC3D
1B1E0608F855A65AF702250FE2EA03E6
3B1B280608F955675BED021F0F49EC03
5E3A1B340608FA55D85BED021E0F6AED
0355391B420608FA55065CEC021F0F51
EE038E381B510608FA55C25C0D03600F
21EF0384371B590608FA55485D130362
0FD4EF03D3361B610608F9559B5D1003
5D0F59F0032F361B620608F955015E15
03600FC3F003AD351B660608F9553D5E
E702850F0CF1033F351B6B0608F95575
5EF102800F41F103C5341B770608F855
9C5EE9027C0F76F103C9341B800608F8
55825EF002820FA8F103BD341B8C0608
F855F95EEF02920FD1F103A6341B9806
08FA55CC5EF1028A0FECF1036D341B9F
0608FB55445FF3028E0FFEF10336341B
A90608FB55665FEC028D0F08F2031434
1BB30608F9550560E4029C0F06F203F8
331BC30608F955B85FF302A20F05F203
D9331BD10608FA55675EF3029D0F04F2
03F7331BDD0608F9556A5EF102A20F0C
F203EE331BE40608FA555F5EF502A00F
16F203E2331BE80608FB55635E1E03E3
0F1AF203CB331BEC0608FC55695E1F03
E10F20F203AF331BF30608FC55705E19
03DC0F22F2038D331BFD0608FD55C55E
2303DA0F22F2038D331B0B0708FD55C0
5E0B038E0F26F20389331B180708FE55
AA5E0F03920F2FF2034E331B230708FE
55D75E1503900F33F20320331B2F0708
FE55EF5E1103870F38F2033D331B3B07
08FC552F5F1103E30F39F2034E331B40
0708FB555A5F1003DE0F39F2033D331B
3D0708FB55295F0703E00F3AF2033E33
1B3A0708FD55065F0F03DD0F38F20328
331B3B0708FD55445FFF02430F2CF203
0F331B450708FD55FF5E00033A0F21F2
0320331B510708FE55FB5EFE02400F17
F20342331B5D0708FF55FC5EF902450F
17F2034A331B6C0708FE55225FFC0249
0F28F2031C331B740708FE55045F1803
7C0F40F203E5321B79070800561C5F0B
037A0F5AF203B3321B7B0708FF55F35E
0A037C0F71F20391321B7C0708015664
5F09037E0F80F2036F321B8407080256
5F5F1C03690F89F2035E321B8F070803
564A5F1E03660F90F2035E321B9B0708
0056625F2003660F95F20367321BA507
080056605F1803670F9DF2034E321BB0
07080256425F03038C0FA9F2032B321B
B707080356355FF9028F0FBFF203F931
1BB9070802564D5F0303920FD9F203CF
311BC0070802568E5FFC028C0FF1F203
9D311BC5070804568F5F0003EE0F03F3
037B311BD007080356C35FF902E90F12
F3038C311BDB07080256915F0003EE0F
1CF3036C311BE507080156AE5F0503EA
0F2CF30349311BF007080156C85FF602
EA0F45F30312311BF707080056E55FD9
02E00F56F303FD301B0308080056F85F
DC02DD0F65F303E4301B0B0808FE55FC
5FE402DC0F72F303D3301B140808FD55
3260DC02D70F7CF303C2301B1C0808FB
550D60EF02C80F84F303B1301B2C0808
FB551F60EF02D60F8EF303AD301B3D08
08FC550360E502CD0F95F303A0301B4C
0808FB551C60EA02D20F99F30386301B
550808FB55FE5F0A03E40F9EF3037230
1B5A0808FA55F25F0D03E20FA0F3037B
301B5B0808F85570601A03DD0FA4F303
4C301B5C0808F65599601103E10FA4F3
0351301B5F0808F7558A601C03DE0FA2
F3033D301B6B0808F9559F601E03DB0F
9CF30333301B7C0808FA559E601A03DE
0F9EF30348301B8E0808F95580602103
DE0FA6F3035D301B9A0808F9554B6026
03DC0FA8F3034C301B9A0808F9559C60
FC020210A5F30348301B950808F955AC
60FD02FF0F9FF30349301B910808FA55
F560FB02F50F9AF30348301B920808FC
554A61FC02FD0F99F3034C301B940808
FB555D61F702D30F90F3036E301B9908
08FB557561FA02D40F85F30372301B9F
0808FB5544610103CB0F84F3036A301B
A40808FB552A610303CF0F84F3035530
1BA60808FC55BB600C03DA0F89F30351
301BAA0808FC55C9600803CD0F8BF303
44301BAE0808FD55E2601503D40F90F3
0340301BB50808FB5501611103D00F92
F30335301BC00808FB55FF600603E40F
94F30322301BCE0808FC55E8600A03DA
0F97F3031A301BDD0808FE5539610203
DF0F98F3031E301BE80808FD553D61FC
02DE0F99F30311301BF30808FE555061
0703DE0FA0F30301301BFB0808FD555B
610103EB0FA7F303EC2F1B030908FE55
77610403EE0FA5F303E72F1B0B0908FF
5561610703EB0FA7F303D72F1B190908
FF5566610003EC0FAAF303D22F1B2209
080056F26026030D10B4F303D22F1B2F
09080056D96020031110C0F303A32F1B
3D09080356DF6027030F10D0F3038B2F
1B4C09080256DF601E030B10DDF3037E
2F1B5909080556D760FE027411EAF303
7E2F1B6309080456F860FE027411F2F3
03722F1B6A090805560E6100037011F8
F3035F2F1B6B09080456046105037211
F9F303542F1B6809080456CA60FE0264
10F9F303432F1B6609080456E0601303
1F10F7F303482F1B6C09080456E56010
032010F2F303612F1B7409080456BF60
0F032310F3F303762F1B7E090806569F
6014032110F3F303872F1B8809080556
8C60F902BC10F6F303722F1B91090805
56CA60F902B910F9F3035D2F1B990908
0756D960FC02B810FEF3034C2F1B9C09
080656CC60FF02B910FEF3033B2F1B9C
09080456996026036210FBF303472F1B
9D09080256D1602A035A10F9F3033B2F
1BA409080356E4602E036010F8F3033B
2F1BAC09080256D26030035B10F9F303
3F2F1BB509080456E7601F031A10F5F3
03432F1BBC09080456FD6020031810F5
F303482F1BC609080556E56020032310
F7F3033E2F1BD109080356E060210327
10FAF3033B2F1BD809080256F4601B03
2110FEF3032A2F1BDE09080456EA6000
03321004F4031E2F1BE5090804569B60
F8022C1007F403152F1BE909080356A3
6000032E100DF403162F1BEC09080456
A26004032B100FF4030D2F1BF1090802
5676602203D60F12F4030D2F1BF60908
0056AC602003DE0F14F403152F1BFD09
08015666601303E10F13F403152F1B08
0A0802564B601C03D80F14F403192F1B
120A08035601602403F80F16F4030E2F
1B170A080456F45F1A03031016F403FC
2E1B180A080456EA5F1A03FE0F16F403
F82E1B0E0A080456ED5F2603FE0F14F4
03FC2E1B0A0A080456E35F0F03FA0F12
F403002F1B0B0A08025625601303FA0F
0FF403122F1B100A0803563860170300
100EF4031E2F1B1B0A080556C75F1003
FC0F0FF4031E2F1B270A080356DA5F0E
03FA0F11F403152F1B330A080156E45F
2303F10F15F403112F1B380A080256D2
5F2203F30F18F403062F1B3C0A080356
9E5F1503EE0F17F403FC2E1B3B0A0803
569D5F1903E70F18F403EF2E1B390A08
0356BE5F0A03BE1017F403EF2E1B310A
080456BE5F1303BA1015F403F82E1B2F
0A080456BE5F1403B8100FF403002F1B
310A080456D55F0F03C2100DF403122F
1B3F0A080356DD5F11033A1008F40315
2F1B4A0A080256A85F1A03421007F403
192F1B510A080056CC5F0A03421007F4
03042F1B530A0802569A5F0F033A100F
F403EF2E1B510A080356845F14037E10
11F403F22E1B510A080356665F0B0385
1010F403EF2E1B5B0A0803565A5F0C03
8B100EF403F42E1B660A080456125F12
0385100EF403002F1B6F0A080456165F
0F0385100FF403092F1B750A080556F3
5E2E03C01511F403F82E1B7A0A080456
455F3803B7150FF403F22E1B7D0A0806
564B5F2B03BA1511F403EF2E1B830A08
0856195F2F03BC1512F403EB2E1B8A0A
080856365F1203581013F403EB2E1B91
0A080556195F0B034E1011F403EB2E1B
9E0A080656455F1303561010F403F22E
1BA90A080656315F13034D1011F403EF
2E1BB80A0806560E5F0C03091014F403
E32E1BC40A080656F55E0D03121017F4
03DF2E1BD20A080656E25E150313101A
F403E32E1BE00A080656DF5E0D031210
1CF403DF2E1BED0A080456B55E000320
101CF403DD2E1BF70A080356CF5EFD02
18101CF403D22E1B010B080156E15E00
0323101EF403CE2E1B090B080256B75E
FE021D1021F403D22E1B120B080156DD
5EFC02191023F403CE2E1B190B08FF55
E35E0F031A1023F403CD2E1B200B08FE
55E65E11031B1020F403D62E1B2A0B08
FD55CA5E10031B101EF403DA2E1B360B
08FB55EA5E0F031E1020F403DA2E1B3E
0B08FD55145F170343101EF403DA2E1B
4A0B08FD55995E1D033C1020F403D62E
1B510B08FD556B5E23033E101DF403D5
2E1B550B08FE55485E1E033B101DF403
CE2E1B540B08FD55845E0F0326111CF4
03D22E1B560B08FC55735E0A03241119
F403DA2E1B5F0B08FC55225E13032911
16F403E32E1B6C0B08FC552E5E130322
1114F403E52E1B7A0B08FE55395E1F03
CE1013F403EB2E1B800B08FF55EE5D1A
03DB1012F403E32E1B890B08FE55E15D
1E03DC1012F403E32E1B940B08FF55DD
5D2203D21010F403E72E1B9B0B080056
235E2303D51010F403E32E1B9F0B0801
56E35DFB02831010F403E12E1BA20B08
0256275E00037C100DF403EB2E1BA30B
0802567C5EFF027E100CF403EB2E1BA3
0B0801567D5EFC027C100CF403EB2E1B
A30B080156BA5E1F0395100AF403EF2E
1BA20B080056E95E1F03991009F403F2
2E1BA20B080056285F180395100AF403
EF2E1BA20B080156225F1B03991006F4
03EF2E1BA40B080256975F2203AF1003
F403EF2E1BA50B0803567C5F2803A710
02F403F42E1BA40B080456B55F1B03A7
1001F403F42E1BA50B080256F25F2403
A310FDF303F62E1BA60B080356B25F2D
03971000F403FC2E1BAA0B080356B35F
31039A10FBF303FC2E1BAB0B080156C0
5F2D039210FAF303FC2E1BAB0B080156
0D6024039310F6F303EB2E1BAE0B0802
56136029039810F0F303E52E1BAD0B08
0156146035035612EEF303E72E1BAD0B
080256F65F35034B12EEF303DF2E1BAD
0B080256F95F2F035012F1F303E72E1B
AF0B080356DA5F2F035912F5F303EB2E
1BAE0B080456D65F53035A16FAF303EA
2E1BAB0B080556F25F53035616FEF303
EF2E1BAA0B08045623604B035516FFF3
03EF2E1BAA0B0803561C604D035B1600
F403EB2E1BAA0B08015621608B03FE1F
FFF303EF2E1BAA0B080156DE5F8F0305
20FEF303EF2E1BA90B080156EF5F8B03
0220FCF303F62E1BA80B080356DE5F8C
030120FEF303F42E1BA90B080356CF5F
C7031C1EFBF303F42E1BA90B080356EB
5FD003181EFDF303EF2E1BA90B080156
E95FC503121EFDF303EF2E1BA90B0800
562860C503161EF9F303F22E1BA80B08
02561A60C603161EFCF303EB2E1BA60B
0803560360E806151DFDF303E72E1BA5
0B080356C35FE4061D1DFEF303DA2E1B
A60B080156E75FED06221D04F403DA2E
1BA40B080156EF5FE9060B1D08F403D6
2E1BA40B080156AC5F1D03781109F403
D92E1BA40B080356D85F1D036D110BF4
03D62E1BA40B080256EB5F230371110B
F403D62E1BA20B0804569D5F21036F11
0BF403D62E1BA00B080556B65F2E03B4
120BF403D62E1B9C0B080456F05F3103
B1120AF403D92E1B950B080356A15F29
03B01208F403DF2E1B8D0B080356605F
2A03B612FDF303EF2E1B830B08045658
5F06033E16F0F303FC2E1B780B080656
EB5E0F033516E8F303042F1B740B0806
56E25E0D033F16E2F303FC2E1B790B08
04562E5F0A034016E3F303F62E1B800B
080356EC5E0B033A16E9F303EB2E1B88
0B080356A65E01033D11F1F303DF2E1B
8C0B080356505EFE023D11F9F303D62E
1B910B080156065EFE02471100F403DA
2E1B930B080156115EFE02451102F403
DD2E1B940B08FF55C65D1A03EE1005F4
03D62E1B9B0B080056DD5D2303F01004
F403D62E1B9E0B08FF55C15D2103E510
06F403DA2E1BA20B08FE55E95D2603E4
1004F403DF2E1B9F0B08FF55CA5DFF02
D61003F403DF2E1BA10B08FE55055EFC
02DC1002F403E52E1BA00B0800560C5E
FF02DA10FFF303E72E1B9D0B08FE553D
5E0003D310FDF303E72E1B980B08FE55
2B5E1C030811F9F303E72E1B920B08FD
55455E21030511F8F303EB2E1B8F0B08
FF55285E2303FF10F8F303EE2E1B930B
08FF55265E1A031011F6F303F82E1B9E
0B08FF55205E1503FF10F3F303F42E1B
A40B08FF55EC5D2E03BB10F6F303E32E
1BA00B0801562A5E3103B610F8F303DA
2E1B990B080256585E2603B310F9F303
CE2E1B880B080356635E3303B810FAF3
03CD2E1B790B080256715E0E03E710FA
F303D62E1B680B0804563C5E0903E510
FAF303DF2E1B5F0B080456F35D1803E9
10FAF303E32E1B5D0B080256DF5D1303
E810FBF303E32E1B670B080256985D0C
03BD10FBF303E52E1B6E0B080256605D
0A03BA10FEF303DF2E1B710B08035646
5D0F03C31001F403DA2E1B750B080256
765D0D03B71003F403D22E1B780B0803
56775D0A033C1005F403CE2E1B790B08
0456555D1803401006F403D22E1B7D0B
080456595D0703401009F403D52E1B7D
0B0805567C5D14033F100AF403D22E1B
800B080556555D0D033F100CF403D22E
1B840B0805564D5D1103F1100DF403D2
2E1B840B080356205D0C03EB100DF403
D22E1B870B0802560A5D1303F1100DF4
03D12E1B840B080156435D1303F5100E
F403CE2E1B840B0800564D5D0D03BC10
0FF403CE2E1B850B080056555D1103C2
1010F403CE2E1B850B080156435D0603
C0100FF403D22E1B870B080256095D08
03B7100DF403D52E1B810B080256205D
FB0216100EF403D22E1B750B08025622
5DFC0224100DF403CE2E1B5F0B080356
095DFB0222100EF403CE2E1B4C0B0802
56015D02031C100BF403CE2E1B3E0B08
FF55F95C1E032F100AF403D22E1B360B
08FC55D55C1C03261008F403D12E1B2F
0B08FB55005D22032F1005F403D22E1B
230B08FC55265D26032B1006F403CE2E
1B0F0B08F955325D20032B1007F403CA
2E1BF60A08FA55855D0F03FB0F0BF403
C52E1BDF0A08FA55EC5D0F0300100DF4
03C52E1BCB0A08FB55EF5D110301100E
F403C12E1BB80A08FB55085E0E03F40F
0CF403C52E1BA00A08FA55255EF60252
100BF403C52E1B870A08FA55915EFE02
4F100BF403C12E1B740A08F855F15E01
034A100AF403BD2E1B690A08F855715F
FC0254100CF403B92E1B5E0A08F755B8
5FF10265100EF403B52E1B4F0A08F855
D65FFC02651011F403B02E1B350A08F7
55466000035A1013F403AC2E1B1C0A08
F955A16000035B1015F403A82E1B030A
08FA55B0602503401017F403A92E1BEF
0908FA55E7602403411015F403AC2E1B
E10908F955686124033B1015F403AC2E
1BD10908FA557661210340100FF403B5
2E1BBD0908FA5597611E0337100CF403
BD2E1BA40908FA559B612903321006F4
03C12E1B8E0908FA55A26132033110FE
F303C92E1B7A0908F955326233032910
FCF303D22E1B640908FB557262270336
10F7F303D62E1B4A0908FC5592622D03
4510F2F303DA2E1B330908FC55A96227
035010F0F303DA2E1B1E0908FC552063
2D034B10EDF303E12E1B140908FC555F
632D034710E6F303E72E1B070908FA55
85630C036C10E6F303E72E1BF60808FA
55896310036910E6F303E32E1BDD0808
FB55966311037410E7F303DA2E1BC208
08FB55C06313037210EBF303D62E1BAF
0808FB5516640703FA0FEDF303D12E1B
990808FB5516641303FB0FEFF303CE2E
1B810808FC5513640A03FA0FEDF303D2
2E1B650808FD5568640B03F30FE9F303
D62E1B500808FC558F640803FC0FE5F3
03DF2E1B450808FC55AD642B03EE0FDE
F303EA2E1B3C0808FC5521652D03ED0F
DAF303EF2E1B2E0808FB5541652C03F1
0FD4F303F82E1B140808F85506652303
EB0FD0F303FC2E1BFC0708F955CA6420
035210CCF303042F1BE70708F9553765
2D034F10C8F303FC2E1BD80708F85591
651B035610CAF303FA2E1BC60708F855
34651A035110CCF303F42E1BAD0708F9
55066522036110CEF303EF2E1B930708
F955D8641E036210CFF303E72E1B7A07
08F755956422035C10D2F303E32E1B6B
0708F7557D6422036210D1F303E12E1B
620708F855866427030510D7F303DF2E
1B540708F8557E6428031010D7F303DF
2E1B3C0708F7550A6433030F10D8F303
DA2E1B1F0708F855926326031110D7F3
03DA2E1B070708F95542632C031610D5
F303DF2E1BF40608F955F16217033210
D3F303E52E1BE00608FA55A5620D0333
10D1F303E72E1BC90608FC5541621103
2510D0F303E32E1BB10608FB55D56106
032A10CEF303DF2E1B9A0608FB556A61
24031210D1F303DA2E1B890608FB5524
6129030E10D3F303D52E1B7D0608FC55
A8601B030A10D6F303D22E1B6B0608FC
55186020030B10D8F303D62E1B5D0608
FB55BC5F32032B10D1F303DF2E1B4F06
08FC55D15F2C032F10C9F303F42E1B42
0608FB55D95F26032B10BDF3030D2F1B
2B0608FB5533612F032510AFF3031E2F
1B100608FB556C611103CB0FA0F30337
2F1BF40508FA553D611103CF0F86F303
652F1BDA0508F855EA600703C90F5FF3
03B52F1BC90508F655CA601803CF0F32
F30301301BBB0508F6555F600B03CC0F
F3F2036E301BAE0508F6557360CC027C
0FA6F203F9301B970508F555A460D102
820F30F203E0311B820508F555D360CD
02780F6CF1032D331B700508F6559F60
CC027A0F62F003AC341B610508F755B4
60D7021E0F1CEF0394361B4D0508F755
D260D902210F81ED037A391B350508F6
55E160D702220FC8EB03F33B1B1C0508
F5552B61D9021C0F07EA03023E1B0905
08F5559C61E0020B0F47E80336401BF9
0408F755D161DE020C0FADE603E3411B
EB0408F655BA62DC020E0F2EE503EF43
1BD60408F6553C64E302140FE5E303AB
451BBE0408F8555666CD02F20ECFE203
5C461BAC0408F9557368CB02ED0EE4E1
03F6461B9A0408FB55D76AD102F00E1C
E103EF471B870408FA55046DCD02EC0E
70E003C7481B6E0408FB55056FD502F0
0EC4DF03E4491B540408FC557270E902
030FFADE032E4B1B400408FC552E72EE
02050F31DE03704C1B310408FC550B74
ED02010F74DD03644D1B200408FC5586
76E302FD0EBEDC03424E1B0C0408FD55
6A79DF02CD0E11DC03B94E1B020408FF
55B07EDF02D80E7DDB03BC4F1B040408
FF554A7FE102D80E14DB03EA4F1B0704
08FF55607FD702CF0ECBDA035D501B0A
0408FD55E67FAC07436D8BDA03D5501B
0C0408FE557C80A6073B6D4FDA033151
1B0D0408FE553A81B407446D1DDA039B
511B130408FC557F81AC07346DF5D903
BD511B170408FD556781DD02860ED3D9
03CA511B1D0408FC552981DC027C0EBE
D9030A521B210408FD55F480DA027C0E
A7D90327521B1F0408FB551A81E40288
0E8FD90361521B1F0408FB552D81E302
810E7BD90370521B180408FB557681F1
02AF0E6CD903A3521B090408F9550182
EB02B50E66D9039B521BF50308FA559D
82F202B80E68D90381521BE50308F855
0B84ED02AB0E6DD90381521BDB0308F8
553B864E0EC93977D90361521BDB0308
F9559084480ECC398ED90320511BDB03
08F9550E84480EC439A6D903228919DF
0308FA553585440EC939DBD903F7C911
DD0308FA5502865902AC172ADA03E704
0EDD0308F9555C866002AC176DDA03B9
D80EDC0308FB5508866602AF17B1DA03
8B0B0FDB0308F95505895E02AD17FADA
0329210FDF0308F955B18AA400660B49
DB03A6120FDE0308F955768BA800650B
9BDB037ACB0EDE0308FA55CE8BA3006D
0BEDDB03AE320EDD0308FA55C68BA900
680B39DC03BE9F0DDD0308FA55C68BA4
005B0B81DC03E8AE0DDC0308FA558C8B
9C039410BEDC032E980DDB0308F95501
8A98039410F7DC038CCD0DDB0308FA55
8D849C038B1035DD037BA20EDB0308F9
55B47E9903971074DD03438D0FDD0308
F955587996012711B8DD03D31D0EDB03
08FA55F1749E012511FADD0314C00DDB
0308FA5569719A01251137DE03162E0D
DC0308F8551E6F9601211180DE03C240
0DDC0308F955DE6B23027111CFDE0392
8D0DDD0308F855D56B1F026B111DDF03
71E30DDE0308FA553E721A026B1175DF
03552D0EDD0308F9553B6D1B026E11E3
DF039A4E0EDE0308F8550269A202C403
5AE003B09F0EDC0308F85573659D02C0
03D8E003F7B10EDC0308F8559D63A202
BF0356E103AD550EDC0308F855F7619E
02C303D7E103BA080EDE0308F8553260
9F02C30357E203B6CE0DDC0308F955F0
5E9E02C103D2E20338610DDD0308F755
D55D9D02C003</Data>

   <DataCRC>bb913ac0</DataCRC>

   <BytesSent>11526</BytesSent>

</SBEDataUpload>
</InstrumentRawData>
</SBEDataUploadFile>
