<?xml version="1.0"?>
<!-- SCPlusV2_RS232 -->
<SBEDataUploadFile>
<ApplicationData>
<Seaterm232>
<SoftwareVersion>2.6.3.104</SoftwareVersion>
<BuildDate>30-Jun-2017</BuildDate>
</Seaterm232>
</ApplicationData>
<InstrumentState>
<HardwareData DeviceType='SBE19plus' SerialNumber='01906740'>

   <Manufacturer>Sea-Bird Electronics, Inc.</Manufacturer>

   <FirmwareVersion>2.2d</FirmwareVersion>

   <FirmwareDate>9 February 2011 08:30</FirmwareDate>

   <CommandSetVersion>1.1</CommandSetVersion>

   <PCBAssembly PCBSerialNum='25307' AssemblyNum='41054G'/>

   <PCBAssembly PCBSerialNum='25737' AssemblyNum='41580B'/>

   <PCBAssembly PCBSerialNum='24669' AssemblyNum='41606'/>

   <PCBAssembly PCBSerialNum='24372' AssemblyNum='41059D'/>

   <MfgDate>  08 DEC 2010</MfgDate>

   <InternalSensors>

      <Sensor id='Main Temperature'>

         <type>temperature0</type>

         <SerialNumber>01906740</SerialNumber>

      </Sensor>

      <Sensor id='Main Conductivity'>

         <type>conductivity-0</type>

         <SerialNumber>01906740</SerialNumber>

      </Sensor>

      <Sensor id='Main Pressure'>

         <type>strain-0</type>

         <SerialNumber>3220369</SerialNumber>

      </Sensor>

   </InternalSensors>

   <ExternalSensors>

      <Sensor id='volt 0'>

         <type>SBE 43 OXY</type>

         <SerialNumber>432005</SerialNumber>

      </Sensor>

      <Sensor id='volt 1'>

         <type>not assigned</type>

         <SerialNumber>not assigned</SerialNumber>

      </Sensor>

      <Sensor id='volt 2'>

         <type>ECO-FLNTURT CHL</type>

         <SerialNumber>FLNTURTD-2025</SerialNumber>

      </Sensor>

      <Sensor id='volt 3'>

         <type>ECO-FLNTURT TURB</type>

         <SerialNumber>FLNTURTD-2025</SerialNumber>

      </Sensor>

      <Sensor id='volt 4'>

         <type>not assigned</type>

         <SerialNumber>not assigned</SerialNumber>

      </Sensor>

      <Sensor id='volt 5'>

         <type>not assigned</type>

         <SerialNumber>not assigned</SerialNumber>

      </Sensor>

   </ExternalSensors>

</HardwareData>
<StatusData DeviceType='SBE19plus' SerialNumber='01906740'>

   <DateTime>2018-11-26T19:37:10</DateTime>

   <LoggingState>not logging</LoggingState>

   <EventSummary numEvents='241'/>

   <Power>

      <vMain>12.4</vMain>

      <vLith>5.3</vLith>

      <iMain>61.4</iMain>

      <iPump>156.8</iPump>

      <iExt01> 4.2</iExt01>

      <iExt2345>18.2</iExt2345>

   </Power>

   <MemorySummary>

      <Bytes>1110270</Bytes>

      <Samples>65310</Samples>

      <SamplesFree>3805169</SamplesFree>

      <SampleLength>17</SampleLength>

      <Profiles>71</Profiles>

   </MemorySummary>

</StatusData>
<ConfigurationData DeviceType='SBE19plus' SerialNumber='01906740'>

   <ProfileMode>

      <ScansToAverage>1</ScansToAverage>

      <MinimumCondFreq>3226</MinimumCondFreq>

      <PumpDelay>60</PumpDelay>

      <AutoRun>no</AutoRun>

      <IgnoreSwitch>no</IgnoreSwitch>

   </ProfileMode>

   <Battery>

      <Type>alkaline</Type>

      <CutOff>7.5</CutOff>

   </Battery>

   <DataChannels>

      <ExtVolt0>yes</ExtVolt0>

      <ExtVolt1>no</ExtVolt1>

      <ExtVolt2>yes</ExtVolt2>

      <ExtVolt3>yes</ExtVolt3>

      <ExtVolt4>no</ExtVolt4>

      <ExtVolt5>no</ExtVolt5>

      <SBE38>no</SBE38>

      <OPTODE>no</OPTODE>

      <GTD>no</GTD>

   </DataChannels>

   <EchoCharacters>yes</EchoCharacters>

   <OutputExecutedTag>yes</OutputExecutedTag>

   <OutputFormat>raw HEX</OutputFormat>

</ConfigurationData>
<CalibrationCoefficients DeviceType='SBE19plus' SerialNumber='01906740'>

   <Calibration format='TEMP1' id='Main Temperature'>

      <SerialNum>01906740</SerialNum>

      <CalDate>07-Jan-11 </CalDate>

      <TA0>1.255288e-03</TA0>

      <TA1>2.593288e-04</TA1>

      <TA2>-2.376104e-07</TA2>

      <TA3>1.449298e-07</TA3>

      <TOFFSET>0.000000e+00</TOFFSET>

   </Calibration>

   <Calibration format='WBCOND0' id='Main Conductivity'>

      <SerialNum>01906740</SerialNum>

      <CalDate>07-Jan-11</CalDate>

      <G>-1.033008e+00</G>

      <H>1.393941e-01</H>

      <I>-2.175401e-04</I>

      <J>3.475757e-05</J>

      <CPCOR>-9.570000e-08</CPCOR>

      <CTCOR>3.250000e-06</CTCOR>

      <CSLOPE>1.000000e+00</CSLOPE>

   </Calibration>

   <Calibration format='STRAIN0' id='Main Pressure'>

      <SerialNum>3220369</SerialNum>

      <CalDate>21-Dec-10</CalDate>

      <PA0>8.222195e-01</PA0>

      <PA1>1.566037e-02</PA1>

      <PA2>-6.194425e-10</PA2>

      <PTCA0>5.244452e+05</PTCA0>

      <PTCA1>4.417653e+00</PTCA1>

      <PTCA2>-9.798927e-02</PTCA2>

      <PTCB0>2.510725e+01</PTCB0>

      <PTCB1>-1.150000e-03</PTCB1>

      <PTCB2>0.000000e+00</PTCB2>

      <PTEMPA0>-5.917147e+01</PTEMPA0>

      <PTEMPA1>5.387460e+01</PTEMPA1>

      <PTEMPA2>-2.653169e-01</PTEMPA2>

      <POFFSET>0.000000e+00</POFFSET>

      <PRANGE>5.076000e+03</PRANGE>

   </Calibration>

   <Calibration format='VOLT0' id='Volt 0'>

      <OFFSET>-4.687158e-02</OFFSET>

      <SLOPE>1.247988e+00</SLOPE>

   </Calibration>

   <Calibration format='VOLT0' id='Volt 1'>

      <OFFSET>-4.719579e-02</OFFSET>

      <SLOPE>1.248132e+00</SLOPE>

   </Calibration>

   <Calibration format='VOLT0' id='Volt 2'>

      <OFFSET>-4.684526e-02</OFFSET>

      <SLOPE>1.248324e+00</SLOPE>

   </Calibration>

   <Calibration format='VOLT0' id='Volt 3'>

      <OFFSET>-4.678105e-02</OFFSET>

      <SLOPE>1.247145e+00</SLOPE>

   </Calibration>

   <Calibration format='VOLT0' id='Volt 4'>

      <OFFSET>-4.669684e-02</OFFSET>

      <SLOPE>1.248307e+00</SLOPE>

   </Calibration>

   <Calibration format='VOLT0' id='Volt 5'>

      <OFFSET>-4.709579e-02</OFFSET>

      <SLOPE>1.247697e+00</SLOPE>

   </Calibration>

   <Calibration format='FREQ0' id='external frequency channel'>

      <EXTFREQSF>9.999977e-01</EXTFREQSF>

   </Calibration>

</CalibrationCoefficients>
<EventCounters DeviceType='SBE19plus' SerialNumber='01906740'>

   <EventSummary numEvents='241'/>

   <Event type='ErrorFLASHUncorrectableError' count='241'/>

</EventCounters></InstrumentState>
<Headers>

cast  44 24 Nov 2018 11:20:41 samples 48425 to 48832, avg = 1, stop = mag switch

</Headers><InstrumentRawData>
<SBEDataUpload startAddr='823208'>

   <Type>1</Type>

   <DataFormat>SEACATPLUS0</DataFormat>

   <Bytes>6936</Bytes>

   <Data>
2EAD03AEB50AE20308FD545C56A402C4
03FAAD03BAB40AE30308FC546556A102
C9039AAE0359B90AE20308FB545856A6
02C0032CAF03CFB70AE30308FB542556
AC02C803B8AF0383B10AE20308FA547F
56BC06E5025BB003E6B00AE40308F954
6B56CC06E50202B1034FAF0AE30308F9
54AA56BD06E702A1B103DBB10AE40308
F8541557C306DF023CB203DEB10AE503
08F854ED593E019801E6B203B0B70AEE
0308F7545C5A4D019101FFB30374BA0A
FA0308F6548D5C3C019301A1BD03C5F6
0A000408F5547E613201900143CE03AD
F10F070408F554CE603D04B40F4ADA03
02560D0B0408F654D95D4604B80F88E1
03B9EF11100408F554605C3904B00F5A
E60340A70F140408F554005B3D04A90F
BBE9036AFA11160408F554495A3F04B6
0F13EC0398FA11160408F654C6591F06
F80E5BED03999612180408F654755925
060B0F71EE0373CE121A0408F6543559
2106020F8EEF03E124181B0408F754CB
5819060E0FF6F00348C3171F0408F854
0A590B01D11010F203876618220408F8
54CF581101D110FCF203E27919260408
F954C6580D01DA107DF403763D1A2D04
08F9543F580501E71061F6036E7E1A3A
0408FA54D5590F01650CC5F803F38D1A
420408FB54F1590701640CD6FA03E87F
1A440408FB54945906016A0C2CFC03D7
981A460408FB54665900016B0C1BFD03
5ECC1A470408FA543959B4027D0FB7FD
0336DD1A490408FB54E858B2028C0FFB
FD0344DF1A490408FB542559AB02850F
0EFE035DDD1A410408FB54325AB00276
0F06FE031CEE1A370408FB54955AA902
7C0F1FFE0376F11A2D0408FA544B5BE2
02201027FE0393FF1A290408FA54EC5A
D5022A1038FE0329041B290408FA5468
5AE8023D1032FE03CD051B270408FA54
F959E8022C101DFE03AE091B290408FB
545659D7026B0EFEFD03310D1B2B0408
FB540E59CC02770ED8FD03050E1B3004
08FB54F758CF026D0EA3FD03EE0F1B35
0408FA54FB58D102700E75FD0387101B
3A0408FB54EE584002F00D50FD03CF14
1B3C0408FB540A593902EE0D2EFD03F8
151B3C0408FB543C593C02F90D1EFD03
EA161B3C0408FB5439593F02EF0D21FD
0384171B3B0408FB5415592303530F28
FD0301181B370408FB5457591C03530F
32FD0366181B340408FA54CA59190352
0F38FD0383181B320408FB5429592203
4F0F3BFD0333181B310408FB54BA5818
03550F37FD038B181B300408FC546858
9002FC0E2CFD032D191B330408FC5423
589302030F15FD0397191B340408FC54
E8579102090F01FD03BC191B360408FC
54B8578602070FF9FC034E1A1B390408
FB54A25777026B0FF8FC03F11A1B3904
08FB547E576F026D0FFAFC03A11B1B39
0408FB5477576702700FF9FC03591C1B
3B0408FB5459577302700FEFFC03541D
1B390408FB542C57F9024A0FEDFC03F4
1C1B3B0408FB5422570603580FE9FC03
671A1B380408FC54F856FF024D0FF1FC
034E1A1B380408FC54AE560803490FFB
FC03051C1B370408FC546056D202980F
03FD03BC1D1B350408FC544756D4028D
0F0DFD03741E1B360408FC541256D102
960F18FD03DD1E1B370408FC54E155D5
029C0F22FD039E1F1B370408FC54A755
D8028F0F22FD0328201B370408FC5482
55A402680F23FD039E1F1B350408FC54
44559402720F26FD034B1E1B320408FD
541B559A026F0F2EFD03B01D1B320408
FD54F3549B02710F3CFD03AF1E1B3404
08FD54BF540003920F48FD030A201B36
0408FD5480540303840F57FD03C3201B
350408FD5454540503940F60FD03F520
1B370408FD5429540503960F72FD03EC
201B370408FD54E7535503680F8EFD03
01211B380408FD54A1536603710FA7FD
0340211B390408FE548A535B03740FB9
FD03C6211B390408FD5469535D036B0F
C8FD0383211B370408FD54435393027E
0FD4FD03AE201B370408FC5421538F02
7D0FE1FD037C1F1B350408FC54DF5294
02800FEEFD03671F1B360408FC54C352
9402850FF8FD03841F1B380408FC548E
528F027C0FFFFD0334201B380408FC54
73525603430F01FE0314211B3B0408FC
5466524D03490F01FE0366211B3A0408
FC5442525703440F01FE03BE201B3A04
08FB542D524D03470F03FE0377201B38
0408FB540852B502980F0AFE0380201B
380408FB541352AE02920F0CFE03CB20
1B3A0408FB54F751A802940F0AFE0316
211B380408FC54DB51AF02910F0AFE03
66211B370408FB54C851B702840F0AFE
035C211B360408FB54B051C002820F0B
FE0359211B390408FB54A651BE027E0F
08FE037B211B380408FC548A51BB027E
0F07FE03CA211B380408FB548351BB02
6F0F02FE0348221B370408FC548451C2
02730FFAFD0355221B370408FC546351
BB02630FF8FD033C211B340408FC544C
51BE02690FF8FD032C201B370408FC54
2C51CE027B0FF8FD03AD1F1B360408FC
5418510C03950FF8FD03C31F1B370408
FC5403510F038C0FF8FD0328201B3504
08FC54F050F8028C0FF5FD0362201B36
0408FC54D8500403910FF4FD037B201B
350408FC54CD501E03890FF6FD03BA20
1B350408FB54B9502003800FF8FD03FD
201B380408FB549E5017037E0FFCFD03
24211B370408FB5497501C03870FFFFD
0362201B360408FC547E501503B80FF3
FD030F201B370408FC547A500B03A90F
DAFD0338201B360408FB544F501103AB
0FC7FD036E211B340408FC5437501603
B20FC4FD039C211B340408FB542B50A4
02610FCDFD0334211B340408FC542950
97025E0FD8FD0349211B370408FC540B
509B02690FE4FD0348211B390408FD54
F24F9D025C0FF2FD035D211B390408FD
54DC4F9B02660FFAFD039C211B360408
FD54C04FF9023C0FF0FD0372211B3704
08FE54C34FE6023B0FF4FD03BE201B37
0408FE54A54FF102420F06FE03BE201B
370408FF54914FEF023E0F10FE032F21
1B370408FF54884F1503930F06FE0383
211B380408FF54664F0B03890FFBFD03
91211B370408FF54794F13038F0FFBFD
03C2211B350408FE54644F04038C0FFF
FD03DF211B340408FF54554FC902330F
0FFE03CF211B330408FF54524FD2022E
0F20FE03EC211B320408FF544E4FC802
330F26FE0337221B340408FF543A4FD7
02360F2DFE03BA211B330408FE544C4F
EA02540F57FE03A9211B340408FE5439
4FF002600F8BFE03BD211B360408FD54
3A4FFA025A0FB8FE03AD211B350408FD
54264FF1025C0FE1FE0398211B370408
FD54224FE902560F01FF036E211B3604
08FC54294F7803B00E06FF032B211B37
0408FC54244F7C03AB0EEFFE032F211B
350408FD543C4F7E03B50ED6FE035521
1B350408FD54374F7F03B80EC4FE0370
211B350408FD54324F2303460FB2FE03
62211B320408FC542C4F2303530F9AFE
0349211B340408FC54204F1E034E0F7D
FE0377211B330408FC54124F20034B0F
65FE03C6211B330408FC54094FA00222
0F52FE0398211B340408FC540C4FA002
280F42FE0377211B360408FC542F4F94
022E0F35FE033C211B390408FC54204F
A0021E0F2EFE031C211B3B0408FC5404
4FCF02370F26FE03FD201B3A0408FC54
0A4FD102320F16FE0306211B390408FC
54084FD2023A0F07FE0351211B380408
FC54EA4ED7022F0FFAFD03F8211B3504
08FD54F04EDB02300FE6FD03B9221B34
0408FD54E34E0203520FD4FD0333231B
330408FC54CE4E0703520FC9FD037423
1B330408FD54D84E08034E0FC6FD03A0
231B320408FD54C34E00034D0FC2FD03
C5231B350408FE54C04EC902850FBDFD
03C9231B350408FE54BE4EBE027E0FB6
FD038F231B370408FE54BE4EC302850F
A9FD035C231B3A0408FD54B24EC4027C
0F9DFD032E231B380408FF54B44E1E03
400F96FD0326231B370408FF54B44E1C
033E0F92FD0364231B340408FF54B04E
1C03460F90FD0376231B340408FF5488
4E1903440F91FD0382231B350408FF54
804E15034B0F90FD0397231B330408FF
54654E0803560F8FFD03B4231B330408
0055674E1003530F89FD03C5231B3404
08FF54544E0B03550F81FD0386231B2B
04080055594E13034F0F7EFD038A221B
1C0408FF54EE4E1F03FD0E7FFD03F022
1B140408FE547B4F20030B0F7FFD03C1
221B130408FE547F4F2003040F7BFD03
A4221B140408FE54264F2203030F75FD
03A8221B180408FE54EF4E3C053B0E76
FD038B221B1E0408FE54DD4E40053A0E
82FD0361221B220408FF54B04E350540
0E95FD0356221B260408FD54A24E2C05
4A0EA5FD034C221B2A0408FE54914EB7
02B70AB0FD0337221B2D0408FE546E4E
A502BF0AB8FD0355221B310408FE546B
4EB502B90AB1FD036A221B340408FE54
554EAE02B30AA8FD0398221B320408FE
54444E440200109FFD03CE221B300408
FF54454E4102031093FD031E231B2E04
08FE54294E4102FA0F84FD031F231B2C
0408FF54364E4602FD0F76FD03EB221B
2D040800551C4E4A02FB0F6AFD03B122
1B3104080055414E5903160F61FD036E
221B3604080055304E4F03100F5DFD03
50221B3B04080055194E5503110F5BFD
0333221B4204080055344E4D03120F4D
FD0337221B480408FF54254ECB02E70F
38FD0366221B480408FF54324EBA02E0
0F24FD03DF221B4B0408FF54294EC402
DD0F13FD0354231B4A0408FF54364EC3
02E30F02FD03A4231B4B0408FF54274E
D3029E0FF8FC03D6231B480408FF5404
4ECF02A50FF2FC03FC231B470408FF54
FA4DD1029D0FEEFC031D241B440408FF
54F74DD602A30FEAFC03FD231B450408
FF54E64DD502EB0FE6FC039B231B4804
08FE54D14DCF02ED0FE6FC0322231B4F
0408FD54C54DCF02EE0FF3FC03E3221B
520408FD54B54DD202EB0F04FD037A22
1B590408FD54C64DD302E30F1BFD030D
221B610408FD54E64DF502DE0F42FD03
2B221B660408FD54CB4DF202DE0F88FD
034C221B670408FD54BB4DED02D20FC7
FD0366221B650408FD54B54DF502DF0F
F0FD036E221B630408FC54A74DD4029E
0F0FFE03C6221B630408FD54D34DD202
A00F26FE0304231B630408FC54C54DD9
029C0F46FE03DB221B640408FC54A74D
CB029C0F70FE038B221B680408FB54A9
4D02039D0F99FE034C221B6F0408FB54
B34D0603A10FC4FE0321221B750408FB
54B24D0C039E0FE5FE031A221B790408
FB54DB4D02039B0FF9FE0322221B7B04
08FB54DA4DF502BC0F07FF033B221B81
0408FB54CA4DF102C00F10FF0344221B
7F0408FC54E34DF102B80F19FF034422
1B820408FC54EF4DF102BE0F2BFF0322
221B830408FC543C4EF902C20F41FF03
0D221B880408FC54964E0103B70F55FF
03DD211B8D0408FC54CE500003B90F6A
FF03A0211B930408FC546F570B03AF0F
7BFF0390211B960408FC5415570303AF
0F80FF0377211B980408FC54B4561003
2B1083FF032B211BA00408FB54E65E19
032C1090FF03F5201BA60408FB54DB62
09032A10AAFF03E8201BAA0408FC54B2
640F032B10C4FF03FC201BAC0408FB54
62613003E10FD3FF031F211BAB0408FC
54B25D3403DE0FDBFF033C211BAB0408
FC54005B2C03DF0FE0FF0344211BAB04
08FC5483593403DA0FE6FF0338211BAC
0408FC54CC59D502970FF0FF0312211B
B00408FC54535BD1028D0F010004E020
1BB70408FC54A95DD3028A0F0E0004B6
201BB70408FC54D45BD002900F1C0004
93201BB80408FC54B059CC02910F2F00
045E201BBB0408FD540858DA02C30F49
00040F201BC20408FD547C57E402BC0F
640004B21F1BC80408FC54DC58E302BE
0F870004411F1BD10408FD54E95DE202
BB0FAB0004D51E1BDB0408FE542464DB
02C50FC90004921E1BE50408FF54E46C
D802C60FDF0004791E1BED0408FF54AA
70DF02C80FF10004881E1BF50408FF54
0671E002BC0FF90004A21E1BFA0408FF
54DE70E102C10FFE00043D1F1BFB0408
FE54396ED702BD0FF30004C31F1BFA04
08FE541F69DE02C00FDF0004E91F1BF6
0408FF541565E202BD0FD30004C71F1B
F40408FF54DD6107039E0FD60004D81F
1BF60408FE54555FFE02A30FDA0004A2
1F1BFA0408FD54085E0503A00FE30004
D71D1BFF0408FE54705FFC02A20F0401
045D1C1B080508FE5466610403A20F1D
0104BE1B1B0E0508FD541D610203A00F
4301045E1B1B180508FF54B964FE02A7
0F6B0104341B1B200508FE54456AFA02
A30F840104241B1B280508FF54D06C07
03A50F960104241B1B2B0508FE54C26A
DD02A80F9F01040A1B1B2F0508FF540A
69DE02B00FA501040F1B1B350508FE54
5367E102B10FA80104131B1B3F0508FE
549B65E102B40FAA01041F1B1B480508
FE547C651503E70FAB01041B1B1B4D05
08FE5426640F03E90FAD01040F1B1B51
0508FB541D650803DC0FAE01041B1B1B
520508FB54C8640B03DE0FB101040F1B
1B510508FC545063F702B00FB201040A
1B1B520508FD542462F502AA0FB60104
061B1B520508FC543D60EF02AC0FB801
04131B1B530508FC54865EF502AC0FBB
0104131B1B570508FD541A5DED02AB0F
BE0104171B1B5E0508FC54D95B040381
0FBE01041B1B1B630508FC542C5B0203
810FC001041B1B1B650508FD54175A00
03800FC30104241B1B6B0508FD54CA59
F8027F0FC401040F1B1B6C0508FD542B
5AFA02AE0FC601040A1B1B690508FD54
6259FE02B00FCA0104061B1B680508FE
548358F902AB0FCB0104061B1B670508
FF540558F902AD0FCC0104021B1B6805
080055CB571D03960FC90104FA1A1B6A
050801559C570B038D0FC40104031B1B
6E0508FF543A570B03900FC00104061B
1B760508FF545C570803900FBB01040F
1B1B7F05080055EE570203AF0FB90104
FE1A1B8605080055CD57FC02B10FBB01
04F61A1B8E05080055A0570603B30FBF
0104F61A1B97050801555E58F602AF0F
C20104ED1A1BA405080155C7580003AE
0FC20104ED1A1BAF050801559959EA02
9A10C00104FA1A1BB50508FF54995AF7
029C10BD0104FF1A1BB50508FE543A5A
F1029C10B30104131B1BB00508FF5481
59F1029E10A10104381B1BB00508FF54
7459D0023C108F0104451B1BB20508FD
54425ACE023E10820104451B1BB50508
FC541F5BCF0238107F0104451B1BBB05
08FC546D5DD5023F107D0104381B1BC0
0508FC543A5F0F031B107801043D1B1B
C10508FD548C5F0D0320106E0104521B
1BBE0508FE54E35D11031E1063010466
1B1BBE0508FC54BA5C17031B10570104
741B1BBC0508FD54D75BE302A9105001
046F1B1BBA0508FD542E5BDF02AA1053
0104661B1BB90508FC541F5BE302AC10
580104621B1BB80508FC54865BD702A2
105C01044D1B1BB10508FC54AE5BDA02
A9105D01044D1B1BB00508FD54EC5AFD
02A0105D0104561B1BAE0508FD54585A
FF02A5105A01045A1B1BAF0508FD54EB
590203A9105C01045A1B1BAF0508FD54
B2590403A7105A01045B1B1BB00508FE
544159DA027E105C0104561B1BB00508
FF54E558DA027A105C0104521B1BB105
08FE546B58DE027B10600104451B1BB3
0508FF544358DB027E10640104491B1B
B40508FF541058C002A710650104521B
1BB40508FF54E357BD02A41063010452
1B1BB5050800554059C202A410610104
521B1BB30508FF542C59C202A9105D01
044D1B1BB20508FF546459DA0281105C
01044B1B1BAE0508FF54CC581D038E10
5B01044D1B1BAC05080055A158200387
105C01044D1B1BAC0508FF542B581503
8B105B0104521B1BAD05080055225815
0388105801045A1B1BAE050801556457
DF0256105601045E1B1BAF05080155AA
57DE026410570104561B1BB005080155
3358DE0261105B01044D1B1BAF050801
556857DA025D105E0104451B1BAF0508
01558557EC0232106301043D1B1BAC05
0801559C57EF022E106C01042B1B1BAA
050801555F57F5022910750104241B1B
AB050802555157F30235107A01041B1B
1BAB05080255265742030D107F01041B
1B1BAB05080155FE563E030F10850104
0F1B1BAC05080155E25645030D108901
040A1B1BAB05080155D9564003111089
0104131B1BA905080155BA563703DC0F
870104171B1BA205080055A156FE02E3
0F870104171B1B9B050801557356FF02
DE0F8401041F1B1B9105080155215602
03E50F8101041B1B1B8205080155ED55
FC02DE0F840104171B1B7A05080155C0
55DE02FC0F830104171B1B7905080155
8355DE0200107F01041B1B1B7C050802
555E55DE02FC0F800104171B1B7E0508
02555B55E002FD0F820104131B1B8205
0802555F55F5021A10880104061B1B83
050801555355E80218108D0104021B1B
7D050800554355EF0220108D0104FE1A
1B6F050801552D55EF021E108D010403
1B1B5C050802555155FD029C0F8D0104
061B1B4F050803555355EA02A10F8901
040A1B1B4C05080455FF54F202A10F87
0104061B1B4A05080455BC54EE02A50F
8A0104FE1A1B46050805558754E202A9
0F8C0104ED1A1B33050803557D54E102
C70F940104E11A1B22050802557854E2
02BF0F9B0104D81A1B14050803555754
E502BC0F9F0104DC1A1B1005080355FE
53DF02C20F9D0104E31A1B0605080255
C0530203760F990104E91A1BF7040803
55CD5304037C0F940104E91A1BE70408
0255E053FE027C0F900104ED1A1BDC04
080255C55300037D0F8C0104ED1A1BD7
04080255EB530003A90F890104F11A1B
D204080255B4530403B60F840104FA1A
1BC704080155D2530003AD0F7D0104FA
1A1BBA04080155C253FF02A70F780104
021B1BB2040800558E5304037C0F7301
04021B1BB10408005585530403780F73
0104FB1A1BAC04080055585305037E0F
700104F11A1B9F0408FE544E53020382
0F750104E11A1B8F04080055B4530203
810F740104D81A1B8A0408FE546153E0
02A50F760104D41A1B850408FC54D652
E102A00F780104D41A1B7C0408FD549C
52D8029C0F770104CC1A1B6A0408FB54
8B52D502A30F7A0104BF1A1B5C0408FA
54A752CB02BD0F7B0104BF1A1B540408
FB547752CF02C50F760104C71A1B5104
08FC54FD51CD02BE0F6D0104D41A1B46
0408FC540552CB02C10F590104F61A1B
350408FD54CF5142038F0F4501040F1B
1B280408FE54B3514C038F0F37010424
1B1B230408FE548A514703910F230104
281B1B1C0408FE544C564403930F0E01
042C1B1B0E0408FE54EF54D306CC06E5
0004771B1B0B0408FD542653D906CB06
AF0004D71B1B090408FE54B152D906CE
06830004091C1B0A0408FF54BD51DE06
C4064D0004691C1B0D04080155BD51CF
06CB060E0004CA1C1B0F040801555251
EE036F0FD3FF03041D1B14040801552F
51EC036F0F9CFF03431D1B1904080255
1F51E7036F0F4EFF03971D1B1E040802
557651EB03740FAAFE03D01E1B240408
015539517D02070DB8FD03B2201B2604
080055B6508002080DA2FC03E7221B2A
04080055A75077020B0D02FC0372221B
2D0408FF547C508202110DC8FB03C621
1B2A0408FD5448504102400FB1FB03A5
211B270408FC5451503F02370FA9FB03
AD211B230408FC5445503F02380FACFB
03A5211B200408FC543B5040023A0FAC
FB03B5211B1D0408FE54CD4F9102220F
A6FB03C2211B100408FD549051910224
0F9FFB03F0211BFE0308FD545D519502
200F9BFB03FD211BE80308FC54C9508F
02290F8EFB033B221BE20308FC54B751
9302200F6BFB03B45519E50308FD5400
549413CC474EFB03174710E40308FC54
D9539A13D04759FB03AD050EE40308FC
54BC53A013D34780FB03DACA0DE40308
FC5490539E13C547</Data>

   <DataCRC>272b4b39</DataCRC>

   <BytesSent>6936</BytesSent>

</SBEDataUpload>
</InstrumentRawData>
</SBEDataUploadFile>
