<?xml version="1.0"?>
<!-- SCPlusV2_RS232 -->
<SBEDataUploadFile>
<ApplicationData>
<Seaterm232>
<SoftwareVersion>2.6.3.104</SoftwareVersion>
<BuildDate>30-Jun-2017</BuildDate>
</Seaterm232>
</ApplicationData>
<InstrumentState>
<HardwareData DeviceType='SBE19plus' SerialNumber='01906740'>

   <Manufacturer>Sea-Bird Electronics, Inc.</Manufacturer>

   <FirmwareVersion>2.2d</FirmwareVersion>

   <FirmwareDate>9 February 2011 08:30</FirmwareDate>

   <CommandSetVersion>1.1</CommandSetVersion>

   <PCBAssembly PCBSerialNum='25307' AssemblyNum='41054G'/>

   <PCBAssembly PCBSerialNum='25737' AssemblyNum='41580B'/>

   <PCBAssembly PCBSerialNum='24669' AssemblyNum='41606'/>

   <PCBAssembly PCBSerialNum='24372' AssemblyNum='41059D'/>

   <MfgDate>  08 DEC 2010</MfgDate>

   <InternalSensors>

      <Sensor id='Main Temperature'>

         <type>temperature0</type>

         <SerialNumber>01906740</SerialNumber>

      </Sensor>

      <Sensor id='Main Conductivity'>

         <type>conductivity-0</type>

         <SerialNumber>01906740</SerialNumber>

      </Sensor>

      <Sensor id='Main Pressure'>

         <type>strain-0</type>

         <SerialNumber>3220369</SerialNumber>

      </Sensor>

   </InternalSensors>

   <ExternalSensors>

      <Sensor id='volt 0'>

         <type>SBE 43 OXY</type>

         <SerialNumber>432005</SerialNumber>

      </Sensor>

      <Sensor id='volt 1'>

         <type>not assigned</type>

         <SerialNumber>not assigned</SerialNumber>

      </Sensor>

      <Sensor id='volt 2'>

         <type>ECO-FLNTURT CHL</type>

         <SerialNumber>FLNTURTD-2025</SerialNumber>

      </Sensor>

      <Sensor id='volt 3'>

         <type>ECO-FLNTURT TURB</type>

         <SerialNumber>FLNTURTD-2025</SerialNumber>

      </Sensor>

      <Sensor id='volt 4'>

         <type>not assigned</type>

         <SerialNumber>not assigned</SerialNumber>

      </Sensor>

      <Sensor id='volt 5'>

         <type>not assigned</type>

         <SerialNumber>not assigned</SerialNumber>

      </Sensor>

   </ExternalSensors>

</HardwareData>
<StatusData DeviceType='SBE19plus' SerialNumber='01906740'>

   <DateTime>2018-11-26T19:37:10</DateTime>

   <LoggingState>not logging</LoggingState>

   <EventSummary numEvents='241'/>

   <Power>

      <vMain>12.4</vMain>

      <vLith>5.3</vLith>

      <iMain>61.4</iMain>

      <iPump>156.8</iPump>

      <iExt01> 4.2</iExt01>

      <iExt2345>18.2</iExt2345>

   </Power>

   <MemorySummary>

      <Bytes>1110270</Bytes>

      <Samples>65310</Samples>

      <SamplesFree>3805169</SamplesFree>

      <SampleLength>17</SampleLength>

      <Profiles>71</Profiles>

   </MemorySummary>

</StatusData>
<ConfigurationData DeviceType='SBE19plus' SerialNumber='01906740'>

   <ProfileMode>

      <ScansToAverage>1</ScansToAverage>

      <MinimumCondFreq>3226</MinimumCondFreq>

      <PumpDelay>60</PumpDelay>

      <AutoRun>no</AutoRun>

      <IgnoreSwitch>no</IgnoreSwitch>

   </ProfileMode>

   <Battery>

      <Type>alkaline</Type>

      <CutOff>7.5</CutOff>

   </Battery>

   <DataChannels>

      <ExtVolt0>yes</ExtVolt0>

      <ExtVolt1>no</ExtVolt1>

      <ExtVolt2>yes</ExtVolt2>

      <ExtVolt3>yes</ExtVolt3>

      <ExtVolt4>no</ExtVolt4>

      <ExtVolt5>no</ExtVolt5>

      <SBE38>no</SBE38>

      <OPTODE>no</OPTODE>

      <GTD>no</GTD>

   </DataChannels>

   <EchoCharacters>yes</EchoCharacters>

   <OutputExecutedTag>yes</OutputExecutedTag>

   <OutputFormat>raw HEX</OutputFormat>

</ConfigurationData>
<CalibrationCoefficients DeviceType='SBE19plus' SerialNumber='01906740'>

   <Calibration format='TEMP1' id='Main Temperature'>

      <SerialNum>01906740</SerialNum>

      <CalDate>07-Jan-11 </CalDate>

      <TA0>1.255288e-03</TA0>

      <TA1>2.593288e-04</TA1>

      <TA2>-2.376104e-07</TA2>

      <TA3>1.449298e-07</TA3>

      <TOFFSET>0.000000e+00</TOFFSET>

   </Calibration>

   <Calibration format='WBCOND0' id='Main Conductivity'>

      <SerialNum>01906740</SerialNum>

      <CalDate>07-Jan-11</CalDate>

      <G>-1.033008e+00</G>

      <H>1.393941e-01</H>

      <I>-2.175401e-04</I>

      <J>3.475757e-05</J>

      <CPCOR>-9.570000e-08</CPCOR>

      <CTCOR>3.250000e-06</CTCOR>

      <CSLOPE>1.000000e+00</CSLOPE>

   </Calibration>

   <Calibration format='STRAIN0' id='Main Pressure'>

      <SerialNum>3220369</SerialNum>

      <CalDate>21-Dec-10</CalDate>

      <PA0>8.222195e-01</PA0>

      <PA1>1.566037e-02</PA1>

      <PA2>-6.194425e-10</PA2>

      <PTCA0>5.244452e+05</PTCA0>

      <PTCA1>4.417653e+00</PTCA1>

      <PTCA2>-9.798927e-02</PTCA2>

      <PTCB0>2.510725e+01</PTCB0>

      <PTCB1>-1.150000e-03</PTCB1>

      <PTCB2>0.000000e+00</PTCB2>

      <PTEMPA0>-5.917147e+01</PTEMPA0>

      <PTEMPA1>5.387460e+01</PTEMPA1>

      <PTEMPA2>-2.653169e-01</PTEMPA2>

      <POFFSET>0.000000e+00</POFFSET>

      <PRANGE>5.076000e+03</PRANGE>

   </Calibration>

   <Calibration format='VOLT0' id='Volt 0'>

      <OFFSET>-4.687158e-02</OFFSET>

      <SLOPE>1.247988e+00</SLOPE>

   </Calibration>

   <Calibration format='VOLT0' id='Volt 1'>

      <OFFSET>-4.719579e-02</OFFSET>

      <SLOPE>1.248132e+00</SLOPE>

   </Calibration>

   <Calibration format='VOLT0' id='Volt 2'>

      <OFFSET>-4.684526e-02</OFFSET>

      <SLOPE>1.248324e+00</SLOPE>

   </Calibration>

   <Calibration format='VOLT0' id='Volt 3'>

      <OFFSET>-4.678105e-02</OFFSET>

      <SLOPE>1.247145e+00</SLOPE>

   </Calibration>

   <Calibration format='VOLT0' id='Volt 4'>

      <OFFSET>-4.669684e-02</OFFSET>

      <SLOPE>1.248307e+00</SLOPE>

   </Calibration>

   <Calibration format='VOLT0' id='Volt 5'>

      <OFFSET>-4.709579e-02</OFFSET>

      <SLOPE>1.247697e+00</SLOPE>

   </Calibration>

   <Calibration format='FREQ0' id='external frequency channel'>

      <EXTFREQSF>9.999977e-01</EXTFREQSF>

   </Calibration>

</CalibrationCoefficients>
<EventCounters DeviceType='SBE19plus' SerialNumber='01906740'>

   <EventSummary numEvents='241'/>

   <Event type='ErrorFLASHUncorrectableError' count='241'/>

</EventCounters></InstrumentState>
<Headers>

cast  61 25 Nov 2018 11:49:40 samples 59547 to 59939, avg = 1, stop = mag switch

</Headers><InstrumentRawData>
<SBEDataUpload startAddr='1012282'>

   <Type>1</Type>

   <DataFormat>SEACATPLUS0</DataFormat>

   <Bytes>6681</Bytes>

   <Data>
8C0A04A1111BDE03087E57D2549B02B8
03D00A0487121BDF03087E57B354A402
C103D20A047D131BDE03087F57A854A7
02C803B50A04E4141BDD03087F577554
A102C803A10A046E151BDF0308805757
54A602C3038F0A04A3131BDE03088057
5B54A902C603820A04DF121BDD030880
5710549D02C9034A0A0462121BDF0308
81570654A802BC03530A0498121BDE03
0881570A54A602C003730A0419131BDD
030881570A549C02BC037D0A0458131B
DE030882570054A602C1036B0A044813
1BDE0308825707549A02C203490A042F
151BDD030881573D54A602BF03090A04
ECC819DD03088257B4549B02C303D308
04933216DF030881575954A602C3030C
0704C06413DE0308815735549E02C303
3D060484D50EDF030881573F549B02C3
03C2050469B90EE00308815722549B02
C503A80504C3DB0EDD0308815721549E
02BA0398050412A70EDE030880571854
A402C5037F050491CF0DDC03087F5700
549902BB037705044AD90DDE03087F57
1054A202BC037D050484C10EDB03087E
572154AB02C103860504AA8E0EDC0308
7D571354A002C10393050408420EDD03
087D57FD53A002BE03A005047C260EDE
03087C574D54A602BD03AF050422D50D
DD03087C576654AA02C403BE05043351
0DDD03087B575754A802C603C9050413
EF0CDE03087C573C54A402B903CB0504
AC0B0DDF03087C572654AC02C503C805
041CB40CDE03087C571254A102BF03C3
0504A5D90CDD03087D571F549E02C203
BC05040B160DDE03087C579E54A402C1
03B6050489C50CE003087C57CC549702
BF03B70504C42B0CDD03087C57AB5621
08FE03B70504FC970CE803087C578860
2708FD03EC0504782915F703087D5787
5F22080304FB0604C4D8100204087C57
D25E1F08FF03CC0704C64D130E04087C
57AB5C08FCA812430804B9850E110408
7C57235BFCFB9A12800804C0E20F1504
087C577E5903FC9B12A308047FF6101A
04087C57A358FAFBA912B408049F7116
1E04087C570F58A600460AC30804DA73
172604087D579057A7004A0AD80804A1
B9192804087C5752579E004D0AF20804
72E8172A04087C57FE56AA00410A0F09
04350F1B2E04087C571257E800E10E33
0904440E1B3004087C574057E300EB0E
5E0904E80D1B3304087D57D056E900DE
0E6D0904670D1B3904087C57CB56EB00
E30E670904410D1B4604087C57D556E4
00D60E930904F40B1B5104087C57FF56
A002E00D3F0A04C7091B6004087C573A
57A202D70D420B0418091B6604087B57
CF57A602DE0D2F0C046A081B6704087B
57A358A002DC0DEF0C0434081B650408
7C571658E302240D7E0D042F081B6004
087B57C357E202210DD00D04C3071B5D
04087B57C057D802220DF40D046C071B
5A04087B57D157DE021B0DFA0D047907
1B5904087A57F75772038F0DFA0D047D
071B5604087B57F1577603A40DEC0D04
96071B5204087B5725586C03950DDC0D
04DC071B4E040879575A586F039A0DCC
0D042F081B4E04087A577058E102510D
C60D04E5071B4E04087A577258DA025A
0DBF0D04BF071B4E04087A578B58E602
530DB30D04BE071B4E04087A57B658D9
02570D880D04E5071B4A04087A57B558
D902580D3A0D0448081B4804087A57DC
584903700DDA0C04E2081B4904087A57
DE584703720D840C0446091B4704087A
57D8585003720D480C0470091B4A0408
7A57A6665203730D1B0C0489091B4E04
087A577F659702F20CF70B04A2091B52
04087A57E3619D02F30CC80B04D3091B
5504087A57B65F9902F00C8D0B041A0A
1B5704087A57525E9902EF0C5E0B0461
0A1B5904087957345D2502BE0D3A0B04
7A0A1B5B040879574F5C2E02B40D250B
047A0A1B5E04087A57A95B2402C70D14
0B04860A1B5D04087857055B2602C10D
040B048A0A1B5E04087857795AB80351
0DF40A048F0A1B5B04087757125AB503
570DE70A048F0A1B5A04087557B059BC
03570DDD0A04A30A1B5C040875573759
B903580DD20A04AC0A1B5E0408745701
59B203590DCD0A04B80A1B6304087357
8E581003650DCF0A04D50A1B6C040873
575E581303590DE10A04DA0A1B6F0408
7257EC570C034E0DF90A04C50A1B7404
087257B15717035B0D0B0B04BC0A1B77
040872576C57EE025E0D1E0B04DA0A1B
79040872572A57F6026B0D320B04D10A
1B7904087257F856EE02630D450B04BC
0A1B7C04087257B256EB025F0D550B04
9B0A1B80040872577F56DC02510D620B
04AC0A1B84040872575056E202460D7D
0B04B00A1B8404087457EF55E602530D
9D0B049B0A1B8804087357C855DF024F
0DBE0B04B80A1B8A04087357B355A602
5F0DD70B04C10A1B88040874578E55AF
02620DE60B04820A1B87040874574B55
B102600DFA0B046D0A1B8B0408745713
55B502650D320C04540A1B8F04087457
E954A602660D980C04160A1B95040874
57C254D8027B0D360D041E0A1B9C0408
74579954D6027F0DB20D046D0A1B9E04
0874577B54E602790D120E04330A1B9E
040873575B54DE02680D740E04D8091B
A0040872573054DC021F0DCE0E04CF09
1BA5040872571554E9021D0D0B0F047C
091BA804087157DF53E102220D530F04
35091BA904087157B953DF021D0D8B0F
0487081BAC04087057A153A402200DDB
0F0434081BB104086F578C53AC02210D
38100423081BB704086F575B53A8021B
0D9010044D081BBA04086F571C53B102
220DD31004F3081BBB04086F571153D1
026A0DFD1004A4081BBB04086F57E252
CE02600D1E11042F081BB904086F57BE
52C302600D331104E5071BB704086F57
9C52C802610D48110466071BB404086F
579052C802570D68110466061BB60408
6F5766523A03860D88110469051BBB04
086E574B522F037E0DA61104AA041BC4
04086E5745522C03830DBA110467041B
CD04086E57F9513503840DC211042605
1BD604086E570052C2023F0DB71104A5
061BD504086E57EF51B702460DB01104
9E071BD004086E57EA51C202450DBC11
04E1071BCA04086E57DA51B902450DBC
1104EB061BC504086E57CA5105035E0D
8A1104C0051BC904086E57CE51030363
0D741104A6041BD204086E57A351FF02
670D7911040C041BE004086D579051FA
025F0D8F1104E7031BEA04086D577251
B302770DAD1104AA041BF204086C5777
51BD02700DB811047A051BF404086C57
7251BB02710DBE110494061BEF04086C
575751BD026F0DCE1104FC061BE50408
6C575651C002730DE51104B1061BE504
086B572751FF02630DCA1104C4051BE6
04086B571451FD02640DAD11043B051B
EC04086B57015101036A0DA111048E05
1BF304086A57FD500303610D9111041A
051BFC04086A57E950D2026F0D921104
E4041B0205086A57CE50E4026F0DA611
0433051B0705086B57AB50E102720DB6
1104DD051B0905086B57A350E102750D
BD110445061B0805086A57AC50F50294
0DC111047A051B0B05086A57B5500203
8D0DD111047A051B0F05086957975004
03960DDF1104DD051B0F050869578550
F702950DEB110407061B0E050869578F
50F302530DF1110441061B1105086957
6B50EE02500DF71104D9051B12050869
576550EB02590DFC110426051B190508
69575E50F5024F0D071204E0041B1F05
0869574F50EA02480D1B1204D3041B25
050869573950DE02720D2A12043B051B
2B050869574450E0026B0D2B12048A05
1B2C050868571B50DE026F0D271204EA
051B2B050868570050DB02750D211204
77061B29050867571650CC02720D2112
04B5061B2605086657F84FCA02790D25
1204B9061B2805086557E84FC602750D
231204D9051B2C05086557EF4FC80268
0D261204F0041B3105086557ED4F0803
6E0D31120442041B3D05086557D34F12
036C0D47120429041B4405086657BD4F
04037D0D4D12046F041B4605086557B3
4F08037C0D4E12042B051B4805086657
974FE402CB0D571204B0051B4B050865
57864FD902C60D631204FE051B480508
6557864FD802CF0D6E12044D061B4505
086557834FE302CC0D75120488061B44
050864576F4FDB02CD0D7C1204B5061B
48050863576A4FB9024C0D821204C206
1B4E050863573B4FBF024E0D7A12049C
061B5605086357424FC002510D641204
3D061B5C05086457394FBB02600D5412
043D061B6005086357254FD702710D4C
12043D061B6005086457174FDA026D0D
42120445061B5D05086357084FD90268
0D391204A1061B5905086357E64EE002
710D281204E7061B5805086357D64EC6
02570D151204E3061B5905086157DB4E
C302570D051204F6051B63050862579F
4ED302570D0D12042B051B6C05086157
A54ECD02560D1F12049D041B77050861
577B4ECD027B0D35120436041B800508
5F577B4ECE02850D45120404041B8605
085F575F4ECC02760D501204F3031B84
05085E572E4ECA02850D4E12041D041B
7D05085E57254ECF027E0D4B1204BA04
1B7005085E57024ECF02730D43120450
051B6805085E57F84DCA027D0D481204
92051B6605085E57DE4DC2026D0D5212
048D041B6C05085E57FA4DD202660D5D
12041F031B7905085D57E04DE502530D
6F12041E021B8705085D57C14DEA0253
0D7F1204BB011B9805085D57C24DF002
510D841204BF011BA305085D57AB4DEA
02530D871204CF011BA705085D57AC4D
D302870D8F1204E0011BA605085C57BE
4DD3028D0D961204F9011B9B05085C57
B34DCA02970D96120412021B9205085C
57B34DCE029A0D94120486021B8F0508
5C57C14DAA02860D911204C8021B8F05
085D57C84DAE02920D92120445031B93
05085E57F84DAF02A20D90120445031B
9905085E57F84DAA028A0D9212049602
1BA105085D57094EB1029B0D91120461
021BAA05085D570D4ED9027F0D8F1204
48021BAD05085D575D4ED902860D8E12
0448021BAC05085C57664ED902770D8C
12044C021BAA05085C577F4EE202800D
8D12045C021BA605085C57944EA402B5
0D89120471021BA405085B57C84EB702
BA0D84120469021BA905085B57D74EB5
02AD0D80120450021BB105085B57EF4E
AC02B10D7E12042B021BBA05085B5701
4FBB02930D7F120409021BC205085A57
144FBC029A0D7D120401021BC305085A
57104FC2029E0D781204F9011BC40508
5A57244FC202950D7212043B021BC105
085957394FE002800D6E120482021BBD
05085857414FE302850D67120471021B
B9050858574C4FE502760D6212045402
1BBB050857575D4FD702880D60120454
021BBE05085757674FE1027A0D5D1204
71021BC005085757664FF102960D5B12
0465021BC6050857575B4F03039F0D58
120458021BCB050857574C4F0403970D
5A120450021BCF050856575E4F00038A
0D5B120443021BD3050856572E4FB302
A60D5E12043F021BCF05085557344FBD
029C0D60120448021BCE05085557384F
B502980D5E12045C021BCC050854573D
4FB902A20D5C120458021BCA05085557
304FE2027E0D58120475021BCE050855
572D4FDF02830D5512045C021BD20508
5557124FE002820D53120443021BD805
085557074FE0027B0D511204F9011BE0
050855570E4FD702A00D541204D3011B
EB05085557F64EDD029E0D501204CF01
1BF0050855570F4FE402AA0D4B1204D8
011BF305085557F74ED602A40D461204
F0011BF405085457074FEA02A10D4212
04FD011BF605085357034FC9027A0D3C
120404021BF505085357FC4ED202800D
3812041A021BF605085357EE4ECA0286
0D36120422021BF405085357E64ED902
750D31120426021BF205085257FB4EBD
02860D301204B6011BF605085357394F
BB028A0D3312046C011BFA050852571B
4FC602800D2F120463011B0106085257
034FBF02880D22120478011B08060851
57DA4ECF029B0D15120495011B0F0608
5157CF4ECA02960D10120491011B1106
085157DF4ECD02950D0E12047C011B0C
06085157DB4ECF029C0D12120474011B
0906085157DF4EF302750D1812046C01
1B04060851570C4FE902770D1B120468
011B0606085057484FE802750D1C1204
6C011B0C060851578C4FEF027C0D1912
0474011B1406085157C54FF7026F0D0F
12048D011B1C060851571E50CC029C0D
0B12048D011B22060850577050D40295
0D03120491011B2706085057D850CA02
9F0D01120495011B2706084F572B51C8
02A30DF81104A2011B2406084F576851
0E03E80EE41104CF011B2406084F57BA
511303DA0EC8110401021B2306084F57
08521103E40EB4110412021B2106084E
573F521403E00EAA1104FD011B210608
4E576852E902080EA71104F0011B2006
084E57CF52EB02100EA11104F9011B21
06084D570353EA020D0E9711040E021B
1F06084D573253E7020B0E8B11042202
1B2006084C5774531E03790E8111042F
021B1F06084C57AA5320036F0E7B1104
2F021B1E06084B57D55320037D0E7811
042F021B1E06084A57FD532003790E7A
11041E021B1F06084B573C542003640E
7D11041A021B1D06084C5764542003F6
0D8011041A021B1C06084B5797542503
FB0D83110412021B1F06084C57B3541C
03F90D89110405021B2106084B57E554
2103F70D901104F9011B2106084B5734
552E03340E951104FD011B2006084A57
545530032D0E8F110409021B1C06084A
5762553303350E8C110416021B170608
4957985533032D0E8511041E021B1406
08495799552903E40D7F110422021B14
06084857C5552603E00D82110412021B
1806084857E8552003E00D8D1104F901
1B1F0608485702562603E60DA21104DC
011B23060849574356ED02350EB21104
C7011B26060848576956F1022D0EB411
04D3011B27060849578456EA022D0EAF
1104EC011B2A06084757A156ED02320E
A6110401021B2A06084757AE56EA0231
0E9C11040E021B2906084757CE560F03
220E97110412021B2806084657E85609
03210E91110409021B2606084657DC56
1303190E91110405021B190608465706
570B031E0E91110401021B0506084557
EC56D802D60D92110401021BF3050845
57F556DB02CC0D941104FD011BEC0508
45573257DF02CF0D961104FD011BEB05
0845575557DC02C60D9B1104F0011BEA
050845575F57C602B10DA71104CF011B
EB050844577557C202AE0DC31104A601
1BEF050843577A57C102AF0DE1110480
011BEF050843579557C102B00DFA1104
5B011BE305084257AB57E602CE0D0B12
044F011BCB05084357E257EA02C60D14
120453011BB305084357E057EF02CD0D
13120457011BA605084257EB57EE02CF
0D17120453011B9B050842570558ED02
CE0D1C120442011B9205084257015800
03B80D27120429011B8F050842570058
0203CD0D38120410011B8E0508435705
58FE02B90D43120408011B9605084357
1158FD02C70D4F120404011B9B050843
571258C402B90D541204F8001B920508
42575D58BD02A60D5B1204E7001B7505
0842579358C202B80D661204DB001B5B
050842579658BE02B20D6B1204D6001B
48050842577A58C802860D711204D200
1B3B050842576B58C802950D721204CE
001B2D050841575758C602960D721204
CE001B24050840577558CC02870D7112
04D2001B21050840575658BD028D0D70
1204D2001B1E05083F576D58BE02910D
691204DB001B0F050840576058B30286
0D5E1204EF001BFB04083F578858C002
920D5012040C011BE604083E576758B8
029E0D37120436011BDE04083D577C58
D902E40D1F120457011BD604083C5775
58D802DA0D01120474011BD004083C57
5C58E002EF0DD71104BB011BC704083C
575158E302E20DAE1104E8011BC00408
3C575958E6028B0D90110401021BB604
083B574958DE02700D73110416021BA8
04083B575858D702880D6111041E021B
9304083B577258E502800D5111042602
1B7E04083B577C58DA02A60D3F11044C
021B7704083C577F58DD02970D161104
9F021B7204083C578458DC02A20DD310
0417031B6D04083B577358E302980D8D
100477031B6904083B577458CC028B0D
401004D2031B6304083B577558D00285
0D07100404041B5D04083B579058D202
860DDB0F041D041B4C04083B579658C2
02890DBD0F0425041B3004083B578158
D2028E0DA40F042D041B1B04083A57EC
58C702BA0D8F0F043E041B0E04083A57
FA5BB702AE0D670F049D041B0D04083A
57025CB602D10D150F041E051B0E0408
3A57B05AB802BB0DA10E04CD051B0F04
083A570B5A8A00E50B310E0452061B0E
04083A57C45A8300E70BD70D04AD061B
0A04083A571B5A8900E70B870D040407
1B0704083957A3598700EA0B2B0D049A
071B0A040839574D598D038F0DBD0C04
51081B0C04083857F5588D03850D510C
04D2081B1004083857BD588A03870DF2
0B043A091B12040837579A588503860D
A60B0479091B1404083757B558E802ED
0D690B04AE091B1204083757E758DF02
F30D3D0B04CB091B14040836575559E5
02ED0D280B04C3091B1904083557E758
DB02F10D1F0B04C3091B1D0408355781
58E002E60D100B04E0091B1A04083557
49581F02E10DF60A041A0A1B18040834
572D581802E30DD60A044C0A1B130408
335733592102E00DC00A04820A1B0E04
083357E2582302DE0DB00A04930A1B0B
04083257AC588903DB0CA70A048A0A1B
10040832576C588903DB0CA50A04820A
1B160408315723588F03DA0CA40A047E
0A1B1D0408315700588503E00CA30A04
860A1B2404083057F357C002EA0DA90A
047E0A1B2704083057D757C002E60DB0
0A04690A1B2604082F57EF57B702EC0D
A50A048F0A1B2104082E57DC57C402DD
0D970A04BC0A1B1B04082E57CD57E002
A80D8D0A04D50A1B1A04082F57B15702
03A60D930A04BC0A1B1A04083057CE57
F902A40DA00A049B0A1B1604082F57B4
58FD02A70DA80A048A0A1B0A04082F57
175E0203A60DAD0A04820A1BF803082F
5724605402C01FAE0A04B40A1BE90308
2F57185E5602BB1FAE0A04C50A1BE103
082F57D55B4302CC1FAC0A04EC011BDD
03082F57465B5502C71FA90A04A1DB17
DE03082F574F5AA003A60FB90A04332C
0FDE03082E577759A1039F0FDB0A0449
4C10DF03082E572C59A903A50F050B04
E8C80EE003082E57B258A803980F2B0B
0484C30EE003082E57B25807FC120253
0B04BE680EDF03082E57205800FC1002
7B0B04CC490EDF03082E57A558FBFB0F
02A30B0401C70EDE03082E575458FCFB
0D02CF0B0492C50FDE03082D571B5808
FC680AFA0B0433700EDE03082D570058
F2FB5D0C1D0C0438E50DDE03082D57C8
57FCFB540C420C04964F10DE03082D57
E55703FC550C640C04FF200FDF03082C
57C25705FC550C840C04166810DE0308
2C57175811FCB408A20C048A980FDF03
082C57115809FCB808</Data>

   <DataCRC>acf095a9</DataCRC>

   <BytesSent>6681</BytesSent>

</SBEDataUpload>
</InstrumentRawData>
</SBEDataUploadFile>
