<?xml version="1.0"?>
<!-- SCPlusV2_RS232 -->
<SBEDataUploadFile>
<ApplicationData>
<Seaterm232>
<SoftwareVersion>2.6.3.104</SoftwareVersion>
<BuildDate>30-Jun-2017</BuildDate>
</Seaterm232>
</ApplicationData>
<InstrumentState>
<HardwareData DeviceType='SBE19plus' SerialNumber='01906740'>

   <Manufacturer>Sea-Bird Electronics, Inc.</Manufacturer>

   <FirmwareVersion>2.2d</FirmwareVersion>

   <FirmwareDate>9 February 2011 08:30</FirmwareDate>

   <CommandSetVersion>1.1</CommandSetVersion>

   <PCBAssembly PCBSerialNum='25307' AssemblyNum='41054G'/>

   <PCBAssembly PCBSerialNum='25737' AssemblyNum='41580B'/>

   <PCBAssembly PCBSerialNum='24669' AssemblyNum='41606'/>

   <PCBAssembly PCBSerialNum='24372' AssemblyNum='41059D'/>

   <MfgDate>  08 DEC 2010</MfgDate>

   <InternalSensors>

      <Sensor id='Main Temperature'>

         <type>temperature0</type>

         <SerialNumber>01906740</SerialNumber>

      </Sensor>

      <Sensor id='Main Conductivity'>

         <type>conductivity-0</type>

         <SerialNumber>01906740</SerialNumber>

      </Sensor>

      <Sensor id='Main Pressure'>

         <type>strain-0</type>

         <SerialNumber>3220369</SerialNumber>

      </Sensor>

   </InternalSensors>

   <ExternalSensors>

      <Sensor id='volt 0'>

         <type>SBE 43 OXY</type>

         <SerialNumber>432005</SerialNumber>

      </Sensor>

      <Sensor id='volt 1'>

         <type>not assigned</type>

         <SerialNumber>not assigned</SerialNumber>

      </Sensor>

      <Sensor id='volt 2'>

         <type>ECO-FLNTURT CHL</type>

         <SerialNumber>FLNTURTD-2025</SerialNumber>

      </Sensor>

      <Sensor id='volt 3'>

         <type>ECO-FLNTURT TURB</type>

         <SerialNumber>FLNTURTD-2025</SerialNumber>

      </Sensor>

      <Sensor id='volt 4'>

         <type>not assigned</type>

         <SerialNumber>not assigned</SerialNumber>

      </Sensor>

      <Sensor id='volt 5'>

         <type>not assigned</type>

         <SerialNumber>not assigned</SerialNumber>

      </Sensor>

   </ExternalSensors>

</HardwareData>
<StatusData DeviceType='SBE19plus' SerialNumber='01906740'>

   <DateTime>2018-11-26T19:37:10</DateTime>

   <LoggingState>not logging</LoggingState>

   <EventSummary numEvents='241'/>

   <Power>

      <vMain>12.4</vMain>

      <vLith>5.3</vLith>

      <iMain>61.4</iMain>

      <iPump>156.8</iPump>

      <iExt01> 4.2</iExt01>

      <iExt2345>18.2</iExt2345>

   </Power>

   <MemorySummary>

      <Bytes>1110270</Bytes>

      <Samples>65310</Samples>

      <SamplesFree>3805169</SamplesFree>

      <SampleLength>17</SampleLength>

      <Profiles>71</Profiles>

   </MemorySummary>

</StatusData>
<ConfigurationData DeviceType='SBE19plus' SerialNumber='01906740'>

   <ProfileMode>

      <ScansToAverage>1</ScansToAverage>

      <MinimumCondFreq>3226</MinimumCondFreq>

      <PumpDelay>60</PumpDelay>

      <AutoRun>no</AutoRun>

      <IgnoreSwitch>no</IgnoreSwitch>

   </ProfileMode>

   <Battery>

      <Type>alkaline</Type>

      <CutOff>7.5</CutOff>

   </Battery>

   <DataChannels>

      <ExtVolt0>yes</ExtVolt0>

      <ExtVolt1>no</ExtVolt1>

      <ExtVolt2>yes</ExtVolt2>

      <ExtVolt3>yes</ExtVolt3>

      <ExtVolt4>no</ExtVolt4>

      <ExtVolt5>no</ExtVolt5>

      <SBE38>no</SBE38>

      <OPTODE>no</OPTODE>

      <GTD>no</GTD>

   </DataChannels>

   <EchoCharacters>yes</EchoCharacters>

   <OutputExecutedTag>yes</OutputExecutedTag>

   <OutputFormat>raw HEX</OutputFormat>

</ConfigurationData>
<CalibrationCoefficients DeviceType='SBE19plus' SerialNumber='01906740'>

   <Calibration format='TEMP1' id='Main Temperature'>

      <SerialNum>01906740</SerialNum>

      <CalDate>07-Jan-11 </CalDate>

      <TA0>1.255288e-03</TA0>

      <TA1>2.593288e-04</TA1>

      <TA2>-2.376104e-07</TA2>

      <TA3>1.449298e-07</TA3>

      <TOFFSET>0.000000e+00</TOFFSET>

   </Calibration>

   <Calibration format='WBCOND0' id='Main Conductivity'>

      <SerialNum>01906740</SerialNum>

      <CalDate>07-Jan-11</CalDate>

      <G>-1.033008e+00</G>

      <H>1.393941e-01</H>

      <I>-2.175401e-04</I>

      <J>3.475757e-05</J>

      <CPCOR>-9.570000e-08</CPCOR>

      <CTCOR>3.250000e-06</CTCOR>

      <CSLOPE>1.000000e+00</CSLOPE>

   </Calibration>

   <Calibration format='STRAIN0' id='Main Pressure'>

      <SerialNum>3220369</SerialNum>

      <CalDate>21-Dec-10</CalDate>

      <PA0>8.222195e-01</PA0>

      <PA1>1.566037e-02</PA1>

      <PA2>-6.194425e-10</PA2>

      <PTCA0>5.244452e+05</PTCA0>

      <PTCA1>4.417653e+00</PTCA1>

      <PTCA2>-9.798927e-02</PTCA2>

      <PTCB0>2.510725e+01</PTCB0>

      <PTCB1>-1.150000e-03</PTCB1>

      <PTCB2>0.000000e+00</PTCB2>

      <PTEMPA0>-5.917147e+01</PTEMPA0>

      <PTEMPA1>5.387460e+01</PTEMPA1>

      <PTEMPA2>-2.653169e-01</PTEMPA2>

      <POFFSET>0.000000e+00</POFFSET>

      <PRANGE>5.076000e+03</PRANGE>

   </Calibration>

   <Calibration format='VOLT0' id='Volt 0'>

      <OFFSET>-4.687158e-02</OFFSET>

      <SLOPE>1.247988e+00</SLOPE>

   </Calibration>

   <Calibration format='VOLT0' id='Volt 1'>

      <OFFSET>-4.719579e-02</OFFSET>

      <SLOPE>1.248132e+00</SLOPE>

   </Calibration>

   <Calibration format='VOLT0' id='Volt 2'>

      <OFFSET>-4.684526e-02</OFFSET>

      <SLOPE>1.248324e+00</SLOPE>

   </Calibration>

   <Calibration format='VOLT0' id='Volt 3'>

      <OFFSET>-4.678105e-02</OFFSET>

      <SLOPE>1.247145e+00</SLOPE>

   </Calibration>

   <Calibration format='VOLT0' id='Volt 4'>

      <OFFSET>-4.669684e-02</OFFSET>

      <SLOPE>1.248307e+00</SLOPE>

   </Calibration>

   <Calibration format='VOLT0' id='Volt 5'>

      <OFFSET>-4.709579e-02</OFFSET>

      <SLOPE>1.247697e+00</SLOPE>

   </Calibration>

   <Calibration format='FREQ0' id='external frequency channel'>

      <EXTFREQSF>9.999977e-01</EXTFREQSF>

   </Calibration>

</CalibrationCoefficients>
<EventCounters DeviceType='SBE19plus' SerialNumber='01906740'>

   <EventSummary numEvents='241'/>

   <Event type='ErrorFLASHUncorrectableError' count='241'/>

</EventCounters></InstrumentState>
<Headers>

cast  53 24 Nov 2018 13:57:33 samples 54212 to 54731, avg = 1, stop = mag switch

</Headers><InstrumentRawData>
<SBEDataUpload startAddr='921587'>

   <Type>1</Type>

   <DataFormat>SEACATPLUS0</DataFormat>

   <Bytes>8840</Bytes>

   <Data>
574903130415E90308E455C7538C0054
05095803A6F014E30308E45504558A00
5705A15803997C10E70308E555D35595
004605FA4803CA0F16F40308E655D759
8E005505C64403EB671B000408E655A1
57FAFBD6170056030E2E1C030408E755
3155FCFBD217DA6B03AB451C030408E8
556E54F9FBBC17C47B03FB4A1C030408
E9559C5502FCCA17347C0342271CFD03
08EA55D953FEFB930D557A03652A1CFC
0308EC554357FFFB950DA37C03B4EE1A
F70308EC551D590AFC970D917D038E32
1CF80308ED55FA5CF8FB8F0D99790311
201C020408EF55125EB5021038D27803
E7081C0E0408F055C25CBC021338227F
03A3181C0D0408F155075EBB020B3870
8B03A4271C0F0408F255125DB1021538
949203A62D1C140408F455FE5BB1020C
38CB8C0347B619140408F5550B5B2E04
8D16FE80035B171C160408F555BF5A2A
049316EB7A0321081C1C0408F5557F5A
32048F16647E03D2F31B230408F65598
5B36049016558B0372D11B2F0408F655
D45A4602DB13F59A032ABB1B310408F7
55C05A3F02EE1371A803A3A41B2F0408
F755665A3A02DF13CCB20347A41B2A04
08F755CA594102E21328BA032BA51B2A
0408F855FF599100AC1036BF037FA21B
2D0408F855615B8400AB1035C2032F98
1B310408F955B5599000B71035C403DA
921B350408F955965A8900B210C6C503
21931B350408F955715A0602D91202C7
0327911B340408F955335A1302D612F8
C703588F1B320408F955405A0F02D212
97C803A78E1B2F0408F955045AFF01D7
12F5C8039D8E1B2C0408F955185B0402
C81239C9033B8E1B280408FA55EF5982
02F7135FC903098F1B2C0408FA55E859
8202E41389C903138F1B330408FA55E8
598502F013BAC9036E8D1B380408FB55
8B5A7E02F113E6C903818C1B3A0408FA
557F5B5E027212FCC903868D1B390408
FB55E15966028C120DCA03738B1B3304
08FA55725A6502741224CA03CD881B34
0408FA55EA595F027C122DCA033E881B
340408FA5563592E025B133ACA037D87
1B370408FA55B3592702571351CA036B
871B3A0408FA5556592D025F136DCA03
5A871B370408FA554E5927025B1389CA
036F871B370408FA552559CE03D412A4
CA034E871B360408FB55EE58C903D912
B3CA0327861B380408FB554958CD03CC
12B8CA0342861B3B0408FB557258D403
D212B7CA030F871B3C0408FC552558D3
03C512B1CA0329881B3C0408FC55EE57
00032A13ADCA0376891B3D0408FC55A6
5702032C13ABCA03DA8A1B3F0408FB55
9656F6022E13A8CA03E38B1B3B0408FC
551756FC022C13A8CA03B68B1B3A0408
FC5565563E035C13ADCA03B58A1B3904
08FD55BA563F035313ADCA03528B1B38
0408FD55025746036013A6CA03418D1B
3B0408FE55845647036C138CCA034A8E
1B390408FE552B56B503081370CA03AF
8F1B390408FE550255B9030A1367CA03
A88D1B390408FE55DE55B8031D1370CA
03C88C1B3A0408FF554156BC0315136D
CA03ED8D1B390408FF55165651032813
5BCA038C8E1B380408FE55DE55510330
1350CA03938D1B380408FE5531555803
191356CA03A18B1B390408FF553D545A
0330135ECA03D68B1B3C0408FF558F55
520320135CCA031B8D1B3D0408FF55FA
54A00217134FCA03BA8D1B3904080056
D154A502141343CA03D38E1B37040800
563D54A202231343CA03298E1B360408
01563754A00228134CCA03A48A1B3304
080156FB530403AD135ECA03A6881B39
04080156BA530C03AE1367CA03D9891B
4004080056FD530603B71351CA03AC96
1B4404080056E6531503AE1323CA0378
9E1B41040801568E5360032C1301CA03
139F1B3D0408015650536603371399C8
0397981B35040800562D5360032613CA
C703B6901B3304080056FE525C032E13
BAC703388D1B3704080056CC5222035C
1321C803A48D1B3904080056CF521503
5D1385C80344961B3E04080056D1521B
036B13B7C803DB9D1B3F04080156A752
1C036113F3C803B59A1B3F0408015671
5220035B1334C90397921B3F04080156
3D522C0352135AC90349911B40040801
563B522F03571371C90389911B3F0408
0156375233034E1392C90308981B3D04
080156AB5136034F1394C9031C931B3D
040801566E514B032C13A2C903B18D1B
3D040802567E5151034113C7C903EA8A
1B4004080256C55150032A13E1C903C5
8A1B4304080256AC5153032F13DDC903
C58B1B4404080256AC5145033713CCC9
0365921B46040802566C513E033213B1
C90303991B410408025625513E033B13
BDC9033D951B3E04080256B550400344
13CFC903408E1B3F040803567E504D03
3913D8C903058C1B3C04080356815051
034C13F4C903218B1B3E040803569B50
530338130CCA03148B1B400408025602
514F033C131BCA03648C1B4104080356
E5504F033D1318CA0389921B41040803
567C501A034613F3C90307901B420408
02564A5026033A13ECC903798D1B4204
0801567D5022034C1302CA035C8C1B44
0408015614501C0335131DCA03F3901B
450408005640501E0384131DCA03E296
1B4604080156F24F24038C131BCA035D
9A1B4104080256AD4F1B037D1320CA03
669B1B4004080256AD4F1E037F1325CA
0346991B3D04080256AB4F4903FE1226
CA0379911B3F04080356AF4F3A030813
26CA035F8E1B4004080356994F400303
1328CA0335891B4A04080356844F4103
FD122DCA0364891B53040804567B4F51
03D81317CA03278D1B5904080556694F
5403CC1308CA03DB931B5B0408055690
4F5103DC1317CA0380971B5604080556
6C4F5303CC1330CA03219A1B4F040806
56E84E5003CD1349CA03D79C1B4A0408
0656B24E51036813F0C9032C9F1B4F04
080856D94E5603641398C803CE9D1B57
04080856D74E50034C1386C70359981B
63040808566D4E53035A1346C703EF96
1B6804080956904E3203D713F6C6034E
991B6504080856514E2E03C61383C603
E89C1B6204080956AE4E2F03CE132AC6
03ACA01B5D040809562E4F2F03D913F2
C5031FA21B5704080A56F44E4B030C13
DBC50319A31B5504080A56BC4E570316
1354C50304A41B5704080956E64E5303
1513B0C30396A41B5A04080956CD4E51
030E135EC203CCA41B5B04080856264F
4D033B1385C10314A51B5C0408085609
4F51033C13F3C0037CA51B5C04080856
104F4D03481375C00319A21B5E040806
56DD4E55033E137CC00301A01B610408
0756254E51034E13ABC00326A01B6304
0807566C4E56033913C7C0036F9E1B68
040808561B4F510331132DC103FF9D1B
6C040808568C4E4D032A13DBC103FA9C
1B6F04080856904E51032C137AC20325
9B1B7204080856094E3C03611304C303
C3971B7A04080856224E42034713CBC3
0396921B8604080756AC4E44035513DB
C4038D911B8D040806560F4F3C034A13
AFC50343941B9104080756F04E6703BB
1345C603B8981B91040808561F4F6703
BA13BDC603D09B1B92040807562C4F58
03BE1331C703449D1B8F040807564E4F
6503BF1397C7035E9C1B910408085660
4F50036C13E0C7038C941B9604080856
D64E4A03691327C803E98C1BA2040809
56DE4E5303721384C80325881BB20408
0856EC5053036E13E4C80341871BC004
080856D94E560372132FC9037D871BC7
04080756744F73031D146AC9035F881B
CF04080856F34F6D031D1493C9034389
1BD2040808565A4D72031E149FC9030E
891BDD04080856E44F6B031B14B4C903
4C891BE4040808562B505E030214D0C9
0339891BEB0408085604506803F713EC
C903DC881BF6040809563F4F6803F613
0CCA03F6871BFF04080A56804F5C03FB
1325CA03B0861B0C05080856124C7003
351434CA03A3851B1805080956D14C6A
032E143FCA0396851B2305080756274E
6D032F1442CA0347861B29050807569B
4C6F03301436CA0314871B2D05080756
434D8603121422CA0367871B34050806
562F4D8903101414CA0345871B400508
0756724D89030E1411CA0374871B4905
080656444D9403111412CA03F2861B54
05080656ED4D8A0307141ACA0382841B
6005080656E84E5303641429CA030483
1B6F05080556FD4E4E03751433CA0332
831B7D050806563F4E500373142CCA03
CA831B8A050807568E4E5103601424CA
0377831B9905080756AE4E7A03331430
CA0314831BA505080756AE4E73033514
2ECA03B6831BAD050807565A4D7F033F
142DCA03EB831BB705080756964E7B03
3A1435CA033A831BC605080856E64D6F
03711445CA03D6811BD705080956DB4D
6D03761455CA0334811BE805080956A6
4D720371145FCA0314811BF805080B56
104E6E0372146CCA0330811B0706080B
566F4E8D03BE147ACA036A811B150608
0B566C4E8903B91484CA03A0811B2406
080C56BF4E8803B31489CA03D1811B34
06080B56EB4E9403BB1488CA0303821B
4006080E56B04E8703B71486CA03EF81
1B4E06080F567F4E8D03031584CA03DE
811B5C06080F56574F9E0302157FCA03
D6811B6C06080E56AC4E9A03FF1478CA
03B4811B7B06080E564B4F97030B1580
CA0347811B8C06080D562C507E03A814
8ACA033C811B9C06080E564B507C03B5
1488CA0366811BAE06080E569D507503
A8148ACA034D811BBA06080D56E75077
03AF1494CA0361811BCA06080E56684E
A603AF14AFCA031B811BD906080F56FC
4DB103A414CACA03BE801BEB06080E56
C84EA5039C14D5CA0393801B0007080D
565050AE03AE14DECA0379801B0F0708
0D56A7507B03C114E9CA038A801B1F07
080D5609517E03C914F2CA03A0801B2B
07080D568A507A03C614FFCA03A7801B
3B07080D56EE507603C01407CB039B80
1B4807080B5689517803C8140ECB034C
801B5A07080A568F506E0383140ECB03
FC7F1B6B07080C5684517303801415CB
03BC7F1B7E07080D566D516F03891412
CB03C97F1B8F07080E56175272038914
1CCB03C47F1BA307080E5619528C03F8
1434CB03B77F1BB407080E56B3518A03
F3144BCB03C47F1BC307080F562E5189
03F31461CB03A27F1BD007080F56FA50
8903FE1474CB03827F1BE307080F56FE
507E03991482CB03617F1BF507081056
AF508403991490CB03377F1B0A08080F
5619517C039B14A8CB03037F1B1C0808
0F56AC517E039314C9CB03D07E1B3208
080E56F55074038614DDCB03757E1B48
08080E56CC516D038614D8CB03587E1B
5D08080D56F15177038014CDCB03417E
1B7208080D56CA506D038814C1CB0354
7E1B8508080E56EC506E037914CFCB03
3D7E1B9708080E5689509203481501CC
03D87D1BAE08080F564C519803441564
CC03217D1BC208080E56FD5098034915
59CD03017C1BDA08080D56A3509F034B
15CECE03F9791BED08080E566050AC03
7716A6D0032A771B0309080E56AA50B4
037716D2D2036C731B1609080E567350
A9037A162AD5035A6F1B2C09080D56B5
51AA037E1622D803146B1B4009080D56
E651EA03571AF6DC03E6641B56090810
567551EA035C1A13E303B6591B6C0908
1156D851F203601ABFE803854C1B8409
081256DF51EB03611A5EED0316421B9C
090811568C510304FA1C94F103193F1B
AB090813567C513404E61CBCF5035F3F
1BAE090812568B513904F21C0EF903DE
431BB00908135689513804DC1CD5FA03
79451BAF09081256F1513D04E81CCCFB
03E7451BB009081156BA51EC03DA1D5D
FC0364451BB109081156D151F003DA1D
D1FC030D441BB2090811562A52E903D4
1D5AFD0361391BB1090811567352E703
CF1D0CFE033C311BB109081056B25330
04C21C72FE03E42C1BB209080F56CD52
2C04B81C15FF03FB281BB309081056C1
522E04C01CD9FF03A3261BB109081156
92533804C41C7A000410251BB309080F
56A3532804161EF6000479241BB40908
0F564C532304111E540104F3231BB509
080D5686542204191E91010469241BB5
090810563F561704191EA90104EB241B
B409080F56C6591904DE1DA50104DE24
1BB409081056325B0B04D51DA10104F7
241BB109081056585E0904D41DC50104
36241BB209080F563F610C04D51DF601
0471231BB10908115656600B04D61D2D
020404231BB209081356956014047D1E
62020472221BB309081356F2600A0476
1E9C020426221BB209081256CE610104
7B1ED9020490211BB009081456D3610E
04761E0603045D211BAF09081356FD60
1604EA1F25030449211BAE0908145643
601304DF1F3E030434211BAD09081456
F85F1904E11F59030412211BAE090816
568B612004E21F700304D7201BAD0908
185691601F044C297A0304F5201BA909
081856C36021044C29710304EF201BA5
09081656176321044A295B0304F9201B
9D090817561D64210450294B0304A520
1B9209081956BB631C044A293C0304AE
201B8209081856AD631C04B220240304
7B201B7B090818568D631B04A920F102
04C3201B7609081656F3631D04AE20BB
020459211B730908145632641B04AD20
A702044D211B7209081556C56312041B
1CAC02040C211B750908165695630904
111CC70204C3201B7A0908155659630D
041F1CDF0204D7201B7A09081756CA63
1004181CF1020488201B7A09081656A6
630A04E81C0303044D201B6F09081656
1C640C04F31C0E030445201B5F090816
5652630904F21C0F030438201B510908
1356F3620D04001DFF020422201B4C09
081456FB621904411CDB02046F201B4C
09081356E1621504401CAB0204E4201B
46090813567A621904421C7402043421
1B42090812567C621B043C1C3C020444
211B3C090812566D621904451CFF0104
EC211B3F090813567762CB038A1BA201
04C1221B41090814561263C9038D1B17
0104C1231B3F09081456B763D103861B
50000423251B35090814560C63D3037F
1B37FF03AF271B27090813561863DA03
5F1BE5FD039A2A1B1F090814560E63D8
03621B93FC03642C1B1C090813560C63
DA03571B55FB03A32D1B1A090814566B
62DA03661B3CFA03DF2E1B1209081356
ED61F603891A6BF903E82F1B04090813
56206201048C1AC9F80383301B010908
14562362FB03861A3DF8031A311B0109
0814561462F6038A1A98F7032C321B00
090814560D62CB031B1AA6F60325341B
F708081456AD61D0031B1A22F5031938
1BF208081456C061C903221A8EF303F1
3A1BEF080814569561CD032A1A2EF203
193C1BF208081556B461CE031A1AF4F0
03593D1BF1080816562562D9039219DE
EF03323F1BE508081656E261D7039B19
C7EE0303411BD308081556E461DA038C
198DED0346431BCA080818564562D903
95193AEC038A451BC4080817561C62BF
03CB18F6EA0327471BC5080817569962
BC03C818A1E90375491BC608081856A6
62B503C91832E803DB4B1BC308081756
A762B803CD18B7E603654E1BB7080816
56AD5F9E03DD1563E50355501BB00808
1656DB5E9C03DE1501E40374521BAE08
081656485F9E03DA15C1E2035C541BB0
08081656CE5F9D03DC155FE10333571B
A608081656995F7803FE149BDF030A5B
1B9C08081556EC5F7703111512DE03FD
5C1B8A08081456695F83030615F0DC03
DE5D1B80080814560E5F7E030615E5DB
035E5F1B8308081456235E7603001599
DA03F3611B8608081356205FA203F714
F7D8032F651B8608081356EA5E9603F5
14FAD6035B691B7F08081356035F9E03
F514EFD403E96C1B7408081356B35E9E
03F9143DD303166F1B6F08081356265F
BD03E014FFD10325701B6D0808135604
5FBB03D91424D103A4701B7208081356
995FBF03D31483D003FB701B72080813
560960BC03DB1418D00354711B670808
15567A5F7803D114BDCF03F2711B5608
081456095E7703C51472CF039E721B4A
080815563B5F7603CE1432CF0374731B
4408081656535F7D03CA14DECE03FD73
1B3D08081956835F7A03851474CE031D
751B3308081A56A95F76038A1402CE03
EC751B2608081956465D7E038A14A1CD
0374761B20080818562D5D7803801454
CD03EC761B2208081856B85D75038414
0CCD0346771B2908081956785FA70380
14D0CC0381771B2708081956605EA803
8C1495CC0310781B1808081856605CAE
0385145FCC0378781B0D08081956AB5C
A903881431CC03E2781B010808195624
5D8F03811412CC0315791BF907081956
835D8D038A1402CC0323791BEE070819
56B35D93038814F8CB036C791BE40708
1956D25C89038614EFCB03A6791BE107
081A562D5D9903D714EACB03A3791BE2
07081A561D5D9A03DB14DECB03BA791B
E407081A56845D9D03DE14D1CB03CA79
1BE2070819562A5D9E03DA14CACB0300
7A1BDF07081A56275D8A038814C6CB03
067A1BDB07081A56355D92038514BDCB
031D7A1BDD07081956525D8B037D14B4
CB034F7A1BDC07081956455D89038C14
AECB03747A1BDB07081856785D840383
14A4CB03877A1BDB07081656AE5DA903
831498CB039D7A1BDA07081856915DAD
03861493CB03A97A1BDC070819568D5D
A90380148FCB03AE7A1BDD070817568E
5DB003821493CB03947A1BDE07081756
AA5DA2037014A3CB03807A1BDB070818
56055EAC037414B4CB03767A1BD60708
1856C55DAB037B14C6CB03747A1BCC07
081656EE5DA9037E14D1CB03947A1BBC
07081756E15D9E035B14D4CB03AE7A1B
B507081656DA5DA1036B14D8CB03BF7A
1BB407081656085E9B036514D8CB03AA
7A1BB507081656185E9F035C14DCCB03
AE7A1BB207081656175E94035A14D2CB
03D97A1BA607081856055E89035714C3
CB030D7B1B9707081956F05D86035714
B6CB031D7B1B8C07081B56F65D8C034F
14B1CB03097B1B8507081D56CC5D8A03
4414B4CB03F77A1B7807081D56A35D76
03D013B4CB03FC7A1B6607081A56C65C
7803D013B0CB03107B1B5B07081A566C
5C7903CA13ABCB031D7B1B5907081956
425C8403C9139CCB034D7B1B5D07081A
56485C8D03FE1386CB03817B1B600708
19562C5C8A03FD136ECB039E7B1B5B07
0819560A5C8903F9135CCB03BE7B1B54
070818561C5C8A03FF1351CB03C17B1B
4F07081956FF5B760371144BCB03C77B
1B4B07081956F05B83037A1448CB03CE
7B1B4607081A56DE5B8003771447CB03
BE7B1B3707081A56BC5B7C037F144BCB
03C17B1B2607081956AA5B8B031B144F
CB03BE7B1B1C070818568B5B83031D14
50CB03C97B1B1B070818567E5B84031D
1453CB03C77B1B1A070816566E5B8D03
19145CCB03B47B1B1607081556495B85
03141467CB03BA7B1B0807081756495B
A903301470CB03AF7B1BFD060818561E
5BA703371472CB03B67B1BF506081956
EB5AAE03251474CB03BC7B1BEF06081A
56CF5AA70333146CCB03CF7B1BE70608
1A56B15AB2031D1463CB03F97B1BE006
081956715AB6031D1459CB03267C1BDE
06081956735AAC03211446CB03427C1B
DB06081956315AA703241436CB035B7C
1BDC06081956115A86034E1425CB0370
7C1BDB06081856F3598F0349141BCB03
7E7C1BD006081856C6598B034E1404CB
03BB7C1BC106081956BC598F035514EC
CA03F27C1BB906081A5682597C03D613
E0CA03F47C1BB2060819566F597803DB
13D9CA03F27C1BAF06081B564F597903
DF13D1CA03F97C1BA306081A56325979
03DD13C5CA032A7D1B9206081C56FB58
7C03D513B3CA035C7D1B8906081D56B4
589C036B14A3CA036E7D1B8806081C56
9A58A0036F149BCA03687D1B8306081A
5680589903771498CA03667D1B780608
1A564758A303671493CA03797D1B6906
081B562B588B03081486CA03997D1B5E
06081C5601588A0306147DCA039E7D1B
5D06081E56DA578A030C1475CA03AF7D
1B5B06081C56AB578D030D146FCA03A6
7D1B4F06081C567D579003CE1367CA03
B37D1B3D06081C5640578C03D01360CA
03BB7D1B3406081B5628578F03CD1358
CA03C07D1B2E06081C56DF568903CC13
58CA03B77D1B2806081A56B656A703C5
135BCA03A27D1B1906081A569F56A703
B8135DCA039A7D1B0606081A567456A9
03BE1360CA03A27D1BF8050819561A56
AA03BA1363CA03A27D1BF505081756E7
55A703BD1366CA039E7D1BF405081856
C855A203EB1365CA03967D1BE905081B
5699559D03ED1369CA03887D1BD80508
1A565155A303EC1369CA03927D1BCF05
081B5620559E03F21365CA03A27D1BCD
05081B56E8548D03DF1365CA03A27D1B
CB05081B56C5548F03E41365CA03957D
1BC605081B5691548D03DE1366CA03A2
7D1BB605081C567B548B03E0136ACA03
A27D1BAA05081C562454AE0375146FCA
03A67D1BA705081B560C54A703731473
CA039E7D1BAA05081B56DB53A3037514
75CA03967D1BA905081D56C153A80379
1473CA03A27D1BA105081D569553A803
061473CA03BB7D1B8A05081E566353A6
030B1470CA03D67D1B7D05081F563853
AF030B146ACA03D87D1B7805082056F8
52A703111467CA03DA7D1B7605081E56
CD52AE03041465CA03E47D1B6B05081D
56AB52C503341462CA03F47D1B560508
1E568052C3032B1462CA03017E1B4905
081C563652C0032C145CCA03167E1B46
05081A560A52B4032F1454CA03267E1B
49050819560852AB031F144ECA032C7E
1B4605081C564652AD03231445CA032F
7E1B3205081B563F52B3031D143CCA03
417E1B1D05081C565352AB031A1434CA
034A7E1B1405081C563C529D03B9132E
CA03477E1B1205081C56E851A103C513
2CCA033D7E1B1105081B56C2519A03BE
1327CA03437E1B0305081C5693519903
BE1320CA034A7E1BF504081B5674517A
03B41319CA034C7E1BEB04081C564551
7A03B11315CA034A7E1BE804081B561F
517B03AC1311CA034C7E1BE204081A56
D4508503AB130FCA03457E1BD804081A
56C5507B03B31309CA03507E1BC70408
1A56BB508403F61308CA03527E1BBB04
081956AF508503F51305CA035C7E1BBA
0408195694507C03EC13FFC903647E1B
C304081A566D507E03F313FBC903717E
1BC5040818566C506703C213F7C90370
7E1BBB0408185664506403BA13F7C903
687E1BAA040818566A506103BB13F8C9
035B7E1BA10408195667505903C213F8
C903547E1B9804081956545067039913
F6C903577E1B92040819563E506F03A4
13F9C9034C7E1B8E0408195633507103
9E13F8C9034E7E1B86040818563A506F
039A13FAC903507E1B78040816567250
65039413F9C9034A7E1B6B0408175688
5060038F13F6C903477E1B6004081856
8A5064038E13F9C903347E1B5B040818
568B505E038D13FBC9031A7E1B560408
17568A506B039013FDC903167E1B4704
081956A8503903F813F6C903477E1B3E
04081A5685503B03E613E7C9037D7E1B
3D0408185666503D03EA13E5C903647E
1B4304081A5636503E03E813E0C90352
7E1B4B04081956495042038813CFC903
967E1B4704081956605040038F13BAC9
03CF7E1B330408185694504C038A13AA
C903E57E1B2704081956A4503D039413
A1C903E57E1B1E04081856C1503B036C
139BC903E57E1B1804081656FA503C03
6E139AC903CB7E1B1004081856435139
036A139FC903AB7E1B05040819567252
41037113A1C903B17E1BFF0308185607
53D1085F64A6C903AF7E1B0204081856
DE52CC086264AEC9039B7E1B0B040817
56A452CC085C64B6C9038A7E1B0F0408
1756AC52D7085A64BBC9037D7E1B0E04
0815563153CC085264BEC9038A7E1B0A
040816560053D706412BBAC903AD7E1B
0C04081656BC52D7064E2BB2C903D07E
1B16040815567E52D206402BA6C903FE
7E1B1C040815565D52DB06462B92C903
2F7F1B1F040815564D525A03B0137BC9
03727F1B1F0408155632525E03B01366
C9039F7F1B1D0408145625525E03AA13
53C903C07F1B1F040814560C525B03B0
1344C903D97F1B2004081756FF516503
7A1337C903EB7F1B2304081656F55162
0381132EC903FE7F1B2504081656E251
5E037B1328C903FC7F1B2404081556D6
516203751325C903F17F1B2404081656
DB514E03771322C90305801B1F040817
56DD5151037F131DC90323801B1C0408
1856C6515103791312C9034A801B1C04
081856C45150037A130BC9034C801B17
04081756E651510372130DC90330801B
07040818567B5469035B1314C9030680
1BF403081856BC54650361131FC903EF
7F1BE403081856F55A62035B1331C903
C47F1BE003081856695E65035F1346C9
030FCF18DF030818560B5E2110AF5280
C90381140FE003081A560D5D2610BE52
D5C903EB860FE203081956355C1D10B6
522BCA0334870EE0030818567B5B1F10
AD527BCA03C30D0FE003081956245B05
FCB90BC2CA0337B60DE003081856C05A
F1FBB80B15CB034AFA0EE10308185628
5CF2FBC40B54CB033F6C0DE103081956
035B02FCB60B8FCB0325A80FDF030818
56D1594E0A810DDBCB035AD20FE10308
1856DF58520A820D</Data>

   <DataCRC>3c45a351</DataCRC>

   <BytesSent>8840</BytesSent>

</SBEDataUpload>
</InstrumentRawData>
</SBEDataUploadFile>
