<?xml version="1.0"?>
<!-- SCPlusV2_RS232 -->
<SBEDataUploadFile>
<ApplicationData>
<Seaterm232>
<SoftwareVersion>2.6.3.104</SoftwareVersion>
<BuildDate>30-Jun-2017</BuildDate>
</Seaterm232>
</ApplicationData>
<InstrumentState>
<HardwareData DeviceType='SBE19plus' SerialNumber='01906740'>

   <Manufacturer>Sea-Bird Electronics, Inc.</Manufacturer>

   <FirmwareVersion>2.2d</FirmwareVersion>

   <FirmwareDate>9 February 2011 08:30</FirmwareDate>

   <CommandSetVersion>1.1</CommandSetVersion>

   <PCBAssembly PCBSerialNum='25307' AssemblyNum='41054G'/>

   <PCBAssembly PCBSerialNum='25737' AssemblyNum='41580B'/>

   <PCBAssembly PCBSerialNum='24669' AssemblyNum='41606'/>

   <PCBAssembly PCBSerialNum='24372' AssemblyNum='41059D'/>

   <MfgDate>  08 DEC 2010</MfgDate>

   <InternalSensors>

      <Sensor id='Main Temperature'>

         <type>temperature0</type>

         <SerialNumber>01906740</SerialNumber>

      </Sensor>

      <Sensor id='Main Conductivity'>

         <type>conductivity-0</type>

         <SerialNumber>01906740</SerialNumber>

      </Sensor>

      <Sensor id='Main Pressure'>

         <type>strain-0</type>

         <SerialNumber>3220369</SerialNumber>

      </Sensor>

   </InternalSensors>

   <ExternalSensors>

      <Sensor id='volt 0'>

         <type>SBE 43 OXY</type>

         <SerialNumber>432005</SerialNumber>

      </Sensor>

      <Sensor id='volt 1'>

         <type>not assigned</type>

         <SerialNumber>not assigned</SerialNumber>

      </Sensor>

      <Sensor id='volt 2'>

         <type>ECO-FLNTURT CHL</type>

         <SerialNumber>FLNTURTD-2025</SerialNumber>

      </Sensor>

      <Sensor id='volt 3'>

         <type>ECO-FLNTURT TURB</type>

         <SerialNumber>FLNTURTD-2025</SerialNumber>

      </Sensor>

      <Sensor id='volt 4'>

         <type>not assigned</type>

         <SerialNumber>not assigned</SerialNumber>

      </Sensor>

      <Sensor id='volt 5'>

         <type>not assigned</type>

         <SerialNumber>not assigned</SerialNumber>

      </Sensor>

   </ExternalSensors>

</HardwareData>
<StatusData DeviceType='SBE19plus' SerialNumber='01906740'>

   <DateTime>2018-11-26T19:37:10</DateTime>

   <LoggingState>not logging</LoggingState>

   <EventSummary numEvents='241'/>

   <Power>

      <vMain>12.4</vMain>

      <vLith>5.3</vLith>

      <iMain>61.4</iMain>

      <iPump>156.8</iPump>

      <iExt01> 4.2</iExt01>

      <iExt2345>18.2</iExt2345>

   </Power>

   <MemorySummary>

      <Bytes>1110270</Bytes>

      <Samples>65310</Samples>

      <SamplesFree>3805169</SamplesFree>

      <SampleLength>17</SampleLength>

      <Profiles>71</Profiles>

   </MemorySummary>

</StatusData>
<ConfigurationData DeviceType='SBE19plus' SerialNumber='01906740'>

   <ProfileMode>

      <ScansToAverage>1</ScansToAverage>

      <MinimumCondFreq>3226</MinimumCondFreq>

      <PumpDelay>60</PumpDelay>

      <AutoRun>no</AutoRun>

      <IgnoreSwitch>no</IgnoreSwitch>

   </ProfileMode>

   <Battery>

      <Type>alkaline</Type>

      <CutOff>7.5</CutOff>

   </Battery>

   <DataChannels>

      <ExtVolt0>yes</ExtVolt0>

      <ExtVolt1>no</ExtVolt1>

      <ExtVolt2>yes</ExtVolt2>

      <ExtVolt3>yes</ExtVolt3>

      <ExtVolt4>no</ExtVolt4>

      <ExtVolt5>no</ExtVolt5>

      <SBE38>no</SBE38>

      <OPTODE>no</OPTODE>

      <GTD>no</GTD>

   </DataChannels>

   <EchoCharacters>yes</EchoCharacters>

   <OutputExecutedTag>yes</OutputExecutedTag>

   <OutputFormat>raw HEX</OutputFormat>

</ConfigurationData>
<CalibrationCoefficients DeviceType='SBE19plus' SerialNumber='01906740'>

   <Calibration format='TEMP1' id='Main Temperature'>

      <SerialNum>01906740</SerialNum>

      <CalDate>07-Jan-11 </CalDate>

      <TA0>1.255288e-03</TA0>

      <TA1>2.593288e-04</TA1>

      <TA2>-2.376104e-07</TA2>

      <TA3>1.449298e-07</TA3>

      <TOFFSET>0.000000e+00</TOFFSET>

   </Calibration>

   <Calibration format='WBCOND0' id='Main Conductivity'>

      <SerialNum>01906740</SerialNum>

      <CalDate>07-Jan-11</CalDate>

      <G>-1.033008e+00</G>

      <H>1.393941e-01</H>

      <I>-2.175401e-04</I>

      <J>3.475757e-05</J>

      <CPCOR>-9.570000e-08</CPCOR>

      <CTCOR>3.250000e-06</CTCOR>

      <CSLOPE>1.000000e+00</CSLOPE>

   </Calibration>

   <Calibration format='STRAIN0' id='Main Pressure'>

      <SerialNum>3220369</SerialNum>

      <CalDate>21-Dec-10</CalDate>

      <PA0>8.222195e-01</PA0>

      <PA1>1.566037e-02</PA1>

      <PA2>-6.194425e-10</PA2>

      <PTCA0>5.244452e+05</PTCA0>

      <PTCA1>4.417653e+00</PTCA1>

      <PTCA2>-9.798927e-02</PTCA2>

      <PTCB0>2.510725e+01</PTCB0>

      <PTCB1>-1.150000e-03</PTCB1>

      <PTCB2>0.000000e+00</PTCB2>

      <PTEMPA0>-5.917147e+01</PTEMPA0>

      <PTEMPA1>5.387460e+01</PTEMPA1>

      <PTEMPA2>-2.653169e-01</PTEMPA2>

      <POFFSET>0.000000e+00</POFFSET>

      <PRANGE>5.076000e+03</PRANGE>

   </Calibration>

   <Calibration format='VOLT0' id='Volt 0'>

      <OFFSET>-4.687158e-02</OFFSET>

      <SLOPE>1.247988e+00</SLOPE>

   </Calibration>

   <Calibration format='VOLT0' id='Volt 1'>

      <OFFSET>-4.719579e-02</OFFSET>

      <SLOPE>1.248132e+00</SLOPE>

   </Calibration>

   <Calibration format='VOLT0' id='Volt 2'>

      <OFFSET>-4.684526e-02</OFFSET>

      <SLOPE>1.248324e+00</SLOPE>

   </Calibration>

   <Calibration format='VOLT0' id='Volt 3'>

      <OFFSET>-4.678105e-02</OFFSET>

      <SLOPE>1.247145e+00</SLOPE>

   </Calibration>

   <Calibration format='VOLT0' id='Volt 4'>

      <OFFSET>-4.669684e-02</OFFSET>

      <SLOPE>1.248307e+00</SLOPE>

   </Calibration>

   <Calibration format='VOLT0' id='Volt 5'>

      <OFFSET>-4.709579e-02</OFFSET>

      <SLOPE>1.247697e+00</SLOPE>

   </Calibration>

   <Calibration format='FREQ0' id='external frequency channel'>

      <EXTFREQSF>9.999977e-01</EXTFREQSF>

   </Calibration>

</CalibrationCoefficients>
<EventCounters DeviceType='SBE19plus' SerialNumber='01906740'>

   <EventSummary numEvents='241'/>

   <Event type='ErrorFLASHUncorrectableError' count='241'/>

</EventCounters></InstrumentState>
<Headers>

cast  71 25 Nov 2018 15:15:46 samples 64843 to 65310, avg = 1, stop = mag switch

</Headers><InstrumentRawData>
<SBEDataUpload startAddr='1102314'>

   <Type>1</Type>

   <DataFormat>SEACATPLUS0</DataFormat>

   <Bytes>7956</Bytes>

   <Data>
30D903609D0BDB0308B855855A9800AA
1026D9036C6C0BD90308B855455B9D00
AA1015D903295B0BDF0308B855B65B9B
00B210FCD803154B0BE90308B8555368
9D00AB10C0D803CE390BF70308B85534
68A40AE70A51D70355720B030408B855
896D9F0AE90A53D403CA180D0A0408B8
559968A70AEA0A23D2037552140E0408
B9553F66A60AE70ABAD0033F70140F04
08B9551164F7FBA719D9CF03A593140F
0408B8550E62FDFB9D1958CF0368B214
130408B855DD60F3FBA81902CF0302D8
14180408B8553060FCFBA219C7CE034D
AC141F0408B855EC5FF3021F109BCE03
FF6614200408B855B45EF002231080CE
03186E141E0408B855725EED021E106F
CE03185C141D0408B855635EF6022310
88CE0367550E1A0408B855195EF80217
10BFCE0332B60D160408B855FB5DF702
CF0FF4CE03134B14190408B955BE5DF6
02D40F32CF03826414180408B955A75D
EF02C90F84CF030677141D0408B955AB
5DF302C80FC5CF03417C141B0408BA55
545DF802DE0F04D0030983141F0408BA
55175D0203E40F26D003A46514200408
BA55E75CF902E80F28D0032A32141F04
08BB55DE5C0103D70F0FD00381C8111D
0408BC55A45C0603E30F50D00303DD0B
1A0408BC55945C0203E30F23D103A7D1
0B190408BC55E75C0303E80FB1D1030B
7A0E190408BD55115DFF02DF0FD7D103
8A4F141B0408BD55095DE1021210E6D1
036C5E141C0408BE55225DD7020F1003
D203965B141A0408BE55D85CE2021010
19D203394D14170408BF55B15CE4020C
101DD203074114150408C055C55CE102
061016D203904214150408C055435DC6
02121007D2037B5D141A0408C155065D
CF020B10DCD103FA43141D0408C155DE
5CCC021610B3D1035D950E1E0408C155
EF5CD9021A10BED1039DB60B190408C1
55C65CDB02FC0F61D203918D0B120408
C155BC5EDE021510C1D203FB770B0804
08C155C461E902141004D303B8521306
0408C1552362E20205104DD30387AA1A
120408C155DE5E3804D734F7D2031DD4
15180408C155375E3A04D53446D20305
8D141F0408C155175E3A04CB34C3D103
6959141F0408C155595D3C04C9349CD1
0396F3131B0408C0559E5DD7021410CF
D10363B20C110408C155465FE6020010
80D2032BD10B0A0408C155F25FDE0218
106FD303CFE00B080408C155845FD602
07101CD403C7FF0B0E0408C155845ED2
020710B2D4031DCB0C140408C155DC5D
ED027E121BD503927B131C0408C055B9
5EF302711249D50342950D260408C055
F35EE70281124CD5039849142A0408C0
557B5EF8026C123FD503891814280408
C055985DE402F60F2FD5034F980C2604
08C055A15DD802F80F26D50362F50D25
0408C055055EE402EA0F1CD503646C0C
270408C155A45DE502F80F13D503EC42
142C0408C2558B5DFD028C100FD503A5
5214350408C355535EF6028D1001D503
AF5D143C0408C355925EF8028710C6D4
034E6714470408C355505EED028B105C
D4031C7C144F0408C355A45EE3021610
D7D303547C14550408C355245EDB0212
1040D3032D8E145F0408C355BF5DE202
1410A6D2039CD614660408C3550A5ED5
02141005D2030B65146F0408C255105E
D7020D1082D10387BB19770408C35529
5EF7020A1024D1034D62197F0408C355
455EF2021810E3D003888517840408C3
55BA5EEA021910A8D00369971A880408
C455E35EEB02161080D0035D7E1A8D04
08C4551A5FEB022D1064D00367AD1A92
0408C4552D5FF3021E104AD003CAAF1A
970408C455985FE502181050D003C7B9
1A9C0408C355995FEC021E10A6D0038E
D51AA70408C2558460FC024E103DD103
98F51AB20408C3558A61FC02481015D2
03500C1BBE0408C3554A61FC024D1084
D303631F1BC60408C455636103034510
2AD5036D251BCF0408C3554261FF024B
107AD603852A1BD20408C35599610103
58105FD70346201BD40408C455C461FB
025110F6D70360191BDA0408C555FC61
FB02591061D803D1271BDF0408C5555E
6202035010D6D803DF351BE80408C555
C7620D033410A1D903FB3B1BF20408C5
55056313034510D4DA0382391BF80408
C55557630A03321033DC03743C1B0005
08C65582630F033A10BDDD03E93D1B06
0508C655DD63FB0237101DDF034C3F1B
0C0508C655D864FF022B10FBDF03F03C
1B0F0508C7550265F902371076E00370
3E1B130508C755F66507032F10BAE003
32411B190508C7554B6603032A1010E1
0342411B1F0508C6556C66F602271080
E10330401B1F0508C655BC6606033A10
D5E1034B3E1B220508C755126704032F
101AE20378401B240508C7552567E502
491066E2033E411B270508C755E567F0
025110AEE203C8401B290508C7552268
F1024B10EBE203F9411B2E0508C75529
68E5024F1031E303E9421B380508C755
B367F0024C10AAE303F6421B430508C8
555C68110310103EE4033E411B4A0508
C855F56813031410E4E403F13F1B4E05
08C855A46907030E1078E5030F3B1B52
0508C755C06908030E10E1E50360341B
570508C7557C6ADD02EF0F45E6030936
1B5E0508C7555E6AD402F40F8BE60302
3E1B640508C855146ACF02E70FA6E603
F6401B6C0508C855876AD402F40FD8E6
036F401B720508C855056BEF022F102D
E70312401B790508C8553A6BE8022A10
80E703F53F1B7F0508C855936CE90229
10C6E703693F1B870508C755CD76EC02
3810DFE703E5401B930508C7554473FD
020F100BE8036B401B9B0508C755EF70
03030F1050E803E93F1BA10508C855EB
6FF702101080E803893E1BA40508C755
496F080314107EE803AE3A1BA80508C7
55166FF7020D1098E8032E391BAC0508
C655D66EDD02DE0FB8E803BD3D1BBA05
08C755E56EDC02ED0F84E803933F1BC9
0508C755F96ED302E40F7FE8030B3E1B
D60508C855266FD302F10FD4E803E33C
1BDB0508C855866F0903E10F28E903FC
381BDF0508C855B96F1003E30F62E903
06361BDE0508C85515701703E10FBBE8
03C3361BE20508C9556E700B03DA0F12
E703B0381BEB0508C95570700403A70F
D1E503423B1BF90508C955CC700003AA
0F70E503713B1B030608C955EF700103
AF0F21E603103C1B0E0608CA551D71FD
02B30F24E703C33A1B160608C955C171
0D035210EBE703C9381B1B0608C8555E
721103571038E803C7381B230608C955
0E7312035410DBE703CB3A1B280608C9
5564730D034B109EE7032E3C1B330608
C9559D7310034710B4E703123D1B4006
08C955CE730C03E80F10E803553D1B4B
0608CA5524740403F10F86E8030F3C1B
550608CA558F74F902E80FD2E803903A
1B590608CA550F750103F40F05E90324
3B1B620608CA554775FF023E10D8E803
403D1B6C0608CB55E17505033610D2E8
031E3E1B770608CB556C76FA024510F3
E803423E1B800608CB553D77FA023D10
2AE903533E1B890608CC55FD78FE0227
115EE903953D1B8F0608CC556979FC02
1C117EE9034B3D1B980608CC55CC7805
032511A1E903EB3E1BA50608CD55A978
FF021D11D9E903703E1BB20608CE55BB
78FC020E1009EA03E53D1BBE0608CD55
24790D030D101BEA03FA3D1BC70608CD
5567790603031024EA03073E1BCD0608
CD55C179000311102EEA032B3D1BD106
08CE551B7A0203101040EA03E73C1BD8
0608CD557D7A02030E1028EA03A13D1B
DD0608CE55517B06031110D8E903A33E
1BE50608CE55B27B01030D10C5E90347
3F1BEE0608CE55457C00031110D6E903
6D3F1BF70608CE559D7CF602F90FECE9
03633F1B000708CE550A7DE902031017
EA03583F1B0A0708CE558A7DEA02F70F
37EA037A3F1B0E0708CF552A7EF50202
1059EA03983F1B140708CF55237E1F03
38107AEA03CA3F1B1A0708CF55D17E1E
032D109DEA03C53F1B220708CF55837F
20032D10CDEA037A3F1B2A0708CE552F
8017032D10FEEA03043F1B340708CF55
08811C0309101FEB03A73E1B400708CF
5533910D030C102EEB03B13E1B480708
CF55F78D0C030B1034EB03AF3E1B4F07
08CE55E0890403111041EB03D13E1B58
0708CE55AB8712030D103BEB03043F1B
5C0708CE55258D1803411033EB033B3F
1B620708CE55CA8C1303451024EB038B
3F1B620708CE55C7891303401011EB03
CA3F1B680708CD553F8715033C1000EB
0301401B6D0708CD55AF851403571007
EB03A03F1B770708CD55258416035C10
1CEB03EF3E1B850708CD5598820D0367
1043EB03BC3E1B8E0708CD555F810603
591079EB03AB3E1B970708CC555B800D
03281098EB03DD3E1B9C0708CD55CD7E
FF022A109DEB03323F1BA00708CC558D
7DFC022F1096EB03723F1BA50708CC55
667C0B032B1094EB03AD3F1BAA0708CD
555E7B0403FD0F98EB03AC3F1BB40708
CD55657AFA02FC0FA8EB03723F1BBE07
08CD551C79F702FE0FC7EB03373F1BC8
0708CD550D780203FD0FE5EB03083F1B
D00708CD5532770203FF0FF6EB03ED3E
1BD70708CC55037600035210F7EB03CD
3E1BE00708CD554475FC025110F8EB03
633E1BEE0708CD557574F8024D1021EC
03393E1BF80708CC557573FD024E104E
EC037C3E1BFF0708CB55C372F8025A10
66EC03F73E1B010808CC55CB71030358
1075EC03583F1BFE0708CC558371FD02
621091EC038B3F1BFD0708CD559270FB
025510A6EC03B93F1B040808CC55E96F
0A03091098EC03DB3F1B090808CC5525
6F12030C1053EC03F93F1B100808CB55
526E04030A10F4EB030E401B140808CB
55B76D0303141087EB030E401B150808
CB557A6DFC021F1026EB030A401B1908
08CD55B46CF8021D10C9EA031B401B19
0808CD55C46BFE020F1070EA0323401B
1D0808CD558E6B01031E10F5E9033F40
1B220808CD55B16AF302191089E90349
401B260808CD55476AEF020F1038E903
5A401B2D0808CD55A169E802161006E9
035E401B310808CD558F69EF021B10DE
E80367401B360808CE551E69EF02FF0F
BAE80373401B3A0808CD55DF68F7022B
1095E80388401B3E0808CD55A068F802
2C1073E80388401B410808CE555268FB
02361051E80398401B460808CF55B967
E802291030E803B3401B4C0808CF5567
671F03771018E803BB401B560808D055
68671F037E1007E803BF401B600808D0
55766715037C100AE80394401B6D0808
CF559B66190379101FE80341401B7908
08CF558C661F03DC1059E8031B401B85
0808CE5577661C03DD10E0E80312401B
8B0808D0550C661603CC107CE9032240
1B940808D055CA651D03DA100BEA03FD
3F1B9D0808CF5573651E03DC10B1EA03
873F1BA70808D055DB64010377104AEB
03E63E1BB20808D155886400037B10C5
EB033B3E1BBD0808CF55746401037F10
2AEC03623D1BC90808D0551064F30280
1087EC03AC3C1BD40808D155CF630103
8C10D9EC03713C1BDE0808D0559D6300
0389101FED03C93C1BE70808CF55B863
06038A1046ED03E13D1BEB0808D0556A
63F60288105FED037D3E1BEE0808D255
2563F302581085ED03D53E1BF20808D2
55D862FC025210A7ED03FE3E1BFB0808
D155B06204034910B6ED03043F1B0309
08D2556A62FB025010C1ED03003F1B0D
0908D1552F620B03C410C1ED033F3F1B
110908D1550F620F03C210C1ED03633F
1B180908D255E9610803C310BFED0337
3F1B230908D45595611103CF10B9ED03
683E1B2E0908D35574611703D010BAED
037F3D1B3A0908D4556F6102032A10C4
ED036C3C1B480908D5556B6110033110
F3ED03F73B1B540908D4550E61130336
1037EE03A73B1B5B0908D555F8600B03
271084EE033D3B1B670908D4558E6014
032310DDEE03C33A1B750908D4556360
0A031B103AEF03653A1B810908D45551
600F031A1086EF03953A1B8C0908D255
416012031E10A8EF03AF3B1B920908D1
55F85FFC028110A2EF038F3C1B960908
D355216002038210A1EF032F3D1B9709
08D255286000037E10B9EF037F3D1B9A
0908D355F45F07037C109FEF03F63D1B
9D0908D3558F5F04035110F6EE03203E
1BA20908D2555A5FFC025A107BEE03B9
3D1BAC0908D2550A5FFB025C1046EE03
3C3D1BB70908D155D45EFA025E101DEE
03F83C1BC40908D1559B5E05035C1003
EE03CE3C1BCB0908D255655E23036910
0AEE03BD3C1BD40908D3554C5E16036A
1026EE03B23A1BDD0908D1552C5E1703
681094EE0320381BE30908D155345E24
03721047EF0338361BE90908D255FF5D
0403B81001F0037E351BEE0908D355C3
5D0703BC10A2F00307351BF90908D255
6D5D0203B41010F1032F361B030A08D2
55DD5DFF02B61059F103F8351B060A08
D2559E5D0C031E1188F10323371B080A
08D2554B5D12032611ADF10325381B06
0A08D2553E5D17031B11C4F1038B381B
070A08D055375D08030F11CCF1031939
1B070A08D155785D14037F12D4F10304
391B070A08D155815D22038612D3F103
43391B080A08D255AA5D24037E12D0F1
0369391B080A08D155AC5D20037412CC
F103A8391B090A08CF55A35D1E038F12
C7F103E8391B070A08CF55B45D15032E
12BFF103DB391B070A08CE55C35D1F03
2412B8F103F4391B070A08CF55C15D1E
032612B2F103143A1B060A08CE55BA5D
1F031B12ABF1037B3A1B060A08CE55AC
5D18031D12A0F103953A1B090A08CF55
D65D1503261299F103883A1B070A08CF
559A5D0903231290F103AE3A1B070A08
CF55385D09031C1286F103D83A1B070A
08CF557E5D1A0398117EF103FA3A1B07
0A08CF55205D2603941173F103E53A1B
070A08CF55F65C1A0394116CF103EB3A
1B070A08D055CF5C1A03901161F1030F
3B1B060A08CF55EF5C1103701157F103
133B1B070A08D055A95C0F0370114FF1
032C3B1B060A08D1556D5C0F03771145
F103743B1B080A08D355645C0D036D11
3CF103813B1B060A08D455DC5B18037A
1131F1038D3B1B070A08D455885B0803
411129F103923B1B070A08D355725B13
0342111EF103C03B1B080A08D555615B
0D03471114F103D23B1B040A08D655F3
5A090350110CF103D53B1BFD0908D655
945A2803921102F103E23B1BF70908D7
55905A30038E11F9F003D13B1BF60908
D655645A35039711F1F003EB3A1BFC09
08D7553A5A33039411F1F003A13A1B05
0A08D755B45A11033611F7F003F4391B
060A08D755D6590E034511FAF003D03A
1B070A08D755C2590C033A1109F10342
3B1B070A08D8555C590903321110F103
643B1B050A08D7551E591303F31112F1
03813B1B050A08D7551F591503F5110A
F103853B1B070A08D75537591103F311
00F103633B1B080A08D75509591703F4
11F6F003853B1B060A08D655AB581103
EC11F1F003BC3B1B050A08D855D95812
03B611E4F0038D3B1B070A08D6557358
0B03B411D7F0033D3B1B080A08D655BC
580303B711D6F003383B1B080A08D655
83581303B611D4F003B83B1B080A08D5
55275822039011C2F003F33B1B080A08
D655F9571C039311A3F003FF3B1B040A
08D655D55722039E1188F003A73B1B04
0A08D755365822039C117CF003DE3B1B
020A08D855BE571C03A4116CF003D93B
1B040A08D755DA571C03A71154F003FB
3B1B050A08D555EC571C03A31140F003
EA3B1B070A08D455B8571803A51136F0
03C63B1B060A08D455BC571A03B21130
F003C93B1B050A08D355AB571503C311
30F003EA3B1B060A08D3559F571203BB
1130F003213C1B060A08D5556A571303
C21126F003273C1B040A08D555505710
03C81116F0031D3C1B040A08D6556E57
1B03E11110F0033F3C1B060A08D75574
571F03E81108F003433C1B050A08D655
5C571A03E511FAEF031B3C1B060A08D6
5541571D03EC11F4EF03193C1B060A08
D555515733037011F0EF03363C1B060A
08D5552C572A036F11EBEF03503C1B07
0A08D555115733036F11E0EF03473C1B
070A08D555505737037611D9EF03503C
1B080A08D655105711039011CFEF0332
3C1B080A08D755F55612039311CBEF03
143C1B080A08D755025704039411C6EF
031D3C1B080A08D755D55611039511C1
EF033F3C1B080A08D755B55612038E11
BAEF03433C1B080A08D7559756310370
11B2EF03323C1B0A0A08D75579562C03
6E11ACEF03043C1B090A08D6554C5635
037111A6EF03F63B1B080A08D6559956
2F037111A5EF03253C1B090A08D6558C
56210363119FEF033F3C1B070A08D655
8C561E03651199EF03323C1B080A08D8
555C561A03611195EF03173C1B070A08
D75534562403631195EF03363C1B070A
08D85543561C03641190EF033A3C1B07
0A08D85501561E03661189EF03193C1B
060A08D755CE55210358117EEF03193C
1B040A08D655A3551E0369116CEF0307
3C1BFF0908D655AB551603241151EF03
BC3B1BEE0908D755CC55200321110CEF
03783B1BD90908D7559C551E0321117D
EE034A3B1BC10908D6554A551F032F11
BAED03233B1BAE0908D8556C55210322
11E0EC03203B1B960908D65581552E03
3E1031EC034E3B1B7E0908D855595531
033410BCEB03523B1B680908D8553355
2F033B105DEB033C3B1B540908D85522
5537033C1006EB03353B1B440908D755
3C5530035810C4EA031C3B1B3C0908D6
5524552A03601096EA031C3B1B3B0908
D8551F5528035F106CEA03023B1B3C09
08D755375526035E104FEA03FB3A1B32
0908D655445511033E103CEA03FA3A1B
1E0908D85558550F0340102AEA030F3B
1B040908D85541550B033D1015EA0339
3B1BE80808D9557A5512033C10EDE903
483B1BCF0808DA55875515031B10BBE9
036C3B1BB90808DA55A3550B03191095
E903923B1BA10808DA55B2550F031210
78E903E23B1B810808DA55A65510031D
1062E903373C1B670808DA558F550803
201015E9031D3C1B530808D955B15511
03E00F70E803A73B1B430808D955A955
0B03DA0FE9E7031C3B1B3A0808D95575
550F03E00F8EE703BA3A1B380808D855
F8551403E30F7BE703903A1B380808D8
55A0553D034F1090E703DC3A1B2F0808
D755245640034B1096E7030E3A1B1A08
08D655795637034B108BE703DB391BF9
0708D55537574603561026E70329391B
E00708D65594570E03DA0F3DE6039638
1BCC0708D55568570603DE0F0BE503F6
371BC30708D45518571403D90F0AE403
73361BBA0708D355C6560B03E20FDCE3
03C6351BA70708D555A85600030510D6
E30320341B900708D455915705030B10
A9E303D8311B760708D4552B58FC0213
108EE203EC2F1B5A0708D4556D580003
1010AEE0036D2E1B3C0708D455355900
030E103DDF03212C1B200708D355B15A
2003E00F4EDE03F82A1B0A0708D35544
5C1F03D70FB5DD03292A1BF80608D655
315E2003DE0F2BDD034F291BF40608D7
552D601C03DC0F44DD03FB291BEF0608
D755DA61EB02E70FE9DD03C0261BE406
08D7552264EA02E00F82DE033E251BCC
0608D9553466EF02E00F05DF03F1231B
AF0608D855B667F202E50F56DF036522
1B990608D95557693303D00F2BDF0337
221B8E0608DA55946A2F03D00F8BDE03
26221B850608D955F06B2603D10F42DE
03D6221B830608D7554C6D3003CF0F47
DE031E231B830608D8555F6EF902BE0F
6ADE030C241B810608D955976FFD02BE
0FAADE03E2251B7E0608DA556E70F902
BE0F48DF03F7241B760608DB556E71FE
02C70F16E003C9231B6C0608DB552472
0503BC0F8AE00387221B5C0608DB5504
731203DD0FC2E003CF211B430608DB55
AD730D03DE0FC5E0034D211B2D0608DA
5527740D03E10F96E0035D211B1C0608
D8551A741203DB0F4DE003AD211B0606
08D9558774F902BE0FDEDF03D3201BEB
0508D9552F750A03C50FA8DF0301211B
D10508DA555F750003BA0F8EDF037221
1BB40508DA557175FE02C80FCCDE03D3
211B9B0508D95583751D03A20F60DD03
0D221B870508DB5597751B039E0FD6DB
0309221B7B0508DD55847519039F0F94
DA03C2211B780508DD55627524039F0F
ECD903FD201B7B0508DC555C75F002E2
0F07DA035F201B730508DC558E75E802
DD0F5CDA0345201B5A0508DB551B76EE
02E50FACDA0323211B3B0508DB55D975
E702DE0FFBDA032F211B1D0508DB5536
75E602DD0F35DA03D3201B030508D955
5E742103CB0F20D9039D201BF90408DB
550B742303CF0F90D803FA1F1BE60408
DC55C0731C03D00FA1D803FE1F1BCD04
08DD55E67A1C03CF0F18D9034E201BAC
0408DC556E7716033B1050D9031B201B
920408DC55617515033F101FD9038EF9
15760408DC55F47313033A10E1D803FF
DD145E0408DD55D7720B034B10E6D803
42D114530408DC55DA71F7026B101DD9
03016D154A0408DD555671EC026A1055
D9030DCC173A0408DD553970ED026610
83D9037F300E200408DC55EF7CE60269
1012DA03AC9F0F0B0408DB55E985AB02
F30FF6DA03E2AB0F010408DB55AF7EA4
02E70F80DB03E9810CFE0308DB55C279
AE02EF0FD2DB033F0C10000408DB555E
76A902E90FFADB03F1431A030408DC55
CF73AB02E80F2FDC0398F4160C0408DB
551F72CA040C2860DC0392C314130408
DC554B70CA04F92788DC0340F7141904
08DB55276FD1040328AEDC03F70F151C
0408DA559F6DCC040628BFDC033EC314
1D0408D855B36CEE02CB10C9DC0310AC
14160408D855AC6BF102C510D6DC0390
B714110408D655C96AED02CC10E9DC03
25CD140F0408D755046AEC02D010FBDC
039BC7140B0408D655F568FC0280100C
DD038FB4140A0408D6558B6CFE027E10
21DD03AAB814060408D655876E02037E
1039DD03AC830E030408D6554670FB02
7F105CDD037D280CF80308D655F96D8B
005E1791DD038BC90BED0308D6557C73
8B00631704DE0306B20BE80308D6554D
6F8F005C1760DE03DFAD0BE90308D655
646C8E006217ADDE03C9A60BE60308D7
558F6A88005817D2DE03489C0BDE0308
D655356925029008F4DE0314480EDA03
08D75558682C028D082EDF030CF80EDB
0308D955AD672C02920895DF03323110
DC0308DB55DB663202870825E003F18F
0EDA0308D9553966F4FBA51173E00372
4A0DDC0308DA55CC65F8FB9F1194E003
8DDF0CDC0308DB55227AF3FBA611A3E0
0317AF0CDB0308DA559177F5FBA911AB
E003ED460CDB0308D85527722203D50B
B0E003CF280CDD0308D855FE6E2003CC
0BB3E003062E0CDB0308D9557F6C1D03
C40BB6E0031A290CDB0308D955246F29
03CA0BB8E0039D0D0CDC0308D955086E
A202C703</Data>

   <DataCRC>f42e6ea0</DataCRC>

   <BytesSent>7956</BytesSent>

</SBEDataUpload>
</InstrumentRawData>
</SBEDataUploadFile>
