<?xml version="1.0"?>
<!-- SCPlusV2_RS232 -->
<SBEDataUploadFile>
<ApplicationData>
<Seaterm232>
<SoftwareVersion>2.6.3.104</SoftwareVersion>
<BuildDate>30-Jun-2017</BuildDate>
</Seaterm232>
</ApplicationData>
<InstrumentState>
<HardwareData DeviceType='SBE19plus' SerialNumber='01906740'>

   <Manufacturer>Sea-Bird Electronics, Inc.</Manufacturer>

   <FirmwareVersion>2.2d</FirmwareVersion>

   <FirmwareDate>9 February 2011 08:30</FirmwareDate>

   <CommandSetVersion>1.1</CommandSetVersion>

   <PCBAssembly PCBSerialNum='25307' AssemblyNum='41054G'/>

   <PCBAssembly PCBSerialNum='25737' AssemblyNum='41580B'/>

   <PCBAssembly PCBSerialNum='24669' AssemblyNum='41606'/>

   <PCBAssembly PCBSerialNum='24372' AssemblyNum='41059D'/>

   <MfgDate>  08 DEC 2010</MfgDate>

   <InternalSensors>

      <Sensor id='Main Temperature'>

         <type>temperature0</type>

         <SerialNumber>01906740</SerialNumber>

      </Sensor>

      <Sensor id='Main Conductivity'>

         <type>conductivity-0</type>

         <SerialNumber>01906740</SerialNumber>

      </Sensor>

      <Sensor id='Main Pressure'>

         <type>strain-0</type>

         <SerialNumber>3220369</SerialNumber>

      </Sensor>

   </InternalSensors>

   <ExternalSensors>

      <Sensor id='volt 0'>

         <type>SBE 43 OXY</type>

         <SerialNumber>432005</SerialNumber>

      </Sensor>

      <Sensor id='volt 1'>

         <type>not assigned</type>

         <SerialNumber>not assigned</SerialNumber>

      </Sensor>

      <Sensor id='volt 2'>

         <type>ECO-FLNTURT CHL</type>

         <SerialNumber>FLNTURTD-2025</SerialNumber>

      </Sensor>

      <Sensor id='volt 3'>

         <type>ECO-FLNTURT TURB</type>

         <SerialNumber>FLNTURTD-2025</SerialNumber>

      </Sensor>

      <Sensor id='volt 4'>

         <type>not assigned</type>

         <SerialNumber>not assigned</SerialNumber>

      </Sensor>

      <Sensor id='volt 5'>

         <type>not assigned</type>

         <SerialNumber>not assigned</SerialNumber>

      </Sensor>

   </ExternalSensors>

</HardwareData>
<StatusData DeviceType='SBE19plus' SerialNumber='01906740'>

   <DateTime>2018-11-26T19:37:10</DateTime>

   <LoggingState>not logging</LoggingState>

   <EventSummary numEvents='241'/>

   <Power>

      <vMain>12.4</vMain>

      <vLith>5.3</vLith>

      <iMain>61.4</iMain>

      <iPump>156.8</iPump>

      <iExt01> 4.2</iExt01>

      <iExt2345>18.2</iExt2345>

   </Power>

   <MemorySummary>

      <Bytes>1110270</Bytes>

      <Samples>65310</Samples>

      <SamplesFree>3805169</SamplesFree>

      <SampleLength>17</SampleLength>

      <Profiles>71</Profiles>

   </MemorySummary>

</StatusData>
<ConfigurationData DeviceType='SBE19plus' SerialNumber='01906740'>

   <ProfileMode>

      <ScansToAverage>1</ScansToAverage>

      <MinimumCondFreq>3226</MinimumCondFreq>

      <PumpDelay>60</PumpDelay>

      <AutoRun>no</AutoRun>

      <IgnoreSwitch>no</IgnoreSwitch>

   </ProfileMode>

   <Battery>

      <Type>alkaline</Type>

      <CutOff>7.5</CutOff>

   </Battery>

   <DataChannels>

      <ExtVolt0>yes</ExtVolt0>

      <ExtVolt1>no</ExtVolt1>

      <ExtVolt2>yes</ExtVolt2>

      <ExtVolt3>yes</ExtVolt3>

      <ExtVolt4>no</ExtVolt4>

      <ExtVolt5>no</ExtVolt5>

      <SBE38>no</SBE38>

      <OPTODE>no</OPTODE>

      <GTD>no</GTD>

   </DataChannels>

   <EchoCharacters>yes</EchoCharacters>

   <OutputExecutedTag>yes</OutputExecutedTag>

   <OutputFormat>raw HEX</OutputFormat>

</ConfigurationData>
<CalibrationCoefficients DeviceType='SBE19plus' SerialNumber='01906740'>

   <Calibration format='TEMP1' id='Main Temperature'>

      <SerialNum>01906740</SerialNum>

      <CalDate>07-Jan-11 </CalDate>

      <TA0>1.255288e-03</TA0>

      <TA1>2.593288e-04</TA1>

      <TA2>-2.376104e-07</TA2>

      <TA3>1.449298e-07</TA3>

      <TOFFSET>0.000000e+00</TOFFSET>

   </Calibration>

   <Calibration format='WBCOND0' id='Main Conductivity'>

      <SerialNum>01906740</SerialNum>

      <CalDate>07-Jan-11</CalDate>

      <G>-1.033008e+00</G>

      <H>1.393941e-01</H>

      <I>-2.175401e-04</I>

      <J>3.475757e-05</J>

      <CPCOR>-9.570000e-08</CPCOR>

      <CTCOR>3.250000e-06</CTCOR>

      <CSLOPE>1.000000e+00</CSLOPE>

   </Calibration>

   <Calibration format='STRAIN0' id='Main Pressure'>

      <SerialNum>3220369</SerialNum>

      <CalDate>21-Dec-10</CalDate>

      <PA0>8.222195e-01</PA0>

      <PA1>1.566037e-02</PA1>

      <PA2>-6.194425e-10</PA2>

      <PTCA0>5.244452e+05</PTCA0>

      <PTCA1>4.417653e+00</PTCA1>

      <PTCA2>-9.798927e-02</PTCA2>

      <PTCB0>2.510725e+01</PTCB0>

      <PTCB1>-1.150000e-03</PTCB1>

      <PTCB2>0.000000e+00</PTCB2>

      <PTEMPA0>-5.917147e+01</PTEMPA0>

      <PTEMPA1>5.387460e+01</PTEMPA1>

      <PTEMPA2>-2.653169e-01</PTEMPA2>

      <POFFSET>0.000000e+00</POFFSET>

      <PRANGE>5.076000e+03</PRANGE>

   </Calibration>

   <Calibration format='VOLT0' id='Volt 0'>

      <OFFSET>-4.687158e-02</OFFSET>

      <SLOPE>1.247988e+00</SLOPE>

   </Calibration>

   <Calibration format='VOLT0' id='Volt 1'>

      <OFFSET>-4.719579e-02</OFFSET>

      <SLOPE>1.248132e+00</SLOPE>

   </Calibration>

   <Calibration format='VOLT0' id='Volt 2'>

      <OFFSET>-4.684526e-02</OFFSET>

      <SLOPE>1.248324e+00</SLOPE>

   </Calibration>

   <Calibration format='VOLT0' id='Volt 3'>

      <OFFSET>-4.678105e-02</OFFSET>

      <SLOPE>1.247145e+00</SLOPE>

   </Calibration>

   <Calibration format='VOLT0' id='Volt 4'>

      <OFFSET>-4.669684e-02</OFFSET>

      <SLOPE>1.248307e+00</SLOPE>

   </Calibration>

   <Calibration format='VOLT0' id='Volt 5'>

      <OFFSET>-4.709579e-02</OFFSET>

      <SLOPE>1.247697e+00</SLOPE>

   </Calibration>

   <Calibration format='FREQ0' id='external frequency channel'>

      <EXTFREQSF>9.999977e-01</EXTFREQSF>

   </Calibration>

</CalibrationCoefficients>
<EventCounters DeviceType='SBE19plus' SerialNumber='01906740'>

   <EventSummary numEvents='241'/>

   <Event type='ErrorFLASHUncorrectableError' count='241'/>

</EventCounters></InstrumentState>
<Headers>

cast  64 25 Nov 2018 13:29:31 samples 60593 to 60928, avg = 1, stop = mag switch

</Headers><InstrumentRawData>
<SBEDataUpload startAddr='1030064'>

   <Type>1</Type>

   <DataFormat>SEACATPLUS0</DataFormat>

   <Bytes>5712</Bytes>

   <Data>
52C403B365161304082B5AE05A89007E
1E34C20316F3151904082C5AB7597F00
841EE9C00336E9181C04082C5A0A598A
00891E44C003FF7A1B1B04082D5AA758
8B007D1EB1C0032A7B1B1A04082D5AEC
58760564082DC1036C7A1B1B04082E5A
CE5871056908DAC10392791B1904082E
5AD9587705650854C403CB741B1A0408
2F5ABB5874056208C4C903A6661B1C04
082F5ABD587D00640D40D103305A1B20
04082F5A88588800640DE3D803374D1B
2504082F5A815884005D0D59DF038C46
1B260408305A98588200620D4EE40348
421B260408305A7A582A02B70FF4E703
B13E1B260408315AA6582702B40FCBEA
037E3C1B240408325AB0582502B40FED
EC03C93B1B230408325A9F582102B40F
76EE03013A1B220408325AD7582302B3
0F83EF0372391B240408315ABA586702
E40D28F003B4381B290408315AD45868
02E60D94F0033A381B330408315AE358
6702E70DC4F00325381B360408315A25
596C02EF0DD4F003DF391B3F0408315A
2859C902350DD2F0032A3C1B3F040831
5A8D59D302330DD0F0033A3C1B3B0408
315AE659C6023E0DDDF0032A3C1B3704
08325AED59C602350DEDF003B5391B34
0408325AE6591C03860DF7F003D4371B
340408325AFF5914038A0D1BF1031737
1B350408315A2C5A1503890D4BF1037E
351B380408315A1E5A2003860D79F103
B0341B400408315A515ABD024B0DC0F1
0310341B470408315A855BB502470D46
F20397331B4C0408315A0662B402520D
FEF2032C321B4B0408315A895FB70244
0D9AF30340311B4A0408315A165EB502
3E0D2DF40326301B490408315ADA5CF3
025C0DD8F4031E2F1B4C0408315A085C
F6025F0D88F503162F1B520408315A96
5BF7026B0D1AF603822D1B560408315A
265BF3026C0DA9F603712D1B5C040831
5AE85ABF02B60D45F703E22D1B5E0408
315AD65AC402B00DD1F703AB2C1B5F04
08305A9B5AC602BD0D61F803BD2B1B61
0408305AA65AC702B80DFDF803752B1B
620408305A515AD902850D8BF903752B
1B640408315A4B5AD602800D00FA0307
2A1B610408305A4D5AD9028A0D68FA03
072A1B650408305A405AD7028A0DADFA
0329291B680408305AF959FF02A40DF5
FA03B2281B6C0408315ADC59F802A90D
30FB03FF281B720408315ADE59FE02AC
0D73FB03DD281B750408315ACF59FC02
AB0DB4FB0307291B7A0408315AAA59F4
02A40DEDFB0357291B7C0408315A9559
F502D00D3AFC03A3291B7B0408325A86
59F502CD0D7EFC03FF291B7B0408315A
9859F802D20DA7FC0364291B79040830
5A7359F602CA0DF4FC03EE271B7B0408
305A6B593403620D4EFD03EE261B7E04
08305A43593B03660D9BFD0308261B84
04082F5A4A593E035C0DFDFD034F261B
8A04082F5ABC593403620D1EFE034629
1B8F04082F5AED593703DC0D00FE03DF
2D1B9104082E5AC4592E03D30D33FE03
76301B8F04082E5A98593703DC0D61FE
03F9301B8A04082E5A73594003D70D71
FE0348301B8B04082D5A2F59CD02CC0D
68FE038F2F1B8904082D5AF458C802D0
0D65FE03602E1B8C04082C5AEE58C402
CF0D77FE03EB2D1B8F04082B5AF458C6
02C80D8EFE035C2C1B9304082B5AF758
C002CA0D9DFE035F291B9804082A5AA3
59D7029B0DCDFE035B271B9E04082A5A
8459D5029E0D0BFF0335291BA704082B
5A8659D302A00DEBFE03C62B1BAB0408
2A5AFF58DB029B0DECFE032E2E1BA504
082B5AB758F902F70D0BFF0387301BA4
04082B5A9158F302FE0D41FF03AD301B
A004082B5A4558F902F80D63FF03CE2F
1BA204082B5A2B58F602FE0D64FF035D
2F1BA404082B5A0658DB02DD0D58FF03
422F1BA404082B5ADA57D702D40D4EFF
03E32E1BA504082B5AC657D402D80D49
FF03AC2E1BA604082B5AB157D902DD0D
47FF03932E1BA504082A5AA657F70215
0E4DFF03E72D1BA204082B5A4057F402
1A0E5FFF03BD2B1B9F04082B5A6A57F8
021E0E96FF0329271BA404082B5A3557
F902160EF2FF036D251BAE04082A5A46
57F502150E350004A3271BB404082A5A
1157FD02F80D370004102B1BB904082A
5AB3560603F30D7900048E2D1BB80408
2A5AB5560303F70DCA0004572F1BB804
082A5A88560B03FD0DF3000422301BB8
04082A5A56562303EA0D0C010490301B
BB0408295A36561C03E50D2401046F31
1BBB0408275A11561903EB0DD900047C
321BBD0408285AEB551E03E20D73FF03
13331BC10408285AD755F902CC0D0EFE
038C321BC60408285A5456F302C70D3C
FD0345321BCB0408275A2A56F302CE0D
E0FC03DB301BCF0408265A3D56FB02C6
0DDEFC038F2F1BD60408275A6256F602
970DE5FC038B2F1BDB0408275A9756EF
02980DCDFC03DC2F1BE10408275A4756
F3029B0DCCFC03B12F1BEA0408275A08
56F702990DF1FC039B2D1BF00408275A
735601039E0D92FD03EA2A1BF9040827
5AAA561C03E60D96FE038A271B050508
265AD4561503E00DB3FF0343251B1105
08265A8F571D03E90DC800043D241B19
0508275A36581D03E50D8B010403261B
220508285A4F5804031C0ECE01041029
1B260508295AA4570103160EEA01046C
2A1B270508285AB25609031B0E220204
812B1B260508285A03560B03130E4B02
04FB2C1B280508285AA7552603FE0D63
02049A2D1B280508285AE1551E03F70D
710204F7291B2F0508295ADD561F03FA
0D77020403261B360508285A53572903
FE0DAA020409231B420508285A0458F2
02CF0D3E03041E221B4B0508295AF458
F302C70DC80304EC211B550508295A55
58F502C50D35040487221B5E05082A5A
4F59FA02C60D7D04044E221B6405082B
5ADC58F902D70DBC040405221B6E0508
2B5AD959F402380F210504FD211B7A05
082B5A025AF302380F89050449211B87
05082A5A4F5AF602360FF2050477201B
9005082A5AA45AF902370F830604A61F
1B9A05082A5A625A11035A0E280704DD
1E1BA405082A5AE2590903580EEA0704
DA1D1BB005082A5A9D5900035D0EA108
048E1D1BB905082A5A37590C03520E33
0904971D1BC105082A5A7859F7023A0E
9B0904FB1D1BC60508295A6E59F80239
0EEF0904CC1E1BCD0508295A3858F502
350E180A04631F1BD10508285A3857FC
023A0E2B0A04FE1F1BD00508275AC056
2B03480E380A04E8201BD50508275A65
5625034F0E380A0401221BD80508265A
2D562B034A0E230A04EB221BDE050825
5A09562C03420E020A048B231BE10508
255AA05524034D0EE8090486241BE505
08255A5C551A03F00DD6090468251BEA
0508255A42551703F80DD30904E6251B
ED0508255A2B551C03F30DD709042126
1BF10508255A17551603F70DDF090470
261BF50508245A5B551C031D0EE40904
21261BF20508245A0A552203190EEC09
046C261BED0508235AD1541C03140EE9
090475251BEA0508245AEE5426031B0E
EC090444211BEC0508235A6755160328
0E450A04331C1BF80508235ADF551503
260EFF0A047C171B040608235AA8551D
03280EC20B048F151B120608235A1856
12031F0E250C0423151B1B0608235AA3
5520036F0E910C046F141B280608235A
3F561C037A0E2C0D0418131B31060823
5A03561703820ECA0D0498121B360608
245A9C551C036B0E3E0E0406121B3806
08235AC3541C036D0E830E042C121B37
0608235A5D542E03370EAE0E0449121B
360608235A4E5427033A0EC70E049012
1B380608235A265425033A0ED60E04A9
121B3B0608235A04542A033B0EE50E04
34121B3E0608235A5D542503690E040F
0434121B450608235A52552C03670E2D
0F04D4111B4B0608225AA9552E03620E
5C0F044A111B540608225AE855310368
0E850F04D6101B5F0608225A95550A03
030EB20F0476101B670608225A45550B
03FB0DDD0F040A101B6A0608225A9F55
0F03F90DF50F0402101B700608235A4D
560403F70D041004D80F1B790608235A
DB562F03280E0B1004B60F1B80060822
5AB15628032D0E141004880F1B8B0608
215A36571F03250E1D1004520F1B9406
08205AE8562703250E2210043D0F1B99
0608205A0B562003260E2410044A0F1B
9D0608205AAF5508038F0E2810043D0F
1BA20608205A86551203870E2A100424
0F1BA806081F5A40550803870E2B1004
0B0F1BAF06081E5AF4540003840E2D10
042D0F1BB306081E5AE35448031B0E30
1004460F1BB806081E5AFA545003160E
311004310F1BBF06081F5AAF55450314
0E351004D50E1BC706081F5A59564A03
1B0E3B1004A30E1BCF06081E5AC8551A
033C0E4710043F0E1BD606081E5AE455
1A03380E551004050E1BDF06081D5A75
561A03370E5D1004260E1BE406081D5A
71571903370E511004C30D1BEB06081D
5AD3564C03130E351004D30D1BF60608
1D5AEB564203200E1D1004FD0D1BFD06
081D5AE2554C031C0E161004E00D1BFE
06081D5AA35547031C0E1B1004990D1B
0107081C5A155547031E0E2310046F0D
1B0607081C5AC3543903250E31100407
0D1B0C07081B5AF2543E03250E3F1004
EA0C1B1107081C5A5A553A03220E4610
04E20C1B1907081C5AE1553A032D0E3C
1004410D1B1A07081B5A96551903C60E
2F1004AA0D1B1907081B5AEE542003C3
0E151004D70D1B1807081B5A80541603
C50EFA0F04F00D1B1807081B5A48541E
03CD0EEF0F040D0E1B1A07081C5A0C54
4A03110FE90F04610E1B1C07081C5A20
544C03080FE50F042B101B1D07081B5A
35544E03070FCB0F0404111B1F07081B
5AEC534F03090FA80F0478111B1F0708
1B5AE4534903AF0E8F0F04D7111B2007
081A5AA1534A03B30E790F042C121B21
07081A5AA7534703BC0E6B0F0487121B
210708195AA5534C03B70E600F046413
1B1F0708195A86534503BC0E5A0F0447
131B190708195A53533003FA0E5D0F04
EB121B0A0708185A41533503FE0E5E0F
0496131BFC0608185A3D533503F50E51
0F0452141BF90608185AF3523A03F60E
410F043D141BF60608185AE052310338
0E320F044E141BF60608185AC1522B03
400E220F04F1141BF30608175AB5522A
03350E140F0423151BF10608165A9D52
2C03330E090F040A151BEE0608165A68
522403280EF60E04C1141BE50608165A
3F522903260EE50E047A151BDF060815
5A35522703250ED90E04EB151BDD0608
145A11522D032E0ED20E04C1151BE006
08155A18522603090EC50E04F9141BDD
0608145ACD5129030B0EC10E0439141B
D10608155AB1512303080EC00E041814
1BC30608155AA9512A03020EC60E0423
151BB80608155A98512A030D0EBE0E04
2E161BB80608165A65512403AA0EAD0E
04AB161BBB0608165A5A512803AF0E99
0E0403171BBC0608155A43512603A60E
8C0E0479161BB40608145A36512F03AD
0E7B0E0422161BAC0608155A29510703
F80D700E0421161BA60608145A09510F
03010E620E04D6151BA50608145AC250
0903F80D570E0493151BA40608135AC3
500903FF0D4E0E04A1141BA80608125A
B5502503440E550E046F141BAC060813
5A725026034B0E670E04CB141BAE0608
135A5D502B03480E6B0E04F1141BAC06
08125A45502403460E610E0435141BA3
0608125A2B503503740E680E04BC131B
930608115A15503803640E7F0E042F15
1B8B0608115ABA4F3403680E840E04A0
151B890608115AA14F4003690E790E04
9A151B880608105A884F33035F0E710E
0401151B850608105A924F3A03FB0D71
0E046F141B770608115A4E4F3C03F00D
810E04AE141B680608115A784F4003FE
0D8E0E04030F1B5F0608105AB74F3A03
F90DCE0E04B40A1B5F0608115A6C4FFF
02F90D210F04AC081B600608105A634F
0203000E790F04BF071B5F06080F5A59
4F0B03F60DE20F04EF061B500608105A
324F0003F70D4210045E061B4106080F
5A044F1503180F90100428061B390608
0F5AF84E1503190FCB1004FA051B3906
080F5A134F14031D0FF51004D9051B2C
06080F5A134F1703190F1011048E051B
1906080E5A4C4F1703200E2511047105
1B0706080F5A514F1D032B0E35110448
051BF805080F5A824F1A03240E401104
58051BF105080E5ADF4F2003280E4A11
042F051BE505080E5A53501403240E51
110409051BD405080D5A8C502F033C0E
5C1104DC041BCA05080D5AF850260338
0E671104CB041BC305080D5A48513003
3B0E6E1104C7041BBB05080C5ABE512A
033A0E701104C3041BAC05080D5AFD51
2F030B0E721104AE041B9B05080D5A60
522603060E6F1104AE041B8E05080D5A
A45221030A0E5C1104D3041B8C05080D
5AD7521E03060E431104E0041B810508
0D5A0C533803110E17110426051B6F05
080C5A33533803040EDC100492051B5B
05080C5A46533C03060E981004EE051B
5305080C5A60533F030E0E5B10042406
1B5005080B5AA5531C03FA0D16100466
061B4505080A5AD1531F03FB0DD60F04
AE061B3705080B5AFF531A03FC0D9A0F
04E3061B2A05080B5A42541703F70D68
0F0421071B2405080A5A5D541A03FC0D
2F0F0479071B1E0508095AA754070315
0EDA0E04F9071B0F0508095AC6540903
170E800E045D081BFB0408095ADE5408
031B0E310E04A8081BF10408085A0F55
0E031D0EDB0D0435091BF00408085A0A
551503780E690D04050A1BE70408075A
2B551A03790EBF0C04350B1BDC040807
5A1A551E03780EE10B04970C1BD90408
075A76551703760E230B045F0D1BDA04
08065A8B55FE02060EA30A04910D1BD6
0408065AA455FB02050E510A04780D1B
C90408065AE055FC020B0E130A048C0D
1BB90408065AC155F8020B0ED40904F0
0D1BB10408055AC955ED02360EA70904
160E1BA90408055ADF55E3023A0E7509
045D0E1B9B0408045A1156EA02390E27
0904100F1B8A0408045A0956EC023A0E
C20804DC0F1B810408045A3856E40238
0E5A080465101B810408035A4456E402
D70DE40704E6101B770408035A5C56E7
02DA0D5A0704A7111B680408025A4C56
E202D70DB60604B5121B5D0408025A40
56E102D90D2B06043F131B5C0408025A
6E561803C70DCA050460131B53040801
5A8F561F03CA0D4305040F141B430408
025A5A561603CF0D740404C1151B3B04
08025A68560C03CA0D86030456171B37
0408035A5256F102A10DCC0204C3171B
310408025A1B57FE02A80D2302042F18
1B1F0408015AEA560003A80D66010432
191B0C0408015AC65BFC02A70DBB0004
201A1B080408015AA85C5408ED0D3A00
04B71A1B060408005A335C5408EC0DAE
FF036F1B1B020408005A825B5F08E70D
92FE03EA1D1BFF0308005A785A6008EB
0D12FD035A201BFE0308005AB7595508
E80DABFB0309221B050408FF598459AA
046C2D93FA03F0221B0C0408005A8859
A404632D90F90308241B0E0408FF5922
59A5046B2D94F80371251B0F0408FF59
BB58AA046F2DA9F7036A261B100408FE
5919588703400EF6F603F3261B120408
FD59C95786033A0E79F60329271B1904
08FE598B5783033C0E1EF60370271B1C
0408FD5998578503380EDCF5037D271B
1E0408FD5991577503660EABF503D927
1B1D0408FD59AA577603690E65F503A7
281B1A0408FD5962577403700E08F503
6C291B160408FC593F577203660ED6F4
0346291B180408FC5953571103E30DCB
F403F7281B160408FC5934574902D90D
D0F403D1281B150408FC5931574802D4
0DD5F403F2281B140408FB5955574902
DA0DD8F40335291B0E0408FB59495749
02DC0DD5F40334291B060408FB599159
9502BD0DC8F40325291BF70308FC59E0
5C9202B60DC2F40381291BE60308FB59
625C8D02BC0DC5F403AB291BDB0308FB
599D5E9802C20DF2F4031C291BD90308
FB59D15BFCFB581348F5030E7715D903
08FB593C5AFDFB6813BAF503A3710ED8
0308FA599859FEFB571323F603613D10
D80308FA592159FBFB59137CF603FE31
0ED90308FA59BB58F7FBF5FBC9F603E0
6D0EDA0308FA599658FCFB01FC1DF703
5ECB0ED90308FA59F75B00FCF7FB78F7
03F10E0FDA0308FA59B85A08FCF7FBC6
F70354C10ED90308F959B35AFBFB5D17</Data>

   <DataCRC>7ac544bf</DataCRC>

   <BytesSent>5712</BytesSent>

</SBEDataUpload>
</InstrumentRawData>
</SBEDataUploadFile>
