<?xml version="1.0"?>
<!-- SCPlusV2_RS232 -->
<SBEDataUploadFile>
<ApplicationData>
<Seaterm232>
<SoftwareVersion>2.6.3.104</SoftwareVersion>
<BuildDate>30-Jun-2017</BuildDate>
</Seaterm232>
</ApplicationData>
<InstrumentState>
<HardwareData DeviceType='SBE19plus' SerialNumber='01906740'>

   <Manufacturer>Sea-Bird Electronics, Inc.</Manufacturer>

   <FirmwareVersion>2.2d</FirmwareVersion>

   <FirmwareDate>9 February 2011 08:30</FirmwareDate>

   <CommandSetVersion>1.1</CommandSetVersion>

   <PCBAssembly PCBSerialNum='25307' AssemblyNum='41054G'/>

   <PCBAssembly PCBSerialNum='25737' AssemblyNum='41580B'/>

   <PCBAssembly PCBSerialNum='24669' AssemblyNum='41606'/>

   <PCBAssembly PCBSerialNum='24372' AssemblyNum='41059D'/>

   <MfgDate>  08 DEC 2010</MfgDate>

   <InternalSensors>

      <Sensor id='Main Temperature'>

         <type>temperature0</type>

         <SerialNumber>01906740</SerialNumber>

      </Sensor>

      <Sensor id='Main Conductivity'>

         <type>conductivity-0</type>

         <SerialNumber>01906740</SerialNumber>

      </Sensor>

      <Sensor id='Main Pressure'>

         <type>strain-0</type>

         <SerialNumber>3220369</SerialNumber>

      </Sensor>

   </InternalSensors>

   <ExternalSensors>

      <Sensor id='volt 0'>

         <type>SBE 43 OXY</type>

         <SerialNumber>432005</SerialNumber>

      </Sensor>

      <Sensor id='volt 1'>

         <type>not assigned</type>

         <SerialNumber>not assigned</SerialNumber>

      </Sensor>

      <Sensor id='volt 2'>

         <type>ECO-FLNTURT CHL</type>

         <SerialNumber>FLNTURTD-2025</SerialNumber>

      </Sensor>

      <Sensor id='volt 3'>

         <type>ECO-FLNTURT TURB</type>

         <SerialNumber>FLNTURTD-2025</SerialNumber>

      </Sensor>

      <Sensor id='volt 4'>

         <type>not assigned</type>

         <SerialNumber>not assigned</SerialNumber>

      </Sensor>

      <Sensor id='volt 5'>

         <type>not assigned</type>

         <SerialNumber>not assigned</SerialNumber>

      </Sensor>

   </ExternalSensors>

</HardwareData>
<StatusData DeviceType='SBE19plus' SerialNumber='01906740'>

   <DateTime>2018-11-26T19:37:10</DateTime>

   <LoggingState>not logging</LoggingState>

   <EventSummary numEvents='241'/>

   <Power>

      <vMain>12.4</vMain>

      <vLith>5.3</vLith>

      <iMain>61.4</iMain>

      <iPump>156.8</iPump>

      <iExt01> 4.2</iExt01>

      <iExt2345>18.2</iExt2345>

   </Power>

   <MemorySummary>

      <Bytes>1110270</Bytes>

      <Samples>65310</Samples>

      <SamplesFree>3805169</SamplesFree>

      <SampleLength>17</SampleLength>

      <Profiles>71</Profiles>

   </MemorySummary>

</StatusData>
<ConfigurationData DeviceType='SBE19plus' SerialNumber='01906740'>

   <ProfileMode>

      <ScansToAverage>1</ScansToAverage>

      <MinimumCondFreq>3226</MinimumCondFreq>

      <PumpDelay>60</PumpDelay>

      <AutoRun>no</AutoRun>

      <IgnoreSwitch>no</IgnoreSwitch>

   </ProfileMode>

   <Battery>

      <Type>alkaline</Type>

      <CutOff>7.5</CutOff>

   </Battery>

   <DataChannels>

      <ExtVolt0>yes</ExtVolt0>

      <ExtVolt1>no</ExtVolt1>

      <ExtVolt2>yes</ExtVolt2>

      <ExtVolt3>yes</ExtVolt3>

      <ExtVolt4>no</ExtVolt4>

      <ExtVolt5>no</ExtVolt5>

      <SBE38>no</SBE38>

      <OPTODE>no</OPTODE>

      <GTD>no</GTD>

   </DataChannels>

   <EchoCharacters>yes</EchoCharacters>

   <OutputExecutedTag>yes</OutputExecutedTag>

   <OutputFormat>raw HEX</OutputFormat>

</ConfigurationData>
<CalibrationCoefficients DeviceType='SBE19plus' SerialNumber='01906740'>

   <Calibration format='TEMP1' id='Main Temperature'>

      <SerialNum>01906740</SerialNum>

      <CalDate>07-Jan-11 </CalDate>

      <TA0>1.255288e-03</TA0>

      <TA1>2.593288e-04</TA1>

      <TA2>-2.376104e-07</TA2>

      <TA3>1.449298e-07</TA3>

      <TOFFSET>0.000000e+00</TOFFSET>

   </Calibration>

   <Calibration format='WBCOND0' id='Main Conductivity'>

      <SerialNum>01906740</SerialNum>

      <CalDate>07-Jan-11</CalDate>

      <G>-1.033008e+00</G>

      <H>1.393941e-01</H>

      <I>-2.175401e-04</I>

      <J>3.475757e-05</J>

      <CPCOR>-9.570000e-08</CPCOR>

      <CTCOR>3.250000e-06</CTCOR>

      <CSLOPE>1.000000e+00</CSLOPE>

   </Calibration>

   <Calibration format='STRAIN0' id='Main Pressure'>

      <SerialNum>3220369</SerialNum>

      <CalDate>21-Dec-10</CalDate>

      <PA0>8.222195e-01</PA0>

      <PA1>1.566037e-02</PA1>

      <PA2>-6.194425e-10</PA2>

      <PTCA0>5.244452e+05</PTCA0>

      <PTCA1>4.417653e+00</PTCA1>

      <PTCA2>-9.798927e-02</PTCA2>

      <PTCB0>2.510725e+01</PTCB0>

      <PTCB1>-1.150000e-03</PTCB1>

      <PTCB2>0.000000e+00</PTCB2>

      <PTEMPA0>-5.917147e+01</PTEMPA0>

      <PTEMPA1>5.387460e+01</PTEMPA1>

      <PTEMPA2>-2.653169e-01</PTEMPA2>

      <POFFSET>0.000000e+00</POFFSET>

      <PRANGE>5.076000e+03</PRANGE>

   </Calibration>

   <Calibration format='VOLT0' id='Volt 0'>

      <OFFSET>-4.687158e-02</OFFSET>

      <SLOPE>1.247988e+00</SLOPE>

   </Calibration>

   <Calibration format='VOLT0' id='Volt 1'>

      <OFFSET>-4.719579e-02</OFFSET>

      <SLOPE>1.248132e+00</SLOPE>

   </Calibration>

   <Calibration format='VOLT0' id='Volt 2'>

      <OFFSET>-4.684526e-02</OFFSET>

      <SLOPE>1.248324e+00</SLOPE>

   </Calibration>

   <Calibration format='VOLT0' id='Volt 3'>

      <OFFSET>-4.678105e-02</OFFSET>

      <SLOPE>1.247145e+00</SLOPE>

   </Calibration>

   <Calibration format='VOLT0' id='Volt 4'>

      <OFFSET>-4.669684e-02</OFFSET>

      <SLOPE>1.248307e+00</SLOPE>

   </Calibration>

   <Calibration format='VOLT0' id='Volt 5'>

      <OFFSET>-4.709579e-02</OFFSET>

      <SLOPE>1.247697e+00</SLOPE>

   </Calibration>

   <Calibration format='FREQ0' id='external frequency channel'>

      <EXTFREQSF>9.999977e-01</EXTFREQSF>

   </Calibration>

</CalibrationCoefficients>
<EventCounters DeviceType='SBE19plus' SerialNumber='01906740'>

   <EventSummary numEvents='241'/>

   <Event type='ErrorFLASHUncorrectableError' count='241'/>

</EventCounters></InstrumentState>
<Headers>

cast  46 24 Nov 2018 11:49:00 samples 49399 to 49948, avg = 1, stop = mag switch

</Headers><InstrumentRawData>
<SBEDataUpload startAddr='839766'>

   <Type>1</Type>

   <DataFormat>SEACATPLUS0</DataFormat>

   <Bytes>9350</Bytes>

   <Data>
C1A7037C530CE803086B55185BCD030A
0746A20390310EEF03086C55365CC903
110733AB03955119F803086B55D567D2
03130728BB030AC51AFE03086B55855E
CE03120706CA033A2D1B0204086B55F6
5A8C00290ADFD30388441B0304086B55
7B5B8400250A3BD9034C481B0104086B
557E5C8E00250AD4DB03494A1BFE0308
6B55EF5984002D0A06DD03D04A1BFB03
086B55BC5A5B051F0A97DD03434B1BF7
03086B55E95A6905160ADEDD03BB4A1B
F703086B55BE5B5E050D0A01DE03344A
1BF803086B550D615A050F0AF6DD034E
4A1B0004086B557256FCFB6A11E3DD03
EA4A1B0A04086B551A5507FC6311F7DD
036D4B1B1104086B55615FFDFB641162
DE03E8491B1404086C55D15E00FC6811
66DF036A481B1604086C556C5E01FC5D
116BE0037D471B1704086C553F5E3804
040D39E1037D471B1E04086E55635A38
04000D9CE103B6471B2204086E55325B
3B04020DEAE103A9461B2404086F55C0
5A4504FA0C82E20361461B2304086F55
715ABC07E80710E30317471B2004086F
55F759BF07DF076EE303AC471B200408
6F55025ABD07E307ACE303C9471B1D04
086F55315AC207DC07B8E30364471B1D
04087055465979016E13AFE303C1451B
20040870550B5977016513E1E3033744
1B2404087155E15888015D133DE403FC
431B26040871558B587C015A138BE403
A9441B2704087255495857038008C1E4
0388451B2504087155845756037E08DC
E403B0451B24040871558D574D037B08
84E403C9451B21040871550857500371
08F9E303A9451B240408705584574B03
7408ABE303C3441B26040870556D5749
049A0A9EE303FE441B27040870552857
4704900AB1E30324451B2704086F5506
574A04A10ACEE303C5441B2604086F55
B9564804990AE1E30359441B26040870
5584568B05080DD6E30315441B270408
7055C8568705030DA9E30311441B2804
08705579568305130D7DE30333441B2C
04087055E1558B05150D6CE3038C441B
2E040870552155A30682096FE3035D44
1B2D040870551355A806850977E3036A
441B2B040870550B55A8067C0981E303
84441B2C040870554C55A806780991E3
037F441B28040870557B555A03D40F9D
E3034C441B2C04087055E6544F03C70F
AAE30347441B2E0408705534545203CA
0FBDE3032A441B2D0408715580544F03
D10FC9E3037D431B2C04087155955450
03CA0FA9E3037D431B2804087255E254
A503A11071E30380431B2704087155C6
54A503A61050E3038E431B2A04087055
BD54AE03AB104DE30386431B29040871
558454B803A91054E30392431B270408
71553D548B00740C63E30367431B2904
0871552A547F007E0C7DE3033E431B2A
0408715549548D007F0C03E403D4421B
2A04087055D45392007D0CEEE4037B42
1B2A04087055C953ED03430E9BE50316
431B2D04087055D053FB03360E14E603
42431B2A04087055C753F803400E6DE6
034A431B2B0408705587530204410E26
E60329431B2C04087055CE5394039F0D
89E5030A431B2A0408705558539503A5
0DF7E403CC421B27040870557853A303
A40DBBE403FC411B2604087055D2539B
039B0DADE403A0411B2A04087055EB53
9303A00DEBE4036D411B310408705574
53BA030F0F10E503CA411B3704087155
3A53B503190F19E50316421B3A040870
552253B803130F1DE5030E421B3B0408
6F551353BD03120FF6E40305421B3804
087055DA52C102B10ECFE403FC411B37
04086F55AF52CE02B80ED2E403F4411B
3404087055D352CA02B20ED8E403F541
1B3204086F55AB52C802BA0ED9E40316
421B3004086F55C3529601FD0DDAE403
33421B3104086F55A7529301040EDAE4
0333421B2E04086F55F6529401020EDC
E4032E421B2E04086F5505539501040E
E1E4032B421B3004086F55E052DD02F7
0EE6E40312421B3204086E550053D302
070FEBE403DF411B3204086D555053D9
02020FF2E40398411B3404086C558952
E102030FFFE40393411B3304086C557B
52D702FD0E16E503B5411B3504086B55
AF528C02B10E37E503DB411B3604086B
5578528E02AE0E45E503AC411B330408
6B55C1528C02AE0E49E5039F411B3104
086B55E5528402AF0E37E503A4411B35
04086C55F8527103C40E2EE503A8411B
3404086B55D1527503BE0E29E5039841
1B3304086B558E527103BE0E1CE50347
411B3004086B55B4527103C90EDBE403
21411B2C04086B55FC52B102C20E79E4
0318411B2904086B551A53AD02BB0E2B
E40316411B2A04086B550953B402C60E
FAE30321411B2E04086C55F152B102BC
0EE2E30321411B2F04086C5533535A02
570ED1E3034B411B3304086D55715265
02590EB8E303A0411B3304086E550652
6502630E89E303E3411B3304086E551B
525502660E59E303F0411B3204086E55
EC515B025B0E40E303F1411B3104086D
557751EA02EB0E4BE303F8411B330408
6E559D51EE02F10E6EE303C1411B2E04
086D55F951E702EA0E74E303F6401B2C
04086D55EF51F702EE0E4CE303CD401B
2D04086E550452EF02D30E13E303EE40
1B2D04086E550052EE02D30EF3E203DD
401B2E04086D55AD51F902D10EE5E203
52401B3004086F555151F102CB0EE5E2
03883F1B2F040870555F51E002560EE9
E2037D3E1B3004086E554C51E502490E
F0E203733D1B2E04086D555451DC025C
0E03E303F03C1B2F04086E55B051E602
560E0BE303A03C1B3204086E556F51C2
02520FEAE2033F3C1B3204086E553651
BB02480FBDE2038F391B3104086E5525
51BB02500FA2E20330371B2F04086D55
7251BD024B0F6DE203E0361B3004086E
557C51C002440F2FE203C7381B310408
6D556551BD02D00E10E203903A1B3204
086E556B51C402C70E03E203E8391B33
04086D558151BF02D10EF8E10387391B
3304086C55F250C102D30EF9E1030C3A
1B3404086D558050D302D80E02E2039F
381B3304086C55AA50D002D30E0AE203
51361B3404086C55B250CB02C70E06E2
0334371B3304086C551251D902D30E00
E20349371B2F04086D550451F902B50E
FCE1034A381B2F04086D553951F502B3
0E08E20369391B2F04086C55C450EA02
B80E17E203D83A1B2F04086D55C250E1
02B50E28E203893B1B2F04086D55B250
CA02EB0E31E203AD3B1B3204086E55F5
4FC902F80E3CE2033D3B1B3204086F55
2850D202ED0E46E20346381B3404086F
55C44FD502F10E4CE20356371B350408
7055D94FCF02F20E4CE2038F351B3404
086F554B50AE02C00E1FE203F9321B32
04086F557F50B102BE0ED0E10305311B
32040871552950A402C00EAFE103AC2E
1B3004087055E94FAA02BC0EA3E10379
2D1B32040871551A502303240F9BE103
5D2F1B2F0408705522502203240FA5E1
03DB341B2E04087055DF4F1F031D0FC2
E103D9371B3304087155954F2303240F
D9E10391371B3404087355AD4F9D027C
0EDBE103AC341B39040873554A4F9902
820EDAE10301311B3704087355FD4E98
02830EE3E103C12E1B3604087255824F
9B02820EE6E103D3301B3404086F5594
4F6E029E0EF8E103CD331B3304086F55
A24F6F02A40E17E20359361B34040870
55CF4F6C029D0E2AE2035E371B350408
6F550D5072029B0E2BE20381351B3704
086E55B54F6D02A10E34E2032E2F1B37
04086D552C4FA602DE0E46E2033E271B
2D04086D55FC4EA002E20E5AE2032928
1B2304086E55944FA202D60E68E20307
271B1E04086D55A54F9902DF0E73E203
6C261B1E04086D551D4F0BFCB50D7DE2
036E241B2104086D554A4F00FCAB0D84
E203B4241B2204086A555D4FF7FBAF0D
8EE20360271B2504086A55374F09FCAD
0D92E203D22F1B2A04086A55444FB500
8D0E98E203B4341B3304086A55DF4EB5
008E0EDDE20312361B3804086B559F4E
B900900E92E30325301B3904086D5550
4EB900920EF9E30371251B3604086C55
584E0103B80F24E403211E1B3104086B
55C94EF702B80FF0E303AD221B2D0408
6C550A4F0803BE0FB4E303702A1B2E04
086D55DB4EFE02C00F8CE303422C1B2E
04086D55E04E0103BC0F93E303E72A1B
2E04086B551B4F3B02F30DA4E303D52B
1B3104086C55E24E4102F50DADE30304
2D1B3304086B557E4F4102EC0DB9E303
472E1B3904086C552E4F3802F00DC8E3
0326301B3E04086C55AF4E9802800FDE
E30313321B4304086D559E4E9102810F
11E403C7331B4904086D55A84E8C0280
0F5EE40325341B4B04086D55E34E9102
7C0F9BE40371341B4C04086D550B4FD7
02220FDDE403C6351B4E04086D554C4E
CC021C0F42E5036A311B4D04086C5522
4FD102200F83E503FB2D1B4A04086D55
554FC902200FABE503642C1B4804086D
55394FCF028D0EB1E503FF2A1B470408
6C55244FD1028E0E8CE503742A1B4704
086B556C4FCA02910E68E503BD2D1B49
04086D55BB4ED0028B0E5DE503A9301B
4E04086D55FE4ECA02980E67E5034D30
1B4F04086D55E04E1503EA0E58E5036B
321B5304086F55574F1703EF0E4CE503
32351B5904087055AA4F0F03EC0E53E5
0342381B5B04087055B04F0F03F10EDE
E503483A1B6204087155224FAD02410F
52E703953A1B6504087155904EAD023E
0F27E903AF371B67040872558A50AA02
3E0F78EA03FC2F1B66040872554252B0
02470FCAEB0351301B65040872558252
CC02040FA1EC03EF341B650408725566
52D002FE0E02ED0347391B6704087355
1152CE02FC0E43ED032E391B68040873
55FC51CD02090F79ED0393391B6B0408
7455CC511103F30EA1ED03CA391B6A04
0876556C510703F30ECFED03F3391B6D
040875551E511703EF0E0AEE03AD391B
7204087655BF500D03F20E64EE033F39
1B72040875552D501303F00ED8EE037E
391B7504087455E94FDF02420F36EF03
C7391B7704087355EC4FDD02400FC6EF
03C5381B7B04087455604DDE023A0FAD
F00359361B7F04087255334DDA023F0F
A4F1030D361B8004087055FD53F90222
0F54F20333361B7F0408705512540003
220FE5F203F1361B7C04087055465309
031E0F23F303D8361B7E04087155CB52
0703190F62F303B9351B7E04087055FC
52DA02000FE9F303E2341B8304086F55
9552DC02FD0E8EF40397341B8404086E
552F52DF02FE0E0BF503EB341B850408
6E55CC51DF02040F3AF5035D351B8704
086C559B51F502070F3EF503B9351B88
04086E554651EF02090F41F503FD351B
8904086E55E950EA02130F60F5033736
1B8804086F557B50F502090F9BF50362
361B8904086D558950F102110FE3F503
05361B8904086E558B50BB021E0F3EF6
038A341B8904086E556750BB021B0FAE
F6032D331B8904086F556150BB021D0F
1CF703A8321B8A040871553250C20218
0F73F7036B321B8A040870554C50C802
EF0EBFF70356321B8904086F555450BE
02EB0EFEF7030E321B8B040870557450
C002F40E36F80323311B8C04086E55EB
4FBB02EA0E8FF80360311B8E04086F55
F34FDE02BA0ED4F803A5311B9104086F
55DA4FE002BC0EFEF80367321B930408
7055FE4FDB02B90E22F903AE321B9604
087055C94FD502C00E33F90341321B97
04086F55BB4F14031B0F4DF903F6311B
9804086F555F4F0E03220F72F9034931
1B9B04086E55984F1003230F95F903E7
2F1B9C04086E55FF4E0203260FC8F903
3B2F1B9D04086D55084F0B03180FF1F9
03972E1B9E04086C55084FE402F30E27
FA03C12D1B9D04086A55FC4EDB02ED0E
6AFA03662D1B9E04086A55084FE202E9
0E93FA03712D1B9F04086A55374FE102
ED0EAEFA034F261B9E04086A55A54FD3
02F60E1CFB039C221B9C040869558A4F
CA02000FDAFB03F8211B9C04086A5558
4FD402050F82FC03BA211B9D04086B55
074FD902040FE5FC039C211B9F04086D
55CE4EA602F40E1AFD034C211BA60408
6C55D44EA902ED0E4DFD031A211BAA04
086C552B4FAE02F20E75FD03F5201BAB
04086B55284FAE02F00E95FD0366201B
AA04086C55754F9C02030FD0FD032C20
1BA704086E55C64F9902FE0E00FE0377
201BA404086F551E509A02F60E01FE03
A1201BA104086F5524509C020A0FEFFD
0395201BA704086F555E50A702FD0EE5
FD0377201BA704087155DD50F102FF0E
ECFD03E91F1BAB04087055664DED02FD
0E1CFE03B21F1BB004086F55DF4CEF02
FA0E53FE03351F1BB604087155164DF0
02FC0E8BFE032D1F1BB9040871556A4D
D702E60EB7FE03241F1BBA04086F555F
4ED902E10ECFFE03181F1BB904086E55
FA4EDF02D90EDDFE030F1F1BB804086E
551551DE02E00EE6FE03351F1BB80408
6D55A54DCA02220FDAFE03351F1BBC04
086C55DD50D302220FCEFE034E1F1BBC
04086C557D50CD02190FC6FE03391F1B
BD04086A55AE51C6021E0FC5FE030F1F
1BBF04086955B951A702EE0ECFFE0318
1F1BBF040868555352AA02F90ED7FE03
0B1F1BBF040868552052AC02F50EDEFE
03FF1E1BC004086755BB52B702F60EE4
FE03001F1BC2040867555E52AE02EE0E
E5FE03E51E1BC304086955C252BB02EF
0EEEFE03AF1E1BC704086B554253BF02
E20E06FF03961E1BC604086A557D52C2
02EF0E1DFF03641E1BC804086C55BC52
BA02ED0E37FF03461E1BC904086E55A1
51DA02D50E55FF03D51D1BCF04086D55
8354D802D30E82FF03D51D1BD204086C
55D952DC02D10EACFF03421D1BDA0408
6D550652D702C90EE3FF03EB1C1BDE04
086F552952E202E20E240004091D1BDF
04086F55BC55DE02DC0E410004EB1C1B
E0040871556C56DB02E00E510004111D
1BE0040870552154E102DE0E51000415
1D1BE3040871559154DB02130F490004
261D1BE704087155B754D9020F0F4200
042E1D1BE9040872554855DB020D0F3A
0004371D1BEA040871555A54D902150F
3300043E1D1BE904087255FE54E00211
0F2D00042E1D1BE9040870554A54EF02
FC0E2A0004371D1BE904087055B355F5
02FF0E2A0004261D1BE804086F55BA55
EE02FD0E2D0004321D1BE704086E550E
56F202030F2B00042A1D1BED04086F55
C554DC02F70E2D0004EB1C1BF2040870
557C50E402F10E420004E71C1BF60408
7155A155D502EC0E520004EF1C1BF704
0870553E55DC02F10E550004F61C1BFA
04087055EF53CA020F0F560004D61C1B
0205086F550154D1020F0F5F0004B91C
1B0B050870559D53CD02150F700004BD
1C1B1205086F556954CC02120F790004
B91C1B1405087055D954D9021C0F7C00
04A41C1B1D050870554556F002230F86
0004A81C1B2105087155C555ED021C0F
8B00048B1C1B2405087155AD57F10220
0F9100048B1C1B2A05087155A856EF02
1C0F9A0004811C1B32050870555B5404
030A0FA000048F1C1B37050872557956
00030D0FA100047F1C1B3C05087355A3
58FE02140FA700047F1C1B3D05087355
FD5805030F0FA70004871C1B3D050873
559359DB02520FA300048B1C1B410508
72558F55DE024F0FA10004981C1B4605
0873554A56DD024F0F9D00047A1C1B4A
050872551C55E102500FA100047A1C1B
5005087455C156D502380FA70004791C
1B57050874558D57D4023E0FAB00048B
1C1B5A05087455B055DB02390FA70004
871C1B5605087455A159D3023B0FA300
04981C1B5805087355335CC602800F9A
0004A41C1B5D050873550157FE027E0F
930004B11C1B66050872558056080380
0F8C0004981C1B6E0508725544570603
7D0F8B0004981C1B73050873558B58FE
02810F8D0004981C1B7B050873551C57
EF023A0F8E00049D1C1B7F05087355B4
58EC023F0F8F00049C1C1B8705087355
3F58EF02410F8B0004981C1B89050872
553F5BF1023E0F8C0004A41C1B910508
7355F25AF002240F8B0004CE1C1B9805
0872556958F102230F810004EB1C1BA1
050875558B56ED02290F6F0004DB1C1B
AB05087455405AEF02200F680004A81C
1BB4050875553F59E2021D0F6C00048F
1C1BBA050874559F5BE6021B0F790004
8D1C1BC6050872555A58E202180F8100
04B11C1BD2050874553B58D9021C0F84
0004931C1BDC050875557557DC02280F
860004B91C1BE805087455F457D00251
0F830004FC1C1BF1050873559157D302
4D0F720004111D1BF705087255E159D4
024F0F600004151D1BFD05087255AD5A
CC024D0F500004191D1B000608715500
5B0B03B10F430004111D1B0106087255
185E0E03AD0F3E00040E1D1B08060872
55645A0603AD0F3B00041D1D1B120608
7155EC590E03B10F3800048A1D1B1F06
087255325BF302CE0F230004A31D1B1E
060871550956F502CB0F0800049F1D1B
1F060871553855E302DA0FF3FF039B1D
1B1E06086F559255F002CE0FE6FF0382
1D1B1F06087155D65500037A10E3FF03
651D1B1F06087255E45500037310E8FF
035E1D1B1F06087255FB5506037E10EC
FF03651D1B20060871559C5503037A10
F1FF03691D1B1F06087255B055FA0273
10F3FF03711D1B2006087255F3550103
6B10F3FF037E1D1B2006087355925609
036310EDFF03791D1B1F06087355A156
02036410EBFF03791D1B1F06087255A5
57F6026D10EAFF03861D1B2206087055
C155EF02D410E4FF038A1D1B24060870
55C656E402D410E0FF03861D1B200608
70553057EF02D010DDFF03821D1B2206
086F558257EA02D810DEFF03861D1B20
06086E556F571803B912DCFF03931D1B
2006086F5553570703AD12DCFF03931D
1B1F06086F5586570F03B012D8FF038E
1D1B1E06086F55A2571003A812D6FF03
861D1B1D06087055B757FD022612D5FF
03791D1B1D06086D552658F7022312D7
FF03821D1B1C06086E55185800032312
DBFF03861D1B1D06086F55AD58F9021E
12DAFF038A1D1B1F06086F55E758F602
1D12D9FF03861D1B1E06086E5535592B
033C15DBFF037E1D1B1F06086F557D59
31033915DCFF03861D1B2006087055E1
5936034F15DAFF038A1D1B1E06086E55
175A32034A15DAFF039B1D1B1F06086E
55715A56030F16D4FF03A31D1B1D0608
7055DE5953030916D0FF03B01D1B1E06
0870550F5A4C030D16CBFF03D31D1B19
06086F558A5E49030616C0FF03DA1D1B
1806086E55895DDD02D911B5FF03D11D
1B1406086E55DF60DB02E011B0FF03B4
1D1B1406086D55C061E002D011AFFF03
A71D1B1206086E55D960E102D311B3FF
03B01D1B1206086F55415BF902E110B8
FF039B1D1B1606086E559F600603DE10
BCFF039B1D1B1806086D55325CFD02E8
10C0FF03A21D1B1806086C5572620203
E610C6FF03B01D1B1806086B55C963FC
02E110C2FF03B01D1B1906086A55195E
E602A910C2FF03B01D1B1C060869554B
69F502A810C0FF03B01D1B1906086B55
0069EA02A310C2FF03A71D1B1C06086B
55C367EF02A310C5FF03971D1B1D0608
6A550F67FD024711C7FF038A1D1B1E06
086B55C066FB023F11CBFF037E1D1B1E
06086A553666FC023F11D2FF03721D1B
1C06086B55656600034611D7FF03601D
1B1D06086B55B466DD02CA10DFFF0393
1D1B1E06086A550067E402C710DEFF03
9F1D1B1D06086955F766DE02C710D6FF
039B1D1B1D060868550562DB02CC10D1
FF03AC1D1B1B06086A557E64F7029110
CBFF03B01D1B1806086B55AE65FB029B
10C7FF03971D1B1C06086B55E166FD02
9D10C4FF038E1D1B1B06086A559372FC
029C10C7FF03931D1B1C06086B55E46C
00039710C6FF03931D1B1E06086C55EC
6BDE023C10C7FF03931D1B1F06086E55
CA75E1023D10C8FF03931D1B2006086E
55C180DC024010C8FF03AC1D1B200608
6D55FC8CE4024110C6FF03A71D1B2106
086D55758DFE023E10C4FF039F1D1B21
06086F55B28802033810C3FF03931D1B
2206086D55AA82F6024010C7FF037A1D
1B2206086B55AF7EFA023E10CDFF0371
1D1B2006086D55BF79F1028110D3FF03
6D1D1B2206086F554873E8027410DBFF
03691D1B2106086F556075EC027C10E2
FF03601D1B2206086E55E276F3027D10
E6FF035C1D1B2206086D553274DB02F9
0FEBFF03601D1B2106086C550370E002
0010EDFF03691D1B1F06086C555871DF
02FC0FEDFF03751D1B2106086C550472
D802FA0FECFF03921D1B2206086B5584
7BDF02F70FE4FF039F1D1B2206086955
EB7700030010DBFF03A31D1B21060869
55F4760103F80FD2FF03A31D1B230608
69554D7CFE02FC0FCDFF03A31D1B2506
086755FE7BF902FA0FCBFF03B41D1B24
060867552E75F0021A10C6FF03B41D1B
2606086755E76FED022310C0FF03A31D
1B23060869553B6CEB021710C1FF039B
1D1B2206086A55CA69EA021A10C1FF03
8A1D1B2106086955D669EF024510C7FF
039F1D1B2306086855D068EF023A10C6
FF03A31D1B21060868556F67EC024110
C4FF03971D1B1E06086955D965ED023D
10C0FF039F1D1B2106086A55E16B0003
0B10C2FF03AC1D1B2306086C55DD6CFE
020E10C1FF03AC1D1B2306086C55326D
FA020D10BDFF03A71D1B2606086C553F
77F7020510BCFF039E1D1B2606086D55
DA7301030710BFFF03971D1B2606086E
55C372FE025C10C1FF03971D1B260608
6D55626C01035D10C4FF03931D1B2606
086F55D462FF025310C7FF038A1D1B26
06086E551E60FE025A10C8FF038A1D1B
2806086F55BD5EEA029010CCFF03861D
1B2706086D55C45DEC029610CFFF039B
1D1B2606086C552B5DEF029110CCFF03
971D1B2906086C555B5CF2029810CCFF
038A1D1B2706086B55FB5B1C037810C9
FF037E1D1B1F06086B55BA5D24037710
D0FF03791D1B1106086B55AC5E1C0380
10D0FF038A1D1B0506086955375F2203
7B10D3FF03601D1BFF050867553B5E08
035010D7FF03191D1B00060868554F5D
00035410E8FF03F41C1BFE05086A5542
5CF7024A10FFFF03001D1BF005086955
395C00034910120004091D1BDC050869
55A55C010349101D00040A1D1BC70508
6855215DEF028F0F1E00040D1D1BBA05
0868550C5EF002980F210004091D1BB6
050868556C5DED028F0F240004FC1C1B
AB05086855F35CF2028A0F250004EF1C
1B9D05086955015D0703A00F2A0004E7
1C1B9105086955805C07039D0F310004
DF1C1B7F05086A55D75B00039C0F3700
04DB1C1B6605086D55C25BFA02980F3C
0004D91C1B5605086D55585BF2029A0F
3F0004E31C1B4305086E55AB5AF50298
0F400004E71C1B2F05086E559E5AF002
A00F3F0004EF1C1B1D05086D557D59EC
02A20F400004FC1C1B0605086C55FD58
DC026F0F3D0004F81C1BED04086C558E
58DE02690F3B0004F41C1BD704086C55
F857D602710F380004F41C1BC704086C
55AA57DE026F0F390004E71C1BB90408
6E55F956D7026F0F3A0004DD1C1BA604
086D559D56D702860F3D0004CE1C1B8D
04086C555E56E402930F3F0004CA1C1B
7704086D553A56DC02920F440004CE1C
1B6504086C551256E4028F0F450004CE
1C1B5304086C555956C1026D0F470004
001D1B4104086B556856BE02730F4000
04DE1D1B2804086A550558BD02670F1D
0004791E1B1904086A559D58BC02720F
B9FF03A0211B0F040868556B588C00F0
0E60FE03F62B1B0F04086A554B578E00
F30E14FC035B381B1104086A55725683
00EB0E78F80375411B1104086C559655
8600F50EC0F303C9451B1404086A5532
54C701270B69EF0399461B1504086A55
7954D0012C0B3EEC03323F1B1404086A
554454C801250BC9EA03D2411B130408
6955DB53C701290B4FEA0328451B1104
086A55A053C901250B44E903DA461B14
04086C5589538700AF0DF4E7031C471B
1504086C5526538C00B00DC0E603D846
1B1804086C55F4528300B50DDCE503A5
461B1A04086B55B8528900B20D3EE503
AE461B1B04086A559E52BF001410C9E4
03E9461B1B040868556E52B1000D1064
E403CF461B19040869554A52B4000F10
14E40323471B1A04086B551752BD0012
10CBE3031C471B1904086955F7517E00
F50C8AE3034E471B1804086A55C9517D
00F90C4FE30346471B1504086A55A551
8B00080D1EE30370461B1204086A5579
518200040D0BE30398461B1004086C55
8451F2011F0F07E30385471B1104086D
554851EF011E0FECE20323471B130408
6C552551E9011E0FC5E20322481B1804
086C550051E2011E0FA0E203B2481B1C
04086B55E450EB01170F55E20359481B
2004086B55C750B6037C0E1AE203F747
1B2404086D55C750BA037C0E03E203B8
471B2404086E55B150C0037C0EFBE103
BC471B2104086E55BC50C0037C0EF6E1
03CA471B1D040870558D50D901640FF0
E103AC471B1A04086F558D50D901670F
EBE103C5471B1A04086E558050DA016A
0FE7E103B8471B1F04086F557B50DC01
6F0FE1E10385471B28040870555E50D9
038B0FDFE1035B471B2A04086E553850
DF038D0FE4E1035F471B2A04086F5541
50E103950FEEE1033D471B2A04086E55
3750E103910FF9E10348471B2A04086E
5536503103D00E00E203E5461B2C0408
70552D502D03CF0E08E203A9461B2B04
086F5535502D03CF0E1CE20378461B2B
04086F5519502403D10E36E2037B461B
2B04086D5524502C03D10E4BE2039846
1B2C04086C550650D6023E0F5CE2037B
461B2C04086C552250CD02400F66E203
D6461B2D04086D553050CC02420F6CE2
0320471B2504086D551D50CC02470F61
E203FA461B1E04086E553350CC021B0F
57E2037D471B1E04086E553050CB0224
0F46E2039B471B1C04086F552250CF02
200F30E203C1471B1C04086E553250CA
02260F1AE203CD471B1E04086D559450
0D04900E05E203CA471B1704086B557E
500B048F0EF1E1039B471B0A04086B55
FD4F0504930EE6E10381471BF603086A
55B0500C04930EDFE1036C471BE50308
6955C650AF051D21D9E1035C471BE203
0867554552AB051B21D6E103ECA213E2
03086755AE51AD051D21F2E10395EA0E
E1030867559351A7051E2149E2030D17
0FE103086855B151A7051021DDE2037C
430FE2030867559951A901851081E303
93190FE3030867556B51A50182101AE4
034B0B0FE4030866553352A6018D10CC
E40347DC0EE103086555C253AA018A10
7FE503E1A70EE303086555F756970469
123BE603CD2710E10308645541569D04
611209E703D19C0FE2030865555E5595
046A12D9E7030EC30FE1030867559455
9D045B1293E803A6100FE0030867550C
559D01741435E9037DBF0EE203086755
535499016C14</Data>

   <DataCRC>28b80d9f</DataCRC>

   <BytesSent>9350</BytesSent>

</SBEDataUpload>
</InstrumentRawData>
</SBEDataUploadFile>
