<?xml version="1.0"?>
<!-- SCPlusV2_RS232 -->
<SBEDataUploadFile>
<ApplicationData>
<Seaterm232>
<SoftwareVersion>2.6.3.104</SoftwareVersion>
<BuildDate>30-Jun-2017</BuildDate>
</Seaterm232>
</ApplicationData>
<InstrumentState>
<HardwareData DeviceType='SBE19plus' SerialNumber='01906740'>

   <Manufacturer>Sea-Bird Electronics, Inc.</Manufacturer>

   <FirmwareVersion>2.2d</FirmwareVersion>

   <FirmwareDate>9 February 2011 08:30</FirmwareDate>

   <CommandSetVersion>1.1</CommandSetVersion>

   <PCBAssembly PCBSerialNum='25307' AssemblyNum='41054G'/>

   <PCBAssembly PCBSerialNum='25737' AssemblyNum='41580B'/>

   <PCBAssembly PCBSerialNum='24669' AssemblyNum='41606'/>

   <PCBAssembly PCBSerialNum='24372' AssemblyNum='41059D'/>

   <MfgDate>  08 DEC 2010</MfgDate>

   <InternalSensors>

      <Sensor id='Main Temperature'>

         <type>temperature0</type>

         <SerialNumber>01906740</SerialNumber>

      </Sensor>

      <Sensor id='Main Conductivity'>

         <type>conductivity-0</type>

         <SerialNumber>01906740</SerialNumber>

      </Sensor>

      <Sensor id='Main Pressure'>

         <type>strain-0</type>

         <SerialNumber>3220369</SerialNumber>

      </Sensor>

   </InternalSensors>

   <ExternalSensors>

      <Sensor id='volt 0'>

         <type>SBE 43 OXY</type>

         <SerialNumber>432005</SerialNumber>

      </Sensor>

      <Sensor id='volt 1'>

         <type>not assigned</type>

         <SerialNumber>not assigned</SerialNumber>

      </Sensor>

      <Sensor id='volt 2'>

         <type>ECO-FLNTURT CHL</type>

         <SerialNumber>FLNTURTD-2025</SerialNumber>

      </Sensor>

      <Sensor id='volt 3'>

         <type>ECO-FLNTURT TURB</type>

         <SerialNumber>FLNTURTD-2025</SerialNumber>

      </Sensor>

      <Sensor id='volt 4'>

         <type>not assigned</type>

         <SerialNumber>not assigned</SerialNumber>

      </Sensor>

      <Sensor id='volt 5'>

         <type>not assigned</type>

         <SerialNumber>not assigned</SerialNumber>

      </Sensor>

   </ExternalSensors>

</HardwareData>
<StatusData DeviceType='SBE19plus' SerialNumber='01906740'>

   <DateTime>2018-11-26T19:37:10</DateTime>

   <LoggingState>not logging</LoggingState>

   <EventSummary numEvents='241'/>

   <Power>

      <vMain>12.4</vMain>

      <vLith>5.3</vLith>

      <iMain>61.4</iMain>

      <iPump>156.8</iPump>

      <iExt01> 4.2</iExt01>

      <iExt2345>18.2</iExt2345>

   </Power>

   <MemorySummary>

      <Bytes>1110270</Bytes>

      <Samples>65310</Samples>

      <SamplesFree>3805169</SamplesFree>

      <SampleLength>17</SampleLength>

      <Profiles>71</Profiles>

   </MemorySummary>

</StatusData>
<ConfigurationData DeviceType='SBE19plus' SerialNumber='01906740'>

   <ProfileMode>

      <ScansToAverage>1</ScansToAverage>

      <MinimumCondFreq>3226</MinimumCondFreq>

      <PumpDelay>60</PumpDelay>

      <AutoRun>no</AutoRun>

      <IgnoreSwitch>no</IgnoreSwitch>

   </ProfileMode>

   <Battery>

      <Type>alkaline</Type>

      <CutOff>7.5</CutOff>

   </Battery>

   <DataChannels>

      <ExtVolt0>yes</ExtVolt0>

      <ExtVolt1>no</ExtVolt1>

      <ExtVolt2>yes</ExtVolt2>

      <ExtVolt3>yes</ExtVolt3>

      <ExtVolt4>no</ExtVolt4>

      <ExtVolt5>no</ExtVolt5>

      <SBE38>no</SBE38>

      <OPTODE>no</OPTODE>

      <GTD>no</GTD>

   </DataChannels>

   <EchoCharacters>yes</EchoCharacters>

   <OutputExecutedTag>yes</OutputExecutedTag>

   <OutputFormat>raw HEX</OutputFormat>

</ConfigurationData>
<CalibrationCoefficients DeviceType='SBE19plus' SerialNumber='01906740'>

   <Calibration format='TEMP1' id='Main Temperature'>

      <SerialNum>01906740</SerialNum>

      <CalDate>07-Jan-11 </CalDate>

      <TA0>1.255288e-03</TA0>

      <TA1>2.593288e-04</TA1>

      <TA2>-2.376104e-07</TA2>

      <TA3>1.449298e-07</TA3>

      <TOFFSET>0.000000e+00</TOFFSET>

   </Calibration>

   <Calibration format='WBCOND0' id='Main Conductivity'>

      <SerialNum>01906740</SerialNum>

      <CalDate>07-Jan-11</CalDate>

      <G>-1.033008e+00</G>

      <H>1.393941e-01</H>

      <I>-2.175401e-04</I>

      <J>3.475757e-05</J>

      <CPCOR>-9.570000e-08</CPCOR>

      <CTCOR>3.250000e-06</CTCOR>

      <CSLOPE>1.000000e+00</CSLOPE>

   </Calibration>

   <Calibration format='STRAIN0' id='Main Pressure'>

      <SerialNum>3220369</SerialNum>

      <CalDate>21-Dec-10</CalDate>

      <PA0>8.222195e-01</PA0>

      <PA1>1.566037e-02</PA1>

      <PA2>-6.194425e-10</PA2>

      <PTCA0>5.244452e+05</PTCA0>

      <PTCA1>4.417653e+00</PTCA1>

      <PTCA2>-9.798927e-02</PTCA2>

      <PTCB0>2.510725e+01</PTCB0>

      <PTCB1>-1.150000e-03</PTCB1>

      <PTCB2>0.000000e+00</PTCB2>

      <PTEMPA0>-5.917147e+01</PTEMPA0>

      <PTEMPA1>5.387460e+01</PTEMPA1>

      <PTEMPA2>-2.653169e-01</PTEMPA2>

      <POFFSET>0.000000e+00</POFFSET>

      <PRANGE>5.076000e+03</PRANGE>

   </Calibration>

   <Calibration format='VOLT0' id='Volt 0'>

      <OFFSET>-4.687158e-02</OFFSET>

      <SLOPE>1.247988e+00</SLOPE>

   </Calibration>

   <Calibration format='VOLT0' id='Volt 1'>

      <OFFSET>-4.719579e-02</OFFSET>

      <SLOPE>1.248132e+00</SLOPE>

   </Calibration>

   <Calibration format='VOLT0' id='Volt 2'>

      <OFFSET>-4.684526e-02</OFFSET>

      <SLOPE>1.248324e+00</SLOPE>

   </Calibration>

   <Calibration format='VOLT0' id='Volt 3'>

      <OFFSET>-4.678105e-02</OFFSET>

      <SLOPE>1.247145e+00</SLOPE>

   </Calibration>

   <Calibration format='VOLT0' id='Volt 4'>

      <OFFSET>-4.669684e-02</OFFSET>

      <SLOPE>1.248307e+00</SLOPE>

   </Calibration>

   <Calibration format='VOLT0' id='Volt 5'>

      <OFFSET>-4.709579e-02</OFFSET>

      <SLOPE>1.247697e+00</SLOPE>

   </Calibration>

   <Calibration format='FREQ0' id='external frequency channel'>

      <EXTFREQSF>9.999977e-01</EXTFREQSF>

   </Calibration>

</CalibrationCoefficients>
<EventCounters DeviceType='SBE19plus' SerialNumber='01906740'>

   <EventSummary numEvents='241'/>

   <Event type='ErrorFLASHUncorrectableError' count='241'/>

</EventCounters></InstrumentState>
<Headers>

cast  63 25 Nov 2018 13:28:23 samples 60367 to 60592, avg = 1, stop = mag switch

</Headers><InstrumentRawData>
<SBEDataUpload startAddr='1026222'>

   <Type>1</Type>

   <DataFormat>SEACATPLUS0</DataFormat>

   <Bytes>3842</Bytes>

   <Data>
A97603834E0DD40308165A6361FAFBED
FB2F7703F4340DDC0308175A746200FC
F5FB177703296A0DE60308175AA160FC
FBF8FB8D7703B25C0DE90308185A5D60
F9FBF8FBF08303C4F00CEB0308175A51
606501730E2B9D0307AE0CEF0308185A
E25E65017E0EBDAF035FA80CF4030818
5AD15F5F01790E5FBC03E6310FF60308
185AA25E63017D0E53C40309960DF803
08175A1F5EF6FB5E0747C9035C090FF6
0308185A795EFDFB5C0782CC03261915
F80308185A925D01FC5307B9CE039830
15FD0308185AA15FF6FB4F07E7D003E4
9615000408185A4D5D0606E10E2ED303
583B1A0004081A5A865CFD05D70E85D5
03F866180104081A5AFC5B0706EA0EF3
D603118C180404081A5A965B0806E00E
2BD803B4711B0704081B5A3B5B0406E1
0EEBD903C4601B0E04081B5AE85AF201
920D64DC033C5D1B1004081D5AB45AF6
01960DF8DE033F591B1204081B5A785A
F0019D0D2EE103C84F1B1404081B5A60
5AF401950D00E303924C1B140408195A
3F5A74065E0ADDE40339491B13040819
5A0F5A6E06620A67E603624A1B120408
1A5AF0597206560A82E703C94C1B1504
081B5AE55966065A0A18E803014F1B1A
04081A5AD659AB011E0B34E8036B501B
1F04081A5AD959A9010C0B4EE803454F
1B2404081B5AC859A301120B85E80391
4A1B2304081C5ABD59A301030BE5E803
44471B220408195AB65950034F0C93E9
0372441B2104081A5ABF595403560CA9
EA0366441B2004081B5AB8595A03550C
94EB03B2461B2404081B5AD559530354
0C19EC030D4B1B2804081A5AEC595703
460C3BEC039A4F1B2904081A5AF659A4
02100C3DEC03194D1B2904081B5AF359
A102150C53EC03A7491B2704081D5AE5
59A702060C65EC0309481B2604081F5A
EA59AC02160C7FEC03C5431B27040822
5ADA59A001830DB8EC0327421B280408
225AC859A0018A0DEAEC0384401B2904
08235ACC59A701880D3FED03263F1B2A
0408255A1A5A9C01840D98ED032F3D1B
2B0408275A2D5A3D02350CD5ED03C63C
1B2D0408255AA05C3302380C08EE030F
3C1B300408265A5D5B3B02280C19EE03
C13C1B300408275AB45A34022C0C3BEE
03443D1B2F0408255A5E5A9102D20B6B
EE03A43C1B2D0408265A555A9702DD0B
A3EE03893C1B2B0408255A315A9702D3
0BCCEE03C73A1B2C0408275A255A9802
E00BE7EE03F03C1B2B0408275A1E5A8B
02D50B00EF03B83B1B2C0408265AD359
7202C10C33EF03A93C1B2C0408255AC0
597602AC0C44EF03933C1B2D0408255A
A1597702B90C46EF03323C1B2F040823
5AA9597502BF0C47EF036D3C1B310408
245A82598F02B90D55EF03B53C1B3304
08235A71599D02B50D56EF03843D1B34
0408245A82599802AE0D41EF03133E1B
330408225A57599402B60D35EF030F3E
1B320408245A3D59C5024D0D45EF0307
3E1B320408235A2059C7024F0D71EF03
2F3E1B330408245A1D59C802550DABEF
03043F1B350408265A3F59C502550DA2
EF0367401B350408265A3A59D102370D
9BEF0386411B320408285A0C59D1023E
0DCAEF03943F1B2E0408285A1B59D902
450D14F003D83D1B2D0408285A3459D5
02330D5CF003B23D1B2D04082B5A0959
D702310D99F003D43D1B2F04082B5A15
59F302B20CB2F003A03E1B3004082B5A
2359F102B50CACF003833F1B3504082C
5A0A59F402AC0C98F00388401B350408
2B5A0359F502A60C99F003AA401B3604
082C5AF858D202CC0C8CF0039C401B35
04082B5A0459C202C60C7BF003FB401B
3404082A5AEC58CA02C10C6DF0037541
1B3104082A5AF458C502CF0C65F003F8
411B2E04082A5AD8585202820C65F003
73411B2D04082B5AB2584E02810C7BF0
03BE3F1B2B0408295A985855028C0CAE
F003153F1B2E0408285A62585B02830C
EBF003D73F1B340408265A6658F2026A
0DF6F003B9451B380408265A3B58EF02
620DC0F003C24B1B380408275A2958ED
02680DE4F003E24C1B360408265A0D58
F302680D01F103984C1B350408265AF5
57F502700DD0F00371491B350408245A
F557C202060D89F0031E461B31040825
5ADB57C602F70C9AF0035B451B320408
265AAF57C602F90CE4F00358471B3204
08255A9757C202F30C04F103AB4C1B34
0408265A7957C202CC0CD1F003894F1B
340408275A5857BD02C20CB8F0030E4C
1B320408265A2B57C902C40CDAF00392
471B320408275A0857C602C80C0BF103
7D471B340408275AD5560403110D2CF1
03594E1B360408275AC65602030F0D15
F103A8511B350408285A97560603190D
2EF10327521B2F0408285A8C5601030D
0D85F00372501B2C0408275A7D563102
D10CA7EE039F4A1B2C0408265A45562A
02CF0C67ED035D461B320408265A4D56
2E02D30C3EED038A491B360408275A11
563402DD0C18ED03F44E1B3A0408285A
01563602CE0C6FED0387501B3A040827
5AE7553502ED0CEEED03A8511B3A0408
275AD0553302010D82EC03F9521B3504
08265AB8553202F70C4FEA03BF531B35
0408265A9A552802FE0CB6E803CC531B
330408265A8E551703240D76E7039551
1B310408285A67551A03280D1CE70338
4F1B2F0408285A5F551903260DE1E603
384F1B300408285A68551A03200D45E6
0366521B320408295A4B55A102F50CA1
E503A1531B330408295A42559702F10C
77E5031C511B3304082A5A3C55970200
0D7FE503344F1B3604082C5A2B559102
F30C0DE603F94F1B3904082C5A2455B2
02250DEBE603DD531B3904082C5A2855
B902200D55E7038A551B3704082C5A1D
55BD022C0D8DE7030D561B3404082C5A
1F55AE02170D6FE70312561B2E04082D
5A1A55B602350D0EE60309531B2D0408
2D5AE954E202420D27E503DD4F1B2F04
082D5ABD54E502320D13E5038D4F1B33
04082E5A9F54E502380D24E50322531B
3504082C5AAC54ED023D0D08E503FB54
1B3704082B5A86549702F80C51E503B5
551B3404082B5A79549502F60CC0E503
30561B3104082B5A5B549202F30C78E5
036C541B2C04082A5A5C549102F40CEF
E403B6501B2D04082A5A3854EF02E50C
BAE403E54D1B3204082A5A11540003E5
0CBBE503114F1B380408295A0B54F302
E30C18E703C5521B3B0408295A0354F5
02F10C15E80398541B390408285AF953
0803000DF2E80328551B360408275AD3
530503F30C5BE903B9551B330408275A
D3530403F70C8FE80303541B2F040827
5AA6530203F50CECE70391511B2E0408
275AB9530703F80C1FE8039D501B2D04
08275AA15340032D0DA3E803A7521B2E
0408265AAA534703280D5DE803D2541B
330408275AAE534703290DDEE7031B56
1B370408275AC7534A03240D9BE703BC
561B3A0408275AC1530203560DAFE703
4C571B3B0408275ACA530803540D78E7
03D5571B3D0408285AEA530603590D20
E6033F581B3E0408295AD2530403600D
71E4038B581B3E04082A5ABB53B502BF
0CF6E203BF581B3F04082A5AA653AE02
BB0CA0E103F2581B3A04082B5A8453B5
02BC0C4BE003F1581B3604082B5AA153
B502B50C9DDF038D571B3504082C5ABD
532A03F10CF3DF038B541B3204082C5A
8E532603F50C50E00324521B3104082B
5AAC532703F10CEFE003CA511B360408
2B5A96532B03F60C6BE20376541B3904
082B5A98532903F90CBEE30311561B3A
04082C5A5B535802100D09E503CD561B
3C04082C5A54535802050D0FE6033C57
1B3C04082C5A51535402080DB1E6037D
571B3A04082D5A35534E02FC0CD8E603
D1571B3904082D5A5C539F02430DF7E5
032E581B3904082E5A5D539702480D7A
E40383581B3B04082D5A56539202420D
C4E203D0581B3C04082C5A4E53960240
0D10E10303591B3E04082B5A5253BB02
420DA5DF0333591B3E04082A5A3A53B5
023E0D9DDE0361591B3F04082B5A5653
B702440DD1DD0387591B3D04082A5A69
53B402500D02DD03A9591B3C04082A5A
5453A5022D0D26DC03B1591B3C04082B
5A6353A202280DA4DB03D4581B3C0408
2A5A6153A102230DDCDB03B6571B3E04
082A5A6F53A0021C0D48DC0395571B3E
04082A5A9353A602260D9FDC0335581B
3B04082A5A9053D902520DD0DC03BB58
1B3B04082A5A9553DC02570D01DD0361
581B3A04082B5AAA53D2025B0D54DD03
27571B3A04082B5AB653DE02550D96DE
0340571B3C0408295AA653DB02990D40
E003DD571B3A04082A5A8653D302980D
0CE1031D581B3D04082B5A5653D10297
0D7FE103BC561B3C04082C5A4153CF02
970DDFE20312561B4004082D5A385387
02060D7AE40340571B4104082D5A2553
8B02080D21E503C4571B3F04082D5A82
538602080D75E503F7571B3904082D5A
7F538602050DD0E50304581B3404082D
5A3953F502F50C3BE60353551B310408
2E5A3C53ED02EE0C87E703AF4F1B3404
082D5A2D53ED02F60CFCE903724A1B39
04082E5A1A53F202F60C0FEC035E4A1B
3D04082E5AE752F502F60CECEC03334D
1B3F04082E5ABC527B044E0B80ED03C7
4D1B3E04082D5ACB527B044E0B3EEE03
C94C1B3904082D5AB95277044C0B06EF
03064C1B3504082E5AB0527F04450BBB
EF03E04B1B3304082E5AC0522805870A
4CF003F54B1B3404082F5AD75224058F
0ABBF0039A4C1B3704082E5AF4522D05
8E0AFEF0038A4E1B3904082E5A015317
058F0A0FF103B5501B3C04082E5AFE52
8A02A10D05F103F0511B3504082E5A12
538602A40D0CF1036A501B2304082E5A
3A538802A80D20F1032D4E1B0E04082E
5A76538A02A70D4FF103C64D1B080408
2E5ACD532B03FE0B7BF103D74E1B0104
082E5AD7552903030C8AF103C44F1BFA
03082E5AF5543003FD0B7BF103D5501B
FA03082E5A91552803FB0B64F103D351
1BFF03082E5A65552B03000C40F103A7
521B0404082D5AC6548404711D0FF103
46531B0304082D5A465484047A1DDBF0
03C8531B0504082D5A1A548104751DAD
F00332541B0604082D5AC75386048C1D
8CF003B2541B0404082C5AC753F7FBB9
0E7CF003FE541B0304082C5AB653F7FB
B50E84F00328551B0604082C5AA353F3
FBB70E91F0035D551B0604082E5A8853
01FCB40E8CF00397551B0904082E5A61
530704420E75F003D7551B0A04082E5A
61530304500E3BF00311561B0C04082D
5A4E53FD03480EB7EF0316561B0C0408
2E5A365304044F0E13EF0316561B0B04
082E5A3453BB0A810A84EE0377561B0A
04082F5A2053C20A760ADEED03DA561B
0604082E5AF652BB0A7B0ADCEC03D256
1BFC03082E5A5453B70A810AAEEB034F
561BEE03082E5A5C57BD0A830AFDEA03
93551BDA03082F5AF958CC013E0691EA
0323561BD303082F5A8157C701350603
EA0392551BD50308305A0E58C5013906
F5E80348531BD50308305AEC56C00141
06FCE803C34D1BD50308305A2E562504
000A</Data>

   <DataCRC>927f0da6</DataCRC>

   <BytesSent>3842</BytesSent>

</SBEDataUpload>
</InstrumentRawData>
</SBEDataUploadFile>
