<?xml version="1.0"?>
<!-- SCPlusV2_RS232 -->
<SBEDataUploadFile>
<ApplicationData>
<Seaterm232>
<SoftwareVersion>2.6.3.104</SoftwareVersion>
<BuildDate>30-Jun-2017</BuildDate>
</Seaterm232>
</ApplicationData>
<InstrumentState>
<HardwareData DeviceType='SBE19plus' SerialNumber='01906740'>

   <Manufacturer>Sea-Bird Electronics, Inc.</Manufacturer>

   <FirmwareVersion>2.2d</FirmwareVersion>

   <FirmwareDate>9 February 2011 08:30</FirmwareDate>

   <CommandSetVersion>1.1</CommandSetVersion>

   <PCBAssembly PCBSerialNum='25307' AssemblyNum='41054G'/>

   <PCBAssembly PCBSerialNum='25737' AssemblyNum='41580B'/>

   <PCBAssembly PCBSerialNum='24669' AssemblyNum='41606'/>

   <PCBAssembly PCBSerialNum='24372' AssemblyNum='41059D'/>

   <MfgDate>  08 DEC 2010</MfgDate>

   <InternalSensors>

      <Sensor id='Main Temperature'>

         <type>temperature0</type>

         <SerialNumber>01906740</SerialNumber>

      </Sensor>

      <Sensor id='Main Conductivity'>

         <type>conductivity-0</type>

         <SerialNumber>01906740</SerialNumber>

      </Sensor>

      <Sensor id='Main Pressure'>

         <type>strain-0</type>

         <SerialNumber>3220369</SerialNumber>

      </Sensor>

   </InternalSensors>

   <ExternalSensors>

      <Sensor id='volt 0'>

         <type>SBE 43 OXY</type>

         <SerialNumber>432005</SerialNumber>

      </Sensor>

      <Sensor id='volt 1'>

         <type>not assigned</type>

         <SerialNumber>not assigned</SerialNumber>

      </Sensor>

      <Sensor id='volt 2'>

         <type>ECO-FLNTURT CHL</type>

         <SerialNumber>FLNTURTD-2025</SerialNumber>

      </Sensor>

      <Sensor id='volt 3'>

         <type>ECO-FLNTURT TURB</type>

         <SerialNumber>FLNTURTD-2025</SerialNumber>

      </Sensor>

      <Sensor id='volt 4'>

         <type>not assigned</type>

         <SerialNumber>not assigned</SerialNumber>

      </Sensor>

      <Sensor id='volt 5'>

         <type>not assigned</type>

         <SerialNumber>not assigned</SerialNumber>

      </Sensor>

   </ExternalSensors>

</HardwareData>
<StatusData DeviceType='SBE19plus' SerialNumber='01906740'>

   <DateTime>2018-11-26T19:37:10</DateTime>

   <LoggingState>not logging</LoggingState>

   <EventSummary numEvents='241'/>

   <Power>

      <vMain>12.4</vMain>

      <vLith>5.3</vLith>

      <iMain>61.4</iMain>

      <iPump>156.8</iPump>

      <iExt01> 4.2</iExt01>

      <iExt2345>18.2</iExt2345>

   </Power>

   <MemorySummary>

      <Bytes>1110270</Bytes>

      <Samples>65310</Samples>

      <SamplesFree>3805169</SamplesFree>

      <SampleLength>17</SampleLength>

      <Profiles>71</Profiles>

   </MemorySummary>

</StatusData>
<ConfigurationData DeviceType='SBE19plus' SerialNumber='01906740'>

   <ProfileMode>

      <ScansToAverage>1</ScansToAverage>

      <MinimumCondFreq>3226</MinimumCondFreq>

      <PumpDelay>60</PumpDelay>

      <AutoRun>no</AutoRun>

      <IgnoreSwitch>no</IgnoreSwitch>

   </ProfileMode>

   <Battery>

      <Type>alkaline</Type>

      <CutOff>7.5</CutOff>

   </Battery>

   <DataChannels>

      <ExtVolt0>yes</ExtVolt0>

      <ExtVolt1>no</ExtVolt1>

      <ExtVolt2>yes</ExtVolt2>

      <ExtVolt3>yes</ExtVolt3>

      <ExtVolt4>no</ExtVolt4>

      <ExtVolt5>no</ExtVolt5>

      <SBE38>no</SBE38>

      <OPTODE>no</OPTODE>

      <GTD>no</GTD>

   </DataChannels>

   <EchoCharacters>yes</EchoCharacters>

   <OutputExecutedTag>yes</OutputExecutedTag>

   <OutputFormat>raw HEX</OutputFormat>

</ConfigurationData>
<CalibrationCoefficients DeviceType='SBE19plus' SerialNumber='01906740'>

   <Calibration format='TEMP1' id='Main Temperature'>

      <SerialNum>01906740</SerialNum>

      <CalDate>07-Jan-11 </CalDate>

      <TA0>1.255288e-03</TA0>

      <TA1>2.593288e-04</TA1>

      <TA2>-2.376104e-07</TA2>

      <TA3>1.449298e-07</TA3>

      <TOFFSET>0.000000e+00</TOFFSET>

   </Calibration>

   <Calibration format='WBCOND0' id='Main Conductivity'>

      <SerialNum>01906740</SerialNum>

      <CalDate>07-Jan-11</CalDate>

      <G>-1.033008e+00</G>

      <H>1.393941e-01</H>

      <I>-2.175401e-04</I>

      <J>3.475757e-05</J>

      <CPCOR>-9.570000e-08</CPCOR>

      <CTCOR>3.250000e-06</CTCOR>

      <CSLOPE>1.000000e+00</CSLOPE>

   </Calibration>

   <Calibration format='STRAIN0' id='Main Pressure'>

      <SerialNum>3220369</SerialNum>

      <CalDate>21-Dec-10</CalDate>

      <PA0>8.222195e-01</PA0>

      <PA1>1.566037e-02</PA1>

      <PA2>-6.194425e-10</PA2>

      <PTCA0>5.244452e+05</PTCA0>

      <PTCA1>4.417653e+00</PTCA1>

      <PTCA2>-9.798927e-02</PTCA2>

      <PTCB0>2.510725e+01</PTCB0>

      <PTCB1>-1.150000e-03</PTCB1>

      <PTCB2>0.000000e+00</PTCB2>

      <PTEMPA0>-5.917147e+01</PTEMPA0>

      <PTEMPA1>5.387460e+01</PTEMPA1>

      <PTEMPA2>-2.653169e-01</PTEMPA2>

      <POFFSET>0.000000e+00</POFFSET>

      <PRANGE>5.076000e+03</PRANGE>

   </Calibration>

   <Calibration format='VOLT0' id='Volt 0'>

      <OFFSET>-4.687158e-02</OFFSET>

      <SLOPE>1.247988e+00</SLOPE>

   </Calibration>

   <Calibration format='VOLT0' id='Volt 1'>

      <OFFSET>-4.719579e-02</OFFSET>

      <SLOPE>1.248132e+00</SLOPE>

   </Calibration>

   <Calibration format='VOLT0' id='Volt 2'>

      <OFFSET>-4.684526e-02</OFFSET>

      <SLOPE>1.248324e+00</SLOPE>

   </Calibration>

   <Calibration format='VOLT0' id='Volt 3'>

      <OFFSET>-4.678105e-02</OFFSET>

      <SLOPE>1.247145e+00</SLOPE>

   </Calibration>

   <Calibration format='VOLT0' id='Volt 4'>

      <OFFSET>-4.669684e-02</OFFSET>

      <SLOPE>1.248307e+00</SLOPE>

   </Calibration>

   <Calibration format='VOLT0' id='Volt 5'>

      <OFFSET>-4.709579e-02</OFFSET>

      <SLOPE>1.247697e+00</SLOPE>

   </Calibration>

   <Calibration format='FREQ0' id='external frequency channel'>

      <EXTFREQSF>9.999977e-01</EXTFREQSF>

   </Calibration>

</CalibrationCoefficients>
<EventCounters DeviceType='SBE19plus' SerialNumber='01906740'>

   <EventSummary numEvents='241'/>

   <Event type='ErrorFLASHUncorrectableError' count='241'/>

</EventCounters></InstrumentState>
<Headers>

cast  69 25 Nov 2018 14:38:02 samples 63322 to 64164, avg = 1, stop = mag switch

</Headers><InstrumentRawData>
<SBEDataUpload startAddr='1076457'>

   <Type>1</Type>

   <DataFormat>SEACATPLUS0</DataFormat>

   <Bytes>14331</Bytes>

   <Data>
845203AFBE0DDB0308095609588D04FF
020F4F031CE20DDC03080A56FD578604
F802104F038FE50DDB03080956BB5791
04FB02CC4F0353910DDB03080A56CC57
9004FD023F5003DFA20EDB03080A569E
579200790F21500366180EDB03080A56
E35784007C0F684F03B8BE0DDC03080A
569F578800810FB34D03BFBA0DDC0308
0A56525986006D0F184C03733E0DD803
080A56FB59FCFB0C0B0B4B0374610EDB
03080B56FB58FCFB030B594A03B9F60E
DB03080B5642580BFC030B5045037CDC
0EDC03080B56AB5707FC080BD93A039C
810DDC03080B5693588A007803793203
81870FE603080C561C6097007D03874D
03B5C00EF003080C56675D91007003A0
7F03699E0FFF03080C56005B88007A03
8E9B03D0630E0404080D56FD5A8F0076
03A7AA0393A40E0904080D56BD5B120D
F309E1B50340FA0D0C04080D565D5B0F
0DF409C0BE036FA1110E04080E56D359
0A0DFC09A6C503339F160E04080F5612
590A0DF80931CB03AC90150F04080F56
F25801FCC80D39CF03B47E160F04080F
569058FDFBBE0DB3D103560117120408
10564D5800FCCA0D3CD30339BF1A1704
0811565558FEFBC40DFAD4034E871B1C
0408125608587201370EBDD603FD7B1B
1E040813562D587901360E2CD803D777
1B1F0408135670588101320E6FD903BD
731B210408135662587E01400EE8DA03
CE6A1B1F04081456A9588800AC12AADC
03046E1B1C0408145685588E00AE12FC
DD034B711B18040815566E588700A312
F5DE032B741B170408165672588B0096
1294DF035A731B180408175639588C00
AA1247E00316661B1D04081756755896
023E0EC4E0031E5E1B22040817569258
A002400E0BE103415D1B2604081756EA
589302460E7BE103A15F1B2604081756
D358A402430EF3E1034B5A1B25040817
56CA582403830E33E203455A1B220408
185669582B03850E81E203175B1B1F04
08185692582203800EA2E203395B1B1C
04081856E75826037E0EA8E2037C5D1B
1E04081856A1582E020D0EACE203EB5E
1B2104081956B6582C02100EA8E2038C
651B24040819560A592902070E96E203
36641B2304081956B9582C02170EC0E2
03D9621B1F04081956045977039E0DFA
E2030F5C1B1C04081A56D35877039C0D
23E30350591B1B04081A56CC587D039E
0DFAE203E7561B1D0408195671587303
990DBCE203D7541B2204081956925869
039E0DAFE203C1561B27040819560459
A3025D0DCAE2031A531B2804081956D7
579902620DF2E2035C541B2604081A56
1757A402610D2DE3031B561B2104081B
56A556A102640D5EE3033E551B1E0408
1A56FF55D002EA0E82E3035B531B1C04
081956E255C402E60E83E303DB511B1A
040819569A55D102F80E6FE30334521B
1D040819568455D502F80E66E303A153
1B2204081A562455D802E90E7EE303A3
551B2904081A56D954E202F30E8BE303
5A561B2B04081A56DB54DB02F00E98E3
032C561B2D04081A560155D302F20E80
E3036B561B2C04081B56E0549C02BA0E
6DE3039A5C1B2A04081B567554A202C1
0E52E303BD671B2B04081B5655549C02
BD0E3AE30315631B2804081D566754A3
02C30E25E303A65F1B2404081D562054
9F02BC0E22E3035F5B1B2404081D5633
54C602F30E58E30366581B2304081D56
0854BB02ED0E89E3036F571B2604081C
56E253C302EF0E84E303E3571B2E0408
1C56CD53BB02F10E56E303085F1B3204
081D56CC53C202E00EFCE203AA6E1B33
04081D56CE53C502E20ECEE203BD731B
3204081D569D53B902E60E3FE103E873
1B2C04081D568B53C402E00E74DE034E
6F1B2804081D569153D902CD0EEADC03
04661B2304081D566153DB02D10EB7DC
03F75F1B2904081E565D53E002D80E97
DC0319621B2D04081D560D53E402CC0E
DFDC03FD691B2F04081D565553CF0200
0F13DD03FF701B2F04081D56D452C402
FF0E91DD03BC6E1B2F04081D568F52DC
020B0F29DE03CC651B2D04081D569352
D902070FEFDE037B611B2D04081D5660
52D102F30EC2DF035E5F1B3404081E56
9352CF02EF0E61E003C65F1B3704081E
56A752CC02EB0ECDE00311611B380408
1F568252CF02EC0E31E10362601B3A04
081F564052D102EA0E93E103165C1B3E
04081E5665529F02130F07E203C1561B
4504081E56FD519902130F57E2038557
1B4C04081E56F7519A02090F76E203C4
5E1B5004081D56C6519902100F3DE203
0A6A1B5504081E56D051D202010F2AE2
033D701B5804081D56BF51D502F90E65
E20381691B5904081E560B52CC02080F
7FE2034F611B5B04081F566E51CF02FC
0EA1E203805D1B6004082056A851C902
D80ED7E203565C1B66040820566F51C2
02DB0E05E303285A1B6E040820567951
C602DC0E39E303C4571B7604081F56E4
51C402DC0E36E303EE621B7C04081F56
A851BA02E00EF2E203946B1B7D04081F
56B851C602F20E2AE3031B701B7B0408
1E564951C202F30E61E203576E1B7904
081F565A51BC02EB0E13E10380671B7B
040820566551BD02EA0EC4E00355651B
82040820561351B102DF0ED2E003FE6B
1B89040821561551AC02E20EC9E003B3
721B8E040822561851B502E20EE0E003
0D751B9004082356E750AA02E00EDFE0
038F771B9004082356C150C402CA0E6E
DF03157A1B9104082356EF50BE02D80E
FCDD03DA7B1B8D04082156B850C402D6
0EA5DC03AA7C1B8804082156CB50C302
D60EB7DA0316791B8604082256B450B2
02EA0ED5D80369741B8404082356BC50
B102F40EF1D703846E1B890408255684
50B302ED0E97D7039B681B9104082456
7E50B002ED0EE5D80388661B99040825
567A50B302F50EF4DA03866B1BA00408
26568350BC02000F85DC03B7731BA304
0826568E50BD02FD0EECDD0314781BA7
040825566450BD02010FE5DE03117A1B
A504082456AD50BC02FE0E98DE034878
1BA6040824568B50D102F00EE9DC034F
751BA7040822566B50CD02ED0E8CDC03
F5761BA804082156B750CC02F20E2ADC
03B6771BA9040822569050CC02EC0EA4
DB03647C1BA704082156CF50A102BC0E
F7DA03E97E1BA604082156AD509A02C6
0E9FDA03767A1BA204082256A350A302
BD0EA6DA03F2701BA404082256A7509E
02BA0E01DB033D6A1BA9040821566B50
BA02B70E4CDC038A691BB00408205677
50C202C70E61DD031B6C1BB504082056
4050BD02CA0E03DE03E06B1BBC040820
562050C202C90EB6DE03C66F1BC20408
21562550C002C00E4CDF03E2751BC504
0820562250D502F30ED1DF03997A1BC6
040821565D50CA02EC0E70E0039C7C1B
C5040823567650CB02F80E69E003F47C
1BC2040825568750D002EC0E14DE031A
761BC1040824566950BA02E00EB6DC03
FD6F1BC2040827563F50C502DC0EADDC
034A6B1BCA040826561550BD02E30E30
DD030D6E1BD0040827563A50BD02E40E
57DD0386731BD2040827563F50CC0230
0F43DD03E4791BD3040827560E50CE02
380F75DD034F7C1BD2040826566D50CA
022A0FF3DD03957D1BD0040826562B50
D302250F30DD03AA7A1BD20408285624
50E402280F88DB03FD6F1BD704082956
FF4FE402310FA1DB03EB671BE3040828
56E94FE702290FA8DC0311671BE90408
2856C24FE0022F0FAFDD03666D1BEE04
082956F24FE402310FA8DE03F5741BEA
04082A562150CC02310FAFDF036D771B
E504082A563150CD02310F67E003F076
1BE4040828561E50D302350FBFE003D8
771BE504082856E54FC6022A0FE0E003
007A1BE504082756CC4FC102200FF9E0
035C7A1BEA04082756E54FC102200F0E
E10357761BF3040827568B4FC602210F
0CE103116E1BFE040827562C4FBB0224
0F18E103206C1B0A05082856374FE202
2B0F4FE10325701B0D050827561A4FE0
02310F7CE103F3751B0C05082856F64E
D502360F9CE1037C781B050508275610
4FDF022D0FC9E103CF771B0305082656
0A4FBB02F30EF2E103EC761B00050825
56BE4EC002EA0E14E203E6751B030508
2556D04EC102EA0E35E20389741B0A05
082456BB4EC102F00E64E20390751B12
05082456CA4EBE02EE0E8DE203E3781B
1905082456984EAB022E0F93E203F47B
1B1A050825569A4EB302390F88E2032F
7E1B1E05082656874EB102270F80E203
3B7F1B21050826569B4EB202320F77E2
03CC7F1B2205082656604EC3021C0F59
E2032B801B26050826565A4EBD02240F
0AE203A7801B2605082656614EBF021C
0F83E103E27F1B2A05082656874EC102
1C0F06E103BF7D1B3005082856124EC3
02320FCEE003DA7B1B3505082856614E
C0022B0FD0E003097B1B39050829564B
4EBB022B0FE2E003B37D1B3D05082A56
374EBD022D0FC4E0031F801B3905082A
565F4EC302F30E70E003BE801B380508
2C56744EBB02F70E1EE003407F1B3705
082D565A4EBA02EE0EEBDF033F7D1B39
05082D56504EB802ED0E25E003577A1B
3E05082E56EF4DBD02F10E99E003B177
1B4705082E56B14DCB023C0F1EE1031D
781B4C05082E56B04DD302420F88E103
E87B1B4F05082F56574DCC02410F9EE1
03217F1B4C05083056504CD3023D0F90
E103BC7F1B4C05083056B34CD402340F
92E103DE781B4F05082F561D4CDC0227
0FC9E1038E731B5405082F56184CDC02
2F0F45E203C9721B5A05082E56FA4BE1
02350FE8E2036D731B5D05082E56F84B
D102530F65E30375771B6105082E5634
4CD2024D0F8AE303327A1B6405082E56
624CD402530FAEE303157B1B67050830
560C4CD4025C0FD7E303AE7A1B6B0508
30564D4CBE02420FEDE303057C1B6F05
082E56F34BBD023A0FF0E3033B7D1B70
05082E56D44BBF023B0FE9E303C47D1B
7005082D566A4BB8023C0FDBE303857D
1B7005082E564A4BBD02430FC3E3034A
7C1B7105082E56B04BC802200FA5E303
897A1B7405082D566B4BCC021A0F9CE3
0392791B7805082D56664BD102200FC9
E303F07A1B7E05082E56ED4ACC02230F
FFE303557D1B7F05083056EB4AD80228
0F0AE403BB7E1B8305082F56E74AE202
2C0F02E403EF7F1B8305082F56C34ADD
022F0FF4E303FE7F1B7F05082E56CD4A
DE02310FEDE3038F7E1B7C05083056E6
4AD102420FE3E303D07A1B7E05083156
E64ACA02430FF3E3033E6F1B80050830
56B54ACD023E0F91E403AB661B870508
3056AB4ACF023E0F9FE5039D5F1B9205
083056A24AE702C00F33E703EE581B98
05083056864AE502BC0FBAE80344571B
A0050830569D4AE602C20FBDE9037356
1BA205082F56484AD902BD0FCDEA037D
551BA8050830567C4ADF02C40FB9EB03
CB541BAC05082F56684ACC02550F73EC
0324551BAE05082F568F4AD0025A0F0E
ED03D2551BB005082F56684ACF02510F
5FED0360551BB205082F56774AD40255
0F86ED03D7541BB605082F56A04ADE02
7C0F9CED0344531BBD05083056914ADD
02780FBAED0329511BC505082F56B44A
E3027F0F28EE0316501BC805082D56BA
4ADD02800F9EEE03EF4F1BC905082C56
BB4ADE02560FEFEE0315501BCA05082B
56D84AE0024A0F28EF0326501BCB0508
2A56F54AE202540F46EF0376501BCB05
082A56054BE0024D0F50EF0300501BCB
05082956FA4AD2022B0F5CEF03414F1B
D2050829564B4BD1022A0F8BEF032A4D
1BDC05082856314BCA02330FD8EF0362
4A1BE205082756604BCD022F0F2AF003
D8481BEB050826565E4BD6022B0F83F0
034C481BEE05082556854BDA029F0FC6
F00340481BF405082556A84BDD02980F
E4F00311481BF405082456C84BD602A0
0FF0F0035F3F1BF805082556474CDD02
A50F1CF1031A3A1BF6050826562A4CCC
02620F7FF103E1371BFC050826561B4C
CF02560F02F20373361B020608275624
4CD3025E0F80F20358351B0A06082656
4F4CCD025A0FF2F2034C351B13060827
561E4CE002BC0F59F3039F341B190608
28561E4CDD02BE0F95F30321341B1C06
0829560C4CD902BE0FB5F30389331B1C
06082C56394CDC02BE0FCAF303AB331B
1B06082C56794C04039D0FE4F3037E33
1B1D06082E56B84C0203A50FF2F30363
331B1F06082F56204DF902A60F01F403
5B331B2006083156264DF802A30F0CF4
0328331B1F060834567A4D02039C0F0B
F40313331B2206083356C24DCB02CB0F
0DF403ED321B24060835561C4ECF02CC
0F0DF403D0321B2806083556834ECC02
C90F12F40395321B2C06083456BC4ED1
02CF0F1BF403A6321B3306083656DF4E
DB027C0F2DF40349321B38060837567D
4FD9027E0F3FF4033F321B3806083856
D24FE002780F45F4030E321B37060838
56AF4FE002820F38F40384311B380608
3856FE4FC002620F2DF40362311B3906
0837562050C302620F2AF4035E311B3D
060835567D50C2025F0F26F40344311B
4506083656A350BD02630F24F4036A31
1B4A06083556CB50D7029E0F26F4036A
311B4F060833569B50E602980F28F403
5E311B4E06083256E750DB029F0F31F4
0340311B4A06083256FB50DC029D0F38
F4032C311B42060832563951DC029F0F
3EF403C6301B40060832569B51F20276
0F3EF403CF301B4406083256BB51F202
7E0F33F403EC301B4D06083256EC51F5
027C0F30F403F9301B55060833561052
F3027F0F37F403CB301B6206083556F4
51D502870F44F4037A301B6906083456
1E52D0028F0F50F40372301B6E060837
568252CC028F0F52F40387301B6C0608
3756B252D2028E0F52F40359301B6C06
083856D552CF02B90F4DF40366301B6D
06083856C052CE02C00F4EF4035D301B
6E060837562353CF02BA0F54F4037630
1B73060837569553CD02CD0F53F40361
301B77060838567853FE02840F50F403
4C301B78060838567853FD02850F4BF4
0351301B7C0608365688530403820F47
F4034D301B7C06083556C3530403830F
4CF4032B301B7F06083456E15300037E
0F50F403D22F1B8406083656E153DB02
710F57F403F82F1B8906083656FF53DE
026E0F5AF40305301B90060836563E54
D602650F54F40301301B940608345690
54DB026F0F52F403F82F1B9606083456
7E54BB02980F54F403DF2F1B94060833
56AC54C6029B0F5BF403C62F1B900608
33569754C0029A0F69F403932F1B8F06
083356C354C3029C0F6FF4037A2F1B90
060833567E54DB02590F70F4039F2F1B
93060833568354DB02620F6BF403A42F
1B9906083356A054E302620F68F40398
2F1BA306083356E154DE025A0F6DF403
9C2F1BAE06083656C2540603800F71F4
03832F1BB5060837560C5518037B0F7A
F403532F1BB8060837562B550F03820F
7FF403372F1BB9060839564F550D037E
0F84F4031E2F1BB70608395648550603
7C0F89F403262F1BB5060839567855BB
03AF0F94F4031E2F1BB006083956E755
C003B00F96F403152F1BAF06083756B6
55BE03A20F92F4032A2F1BB106083756
FA55BF03B70F87F403482F1BB5060836
56D6552803BF0F7DF403332F1BB80608
3556F2552B03BC0F74F4032E2F1BBB06
083756DC552B03B90F7AF4032A2F1BBD
0608365689553A03B50F83F4031A2F1B
BC06083756F2554B03A7118BF403152F
1BBE06083956DA555603A71193F40300
2F1BBF06083A56D1555803A81194F403
F42E1BBD06083956FD5551039E1191F4
03FC2E1BBD06083756CA552F03B00F8F
F403F42E1BBB06083756D6550103B20F
8FF403F22E1BB9060836560356FE02B0
0F91F403EB2E1BB906083656F9550603
AF0F90F403F82E1BBD06083756095600
03A60F83F403112F1BC206083756F455
3D04C41076F4031E2F1BC506083756AD
553B04CA1073F4030A2F1BC706083956
F2553804D1107AF403DA2E1BC5060838
56E7553C04BF107FF403D62E1BC50608
39560556E2028E0F85F403C52E1BC606
083856D555D7028F0F8CF403BD2E1BCA
06083B56FC55D8028E0F8DF403CA2E1B
D206083B56F655E1028A0F84F403D52E
1BDB06083A560A56DC0253117EF403D2
2E1BE106083856FF55E302531180F403
C52E1BE6060839560C56E402571182F4
03BD2E1BEE06083A563056DB02591186
F403AC2E1BF006083C561156DD028D0F
89F403A12E1BF306083C563856CF028E
0F8DF403972E1BF006083D565256CC02
880F95F4038F2E1BF106083A567456CA
028F0F97F403862E1BF506083C564656
C9028E0F98F4036D2E1BF906083E5693
560203650F97F403822E1BFD06083F56
5D560203690F9BF4037C2E1B0007083F
56A756FB02710FA1F4037A2E1B050708
3E56E25600036D0FA8F4036D2E1B0907
083D568C56CD025C0FACF403472E1B0D
07083B56DF56D002620FB1F403432E1B
1107083B56B656D302600FB5F4033C2E
1B1707083C56A256D102660FB8F40336
2E1B1E07083C56CA56DB02850FBFF403
112E1B2307083C56B856E5028D0FBFF4
03082E1B2607083D56C556DE02910FC1
F403112E1B2A07083B56F356E3028F0F
C5F403152E1B2C07083A56F556DC027B
0FC8F4031F2E1B3207083A560257D702
640FCEF403EF2D1B3707083B562257CE
02600FCBF403E22D1B3C07083B56F956
CD02600FC9F403F32D1B3F07083B5604
57CC025F0FC5F403002E1B4207083A56
3B57D402780FC8F403FB2D1B4707083B
564C57CE02760FC9F403D62D1B490708
3A565757D402730FCDF403CD2D1B4607
083C566F57CF02710FD3F403D22D1B41
07083D565357E002310FDAF403AC2D1B
46070840569C57D9022F0FDEF403AC2D
1B4C07084056FE57DB02280FD9F403CF
2D1B55070840567658DF022A0FD6F403
E22D1B5C07084056CE5851038A0FD1F4
03DE2D1B6507083F565F595803900FCF
F403DE2D1B6507083E56DA5956038E0F
CFF403D22D1B6307083F56245A53038B
0FD3F403CB2D1B6207083C56945A5003
910FD4F403C52D1B6807083B56C75ADE
02FB0FD6F403D22D1B7207083A56E65A
E3020010D1F403E22D1B770708385601
5BD7020010D0F403DE2D1B7C07083856
1C5BE0020410D1F403D22D1B78070839
566E5BCE02630FD2F403C32D1B770708
3A568E5BCB02640FD5F403BD2D1B7907
083A56C55BCF02650FD5F403BD2D1B81
07083B56F45BD302610FD2F403CD2D1B
8C070838561F5CE8028F0FCFF403DA2D
1B98070836562C5CDC02930FCEF403BD
2D1BA007083556485CDF028D0FCFF403
B62D1BA4070837568E5CE302850FD0F4
03B02D1BA007083756E75CC1021110D1
F403A82D1B9B07083856DE5CB7021310
D2F403A82D1B9A070839560D5DC2020B
10D4F403972D1B9D07083B56455DC002
0F10D0F403AE2D1BA507083B56795DBE
020B10C7F403B82D1BB307083B56225E
0203410FC7F403B02D1BC007083D56DC
5F0003380FCCF4039F2D1BCC07083E56
5F61FF02430FD0F403972D1BD707083D
56166302033B0FD4F403972D1BDA0708
3F561164F6023B0FD5F403822D1BDB07
083E566E65F4023F0FDAF403822D1BD7
07083E56F565E802460FDBF4038A2D1B
D607084056B566EF023B0FDDF403712D
1BD2070841568F67DD028D0FDEF4037E
2D1BD0070841561068DE02910FD9F403
8E2D1BCD070840568E68DA028F0FD1F4
039B2D1BD107083F56DC67E002950FCA
F4039B2D1BDA07084256C566D102C90F
C8F4039B2D1BE3070843563066C902CC
0FC7F403932D1BF0070842568265D302
D20FC5F4039B2D1BFD07084256F464CF
02D00FC4F403922D1B08080841567C64
C802C50FC6F403972D1B0F080841569D
64E1021510C8F403932D1B0B08084256
5364DE020F10CEF4038A2D1B0508083F
56EC63D5020E10D2F403822D1BFE0708
3F56B163D9021610D1F403822D1BFE07
083F56AC63ED02DE0FCCF403922D1B02
08083D56E863ED02E00FC4F403A82D1B
0A08083C56FB63F002E10FBCF403AC2D
1B1008083D56E763F202E40FB5F403B0
2D1B1708083E568A63EF02C00FB1F403
A82D1B1D08083D568C63ED02BC0FADF4
03A62D1B2508083F561562EF02B80FAD
F403972D1B3108083D56C961EE02BE0F
AEF403972D1B3A08083D565761DB022F
10ADF4039B2D1B4808083C56A861DD02
2D10B0F4039B2D1B5308083E564E61DF
022B10B1F403972D1B6208083E565361
E5023110B5F4037A2D1B6C08083D567C
61D5022510C0F4036D2D1B7008083C56
1F61E9023410C6F403712D1B6E08083D
563561EF022E10C7F403752D1B6E0808
3D56AC60EB022A10C8F403862D1B6E08
083D566360EF022910C6F403822D1B75
08083D564B60EA02550FC7F403822D1B
8308083F56F35FE802530FC8F403712D
1B9408083E56E75FEE024C0FC7F40371
2D1BAD08083D56785FF602530FC2F403
792D1BC708083F56155FDE02800FBBF4
03822D1BDE08083F56825EDE027B0FB2
F4038A2D1BF608083F56725EE202760F
AFF4038A2D1B0A09083E565B5EDB027D
0FB2F4037E2D1B1309083E56375EFE02
A00FB8F403752D1B1509083D560C5E02
039B0FBAF403792D1B1909083C56F25D
FF029E0FBDF403792D1B2109083D56DF
5DFC02980FBEF403762D1B2D09083E56
A65D00039D0FC0F403752D1B3909083E
56A15DE6020010C1F403712D1B450908
4056695DD8020010C5F403682D1B4E09
084056545DD7020110C7F403602D1B58
09084056175DDC020010C9F403622D1B
5D09083F56E85C0003F00FC8F403642D
1B6209083D56F85CFF02E90FC1F40375
2D1B6009083D56DB5CFE02ED0FBBF403
822D1B6009083C560B5D0803E90FB4F4
03822D1B6009083B56275DF9028C10AF
F403932D1B5F09083A56255DEF028610
ABF4038A2D1B5F09083A56465DEA028A
10A8F4038E2D1B5F09083A569A5DEF02
8B10A5F403972D1B6009083A564F5D0D
03B910A4F403932D1B5E09083A56365D
0B03B810A8F403862D1B5F09083956B3
5C0F03B810AAF4038A2D1B5E09083A56
CF5C0F03B810A9F403862D1B5F090839
56FB5C1003B810A8F403932D1B5E0908
3856E55CEF025E10A3F403932D1B5F09
0839562E5DEB0260109DF4039B2D1B60
090837561D5DF4025F1098F4039F2D1B
60090838562D5DE902581099F403922D
1B6409083A56A15C010397109DF4038A
2D1B6409083956795CFC029710A3F403
7E2D1B6509083856735C01039710A9F4
037E2D1B66090838569B5CFB029B10A9
F4038E2D1B6709083956B95CE3029612
A7F403932D1B6609083A56025DD80292
12A7F4038A2D1B6709083B561C5DE002
9012A9F403862D1B6609083C56565DDE
029412A9F403822D1B6709083C562F5D
E3026A12A7F4038E2D1B6509083C56E1
5CE4026F12A7F403822D1B6709083B56
E45CE2026912A8F403822D1B6609083C
561F5DE0027412A9F403862D1B680908
3C56435DE0027312A8F4038A2D1B6709
083B56525D7B03D52AA9F4038A2D1B67
09083C56745D7603D82AA8F4038A2D1B
6609083B56855D7203E02AA7F403932D
1B6709083B56685D7603D32AA1F403A2
2D1B6909083D56C45D990304369EF403
972D1B6809083F56E15D9C030736A0F4
03932D1B6809083E56B15D96030836A5
F4038A2D1B6709083E56CE5D97031936
A9F4037E2D1B6909083E56955D9503C0
32ADF4037E2D1B6909083E56A25D8903
BC32B0F4037E2D1B6909083E56C75D8E
03C232B2F4037E2D1B6909083E56CF5D
8C03C032B2F403792D1B6909083F5603
5EA9037A3AAFF4037E2D1B6A09084056
035EAB038E3AACF4038A2D1B6A090840
56E75DAB038B3AA8F4038E2D1B690908
3E56C95DAF03903AA6F4038A2D1B6A09
083E56D05DA5037D3AA2F4038E2D1B69
09083F56F65D2803D1169CF4039B2D1B
6809084156255E2903C91697F4039F2D
1B6A09084256BC5D2903D11696F40393
2D1B6809084056BD5D2B03CC1698F403
8E2D1B6709083F56C75D3403631598F4
03932D1B6709084056B35D2903601596
F403972D1B6609084156B45D30035115
95F403972D1B6609084056D25D2D035D
1594F4039F2D1B6609084156C05D5303
71158FF403A32D1B6509084056B45D4F
0377158BF403AA2D1B6609084056965D
51037C1587F403B02D1B6509083F56A6
5D5103771587F403A82D1B6309083E56
DB5D2B038B1685F403A32D1B6509083E
56F25D2B03861680F403AC2D1B640908
3F56D85D2D0388167CF403B22D1B6309
084056EE5D2F038D167EF403B02D1B63
09083F56FC5D24038D1680F403A82D1B
6609083D56105E4F03AB1683F403A32D
1B6809083D56BA5D5203AA1682F403A8
2D1B6609083C56C75D4F03A51682F403
AC2D1B6509083C562E5E4E03A91681F4
03AA2D1B6509083B56A95E3403AD1480
F403A82D1B6209083B56865E3103A414
80F403AC2D1B6209083C56545E3003A2
1482F4039F2D1B6109083B56725E2F03
A21485F4039B2D1B6009083C56B25EFE
02581186F4039B2D1B5F09083C566A5E
0203511186F4039E2D1B5F09083C56BC
5EFD02591185F4039B2D1B5C09083C56
8E5EF302561180F403A32D1B5F09083E
56AC5EF20206117CF403B02D1B620908
3E568F5EF402031177F403B42D1B6409
083E56A65EF102061170F403BA2D1B68
09083E56B55EF10207116EF403BD2D1B
6909084056C95EEA02FD106EF403BD2D
1B6709084056555F010327116FF403BD
2D1B63090841567A5F0503261170F403
B42D1B6409084156FD5E0403231174F4
039F2D1B6509084156C15EFC02291177
F403922D1B6A09084156F8610E03A111
77F403682D1B6B09083F569C621403A3
1179F403682D1B6A09083F564C610B03
A31179F403752D1B6A09083E5697600F
03A5117AF403752D1B6A09083F569960
2B03E51779F403662D1B6909083F5631
601E03F2177BF403682D1B6B09083F56
D45F3503F0177AF403712D1B6809083D
56DE5F3303ED177AF403712D1B630908
3C56A65FF2038A4079F403792D1B6309
083B56DC5FE9038E407AF4037E2D1B63
09083C569F5FE70386407AF4038A2D1B
6009083B56B15FEA0384407AF4038A2D
1B5E09083A568A5FF0038A4078F40386
2D1B5D09083A56F85E0704AC6379F403
7E2D1B5C09083956DB5E0A04AA6378F4
03862D1B5F09083956945E0604AE6376
F4038E2D1B5D090839562D5E0C04AC63
72F403922D1B5F09083B564A5E5D044F
5E6CF403932D1B5E09083A565D5E5504
5B5E6CF403822D1B5F090839566B5E5C
044A5E6FF403752D1B61090838563C5E
5904575E72F403712D1B5F0908385693
5E2B03521975F4036E2D1B5E09083956
C05E2C0352197DF403642D1B5E090839
561A5F2B0350197FF403642D1B590908
3B56355F2603561982F4035C2D1B5009
083A56C65E2C03D81D81F403582D1B43
09083A56A65E2903D01D81F403532D1B
3909083956B65E2F03D11D80F4035E2D
1B3909083956AB5E2A03DD1D7FF40360
2D1B3C09083A56EC5E2E03D31D81F403
532D1B4209083B56C15EF402821086F4
033A2D1B4909083956B55EEF027B108E
F403362D1B5109083956E95EEF027A10
97F403362D1B5609083756DD5EEB027E
1099F403212D1B5209083956E95E4003
D01097F403362D1B4609083A56FE5E41
03D6108EF403582D1B2F09083A56F15E
3903DC1083F403752D1B2609083956DD
5E4003D6107EF403682D1B2409083956
3C5FF002D80F81F4035E2D1B2609083A
566E5FF002E00F84F403582D1B2B0908
38563B5FEF02DB0F89F4034F2D1B2E09
083A56045FF102D80F8DF4034F2D1B31
09083A561E5F0403E80F8FF4034B2D1B
3509083B562F5FFE02EE0F92F403472D
1B3309083C56FD5EFF02ED0F92F40349
2D1B2309083B563C5FFC02EA0F94F403
432D1B1609083C56325FF902EE0F93F4
03362D1B0909083F56465F0403801095
F403362D1B0809083F569E5FFC028110
98F4033A2D1B0709083F56625FFE0284
1099F4033E2D1B0909083F568B5FF902
77109EF403192D1B0E09083F56915FD7
02B70FA2F403212D1B1209083F56B65F
D702BA0FA8F403212D1B1709084156A7
5FDD02C00FAFF403192D1B1309084156
755FE402BC0FB5F403F32C1B0309083F
567E5FF402EA0FBDF403E42C1BF10808
4056935FE802EE0FC0F403F32C1BE408
083F56A35FF802ED0FC1F403FF2C1BE0
08083F56B15FED02E70FC1F403FF2C1B
E308083E56D55FFB029C0FC5F403FB2C
1BE708083C56CD5F03039E0FC9F403FB
2C1BEB08083C56E65FFF029A0FD2F403
F02C1BF3080839560C60F902980FD4F4
03E62C1BFB08083856FE5F02039D0FD6
F403E62C1B0709083856F45FDF02A50F
D4F403EA2C1B0C09083856D35FD802AD
0FD4F403EF2C1BFF08083756D15FDE02
B40FD0F403E62C1BE908083756D55FE2
02AD0FC9F403F92C1BD208083656F25F
DF022010C5F403042D1BC408083556F5
5FE0021710C1F4030C2D1BBE08083456
4B60E5021810BDF403102D1BBF080836
567060D9022310B6F403192D1BBA0808
34564160D402970FB4F403192D1BB708
0835567360E6029D0FAFF403142D1BB9
080835568360DB029F0FB0F403102D1B
C0080836564460E002A70FB1F4031D2D
1BCD0808375642600103AD0FB2F40321
2D1BD5080837561F60F802B50FB5F403
1D2D1BDA080838563D60F902B70FB9F4
03152D1BDF08083756FA5F0203A70FBA
F403142D1BE5080837560960F802B30F
B7F403212D1BEA080838564160E0022B
10B3F403252D1BF0080838560260E202
2F10ADF4033A2D1BF708083856FA5FDE
022710A4F403472D1BF908083956C95F
DC022F109CF403512D1BF608083956B0
5F0603561097F4034B2D1BE408083A56
2B600D03641098F403472D1BD008083A
5651600D03601098F403472D1BBA0808
3A56FA5F0B035A1098F403432D1BAA08
083A561460DC0209109AF403412D1BA2
08083A565F60E1020B109BF4033A2D1B
A0080839569960E30209109BF4033A2D
1B9C08083A56A160DC0212109BF40343
2D1B9F080839569E60DD02BE0F9BF403
432D1BA408083956B660DA02C00F9EF4
033A2D1BAD080839567B60DD02BC0F9F
F403392D1BB608083A569260DA02BF0F
A0F4033E2D1BC0080838569660DD02B8
0F9CF4034B2D1BC908083756AE60FD02
05109CF4034B2D1BCF08083656E26000
03031099F4034F2D1BD408083656AC60
0803FF0F98F4034F2D1BCE08083656B0
600203001094F403592D1BB908083756
B660DB0219108EF403602D1B9E080837
56A560E2021B1089F403642D1B880808
38568160E3021C1083F403682D1B7C08
083856C760D802191083F403642D1B74
08083856EA60FF02C90F80F403622D1B
7208083756A460FC02C90F84F403582D
1B7408083756E660FB02C90F87F40353
2D1B7E080838567F60FA02CB0F8CF403
472D1B8B080836565160C502D80F95F4
033A2D1B97080836564660CD02D50F9F
F4032E2D1B9F080836566060CB02E30F
A9F403212D1B9E080835562C60CA02DF
0FB3F403142D1B98080837565060C802
DC0FB9F403102D1B96080839565360E0
02B10FBCF4030C2D1B92080839565A60
DC02AC0FBEF403142D1B91080837566E
60E102AD0FBDF403142D1B9408083756
8C60DB02A90FBCF403192D1B9B080836
566C60E2020910BDF403142D1BA50808
36564960DE020D10BEF403142D1BAC08
0837562E60DE021210C0F403102D1BB5
080836562B60D8021210BBF403252D1B
B908083756FE5FE902D80FAEF403492D
1BBD08083656D45FEF02D60F9FF4035C
2D1BC008083456A05FEB02DD0F8FF403
6D2D1BBF080836569B5FE902DB0F82F4
037E2D1BB908083756645FFB02E50F79
F4038E2D1BB508083856985FF902D60F
71F403932D1BB408083956505F0103DD
0F6AF4038E2D1BB508083956445FFC02
E10F68F4038A2D1BB7080838564B5F07
03DE0F68F403862D1BB808083756575F
FC02A80F6BF4037E2D1BB8080836561E
5FFC02B20F70F403752D1BB908083556
FE5E0003AB0F76F403712D1BB8080834
56F95EF902B10F79F4036A2D1BB70808
3356EC5ED902B8107DF403642D1BB708
083156FF5EDD02B51082F403642D1BB5
08083156FA5ED702AF1084F403642D1B
B708083156D85EDD02B41086F403642D
1BBA080831560A5FE602DE0F8DF40359
2D1BBD080832560C5FE402DE0F90F403
4F2D1BBF080831562B5FE002E10F95F4
034F2D1BBD08082F56085FDB02DF0F97
F4034F2D1BB708082F56075FF302CD0F
97F403B41D1BB908083056D75EEE02C5
0F91F4037C1A1BC008083056FC5EEC02
C90F90F403682D1BC808083156025FE8
02D00F87F403722D1BD608083156DB5E
F002CE0F7FF403822D1BDD08083256DD
5EE2024C1076F4038E2D1BDC08083356
C85EDC02541070F403932D1BD7080834
56915EE002501068F403972D1BCA0808
3556D95ED902491064F4039A2D1BC208
083756E35EE402091063F4039F2D1BBE
08083756E75EEF0212105FF403A32D1B
BE08083856E55EEB0210105BF403A82D
1BC608083756FB5EEF02111059F403AC
2D1BCE080838560B5FED02861058F403
A82D1BD008083756F95EEE02891057F4
03A62D1BCC080837561F5FEA02851058
F403A32D1BC208083856295FEF028810
5AF4039F2D1BBA08083756E25EDC02DC
0F5AF403A32D1BB708083556D45EDE02
D90F55F403AC2D1BB908083456E05EE2
02DB0F56F403B02D1BC108083556C55E
DE02E20F56F403AE2D1BC908083356DF
5EE202E10F59F4039F2D1BCB08083356
E85E040343105EF403932D1BCB080834
56C15E01033A1064F4038A2D1BC70808
3356DD5EFF023C106AF403862D1BC508
083356F95E00033C106DF4037E2D1BC3
08083356E85EEA02DE0F70F403862D1B
C308083456B45EE802DF0F71F4038A2D
1BC308083456BF5EE602DC0F6FF4038A
2D1BC708083456DD5EEF02E30F6FF403
8A2D1BC708083556E65EE802E70F70F4
03862D1BC908083556EE5EEC02F50F70
F403862D1BC908083356E25EEF02EC0F
74F403792D1BCB08083356FC5EEE02EA
0F72F4037E2D1BD008083456E15EF702
001072F403862D1BD108083456EF5E03
03FD0F71F4038A2D1BD108083556015F
0103F70F6FF4038A2D1BD008083656D5
5E0403F60F71F4038A2D1BD108083756
BD5EFA02FA0F72F403822D1BD2080835
56D85EE802EC0F71F4038A2D1BD50808
3756CA5EEA02ED0F70F4038A2D1BD608
083556DA5EEF02E90F73F403862D1BD6
08083556ED5EF302E70F76F4037E2D1B
CF08083556FA5EC402EB0F76F403752D
1BCB080835562B5FD102F10F7BF40375
2D1BCE080836561C5FCF02ED0F78F403
822D1BD308083556295FCB02EB0F77F4
03822D1BD8080836561C5FF102D10F7A
F4037E2D1BDD08083656025FE802CD0F
7DF4036E2D1BDE080835560C5FE802D2
0F81F403682D1BE108083456FE5EEF02
CA0F88F403642D1BDD08083256DB5EF1
0209108CF403582D1BDD08083256E25E
F002091094F403532D1BD908083356D9
5EEF02091096F4034D2D1BD508083256
E25EEA02131096F403582D1BD3080833
56F35EED02111091F403642D1BD00808
3256F35EF702C80F91F403642D1BCF08
083456FE5E0203CA0F8FF403642D1BCF
08083356275F0203CE0F90F403642D1B
CC080831560A5FFE02CF0F8FF403622D
1BCA08083156205FFF020B1091F4035C
2D1BCC080830560A5F0A030F1090F403
602D1BCD08083156045FFF020D108FF4
03602D1BCC080832562D5FFC0214108E
F4035C2D1BC308083256215FD902900F
90F403532D1BB208083456085FDE028F
0F91F403592D1B9C080834564C5FE902
8C0F90F403582D1B8B08083656575FE3
028A0F8EF4035C2D1B7D080834562E5F
F102AB0F8EF4035C2D1B7108083456B8
5FEF02AD0F8AF4035C2D1B5F08083556
BB5FF302AF0F8BF4035E2D1B45080833
56B15FE902AB0F89F403532D1B2C0808
3256AF5FEF02AF0F8DF403532D1B1208
083156FE5FE00285108DF4034B2D1BFA
070832562560DC028C108FF403472D1B
E8070832564E60E202851092F4034B2D
1BE6070830567B60E002831092F4034D
2D1BE707082E569560E002A30F92F403
4B2D1BE207082F565D60DC02A50F92F4
03432D1BCF07082D566560DB029E0F97
F4033E2D1BB707082E566160E4029D0F
97F4033E2D1BA307082D567560ED02B0
0F95F4033E2D1B9607082D56A860F202
A80F96F403412D1B8B07082C56B960F3
02AD0F92F403432D1B7B07082B56DF60
EF02AE0F90F403472D1B6507082B562C
610203251092F4033E2D1B4A07082A56
0C61FB022E1090F4033E2D1B3507082A
56ED6000032D1092F4033D2D1B1E0708
2A56C660FB02301092F4033A2D1B0807
082A560C61FC022D108FF4033E2D1BF8
06082B56B060E8029E0F8EF403432D1B
F306082B56B160F0029A0F8AF4034B2D
1BEE06082C567560EE029E0F87F40353
2D1BE306082D56D260EF029E0F81F403
592D1BCE06082E56C660F102B10F7DF4
03532D1BB5060830569D60EC02A80F7C
F403582D1BA106082F566160EC02AD0F
75F403642D1B9206082F56DE5FEE02A6
0F70F403682D1B8306082D56AA5FE703
B2106BF4036D2D1B6D06082C56665FE5
03B51069F4036E2D1B5406082D56745F
F003B91064F403712D1B3C06082D563F
5FEB03BF1060F403792D1B2506082D56
D55E6503961059F403862D1B1406082E
56745E1E03951051F4038E2D1B010608
2D563A5E1F039C104CF403922D1BFD05
082D56D35D1B03961048F4038E2D1BFF
05082C56895D1C039A1049F403862D1B
FB05082B56045DE002B10F45F4038A2D
1BF105082B569C5CDB02AD0F42F40393
2D1BDD05082A56415CE302B00F41F403
9B2D1BBF05082956F05BD902AE0F3DF4
03962D1BA505082956C65B1103C00F3B
F403972D1B94050829567D5B0B03B80F
36F403AC2D1B8B05082A56155B0F03C0
0F27F403BD2D1B8805082A56DE5A0B03
C30F1DF403CD2D1B7F05082A56B65AE0
02CD0F13F403D72D1B6B05082C561E5A
E002CD0F0AF403E22D1B5105082B5629
5AE002C50FF7F303042E1B3A05082B56
D559DD02CB0FCFF3037E2E1B2805082A
567659DD02A50F76F303542F1B170508
2C56FC58CD02A00F00F30305301B0705
082C568558CA02A00F83F203A2301BFC
04082C567A58CD029E0F08F20344311B
F104082B560D58D302A20F9AF103B231
1BEA04082A563458CA02630F24F10352
321BE104082B56B058CA025E0FADF003
F6321BD104082B564F59CB02620F21F0
03C7331BB504082A561959CC025C0F5E
EF032A351B9404082956CB58CC020E0F
A1EE03F4351B7A040828566D58CC0209
0FFBED03A1361B67040829563458CA02
130F2BED034F381B5D04082956DA57CA
020F0F0CEC03DF391B5904082856AD57
D402000FEDEA03573B1B4D0408295693
57CE02000FE2E903933C1B3704082A56
AF57D002000FEEE803903D1B2204082A
56B357D402FF0E2CE803273E1B0A0408
28561459CB02070F9DE703B43E1BFB03
0827561459CB020E0F34E703503F1BFC
030826563C58D0020F0FE5E6037E3F1B
0404082756A657CA020B0FADE603A03F
1B0C040826566557C602140F76E6030E
401B11040826563157050515353CE603
5E401B1104082656F9560405213516E6
0373401B0E04082556E4560405293503
E60388401B0C04082656E7560D051E35
FAE5038D401B0804082656E456C002F0
0EF5E503AA401B08040827566856BB02
F80EF3E503BB401B0D040827565956B9
02060FF4E503B4401B11040827564756
BD02010FF1E503B7401B140408275658
56C802D30EDCE503F2401B1A04082556
1956CF02D00EB8E5035C411B1C040825
56A755CC02D00E9BE5037B411B1E0408
2556C755C702CE0E8CE50375411B2104
082656CB55C802CF0E84E50360411B22
04082656A655B702D40E7CE50379411B
1A04082656F455C602CF0E6FE5036F41
1B07040828566556B902D30E67E5039B
411BE9030828565C56BF02D10E69E503
B5411BDB030828567656FEFB9A1B72E5
03A5361BDC03082A562357F8FB9A1B7E
E503A91313DC03082A56F55607FCA11B
B2E503093B0EDA03082956A25909FC9B
1B18E603821A0FDB03082856805AF7FB
810285E60383FC0EDC03082856355AFE
FB7802E2E60386DB0EDC03082656C259
0FFC75023DE703528D0EDB03082656DE
5909FC850295E703E06B0EDD03082756
B3580FFCDE03D9E70367B80EDD030827
56635700FCE0031DE803B9240EDC0308
2756515601FCE4036BE803249C0DDC03
0828563A55F8FBE303BAE803062D0DDD
030829569554FEFBE003FEE8039ADD0C
DC030828561254F6FB050A</Data>

   <DataCRC>ed57163</DataCRC>

   <BytesSent>14331</BytesSent>

</SBEDataUpload>
</InstrumentRawData>
</SBEDataUploadFile>
