<?xml version="1.0"?>
<!-- SCPlusV2_RS232 -->
<SBEDataUploadFile>
<ApplicationData>
<Seaterm232>
<SoftwareVersion>2.6.3.104</SoftwareVersion>
<BuildDate>30-Jun-2017</BuildDate>
</Seaterm232>
</ApplicationData>
<InstrumentState>
<HardwareData DeviceType='SBE19plus' SerialNumber='01906740'>

   <Manufacturer>Sea-Bird Electronics, Inc.</Manufacturer>

   <FirmwareVersion>2.2d</FirmwareVersion>

   <FirmwareDate>9 February 2011 08:30</FirmwareDate>

   <CommandSetVersion>1.1</CommandSetVersion>

   <PCBAssembly PCBSerialNum='25307' AssemblyNum='41054G'/>

   <PCBAssembly PCBSerialNum='25737' AssemblyNum='41580B'/>

   <PCBAssembly PCBSerialNum='24669' AssemblyNum='41606'/>

   <PCBAssembly PCBSerialNum='24372' AssemblyNum='41059D'/>

   <MfgDate>  08 DEC 2010</MfgDate>

   <InternalSensors>

      <Sensor id='Main Temperature'>

         <type>temperature0</type>

         <SerialNumber>01906740</SerialNumber>

      </Sensor>

      <Sensor id='Main Conductivity'>

         <type>conductivity-0</type>

         <SerialNumber>01906740</SerialNumber>

      </Sensor>

      <Sensor id='Main Pressure'>

         <type>strain-0</type>

         <SerialNumber>3220369</SerialNumber>

      </Sensor>

   </InternalSensors>

   <ExternalSensors>

      <Sensor id='volt 0'>

         <type>SBE 43 OXY</type>

         <SerialNumber>432005</SerialNumber>

      </Sensor>

      <Sensor id='volt 1'>

         <type>not assigned</type>

         <SerialNumber>not assigned</SerialNumber>

      </Sensor>

      <Sensor id='volt 2'>

         <type>ECO-FLNTURT CHL</type>

         <SerialNumber>FLNTURTD-2025</SerialNumber>

      </Sensor>

      <Sensor id='volt 3'>

         <type>ECO-FLNTURT TURB</type>

         <SerialNumber>FLNTURTD-2025</SerialNumber>

      </Sensor>

      <Sensor id='volt 4'>

         <type>not assigned</type>

         <SerialNumber>not assigned</SerialNumber>

      </Sensor>

      <Sensor id='volt 5'>

         <type>not assigned</type>

         <SerialNumber>not assigned</SerialNumber>

      </Sensor>

   </ExternalSensors>

</HardwareData>
<StatusData DeviceType='SBE19plus' SerialNumber='01906740'>

   <DateTime>2018-11-26T19:37:10</DateTime>

   <LoggingState>not logging</LoggingState>

   <EventSummary numEvents='241'/>

   <Power>

      <vMain>12.4</vMain>

      <vLith>5.3</vLith>

      <iMain>61.4</iMain>

      <iPump>156.8</iPump>

      <iExt01> 4.2</iExt01>

      <iExt2345>18.2</iExt2345>

   </Power>

   <MemorySummary>

      <Bytes>1110270</Bytes>

      <Samples>65310</Samples>

      <SamplesFree>3805169</SamplesFree>

      <SampleLength>17</SampleLength>

      <Profiles>71</Profiles>

   </MemorySummary>

</StatusData>
<ConfigurationData DeviceType='SBE19plus' SerialNumber='01906740'>

   <ProfileMode>

      <ScansToAverage>1</ScansToAverage>

      <MinimumCondFreq>3226</MinimumCondFreq>

      <PumpDelay>60</PumpDelay>

      <AutoRun>no</AutoRun>

      <IgnoreSwitch>no</IgnoreSwitch>

   </ProfileMode>

   <Battery>

      <Type>alkaline</Type>

      <CutOff>7.5</CutOff>

   </Battery>

   <DataChannels>

      <ExtVolt0>yes</ExtVolt0>

      <ExtVolt1>no</ExtVolt1>

      <ExtVolt2>yes</ExtVolt2>

      <ExtVolt3>yes</ExtVolt3>

      <ExtVolt4>no</ExtVolt4>

      <ExtVolt5>no</ExtVolt5>

      <SBE38>no</SBE38>

      <OPTODE>no</OPTODE>

      <GTD>no</GTD>

   </DataChannels>

   <EchoCharacters>yes</EchoCharacters>

   <OutputExecutedTag>yes</OutputExecutedTag>

   <OutputFormat>raw HEX</OutputFormat>

</ConfigurationData>
<CalibrationCoefficients DeviceType='SBE19plus' SerialNumber='01906740'>

   <Calibration format='TEMP1' id='Main Temperature'>

      <SerialNum>01906740</SerialNum>

      <CalDate>07-Jan-11 </CalDate>

      <TA0>1.255288e-03</TA0>

      <TA1>2.593288e-04</TA1>

      <TA2>-2.376104e-07</TA2>

      <TA3>1.449298e-07</TA3>

      <TOFFSET>0.000000e+00</TOFFSET>

   </Calibration>

   <Calibration format='WBCOND0' id='Main Conductivity'>

      <SerialNum>01906740</SerialNum>

      <CalDate>07-Jan-11</CalDate>

      <G>-1.033008e+00</G>

      <H>1.393941e-01</H>

      <I>-2.175401e-04</I>

      <J>3.475757e-05</J>

      <CPCOR>-9.570000e-08</CPCOR>

      <CTCOR>3.250000e-06</CTCOR>

      <CSLOPE>1.000000e+00</CSLOPE>

   </Calibration>

   <Calibration format='STRAIN0' id='Main Pressure'>

      <SerialNum>3220369</SerialNum>

      <CalDate>21-Dec-10</CalDate>

      <PA0>8.222195e-01</PA0>

      <PA1>1.566037e-02</PA1>

      <PA2>-6.194425e-10</PA2>

      <PTCA0>5.244452e+05</PTCA0>

      <PTCA1>4.417653e+00</PTCA1>

      <PTCA2>-9.798927e-02</PTCA2>

      <PTCB0>2.510725e+01</PTCB0>

      <PTCB1>-1.150000e-03</PTCB1>

      <PTCB2>0.000000e+00</PTCB2>

      <PTEMPA0>-5.917147e+01</PTEMPA0>

      <PTEMPA1>5.387460e+01</PTEMPA1>

      <PTEMPA2>-2.653169e-01</PTEMPA2>

      <POFFSET>0.000000e+00</POFFSET>

      <PRANGE>5.076000e+03</PRANGE>

   </Calibration>

   <Calibration format='VOLT0' id='Volt 0'>

      <OFFSET>-4.687158e-02</OFFSET>

      <SLOPE>1.247988e+00</SLOPE>

   </Calibration>

   <Calibration format='VOLT0' id='Volt 1'>

      <OFFSET>-4.719579e-02</OFFSET>

      <SLOPE>1.248132e+00</SLOPE>

   </Calibration>

   <Calibration format='VOLT0' id='Volt 2'>

      <OFFSET>-4.684526e-02</OFFSET>

      <SLOPE>1.248324e+00</SLOPE>

   </Calibration>

   <Calibration format='VOLT0' id='Volt 3'>

      <OFFSET>-4.678105e-02</OFFSET>

      <SLOPE>1.247145e+00</SLOPE>

   </Calibration>

   <Calibration format='VOLT0' id='Volt 4'>

      <OFFSET>-4.669684e-02</OFFSET>

      <SLOPE>1.248307e+00</SLOPE>

   </Calibration>

   <Calibration format='VOLT0' id='Volt 5'>

      <OFFSET>-4.709579e-02</OFFSET>

      <SLOPE>1.247697e+00</SLOPE>

   </Calibration>

   <Calibration format='FREQ0' id='external frequency channel'>

      <EXTFREQSF>9.999977e-01</EXTFREQSF>

   </Calibration>

</CalibrationCoefficients>
<EventCounters DeviceType='SBE19plus' SerialNumber='01906740'>

   <EventSummary numEvents='241'/>

   <Event type='ErrorFLASHUncorrectableError' count='241'/>

</EventCounters></InstrumentState>
<Headers>

cast  41 24 Nov 2018 10:21:28 samples 46261 to 47126, avg = 1, stop = mag switch

</Headers><InstrumentRawData>
<SBEDataUpload startAddr='786420'>

   <Type>1</Type>

   <DataFormat>SEACATPLUS0</DataFormat>

   <Bytes>14722</Bytes>

   <Data>
BEB70310050BDF0308ED55EA505D1502
FCBAB703E6030BDE0308ED55AC506B15
07FCB9B703E5040BDE0308ED5505516B
1503FCBAB7031F0B0BE00308ED551051
671500FCB8B703932E0BE00308EE552C
517404FD3330B70338480BE10308EE55
7751780400348CB5038C5A0BE10308EE
558E516704FA338AB3037C5E0BE20308
EF5591517C04F63352B203C3670BE503
08F055AE51FC0404FC2DB2030E780BE9
0308F055E251070508FCB4B303F6870B
ED0308F155E851000501FC03B603F889
0BEE0308F255F3510F050AFC16BD0359
850BEF0308F255B5517B0308FC69C903
BD9F0BF30308F2558653830302FCD4D2
0317A00BFD0308F255F154800306FC17
D903390215030408F3557856770306FC
EADC037BA3160A0408F455F3557C03F2
FB42DF038CEA1A0F0408F45526553503
CF0980E003D5641B100408F555635431
03C10928E1034D5E1B140408F555B654
3303C109A2E103DE5D1B1D0408F655DC
542A03B709EFE1033D5B1B1F0408F655
AD5426066C1268E203575A1B1F0408F6
55715425067312D1E20318581B200408
F655665424066C1246E30330561B2204
08F6556E54260674128CE303FA541B28
0408F6554C544003230EC4E30389511B
290408F755245449031E0E4AE403BD4E
1B2F0408F75556544103210EDDE40315
501B350408F85563544103220EAEE503
744C1B3B0408F955D054AD02160FB3E6
03274A1B3A0408F8556C54B102070F65
E80315461B3B0408F9555354B302150F
BFEA0394411B3D0408F9557154B70215
0F12ED0303411B430408FA557054B702
160F1AEF03C73D1B4B0408FB557B5499
02380F84F003C73D1B4F0408FB559B54
9602290F75F10336411B4D0408FC552C
549E023A0F2EF203CE411B4F0408FD55
3A549F02290FB6F203F33B1B4D0408FD
550F54AC02710F50F303AA3A1B4F0408
FE550554A8026E0FFBF30304391B4E04
08FF553B54AD02710FCEF40352371B4F
0408FE55AF53B3026E0FA6F5030D361B
4F0408FF558753AA02570F66F6034C35
1B530408FF556553A6025C0FF8F6038A
341B550408FF55A052AC02640F59F703
04341B550408FF553652B6025C0F9DF7
0357341B560408FF55F951E002560FC7
F703D6341B540408FF55AE51E202650F
D1F70372351B520408FF55A451DF0260
0FF1F7035D351B500408FF55BC51DB02
510F22F8039D351B4E0408FF551352DB
02570F4BF803BD351B4C0408FF552052
CA02240F66F803EE331B490408FF5515
52C7021B0F75F80335331B470408FD55
1052CD02230F67F803A2331B480408FD
552F52D402200F44F803A2341B4D0408
FD55F151EA02660F16F80397351B4F04
08FC550752F702610FFAF70340361B53
0408FB550A52E902650FE5F703C7361B
550408FB550C520103640FCCF703EA37
1B5A0408FC55EB51E702900FB2F703E3
391B570408FC55DF51F4028F0F9AF703
023E1B560408FB55E351E4028C0F76F7
034F411B510408FE550B52EF028D0F5B
F70390441B4C0408FF55E851DB025C0F
54F70343401B470408FE550C52DB0260
0F56F703733D1B450408FE552852E802
5C0F64F7037F3A1B490408FE553252DD
025F0F76F703403D1B4E0408FF554352
D302550F5EF703803C1B520408FF553E
52AD024D0F5BF703B13C1B5604080056
3252AC02510F63F703193C1B57040801
564152AA02510F6DF703673B1B580408
02567052B5024F0F71F703343B1B5704
0804567152A3025E0F73F7035B3B1B56
040806566F529D025E0F72F703923B1B
560408065668529D025E0F72F703EE3B
1B54040806566D529702660F71F70367
3B1B51040807566352CB025E0F70F703
DF3A1B50040808566C52CD02590F71F7
03B1391B50040806565B52CB025D0F7B
F703F3381B4F040806565352CB02660F
84F703BC381B51040806564E52150371
0F8FF703DC381B55040805564B521803
640F9DF7033B391B56040804563C5208
03670FABF7037E391B56040804561952
0803750FB8F7031E3A1B570408055619
5219036A0FBFF7037F3A1B5504080456
FA51C002690FCBF703BE3A1B52040805
560152BA02750FDBF7036F3A1B500408
0456E451BD02690FF5F70382391B5104
080556CD51BB026D0F0EF8038E381B50
04080356D851CF025D0F26F80319381B
5304080356B251CC025C0F37F8032538
1B53040804568C51C8025A0F49F803A7
381B54040803569651D202610F55F803
EB381B54040803568A51FE02470F65F8
0337391B5504080256975101035B0F7D
F803CB381B530408025690510003540F
97F803D6381B51040804568151FA024D
0FA7F803A3381B50040806568451B402
730FBAF80386381B51040807567C51B0
02850FCBF80321381B52040806566D51
B1028A0FE3F803F2371B520408045652
51B1027A0FF8F8038E381B5204080556
4851AD02800F01F9034C391B53040802
563851DF02380FFAF803E8391B500408
02563551DB02310FEDF803713A1B4F04
0801563151DA022D0FE2F803BF3A1B4E
040802560E51DE02290FE7F803E8391B
4F040804561051BE02730FF6F803C138
1B4D040805560751C602680F08F903C3
381B5104080556F950C202720F0DF903
7E391B4F040804561851C102670F02F9
03093A1B51040804560551BE029E0FE9
F803093A1B5004080656F250C0029C0F
DDF803653A1B5004080456DD50C4029F
0FDDF8035E3A1B5004080556DD50B802
A00FE6F8032A3C1B5204080556B950E8
02580FDDF80348421B5204080456B850
D702560FBCF803E2451B5104080756B0
50E102560FA0F80375471B5204080656
A150E002530F92F803F3451B50040807
568850E402530F80F80362421B500408
07567850E4026B0F6EF803FE3E1B5004
0808568850E3026E0F71F803573E1B51
040807566550E202620F7EF80379411B
53040807564C50DF02730F6CF8034E45
1B51040807563850B1028B0F39F80350
471B54040808564350B3028E0F0FF803
72461B51040809560950A6028B0FF9F7
034F431B5204080956FD4FB1028F0FF2
F7038D401B5104080856FA4FCD028B0F
06F803123F1B5204080956E14FCC028A
0F2AF803E63E1B5304080756DB4FD802
8F0F45F803763F1B5104080956BC4FCC
02980F46F803B13F1B5304080B56BC4F
D102570F3DF803883F1B5504080B5688
4FD702570F33F803E23E1B5504080B56
854FD3025C0F39F8031D3F1B5704080D
56514FCE02670F47F803E63E1B570408
0C56364FCF02620F53F8035F3F1B5704
080C562C4FDE02620F57F80314411B5A
04080C56244FE202670F49F80322421B
5804080C56174FDC025B0F32F803B642
1B5904080C56EC4EDD02600F14F803FE
421B5704080C56D54EBD02420FFAF703
D2431B5504080D56C34EC6023E0FE0F7
0337441B5504080F56C14EC1023C0FC9
F703FE421B5404081056954EC302410F
BAF703C9411B5204080F567B4ED5027E
0FBEF7037E411B5204081156714ED302
820FCCF703F4411B51040810565F4ED2
02770FD2F7031C431B50040810566D4E
D002820FCDF7037B411B4E04080D5653
4EEB02650FC6F7031D3F1B5204080F56
2D4EED02670FDFF703AA3D1B5204080F
56244EE8026F0F07F803403D1B520408
1056194EE8026E0F27F803783D1B5604
081156124EED02630F31F803993D1B54
04081156F44DA802820F2EF803BC3E1B
5404081256ED4DB1027A0F1BF8031240
1B5404081156E54DB002800FF8F703A8
421B5304081156CF4DB002810FC4F703
77441B5304081156B74DE402800F8EF7
03C5451B53040811569F4DE002880F61
F7033F461B5604081156874DE102870F
43F703AE461B5404081356984DDD027C
0F29F70328471B52040812568F4DB402
9C0F15F703F4471B5304081356714DB7
02A50FFDF603A6481B5404081356584D
C4029A0FEAF6034B491B55040816566B
4DC0029B0FD8F6033C4A1B5404081656
674DDF027C0FC8F603D44A1B57040815
56414DE002890FBDF603214B1B540408
14562D4DDB02790FAEF603B34A1B5604
0814562E4DE102780F9BF6037E4B1B57
040815560F4DE002850F85F603674B1B
56040814561C4DCF026A0F70F6030C4B
1B5504081356124DD102710F58F603F6
4A1B5404081156F74CCF026D0F3FF603
054B1B5304081356ED4CD102680F29F6
03F54B1B5304081056EF4CCC02650F14
F603704C1B5304080F56DF4CCE025D0F
FFF5033F4D1B5204080E56D94CCA025B
0FEDF503F34D1B5504080E56B14CCF02
6D0FE0F503D24E1B5504080C56A44CBD
02520FD5F503F94E1B5704080C569C4C
C002520FD2F503564F1B5904080C5696
4CBD02510FCAF503564F1B5604080B56
7B4CC302530FBEF5038D4F1B5704080B
56864CC0027E0FAEF503D04F1B560408
0D566A4CC202840FA3F5032E501B5404
080E56584CC0027E0F95F50387501B56
04080E56454CC8027A0F8FF5038C501B
55040810563B4CC202810F84F5038350
1B54040810561A4CAE027A0F75F50315
501B5604080F561A4CB302850F5CF503
08501B5404080E56074CB202830F43F5
033A501B5504080E56EB4BAF02800F2A
F503F2501B5504080E56E44BE0026B0F
19F5037E511B5704080D56E44BE1026D
0F0BF503B6511B5604081056CE4BE002
6C0F00F503DF511B5704081056C54BE0
026D0FF8F403F9511B5704081056AE4B
BF02650FEEF40335521B5804080E5693
4BC502730FE4F4036B521B5504081056
A64BBB026B0FD9F403A7521B55040810
568A4BBC026D0FD0F403D0521B540408
1056854BDA024B0FCAF403F3521B5404
080E56744BE7024F0FC4F403E7521B54
04080E56784BE2024F0FB4F403EC521B
5704080D56654BE802530FA3F403CD52
1B5704080C56584BE2024F0F8DF403C0
521B5704080F56554BB9024E0F77F403
B3521B5404080F56514BBE02540F60F4
03BC521B5204081256334BC102530F48
F4030D531B5104081256314BBF024D0F
36F4036B531B53040813562A4BB50265
0F26F403D0531B5304081156244BBC02
650F1BF403F6531B5504081056164BC0
025F0F16F4030A541B5604080F561E4B
C202560F0DF403F2531B570408115608
4BD702560F00F403C3531B5704081056
094BDB02500FECF30373531B59040810
56FB4AE002470FD7F30309531B530408
1056F84AE002550FBFF303DA521B5204
080F56E74AD802BF0FA8F30311531B4F
04080E56EE4AE402BB0F96F3038C531B
4E04080E56EA4AE302BC0F86F303E553
1B4C04080E56E34AE002BD0F77F3032F
541B4D04080D56D74ADC02BD0F6BF303
36541B4B04080F56D74AAC027C0F5FF3
0329541B4C04080D56D64AA7027D0F50
F3034C541B4E04080D56D74AB102820F
40F30343541B5104080F56BA4AAF027E
0F32F30303541B5204080F56C84ADF02
9C0F22F30362531B5404081256C24ADC
029A0F10F303C3521B5604081456B74A
E0029B0F03F30356521B5704081456BA
4ADA02A20FF8F2035A521B5804081356
A34ADB02F00FF3F203AB521B58040814
56A84AE602ED0FEAF20322531B570408
1556B54AE202ED0FE1F20333531B5404
081656A34ADA02EB0FD7F2035F531B51
04081656AF4AF3022D0FCAF203E5531B
4F04081756A74AF102320FBCF2036D54
1B4F04081956A14AED022D0FB5F203E7
541B4D04081856A24AEE02370FB2F203
28551B4F04081856A84AEC022F0FB8F2
0375551B5004081956A74ADE02680FAC
F203C4551B5404081B56A64AE002680F
84F2031B561B5604081B569C4ADF0273
0F3BF2035A561B5804081B569E4AD402
680FCEF1034F561B5B04081A569E4AF1
024B0F4EF10323561B5B04081A56954A
E502500FE0F003CE551B5A04081A5693
4AF902530F89F00315561B5704081B56
8F4AE802530F34F00352561B5004081B
56974A0403AF0FC2EF031F561B430408
1A568C4AFC02AB0F5AEF03AD561B3504
081B568A4A0303AD0FCBEE0316571B25
04081C568D4A0203AB0FEFED03ED541B
2104081D568E4A5902510F85ED031553
1B2004081B56854A62024D0F6FED03F9
511B1E04081C568D4A5D024D0F8FED03
9E521B2104081C568B4A5D024F0F9EED
03CE511B2A04081C568F4A62024D0FE9
ED030C501B3604081A56FC4AA7024B0F
85EE03E5421B3E04081A561C4BA2024A
0F22F003F2351B4104081856E94AA202
520F74F20333301B4104081856D14AA0
02510F9DF4031D2E1B4304081756C34A
AD029E0F4FF603752C1B4404081756D5
4AAF02A00F9DF703A32B1B4304081856
954AB1029A0F79F803D92A1B46040818
56A74AAD02930FFDF803BF2A1B470408
1756994AF002A20F4FF9035F2A1B4E04
081756A94AF1029F0F88F9032D2A1B54
04081756CD4AF102960FB9F903D1291B
5704081656E14AEA029C0FEDF9031029
1B59040816562F4BFD02820F1EFA03B8
281B58040816566F4BF702800F51FA03
4E281B5504081656934BF2027E0F82FA
0318281B5404081556CC4B0003800F9F
FA03F7271B5504081656224C01037B0F
A7FA03FF271B59040817566F4C02036D
0F93FA0331281B5C04081856B14CF902
720F7CFA0331281B5D04081756134D00
03740F6DFA0321281B5E04081956374D
04036E0F7AFA03B0271B6004081A566B
4DCF02780F8FFA0370271B6204081956
A34DCC02780F9CFA0375271B6304081A
56F44DD002820FAAFA033E271B660408
1A56594ECB027B0FB5FA032D271B6504
081B566B4EDD027A0FC0FA0303271B69
04081A568A4EDE02830FCFFA03AE261B
6C04081A56974ED8027A0FE0FA039F26
1B6E04081B56E04ED902810FF4FA0342
261B7504081B56214FD902D40F1BFB03
C9251B7904081B566A4FCE02CF0F46FB
038E251B7D04081C56884FCF02C40F76
FB0343251B8104081B56B54FC402C90F
A9FB032E251B8304081956C54FCF02D6
0FCFFB03DE241B87040819560250CA02
9A0FEBFB03AC241B8804081A562050CD
02A50F00FC03C5241B8B04081A563E50
D202A00F0FFC0375241B8C04081A5656
50D102A30F1CFC036D241B8C04081A56
6650CD02820F1EFC0386241B88040819
568A50CC02870F1AFC039F241B870408
1956B850D4027D0F18FC039A241B7F04
081956EE50C9027C0F1DFC038E241B7D
04081A56E350E802800F1EFC0393241B
78040819560251E6027C0F10FC03A824
1B78040819561B51F1027E0FF4FB03D6
241B7A040819561F51F1027F0FD6FB03
FB241B7E04081A566E51E802C00FB3FB
031D251B8104081A565351DD02B90F90
FB033F251B8604081B566351DC02BE0F
73FB0353251B8704081D566551E002C7
0F63FB034B251B8E04081E568851DE02
C80F65FB032E251B9104081E569151E0
02CE0F84FB03D1241B9104081E56A351
DF02CC0FACFB0375241B9004081F56B4
51D802CE0FD8FB0347241B8D04081E56
9D51DF02D10FFCFB0331241B8904081E
56D351C202710F12FC0321241B860408
1E56D451BD026F0F20FC0308241B8504
081E56CC51BD026D0F2AFC0304241B83
04081D56E851B902670F27FC0319241B
8304081E560752A5029A0F10FC034724
1B8304081E561352AC029F0F02FC0350
241B8704081D562A52AA02A60F0BFC03
11241B8B04081C560B52AD029C0F1AFC
03DE231B9004081B563F52A702B40F30
FC0397231B9A04081C563C52E102AC0F
48FC0382231BA504081C564052E802B4
0F5AFC037A231BAA04081C564652DF02
AB0F68FC0365231BAA04081D561C52D9
02A80F70FC0371231BAC04081C562852
D002C40F8FFC0337231BAF04081C5606
52CA02D20FB0FC03E3221BB004081C56
1052D002CC0FC6FC03D2221BB304081D
561852D102CA0FC7FC03D6221BB30408
1D561E52DE02850FD1FC03DB221BB404
081E560F52E0027B0FEEFC0393221BB3
04081D561352E0027E0FF3FC03B9221B
B504081D561252DC02820FE7FC03E322
1BBB04081E566052E302B10FD0FC0303
231BBF040820566652E202AF0FBEFC03
FC221BC1040821565B52DF02AB0FC3FC
03C6221BC2040821568052E202A70FF0
FC0355221BC4040820568F52DC02960F
34FD03F0211BC7040820568D52D0025B
0F76FD0394211BC7040820568C52CE02
670FA8FD034D211BC904081F568652CD
025B0FCBFD0334211BCD040820569152
D202650FE3FD031A211BD204081F5658
52EF02A10FF9FD03F9201BD604082056
6152F002980F1BFE03CB201BDA04081F
566052EE02A00F3BFE03A1201BE20408
21568C52EC029E0F4DFE038C201BE904
082156A252E002BF0F50FE039D201BF1
040821569552DB02C00F57FE0399201B
F7040821569C52E202C40F52FE03AF20
1BFB04081F568952DD02BC0F51FE038C
201B0105081F569752DF02980F55FE03
80201B0805081F56A752E002980F58FE
0377201B0D05081F569E52E002A00F64
FE036B201B1105081F56C752D902A20F
6DFE0338201B1405081D56BE52DD029C
0F70FE0352201B1205081C56BC520803
6C0F6DFE0373201B1505081D56CF5200
03690F6AFE036F201B1905081C565653
02036D0F64FE035E201B1F05081C5654
5304036E0F60FE0352201B2405081C56
C452CC02760F60FE0352201B2905081C
56D452CA026E0F60FE034D201B320508
1B56AD52CF026D0F62FE0352201B3905
081B56B752CA02730F62FE0352201B3C
05081B563353C902DE0F66FE033D201B
4005081C565C53CD02DF0F73FE031620
1B4505081E568553D202DD0F8AFE03DC
1F1B4A05081D568953C702DB0FA3FE03
991F1B4F05081F565053EE02880FFAFE
03C41E1B5505081F565653E8028C0F81
FF03251E1B5C05081F564353EF02960F
FFFF038E1D1B63050820564653F40293
0F620004221D1B66050820564853EB02
8F0FB00004001D1B6805082056F252FE
029E0FEB0004D91C1B6B05082056C952
0003950F230104871C1B6D0508205604
53FE02A20F490104551C1B7205082056
FD52FA02A70F620104371C1B79050821
56F852FD02AB0F7201042F1C1B7E0508
2156D3520003A30F840104231C1B8305
082256D352F502AB0F900104EC1B1B81
05082356C652FD02B10F970104F91B1B
8105082156CF520C03B20F9B01040E1C
1B8305082156A4520003AB0F9F0104F8
1B1B8905082156A7520003B00F9F0104
F91B1B8E05082056AF52FE02AF0F9B01
04011C1B9405082256A952E802DE0F92
0104121C1B9B050823569E52F202DF0F
8F0104F51B1B9D050822569852E802E3
0F950104F51B1BA2050824569F52ED02
DB0F9E0104D31B1BA905082356AD52EA
02D90FAD0104BA1B1BAD05082356C752
1103940FB30104A51B1BB305082456DC
521103850FBA0104B01B1BB805082456
D6521103940FBA01049D1B1BB8050823
56C15210038F0FBB0104A11B1BB90508
2356B5520D03B80FBD01049D1B1BB605
082356B0520B03C00FC10104A11B1BB6
0508235693520E03BB0FC20104A11B1B
B505082456C2521A03BA0FBE0104AD1B
1BB805082456B752FC029F0FB60104BE
1B1BBA05082356A052FF029A0FB00104
CF1B1BBE050824569B52FB02A00FAD01
04CF1B1BC0050824569752FD02A00FAB
0104C01B1BC4050824567752FD02D00F
B50104AD1B1BC5050824568B52FB02CB
0FBF0104A51B1BC6050823569B520003
D50FCA0104841B1BC4050823567E5204
03C50FCD0104881B1BC2050823568452
0003C90FC901048C1B1BBE050824568C
52BD02B60FCA0104901B1BBC05082556
3352BD02AA0FC40104901B1BBD050825
560E52C002B10FB70104A91B1BBF0508
2556F751BB02AF0FAB0104BC1B1BC205
082456E751D802C40F9D0104CF1B1BC2
05082556E851D202C30F920104DB1B1B
C605082456FB51CD02B90F890104D71B
1BC905082556DF51CD02BB0F8E0104C7
1B1BC705082556BD51EA02B00F940104
BA1B1BC905082456BA51F102AB0F9B01
04AD1B1BC905082356B951EE02A70FA0
0104AD1B1BC905082356C451EF02AD0F
A10104A51B1BC705082356ED510B0387
0FA60104A01B1BC705082456E4510C03
870FA40104A11B1BC5050825560452F9
02890FA00104A91B1BC5050824561752
FE02870F960104C71B1BC20508235606
52FC02840F850104EC1B1BC105082256
00520D03EE0F770104F01B1BC0050822
5613520D03F30F710104E81B1BC10508
2256DD511103EF0F6C0104DB1B1BC105
082256E3511203E90F690104DB1B1BC4
05082156BD51E002820F670104E01B1B
C805082156B951E402870F6A0104D31B
1BC9050820569251D802880F6F0104CB
1B1BCC05082056B751DC02850F700104
B61B1BCE050820569951DE029A0F7401
04C21B1BD3050821561052DF029D0F7E
0104B61B1BD2050821562052DE02A70F
890104901B1BD305082056EC51D902AB
0F920104841B1BD305082056F1511103
D50FA90104661B1BD405081F56D1510D
03CB0FC00104381B1BD205081F56CE51
0B03CE0FD80104171B1BD605081F56EB
511103C70FEA0104FA1A1BD505082056
EA510A03C50FED0104FA1A1BD6050820
56D75113037C0FF80104F61A1BD70508
2056EC510F037C0F070204CC1A1BDB05
082056DF510803790F110204BB1A1BDF
0508215688510F037D0F1A0204B31A1B
E3050822566C51EE02AD0F230204B31A
1BE6050822568051EB02AF0F33020489
1A1BEB050823567251F202A60F4A0204
721A1BF1050823567751EF02AF0F5A02
04571A1BF9050823567D51F902E70F61
02045B1A1B00060822569D510403E00F
6002045B1A1B0C06082356CB51FF02DD
0F5A0204671A1B1606082356D651FD02
D80F570204671A1B25060823560352E4
02CB0F5602045F1A1B3306082356F451
F102CC0F5E0204531A1B410608245618
52EF02C50F630204461A1B4E06082356
F751EF02CD0F6902043E1A1B59060823
56E351E402CA0F7502042E1A1B640608
2356E351F102920F8202041C1A1B7306
0822563452EC029A0F8E0204031A1B7D
060822560452E302980F9A0204FB191B
84060822561C52F0029C0FA90204F219
1B8C060822562E520203CC0FB90204D9
191B9406082256FE51FE02D20FCE0204
B0191BA006082256B5510003CF0FE702
0482191BAA06082256B7510103D00F04
030450191BB606082256C151EE02D30F
24030432191BBE06082356A751F202CB
0F3F030419191BC6060823564A51E802
CB0F530304F4181BCD060822562151EA
02D20F670304D6181BD5060823562351
0F03EE0F800304B1181BDC06082356EA
501A03E80F92030498181BE306082356
AE501103EE0F98030498181BEE060824
56A5501103F60F9C0304A0181BF80608
25569A500903E30FA5030487181BFB06
08265692502303E90FB4030461181BFF
060825569F502803EB0FCC03043C181B
01070825568B501E03EB0FEB0304F817
1BFE0608265663502603F50F100404CB
171BFE060826565150F902980F2B0404
BA171BFD060826564E5001039C0F3704
04BF171BFD0608275647500403A30F31
0404F1171B00070828564550FE02990F
26040412181B02070827564D502D03E3
0F1D04041F181B03070828563C503203
E40F1404041F181B08070827563F5026
03E10F0C04041A181B0F070827565450
3103D30F07040412181B1B070827565C
501F03E00F03040406181B1F07082756
59502303DE0F0C0404EC171B23070827
5634501C03D80F2A0404A5171B270708
265636502403DC0F4C040473171B2A07
08255631502703D60F6B040463171B2A
0708255647501403FA0F8204044E171B
2E0708255667500D03FF0F9004042C17
1B370708255655501203021097040428
171B3D0708245683500903F60F9C0404
20171B43070824566C502B030D10A504
04F2161B4A07082356575020030A10B4
0404D9161B4E07082256655021030C10
C90404B8161B4E070823564E501F030D
10D90404AF161B4F070822565E500F03
F60FE70404A7161B550708235665500F
03F40FEF040496161B5F070824565E50
0D03E70FF404048E161B690708245652
500F03ED0FF8040496161B7407082556
58502403F40F03050485161B7A070824
5649501C03ED0F0F050468161B800708
24564E501C03F40F1D05045C161B8507
0824564F501803F50F2905044B161B87
0708255649501E03ED0F34050443161B
860708255649501E0309103B05043E16
1B880708255659501F0309104005043E
161B8D070826564E501A030B10410504
32161B95070826566D501F030D104505
041D161B9E0708265660502303EF0F45
050425161BA60708285667502003E90F
49050419161BAA0708275653502703F4
0F4E050408161BAC0708285651502003
EF0F570504FC151BB3070828565D5049
033210610504F3151BBA070827565E50
3C033C10680504EB151BC0070827565B
504B033B106A0504EF151BC507082656
5650400335106D0504E7151BCC070826
564B50FE0249106D0504EF151BD00708
26565150040347106F0504EA151BD807
0825566950020349106D0504E7151BE1
07082556735001034F10710504DE151B
EA070825568F50FA024D10760504D215
1BF50708245698503E032D107D0504C1
151BFC07082456D0503C032F10860504
A0151B0908082456B650380327109505
0487151B1608082556B25039032A109D
050472151B2108082456BB500F031310
A5050483151B2A08082456D4500E0309
10A605047A151B3308082356C1501103
1210A7050476151B3208082456C3500D
031010AD050476151B3008082556AB50
31030C10A905047A151B3008082556BB
502D030510AA05047E151B3108082456
B05023030910A5050483151B32080823
56A8502A030D10A3050487151B300808
2456B65020031210A005048F151B2E08
082556AC5026032310A1050498151B2D
08082556AB50240316109E050498151B
2C08082556AF5026031E109805049815
1B2C08082556A95026031510970504A0
151B2D08082556A5502503EE0F910504
A8151B2E08082556A1501A03F00F8F05
04A8151B2D080824569C502403EB0F91
0504A4151B2D080823568D501B03EE0F
9005049A151B300808235694502903F4
0F9905048B151B2E0808225681502B03
ED0FA005047E151B30080820567A502D
03F40FA9050472151B31080821566150
2F03E90FAD05046A151B32080821566A
50F802FA0FB305046A151B3208082156
6F50FE02FE0FB5050465151B33080821
56675000030010B8050465151B310808
21565C500403FC0FB6050465151B3008
0821565E503303ED0FB8050461151B30
0808215651503303EF0FB805046A151B
2F080820565A502F03EB0FB505047215
1B310808205650502B03EB0FA6050482
151B3408081F564F503303E80F9F0504
87151B39080820564D5022032B109A05
0483151B3B08082156585020032B1099
05047E151B3D0808205656501A032B10
9905047E151B45080820566D501C032A
109D050476151B4F080821568A500F03
20109D050476151B5808082256B05011
031A10A105046E151B5F08082156AF50
0D031E10A105046A151B6908082156BF
5013031E10A3050465151B6E08082156
DC500F032A109F05046A151B73080821
56CE500F032F109A05046E151B740808
2156D2500C03321091050475151B7608
082156D5500B0329108E050472151B78
08082156D25033032D108D05046E151B
7B08082256E7502D0329109005046A15
1B8008082356FF5031032D108F05046E
151B8308082356FF5033032B10900504
6E151B8F080822562C512F032F108C05
046E151B96080822562C511C03141089
050476151B9F08082256275121030510
87050472151BAA080823562A51170310
1094050459151BB4080824563B511D03
0C1096050455151BBE08082456435133
03891099050459151BC4080824564C51
330386109C050459151BC80808235663
512D038110A1050455151BCB08082356
5D5132038810A3050451151BD2080823
568C5140037A10A905044C151BD40808
2456C15140037C10AB050448151BDC08
082356B9513C037C10AD050448151BE2
0808255695513E037510AE050444151B
E908082456C6512E033E10B105044415
1BED08082356C8512B033610B0050440
151BEC08082356B75131033A10B30504
44151BEE08082356CF512B034510B305
0440151BF408082456E15126033A10B6
050440151BFD08082456DF5106034710
B605043D151B04090823560252140345
10B3050440151B0E09082256FC510F03
4E10B0050444151B16090822560A5212
034F10AD050444151B1D090822561752
2F036F10AC050444151B200908225616
5235036710B005043C151B1F09082356
3C5230036B10B705042F151B20090823
563E5226036710C1050427151B200908
225658520903BA10C405041F151B1C09
0822565E520903B610CA05041A151B1B
0908205662521103BD10CC050423151B
1C0908215675520C03B410C705043315
1B1F090821566E522D038910BD050445
151B2509082156B3522B038510B50504
51151B34090821565C5338038710B005
0444151B430908205607542C038510AF
050440151B4F0908205688542E038A10
AC05043C151B5509082056F1542A0397
10AC050440151B5F09081F5658552103
9810AA050444151B6609082056A75526
039B10AB050440151B7209082056EE55
27039710AE050440151B7B090820569F
563303CA10B405042F151B7E09081F56
B5562B03CB10BB050423151B7E09081E
56EA563003CA10C6050416151B7E0908
1E5620573003BA10CA050415151B7D09
081F5650573E03E810D0050412151B7F
09081F5684573C03E210CF050416151B
7E09081E56A4574203E610D005041A15
1B7E09081F56C2573803E410D005041A
151B7D09081F56EC572603C110CE0504
1F151B8009081F56FF571A03CB10C905
042B151B7C09081F5611582503C210C1
050433151B7D09081F5627581703C710
B8050444151B7F09081F562F582003C7
10B005044C151B7F09081F5638583003
E710AB050451151B7F09081E5638582B
03EC10A6050455151B8009081F563C58
3003ED10A1050459151B8109081E562C
583303E1109E05045D151B8009081E56
2B583E03E8109A050461151B7E09081F
5615584703E61098050465151B800908
1F5620583703E51095050461151B8109
081E5614583803E71093050465151B7E
09081E562D583003BB1094050461151B
7909081D5665582D03B6109405046115
1B7009081D5670583803B41093050461
151B6909081D5668583703B7108D0504
6A151B6709081D5619583103E5108905
0472151B6B09081C56C6573A03E61087
05046E151B6E09081C565C574203E410
88050469151B6F09081C56F1563E03E2
108B05045D151B7309081B56B1563A03
DC1091050459151B7909081B566C5643
038C1095050455151B7C09081B562E56
3C038D1095050459151B7D09081A56F2
5543038B1096050461151B7D09081A56
F85541037B1091050465151B7B09081B
56D7553E03BB1092050459151B740908
1B56C5553A03B6109705044C151B6909
081B56DA553503AD109A050444151B5E
09081B56D5553003B7109E050448151B
5409081C56CD55450370109805045115
1B4E09081C56BC553B03711096050455
151B4A09081B56A3553C036B10980504
4C151B4709081C56A15540036A109E05
0444151B4109081C5691553C037A10A2
050433151B3709081C56885542037F10
AE05041F151B2E09081C566955380378
10BA050412151B2D09081C5669554203
7C10C0050412151B2E09081D564F5540
038010C005041A151B2F09081C565E55
0F036C10C605041A151B2D09081B5640
5507037110CA05040A151B2609081C56
4A550F036910D1050405151B2609081C
5642550D036D10D60504FD141B270908
1B562F5530031610D90504F9141B2709
081C5620552E030B10DC0504FD141B26
09081C561E552C030610E10504F9141B
2409081C56225529030910E30504F114
1B2209081B5620553B039A10E60504F1
141B2009081C561C5539039610EA0504
E8141B1C09081B56225533039610EA05
04EC141B1A09081C5624553A039910EC
0504EC141B1909081C561E5545036D10
E80504EC141B1909081B562F553E036D
10E80504EC141B1809081C5613553A03
6D10E60504EC141B1A09081C56035540
037010EA0504EC141B1E09081D56E654
40036B10E90504EC141B2309081D56E0
540C036110ED0504E5141B2509081E56
DD540F035910EF0504E4141B2709081E
56DB5412035C10EF0504E0141B260908
1E56D8540F036110F20504DC141B2409
081D56F95433034E10F20504D8141B1C
09081D5629552F035310F30504D8141B
0B09081C5626552B034D10F40504CF14
1BF908081B56195527034B10F20504D3
141BF008081B562B551D033C10F00504
E0141BE608081B56225520033E10E805
04E4141BD908081A56035520033910E6
0504E4141BCE08081A56005520033910
E20504E4141BCA08081B56245525034B
10E30504E1141BC708081B562B552903
4610E40504E0141BBA08081A56225531
034B10E30504E0141BAD08081A562B55
2E034B10E30504DC141BA90808195622
5529034810E50504DC141BA508081956
285502037B10E40504E4141B9A080818
562A55FC028110DF0504E8141B8B0808
1856595503037D10DD0504E4141B8408
0818565C55F8027710DA0504E8141B7E
0808185654552D034010D80504EC141B
7508081856645529034010D70504F114
1B67080819566F5528033C10D20504F5
141B630808195674552E033410D30504
F9141B6108081856875515039410CC05
04FD141B5808081856835511039010CB
0504FD141B48080818569C5508038B10
C505040A151B3C08081856A855130393
10C305040E151B3A080818569E553003
CA10BE050412151B3508081856B2552B
03C210B9050416151B2708081856D455
2F03C510B705041A151B1508081856E5
553203CB10B205041F151B0C08081856
FE553003BF10AF050427151B06080818
56075644031C10AC05042B151BFC0708
175636563D031E10A605042F151BEF07
081756395640032010A0050431151BEC
070818565256360316109C05043C151B
ED070817564356FC023A109B05044015
1BE80708175659560503401096050444
151BD9070817568F5602033E10930504
44151BCD07081756975600033E109105
0448151BCB07081756B4560E03ED0F8C
050455151BC607081756BB560A03F20F
8505045D151BBC07081756DA561203F2
0F7E05046E151BAA0708175607570F03
F40F77050476151BA40708165620571E
0312106D050483151BA3070815563A57
1C03131061050498151BA00708155667
5720030B10550504AE151B9407081556
8C571B030710460504B9151B8A070815
56A857230307103F0504C1151B880708
1656B45715031810370504CE151B8707
081656DD570E031710280504EB151B83
07081556FC571703201015050408161B
7707081556295813031210F204044B16
1B700708155645581303BA0FD2040481
161B6B0708165667581A03AB0FBD0404
81161B6307081656AC581D03AF0FAC04
0485161B500708165602592203AA0F99
0404A3161B43070816565859E102EC0F
8C0404B8161B3C07081556C459E402E5
0F840404B3161B3507081556565ADB02
EF0F7A0404C0161B28070815561A5BDF
02EB0F730404D5161B1A07081556BF5B
F702B10F610404F6161B15070815567E
5CFF02AC0F5304040F171B1307081556
325D0003AB0F47040420171B09070814
56305EFF02A90F38040431171BF70608
1356085F0003AF0F2704044E171BED06
081356D85FEB020A101804045F171BEA
060813568C60F40210100E040463171B
E2060814564761ED020E100A04046317
1BD5060813562062EB020D100404046B
171BCA06081256DD621003EC0FFF0304
6F171BC80608115668630903F20FFD03
0478171BC70608115606640B03EC0FFA
03047C171BBC06081156B9641103F10F
F4030484171BAA0608125656650803CE
0FED030491171BA006081156B8651303
D00FE8030499171B9F06081156F2650D
03CB0FE503049D171B96060812564E66
1103CE0FE3030499171B8A060813568A
66CC02CC0FE10304A1171B8006081356
AF66CF02C60FDD0304A5171B7C060812
56C466C502CA0FD80304AB171B790608
1256CB66D202CD0FCC0304C3171B7006
081156F766CB02D10FC30304CB171B60
0608115631671803A90FBA0304DC171B
55060810562C670D03AE0FAC0304F517
1B54060810562D671103B60F9C03040A
181B51060810563C671203AE0F8A0304
1F181B42060810566467D902CA0F7603
0438181B3C060810566567DB02D10F68
03044D181B3A060810567067E802CB0F
5B030459181B3A060810566C67D902C2
0F4D030466181B350608105698670403
25104103047C181B2306080F56BC6703
032D103303048B181B1A06080F56D967
0403261026030498181B1806080E56D4
67FC022A10190304A8181B1306080D56
EE67E202CD0F0C0304B9181B0706080D
561B68E402CC0FFD0204D2181BF60508
0E564468E002CB0FEE0204E7181BEE05
080F564C68E602CD0FDE0204F4181BEC
050810564668E002CB0FD2020408191B
E90508105639680003A110BE02041919
1BDF050810566368FF029F10AB020449
191BD305080F567B68F702A810940204
6D191BCB050810566868F702A3107F02
047D191BCB050810565568F402F00F6F
020492191BC205080F565B68FC02F90F
5F0204A7191BB305080F567E680103E7
0F510204B4191BAF050810567568F902
EF0F4A0204BC191BB0050810567C68EF
021A103C0204C9191BB0050810569968
E8021810370204D1191BAA05081156C5
68F2021E10260204EA191B9C05081056
F168E70213101302040E1A1B90050810
56EF68F902FC0F0502041C1A1B8C0508
1156F1680003FA0FFA0104251A1B8A05
08115615690103FE0FF40104251A1B7E
050811565869FA02FD0FED01042D1A1B
6E050811566F69FB02F50FE90104351A
1B68050811569169E602D50FE5010439
1A1B6305081056B869E002DD0FDF0104
3E1A1B5F05080F56E569DF02DF0FD801
044E1A1B5505081056266AE002DA0FD4
0104531A1B44050810565C6AE0029C0F
D00104561A1B3F050810565F6ADB029C
0FCA0104631A1B3E05081156926ADB02
A00FBF0104781A1B4105081056BB6AE4
029E0FB10104951A1B3905081056026B
D3026A0F990104C81A1B2B05080E5636
6BC7026C0F7501040F1B1B2305080F56
4D6BC9025E0F530104341B1B2005080F
56856BCF025B0F3E0104411B1B200508
0E56A36BD5028C0F300104301B1B1C05
080F56066CE0028A0F110104681B1B0B
05080D565E6CDB028B0FDE0004E01B1B
F904080C56A86CD902910FA600043C1C
1BF304080C56FA6CE3028D0F82000448
1C1BF304080E56666DF002890F670004
441C1BEF04080E56C16DF9028C0F4A00
047A1C1BE304080F56326EEB028A0F17
0004EB1C1BD604080E569E6EEA028D0F
E2FF03371D1BD104080E56D56ED202D8
0FBCFF03541D1BD204080D562E6FC702
D60FA0FF035A1D1BD104080D56806FCF
02DE0F98FF033F1D1BD004080D56FF6F
D202D80F7CFF03711D1BC104080E568B
70EC02A60F4BFF03F31D1BB404080D56
D570E802AB0F1AFF033A1E1BB104080D
561E71E702AA0FFDFE03321E1BB00408
0D566871ED02AD0FF6FE03141E1BB104
080C569A71ED02760FE1FE03361E1BA7
04080B562E72D1027C0FC4FE037D1E1B
9704080D567372CC027A0FA9FE03AC1E
1B8D04080C568372CC027B0F8DFE03CC
1E1B8B04080B56BB72CA027F0F7CFE03
D01E1B8804080B56E372DB02D10F70FE
03CC1E1B8504080A563673D902C50F58
FE03031F1B7804080956A673E202D10F
38FE03461F1B6604080956FC73E002D4
0F14FE037C1F1B5E040809561F74BA02
9C0FFEFD03801F1B5D04080A564E74BB
029D0FF7FD036D1F1B5B04080A567874
BA02A20FF4FD036B1F1B5404080956E7
74BF029E0FDDFD03A21F1B4504080956
3F75CB02630FBBFD03F11F1B3A040809
566A75CD02620F97FD0330201B380408
09569B75CB02600F7BFD033D201B3804
080956BC75CD02640F4AFD0388201B30
040809561376D402650FCEFC0349211B
1E040808564E77E402890F32FC035622
1B11040808562777DD02930F93FB0350
231B1004080756AD76E1028B0F12FB03
C9231B0F040807568276DE02910F2CFA
0319251B11040807566076C302600F4E
F803CD281B14040808561C76BB02650F
7FF603FB2B1B16040807560175BB0258
0F0DF503142D1B1904080856D274C202
650F3EF403052D1B1D04080856A374AC
02710FE7F303642C1B1E040808568B74
AF02780F7BF303EF2C1B220408085666
74B1026C0F0AF303E72D1B2604080956
5774B302760F78F203B92E1B28040808
564174BB02810FC4F103FC2F1B290408
09561E74C3027A0F63F10309301B2704
0809561874BD02830F85F103222F1B25
04080956FC73B7027B0FD0F103692E1B
2204080A56F873C402790FFDF1036D2E
1B1C040809561C74E502680F05F2037E
2E1B0804080A560F7BE2026F0FF9F103
4C2E1BF2030809569777DC02740FC3F1
032A2F1BE3030808568C79E5026F0F4A
F1032AD81ADF030808564F82CA04E64B
EBEF03CCA014E1030808568B86D304E2
4BACEE036A0A0FE103080856D087C904
E14B</Data>

   <DataCRC>6937efe2</DataCRC>

   <BytesSent>14722</BytesSent>

</SBEDataUpload>
</InstrumentRawData>
</SBEDataUploadFile>
