<?xml version="1.0"?>
<!-- SCPlusV2_RS232 -->
<SBEDataUploadFile>
<ApplicationData>
<Seaterm232>
<SoftwareVersion>2.6.3.104</SoftwareVersion>
<BuildDate>30-Jun-2017</BuildDate>
</Seaterm232>
</ApplicationData>
<InstrumentState>
<HardwareData DeviceType='SBE19plus' SerialNumber='01906740'>

   <Manufacturer>Sea-Bird Electronics, Inc.</Manufacturer>

   <FirmwareVersion>2.2d</FirmwareVersion>

   <FirmwareDate>9 February 2011 08:30</FirmwareDate>

   <CommandSetVersion>1.1</CommandSetVersion>

   <PCBAssembly PCBSerialNum='25307' AssemblyNum='41054G'/>

   <PCBAssembly PCBSerialNum='25737' AssemblyNum='41580B'/>

   <PCBAssembly PCBSerialNum='24669' AssemblyNum='41606'/>

   <PCBAssembly PCBSerialNum='24372' AssemblyNum='41059D'/>

   <MfgDate>  08 DEC 2010</MfgDate>

   <InternalSensors>

      <Sensor id='Main Temperature'>

         <type>temperature0</type>

         <SerialNumber>01906740</SerialNumber>

      </Sensor>

      <Sensor id='Main Conductivity'>

         <type>conductivity-0</type>

         <SerialNumber>01906740</SerialNumber>

      </Sensor>

      <Sensor id='Main Pressure'>

         <type>strain-0</type>

         <SerialNumber>3220369</SerialNumber>

      </Sensor>

   </InternalSensors>

   <ExternalSensors>

      <Sensor id='volt 0'>

         <type>SBE 43 OXY</type>

         <SerialNumber>432005</SerialNumber>

      </Sensor>

      <Sensor id='volt 1'>

         <type>not assigned</type>

         <SerialNumber>not assigned</SerialNumber>

      </Sensor>

      <Sensor id='volt 2'>

         <type>ECO-FLNTURT CHL</type>

         <SerialNumber>FLNTURTD-2025</SerialNumber>

      </Sensor>

      <Sensor id='volt 3'>

         <type>ECO-FLNTURT TURB</type>

         <SerialNumber>FLNTURTD-2025</SerialNumber>

      </Sensor>

      <Sensor id='volt 4'>

         <type>not assigned</type>

         <SerialNumber>not assigned</SerialNumber>

      </Sensor>

      <Sensor id='volt 5'>

         <type>not assigned</type>

         <SerialNumber>not assigned</SerialNumber>

      </Sensor>

   </ExternalSensors>

</HardwareData>
<StatusData DeviceType='SBE19plus' SerialNumber='01906740'>

   <DateTime>2018-11-26T19:37:10</DateTime>

   <LoggingState>not logging</LoggingState>

   <EventSummary numEvents='241'/>

   <Power>

      <vMain>12.4</vMain>

      <vLith>5.3</vLith>

      <iMain>61.4</iMain>

      <iPump>156.8</iPump>

      <iExt01> 4.2</iExt01>

      <iExt2345>18.2</iExt2345>

   </Power>

   <MemorySummary>

      <Bytes>1110270</Bytes>

      <Samples>65310</Samples>

      <SamplesFree>3805169</SamplesFree>

      <SampleLength>17</SampleLength>

      <Profiles>71</Profiles>

   </MemorySummary>

</StatusData>
<ConfigurationData DeviceType='SBE19plus' SerialNumber='01906740'>

   <ProfileMode>

      <ScansToAverage>1</ScansToAverage>

      <MinimumCondFreq>3226</MinimumCondFreq>

      <PumpDelay>60</PumpDelay>

      <AutoRun>no</AutoRun>

      <IgnoreSwitch>no</IgnoreSwitch>

   </ProfileMode>

   <Battery>

      <Type>alkaline</Type>

      <CutOff>7.5</CutOff>

   </Battery>

   <DataChannels>

      <ExtVolt0>yes</ExtVolt0>

      <ExtVolt1>no</ExtVolt1>

      <ExtVolt2>yes</ExtVolt2>

      <ExtVolt3>yes</ExtVolt3>

      <ExtVolt4>no</ExtVolt4>

      <ExtVolt5>no</ExtVolt5>

      <SBE38>no</SBE38>

      <OPTODE>no</OPTODE>

      <GTD>no</GTD>

   </DataChannels>

   <EchoCharacters>yes</EchoCharacters>

   <OutputExecutedTag>yes</OutputExecutedTag>

   <OutputFormat>raw HEX</OutputFormat>

</ConfigurationData>
<CalibrationCoefficients DeviceType='SBE19plus' SerialNumber='01906740'>

   <Calibration format='TEMP1' id='Main Temperature'>

      <SerialNum>01906740</SerialNum>

      <CalDate>07-Jan-11 </CalDate>

      <TA0>1.255288e-03</TA0>

      <TA1>2.593288e-04</TA1>

      <TA2>-2.376104e-07</TA2>

      <TA3>1.449298e-07</TA3>

      <TOFFSET>0.000000e+00</TOFFSET>

   </Calibration>

   <Calibration format='WBCOND0' id='Main Conductivity'>

      <SerialNum>01906740</SerialNum>

      <CalDate>07-Jan-11</CalDate>

      <G>-1.033008e+00</G>

      <H>1.393941e-01</H>

      <I>-2.175401e-04</I>

      <J>3.475757e-05</J>

      <CPCOR>-9.570000e-08</CPCOR>

      <CTCOR>3.250000e-06</CTCOR>

      <CSLOPE>1.000000e+00</CSLOPE>

   </Calibration>

   <Calibration format='STRAIN0' id='Main Pressure'>

      <SerialNum>3220369</SerialNum>

      <CalDate>21-Dec-10</CalDate>

      <PA0>8.222195e-01</PA0>

      <PA1>1.566037e-02</PA1>

      <PA2>-6.194425e-10</PA2>

      <PTCA0>5.244452e+05</PTCA0>

      <PTCA1>4.417653e+00</PTCA1>

      <PTCA2>-9.798927e-02</PTCA2>

      <PTCB0>2.510725e+01</PTCB0>

      <PTCB1>-1.150000e-03</PTCB1>

      <PTCB2>0.000000e+00</PTCB2>

      <PTEMPA0>-5.917147e+01</PTEMPA0>

      <PTEMPA1>5.387460e+01</PTEMPA1>

      <PTEMPA2>-2.653169e-01</PTEMPA2>

      <POFFSET>0.000000e+00</POFFSET>

      <PRANGE>5.076000e+03</PRANGE>

   </Calibration>

   <Calibration format='VOLT0' id='Volt 0'>

      <OFFSET>-4.687158e-02</OFFSET>

      <SLOPE>1.247988e+00</SLOPE>

   </Calibration>

   <Calibration format='VOLT0' id='Volt 1'>

      <OFFSET>-4.719579e-02</OFFSET>

      <SLOPE>1.248132e+00</SLOPE>

   </Calibration>

   <Calibration format='VOLT0' id='Volt 2'>

      <OFFSET>-4.684526e-02</OFFSET>

      <SLOPE>1.248324e+00</SLOPE>

   </Calibration>

   <Calibration format='VOLT0' id='Volt 3'>

      <OFFSET>-4.678105e-02</OFFSET>

      <SLOPE>1.247145e+00</SLOPE>

   </Calibration>

   <Calibration format='VOLT0' id='Volt 4'>

      <OFFSET>-4.669684e-02</OFFSET>

      <SLOPE>1.248307e+00</SLOPE>

   </Calibration>

   <Calibration format='VOLT0' id='Volt 5'>

      <OFFSET>-4.709579e-02</OFFSET>

      <SLOPE>1.247697e+00</SLOPE>

   </Calibration>

   <Calibration format='FREQ0' id='external frequency channel'>

      <EXTFREQSF>9.999977e-01</EXTFREQSF>

   </Calibration>

</CalibrationCoefficients>
<EventCounters DeviceType='SBE19plus' SerialNumber='01906740'>

   <EventSummary numEvents='241'/>

   <Event type='ErrorFLASHUncorrectableError' count='241'/>

</EventCounters></InstrumentState>
<Headers>

cast  52 24 Nov 2018 13:34:42 samples 53474 to 54211, avg = 1, stop = mag switch

</Headers><InstrumentRawData>
<SBEDataUpload startAddr='909041'>

   <Type>1</Type>

   <DataFormat>SEACATPLUS0</DataFormat>

   <Bytes>12546</Bytes>

   <Data>
00ED032F0F0BE303087F5551616403F1
135AEB0312D60DF303087F550F686703
F71380E803DB8F0FFF0308805552675E
03FA136EE603FEF00C02040880551063
5C03EC1369E5037D760D060408815566
607B015946EBE403FE43130B04088155
955E79015B467FE40383AF1409040881
55625D70015A4622E403D3AF140F0408
8255825C76015746E4E3030DC8141004
0882556A5BD1034712B6E303AC20150F
04088355BA5ACB033C129FE303206915
1204088355CE59C703461291E30344F1
1B1804088455C059D2033D126DE3030D
441B1E0408845548594701FC105BE303
48441B2004088555FD584301FD1053E3
03F2451B26040885554B594001F91013
E30394461B2B04088655C3584801F210
C1E20324471B3304088655DD584401F2
106DE2034A471B320408875599580203
9B1125E2039D471B36040887558258F9
029811ECE10351481B37040886553658
05039D11B2E103A5481B350408865538
58FC028E118FE10300491B3304088655
36580A03461189E10329491B35040887
552C580F035111A3E103DC481B340408
8755115800034911C1E103A5481B3404
088755025800034211DAE103AE481B36
04088855295806038911E1E103D0481B
3704088855255808038411C8E1032949
1B3504088855C0571303851195E10357
491B3504088955E7571103841143E103
6E491B3704088955C257ED027611FFE0
0320491B3904088955A257FA027811C9
E00318491B3A040889558857F9027A11
9EE003F0491B3504088A55AA57E60278
117CE0039D4A1B3304088A556657F502
77114FE003294B1B3404088A55865711
0341111AE003AC4B1B3704088A55D257
0F033A11F1DF03AD4B1B3804088B55B8
5712033611DADF03AD4B1B3604088B55
D95713033D11C8DF03C64B1B3604088A
557E5AF5028811B4DF03F54B1B360408
8B553A5AE4028911A1DF03174C1B3604
088C556B59FB028A118EDF030E4C1B35
04088B55CC58F002871181DF03164C1B
3704088A552658FD0239117ADF033D4C
1B3804088B552458F502371171DF0367
4C1B3C04088A55E657FE0236115DDF03
744C1B3F04088A55A4570203301137DF
034B4C1B4104088A55A05724039A1119
DF03064C1B3D04088A557C5723038F11
FFDE03F94B1B3A04088A557357190397
11EBDE03434C1B3A04088955E6561E03
9911DDDE03854C1B3A0408895572561E
038E11D1DE03894C1B3D040889554656
F3025011D1DE03574C1B3E0408885530
56F4025C11D5DE03124C1B4004088955
2A56F9026111DBDE03EC4B1B3E040888
559756F5025611E8DE03A44B1B3C0408
8855EB561C035711F6DE038B4B1B3904
08875533571703561100DF03544B1B36
0408885548571A0359110ADF037E4B1B
370408885524571903551111DF03D94B
1B3A04088655C2570F0377111CDF03A4
4B1B3B040887559E5714036E1127DF03
AA4A1B3A0408875540571703781139DF
03B34A1B380408875547571303761145
DF03EE4A1B33040887554F57E0025911
4DDF03F24A1B32040887558D57E2025A
1153DF03824B1B2F04088755AA57D802
581159DF03DD4B1B34040887559057E2
02491163DF03D74B1B3A040886556657
E802521178DF03544B1B3C040887553B
56E102691193DF03154A1B3904088755
4356E7026711A5DF032F4A1B37040887
55EA55E2026111AFDF03CC4A1B340408
8855C555E1026011C2DF03074B1B3304
088855335529036711D6DF03424B1B37
04088855C4541E03651102E003474B1B
3C040888557D5515035F1146E003294B
1B3F04088955D1551E035D118EE003F9
4A1B3F04088955BC55ED02E711D5E003
BF4A1B3E04088955A955EF02EE1124E1
037C4A1B3C04088955F854F902DF1184
E103664A1B3B04088A553755F102E111
E1E1034E4A1B3804088955D9541E0365
1124E2032F4A1B390408895510560B03
5E115AE203EC491B3904088955E65516
0364119CE20351491B3F040888557454
13036911E5E203D4481B4304088855B8
530F0363111AE30373481B4404088855
0654FB02541148E30385481B3F040888
555355E80250116CE303B2481B380408
87555355F2024E117CE30355481B3304
0887550E55F302541178E30333481B35
04088755C854FE025D1178E3031C481B
3A04088655DC54F80252117FE3030048
1B4104088655C254FE0263118DE303EB
471B41040886553E541203581197E303
E7471B420408865504540C039211A0E3
03DF471B3E04088555BA5316039611A5
E3039F471B3D040884556E530B038D11
AAE3038E471B3D04088455875306038D
11B1E3037D471B3F040884553753F902
6E11B6E30368471B40040885553853FC
027511B9E30353471B41040885554253
F3027011B7E30346471B420408845569
53F7026E11B5E30348471B4104088455
1954F7027711ADE3034A471B41040884
555E5400035811A3E3031C471B440408
84555054080353119CE303F2461B4304
088455E45202035B119AE30302471B42
04088455B652F1025D1196E3030F471B
4004088555F452F9027A11A4E303E046
1B42040886553A5300036711B8E303E2
461B4504088455EB52FC027611C3E303
D4461B4504088355455300037611CDE3
03C3461B4404088455425305034811D2
E303BF461B45040884551A5300034511
CEE303A5461B4404088355FC5102033E
11CCE3039D461B4404088455C852FC02
5611CCE3038C461B43040883556252E4
02EC11CEE30378461B4204088355DD50
D702E411CFE3036A461B3E04088455BC
50DF02E511D3E3036E461B4004088555
8550E702EA11D6E303A1461B42040885
556750DA02DF11C3E303CA461B440408
8655D1500803C2119DE303AE461B4804
088755B4501103B6118EE30387461B48
040886553F500903B41183E30378461B
44040886554D500C03BF1176E3037B46
1B3D0408845552509A03EB1166E3036A
461B3B040885552F509A03EA1157E303
61461B3B0408855540509503E5114EE3
038D461B3D04088455A0509A03E3113E
E303E9461B43040884556A52EF029211
19E303F1461B4804088555AE50F7028A
1101E303BA461B48040885559750EC02
8711ECE20395461B44040886552450F7
028711D6E20387461B41040886551750
FC025811C3E20383461B41040885555F
500D036311B8E20374461B4404088655
4E5005036911B0E2036A461B4A040884
55D94FF6026111AFE20361461B490408
8355465004035F11AEE20350461B4A04
088355A150FC024311ACE2033F461B45
04088555AD50FE024711B3E20333461B
41040884556E5003034611B8E2033346
1B3E04088555565004033A11BEE20326
461B4104088555705013039711C9E203
1B461B43040886555E5015039411D5E2
030D461B4104088655405018039211DF
E20304461B4004088855B85015039211
EBE203FA451B3E040887553E50170362
11F3E203EF451B3D04088755DB500D03
6111F7E203E7451B3D04088655565110
036111FDE203DE451B3F040886550951
02036A1103E303EA451B3A0408865566
51FB02D0110FE303DE451B3604088655
2E510703D21118E303D2451B37040887
55BC500503DD111BE303CD451B350408
87550E510203DF111FE303C9451B3D04
0886550C510403CD1120E303CD451B44
04088455C050FE02A3111EE303C5451B
49040884556B500303A8111EE303BD45
1B4A040886553D500003A51125E303B8
451B4604088555C94F0803A5112AE303
B4451B4604088555FB4F350361112FE3
03B0451B4604088555C24F3503641132
E303A5451B4504088555A34F29035F11
37E3039F451B4604088455B54F350361
113AE30396451B4304088455804F0503
C3113DE30392451B4004088455534F01
03C31141E30394451B3F04088355064F
0303C71144E303A3451B3F0408835536
4FFC02C81148E303A3451B3C04088255
C84E050381114CE303A5451B3E040881
55B94EFC0287114EE3039F451B400408
8355A74E0003871152E3039F451B4204
088455C64E0003811155E30396451B46
04088655644E020383115AE3038C451B
47040886557E4EFE0267115DE3039645
1B4804088455824EF902691161E3039B
451B4504088555684E0203681167E303
85451B40040886555A4E020367116AE3
0378451B3D040885553F4E100347116D
E303C1451B3F040885551E4E12034311
64E3038C461B4604088655E34D0D0347
115FE303C2461B4C04088555ED4D1303
45116EE303AE461B4C04088555284EE4
02791176E30383461B4804088355AB4D
E0026D117AE30372461B4404088555BE
4DE10270117BE30350461B4104088655
B84DE2026B1175E30340461B42040887
55C04DF20251116EE30348461B460408
86558F4DEC02511174E3033B461B4704
088555724DE802501176E3032F461B48
04088455594DFB02521176E30322461B
4604088455454DE602611172E3031E46
1B4804088455694D0B03A51169E3031B
461B4A04088355214D0F03A81160E303
0D461B4704088455914D1003A3115DE3
0309461B46040885556C4D0E03AA1159
E30309461B4404088555A74DDD027011
56E30302461B4704088655B34DE40274
1152E303F8451B4904088655F64DE102
721150E303F3451B49040884550E4EE1
02741154E303EF451B4904088755894D
FE027A1157E303EA451B4504088755EE
46030374115BE303E7451B3F04088755
3A46060370115AE303EF451B3E040887
5581460003791155E303EA451B410408
8755E5460003B21151E303E7451B4504
0887551A47F902BB1153E303E7451B4A
0408875583470203B41156E303E2451B
4A04088755E1470203B41158E303E245
1B4704088755F1470003B0115CE303E2
451B43040887552048140346115CE303
E2451B4304088655D04811034E115FE3
03E2451B46040884550D4919034E115F
E303DE451B4A0408845552490E034B11
60E303DA451B4F040883552949F10272
1163E303DA451B52040885557D49EE02
6B1166E303D6451B5304088655E849ED
0272116BE303D6451B5204088455EB49
EF0270116DE303D2451B54040883551C
4A0003711170E303D6451B5404088355
514A0603721171E30317461B59040881
555F4A000372117AE3035D461B5E0408
82551F4AF70272118BE3036E461B6004
0881552E4A0A0392118BE3037B461B62
040882556B4A13039B1180E30389461B
6404088255134B11039B1166E3038C46
1B6504088255164D1003921149E30394
461B6404088155C24D160397112AE303
B1461B6A040881552B4E0C0350110FE3
03D4461B6F04088155014E11034911F1
E203DC461B7504088155574E12034A11
E1E203ED461B79040880553E4F0D0343
11DBE203EE461B7904088055124F0F03
9F11DAE203ED461B7704088155EB4E11
03A811D7E203F1461B78040881556A4F
1303A711D0E203DE461B7A0408805548
4F1103A011CAE203E0461B7D04088155
DD4E10038311C5E203FA461B7F040883
55684E0A038A11BFE2030B471B7F0408
8055CC4D15038111B6E20313471B8204
087F55F65016038711AAE20331471B81
04087F55425215036011A0E2039B471B
8004087F55D6511703631193E2031E48
1B8404087F556E5113036F1195E20371
481B8A0408805518511A035D11BFE203
73481B8D04087F5519510A035B11FAE2
0355481B8F04088055E150FA02901128
E3033C481B8B040880554850FF029A11
3DE30337481B870408805569500B0396
1147E30340481B8804087F558F500403
971156E3037F481B8B04087E557950D5
025B116AE30324481B9204087F553250
D90250115EE3036A481B9404087F5558
50ED02521102E30364491B9304087E55
3F50E0025E119BE203154A1B9104087F
551E50D90283113CE203954A1B930408
8155AD4FDE028711ECE103E14A1B9604
0881551A50E6028711B4E103FF4A1B97
040880552C50E30283119BE103E44A1B
9704088055764FD6028711A5E103954A
1B9704087F55CB4FF4028811CCE10338
4A1B9704087F558350F1028511F1E103
1D4A1B9C04088155BE50EE027D1108E2
031A4A1BA0040882555B50EE0285111E
E203054A1BA504088355B34EF702A711
5AE2039F491BA304088355824F0D03A1
11B6E203E7481BA204088455624F0003
A51111E3035D481BA004088455B14FFD
02A3115CE3032B481BA3040884550650
1103541184E30330481BA50408855573
500F03521199E30344481BA504088755
735010035911B1E3031E481BA5040887
5531511A035611CBE303F4471BA40408
855513510D037711E2E303DF471BA604
0885551F511303701100E403A3471BA7
0408865541511303761128E4035F471B
AA040886550F521703761143E4034C47
1BAF04088655E6510E037A1147E40379
471BB304088655C2521303971146E403
85471BB4040885558C521003951150E4
0353471BB80408825512531003921165
E4032F471BBC04088355125316039911
77E40320471BC104088555255312035C
117EE40328471BC80408845509530B03
511182E40334471BCB0408835537530E
035A117CE40339471BCF040882555F53
160352116CE40368471BCF0408805581
521C03A11158E40381471BCF04087F55
C1511A03A7114DE40385471BCE04087E
5536522603A01140E4038E471BD00408
7F557D521A03A61138E40396471BD404
08815597521003AF1136E4038E471BDA
04088155EC521503B21136E40381471B
DE0408815578530B03B21142E4036847
1BDD0408805572530C03B21152E4034A
471BDB040881559A530703B6115EE403
40471BDB040881556B530003911160E4
0357471BE104088255EA55FC0298115D
E4035F471BE9040881559D56FE029411
59E40368471BED04087F55175705038E
1141E4039D471BF104087F5540550603
C4112AE403C5471BF304088155425506
03C5110FE403E7471BF804088155CF54
0303C11108E403CA471BFE0408845564
56FF02C8111CE40379471B0405088455
40570B03961128E40370471B0B050884
55335710039A1119E403C1471B120508
855504570D039611FCE3030F481B1805
088355F9560F039A11E3E3031E481B21
05088355D6570303C81131E40339471B
2805088355D2570003C111F5E4039D45
1B2A050884559A580003C31116E60329
431B2805088355ED580003C51135E703
D6411B28050885559A580303C61113E8
033A411B2A050886554B564D03CE11A0
E8031E411B3105088455F3545203BD11
F2E8030B411B3605088555BB544A03C5
1130E903E1401B3C05088555A2545303
C31185E9030E401B43050882550D5832
03011220EA03F23E1B4B050881556A58
29030512E8EA03903D1B520508805561
5829030412D9EB03E63B1B5B05088055
385632030B12DFEC03883A1B63050880
55B85543032012CBED037A391B6A0508
7F556053410325128EEE038F381B6C05
088055D4543E031C1230EF0331381B71
05088055F5523E032412AAEF03C8371B
7A05087E5583542703751305F003AF37
1B8005087D556D542B037E1344F00352
371B8305087E552D522C037D1375F003
FE361B8705087E5595522C037B1391F0
03FE361B8B05087C55A45229037513A9
F003C7361B9105087D552C5353030C14
C8F0037F361B9A05087C550F5452030A
14E5F0035B361BA405087C55C1534E03
101418F103E3351BAB05087E55985359
03141469F10326351BAE05088055BD53
7D032214BBF103D6341BB005087E5511
547E032614E0F103EF341BB405088055
6B5380031D14E8F1030B351BBF05087E
551B5773031F14E3F10319351BC00508
7E5525567503F113C9F10350351BBF05
087E5523567203F313B1F1037E351BC0
05087E55E5536F03F213A7F10358351B
C605087F555F547603F4139DF1035035
1BCE0508805536548B03FA138FF10361
351BD905088055B15483030414B2F103
F7341BE10508805501568B03FE1315F2
03FB331BEB05088155E7548703041493
F2033A331BF40508805538558503FF13
F1F203FA321BFC0508815507539E036A
1446F3038D321B0606088255C1559C03
7C14B1F30394311B0E0608825589559E
0378142CF403BE301B17060884553F56
97037514A2F4037F301B1F06088655AD
56A703FC1602F5030D301B2B06088655
5956AD03001752F503DF2F1B34060887
55B857A503061788F503A02F1B3C0608
87556257B003FD16A9F5037E2F1B4606
088855FC57B0030F18BCF503722F1B52
060889558857A4030E18C5F5036B2F1B
5A060888557358B0030918CCF5035D2F
1B62060888552857AE030518D0F5034C
2F1B68060889551157AE032217C4F503
8F2F1B6B060889553C57A5032417A0F5
03F02F1B7506088855C354A3031D177F
F503FC2F1B8206088A55F954A8032217
6BF503FC2F1B8F06088C555E55AB0322
175FF50305301B9706088C559E55AB03
791665F503D22F1B9E06088C55BB55A7
0377166FF503A82F1BA606088B55BA55
A6037B167FF503762F1BB20608895597
56AC037C168BF503772F1BC006088855
1857A703941693F503762F1BCE060889
557258A203871696F503762F1BD50608
88552659A9038D168EF5039C2F1BDE06
088855A859A803871694F5035D2F1BE6
06088855445AB8036D16C5F503BD2E1B
EC06088955FA5ABA03701600F6038A2E
1BF306088955D55BBA036A1639F60336
2E1BF606088855875BBD0367168DF603
9F2D1BF906088655765BBB038F15D4F6
038A2D1B0007088555A05BB703801501
F703822D1B0A07088355B05BB9039015
32F703392D1B1207088255EF5CB40382
156DF703DE2C1B1B07088155DE5DB603
821599F703922C1B1F07088155A25ED1
039817AFF703962C1B23070881556E5D
C503961795F703F32C1B2B070882554E
5ECF03981768F7033D2D1B3207088255
C25DD003931741F703642D1B3A070883
55875EDA03ED1620F703752D1B3F0708
8355715FD903ED1600F703972D1B3E07
088155E15FDF03F216D8F603C52D1B3E
07088155905FD803F216B6F603F72D1B
4007088055305FB603AA169CF603032E
1B4807087E55155FBF03B81689F60315
2E1B5907087E55355FB803AC1681F603
152E1B6507087E55D35EBE03AF168AF6
03EF2D1B7107087F559C5EDE03C217A4
F603AC2D1B7C07087E55E65EE103CC17
CAF603532D1B8507087E557E5EE003CF
17FAF603092D1B9107087E554E5ED603
D2174EF7038A2C1BA007087E55685EDE
03C417A6F703F32B1BAD07087D55C85E
EE032017EAF703AF2B1BB807087D5590
5EEF031F1721F8038A2B1BC307087E55
7F5EE10322174EF803612B1BCC07087D
552C5EEF03181772F8034B2B1BD40708
7D55DC5DC7035C1882F803422B1BE007
087E55C35ECF035D1879F8036C2B1BE9
07087D55235ED40361186EF803752B1B
EF07087E55215ECE035A1870F803572B
1BF807088055CC5DFB0389188AF80314
2B1B0008088055E85DFB039018ABF803
E22A1B0C08088055265EFB038E18B9F8
03EE2A1B17080880552F5EFB038A18CB
F803D12A1B21080882553F5EFD03D217
EFF803812A1B28080881554E5EFD03CF
1717F903362A1B2E08088155105EFE03
D01730F903262A1B3708087F55675EFD
03CC1741F903292A1B4308087D558A5E
F903CD174BF903252A1B4908087C5593
5E1E04361851F903182A1B5008087D55
A25E1D04271857F903182A1B5908087C
55CC5E2004291860F9030C2A1B600808
7E55FB5E1D042F1866F903F1291B6A08
087D55085FF9033C1868F903EE291B74
08087F551D5FFB033C186AF903EE291B
8208087D55375FFD03391869F903F729
1B8F08087D55745F050438186FF903EE
291B9908087E55985F0C04471974F903
DD291BA308088055A75F080445197BF9
03C4291BAB08088055C65F0F04451981
F903B9291BB608088055C35F0A043E19
84F903B8291BC208088055F15F0C04E7
1885F903B8291BCE0808805503600D04
E51888F903AF291BDC080880552C6002
04E7188CF903A3291BE5080881552B60
0D04E71890F9039A291BEF0808805569
600B04DF1896F90388291BF608087E55
7660E8031E199BF9038E291BFE08087E
558A60EB0314199FF9038E291B060908
7E55A560F0031219A0F90389291B0F09
087F55A760F8030B19A1F90381291B16
09087C55AD6002048618A1F90385291B
1B09087D55DB60FF037318A0F9039429
1B2309087D55DF60000480189DF90396
291B2E09087C55D160F4037A1897F903
A3291B3609087C55E76003045C198DF9
03AF291B4209087E550B610704671985
F903B8291B4909087D552061FC035C19
79F903B3291B5309087E553361FB0370
196BF903CD291B5D090880552861CF03
FF185BF903F2291B6A09087F551D61CC
03F91847F9030C2A1B76090880552861
C903FA1831F903292A1B810908825547
61D203F3181CF903422A1B8A09088255
5961C803ED180BF9034F2A1B95090881
554461D0031019FFF803562A1B9F0908
80554A61D4031819F1F803642A1BAC09
0881555961CB031319E8F8036C2A1BB5
090882555E61CB031519E0F803702A1B
BC090881558F61F5039E18DFF8036C2A
1BC309087F55B761EF03A318E2F80368
2A1BCA09087F556061EE03AE18E9F803
5A2A1BD609087D553A61E703AC18F1F8
03462A1BDE09087D553761CA03D818F8
F803422A1BE109087C552161D303D418
00F9033A2A1BE609087B551361CC03D6
180BF903362A1BEB09087A55D561CB03
D41813F903292A1BF209087C555063CC
03B4181DF903222A1BF109087C556C68
D203B61824F903FF291BF509087B5553
67D003B61826F903142A1BF309087C55
0A66CB03B9181EF903312A1BF409087D
552D65CB03B61818F9033A2A1BF50908
7C553C65CF034E1813F9032D2A1BF609
087C557165C90354180FF9032E2A1BF9
09087D55EB64D0034B180BF9032D2A1B
F909087E557764CD0358180BF903312A
1BF809087F55C464C9037C180DF90321
2A1BFA09087F557A64C50372180FF903
212A1BFB09087F55FB63C7037D180EF9
03252A1BFA09088055C063D203791810
F903262A1BFB09088055A563C3035A18
0DF903312A1BFB09088155AA63CC035B
1808F9033A2A1BF909087F55C263C403
5A1801F9034B2A1BFB09087E552564C9
035C18F2F803642A1BFC09087E559564
AD03FE17EBF803682A1BFA09087E55F3
63A603FE17E5F8036A2A1BF709087F55
AE63AC03F517DEF803642A1BF509087E
557363A703F817DBF803642A1BF20908
7E555463AF03F217DAF803642A1BF409
087F55FC62C9034A18D9F8036C2A1BF3
09087E557B62D0035218D8F8036C2A1B
F209087E555262D0034C18D2F8036E2A
1BF209087F553A62CE035018D3F80370
2A1BEF090880553A63D2030519D4F803
682A1BEB090880551C63C9030219D4F8
03682A1BE909088055D962C9031119D7
F803682A1BE509088155AC62D6030F19
D8F803642A1BE0090881556B62DD031E
19D7F803662A1BE0090881552D62D903
2E19D7F803642A1BE109088455F661E2
032919D7F8036C2A1BE409088455CD61
DA032C19D2F8036C2A1BE6090884559A
61E503B818D3F803642A1BED09088355
8C61E903B818D8F803532A1BF3090883
557861E503B518DDF8035F2A1BF80908
8455D669EF03B518DFF8034E2A1BFA09
0882555D69F203BA18E4F803422A1BF9
090881551268CB039618EAF8033A2A1B
FA09088155FC66D0038E18EEF8033A2A
1BF9090880555366CB039B18F3F8033A
2A1BF909087F55C065C9038C18F4F803
362A1BF909087F55B865FA031219F6F8
03362A1BFA09087E55AE65EB031519FA
F803362A1BF909087C555F65EA030E19
FAF8033A2A1BF809087B552965EE0316
19F7F8033A2A1BF609087C55CB64A903
E219F6F8033E2A1BF209087B55B164AE
03E819F4F8033E2A1BF209087A55C864
A603E519F0F803422A1BF709087C55C1
64AB03E019EEF803422A1BFB09087C55
7865C8037D18EBF803422A1BFD09087D
557C65CC039018E7F803422A1BFD0908
7D550A65CE038A18E3F8034B2A1BFD09
087E550565C4038E18DCF803532A1BFC
09087F550765C6037F18D6F803562A1B
FD09087F55CD64DD03B318D5F803532A
1B000A087F559764E203BA18D2F8034B
2A1B000A087E550E65D603B718D0F803
3E2A1BFF09087C55AA64D803C018CDF8
032D2A1BFE09087C55C264DA031019CB
F803312A1BFE09087B557364DE031819
CDF803362A1BFF09087D554B64DB0312
19CEF803072A1BFC09087B55F963D603
1E19CEF80385291BFB09087A55C863EB
035C1CCCF8033E291BFD09087A55CE65
F003681CC6F8039A291BFC09087955A7
65EC03591CC0F803F2291B000A087755
5F65EC03591CB6F803522A1BFF090877
550465D8034F1CB1F803532A1BFE0908
76550065DF034C1CAFF803DD291BFF09
087755E464D603501CB1F8033A291BFC
090876559E64D9035C1CB9F80353291B
FB090874557764DE03481CC0F8033529
1BF809087555B164F703E527C7F80338
291BF5090875555E64F803E127C6F803
6C291BF5090877555364FF03E527C2F8
03C8291BFD090878556269FB03E727BA
F803102A1BFF09087855336CCB03F11A
B0F803422A1BF409087855B06AC203EA
1AAAF803682A1BDF09087855D369C803
EE1AA5F8036A2A1BC7090876550369C9
03EE1AA4F803702A1BBA090877555C68
C003A718A1F803792A1BBA09087755BF
67BB03B018A4F803792A1BBC09087855
4D67BC03AA18AFF8035F2A1BBF090878
55E266BA03A918C5F8032D2A1BC20908
79558666D6039818DCF803092A1BC509
087955CE65D9039018F1F803F7291BC2
09087855AE65D7039C1807F903E6291B
B309087955E164D7038F1815F903D529
1B9809087A559F64DB039C1821F903CD
291B7E09087A559B64C8032E1829F903
C8291B6F09087A558D64C5032D182EF9
03D1291B67090879557A64D60325182F
F903D1291B6609087A555764CC033018
33F903C8291B6109087C553464F603F8
1732F903CD291B5E09087C5537640304
F81733F903CD291B6209087E553364FC
03F91734F903C8291B6509087C55F163
FA03FF173AF903BD291B6809087B55C7
63D20317183AF903B8291B5E09087A55
B363D2031A1839F903C0291B4409087B
55F063CE031C1836F903C8291B230908
7A55FF63C503171832F903C8291B1209
087955D663C103501829F903D1291B04
09087955CC63B9034B1823F903D5291B
FC08087955B163C1034D181CF903E129
1BF308087855BD63B4034F1816F903EA
291BEF08087755AC63BB0350180CF903
F2291BED080878559963ED03E31709F9
03F7291BEF080877557F63EE03DE1706
F903F7291BEF080877556663E403D617
0AF903EE291BDA080875556163E903D8
1716F903C9291BC108087555A863F703
501837F90370291BA808087455A663F6
034D1858F90346291B9A08087655AF63
FC03471873F90331291B9708087955E3
63F8034A188AF90325291B9408087955
076419045E18AAF903F2281B8F080879
5503641F046118D6F9039E281B8E0808
7A55F7631A04661801FA035F281B8C08
087A55ED631E04541827FA033A281B8A
08087855CC630604BC1744FA032D281B
7808087855A8630A04BB175BFA031C28
1B580808775514640A04BC1768FA0314
281B3C0808765519640F04C1176BFA03
19281B2D080876552F640704BA176BFA
0325281B2A08087755E86311045A175E
FA0342281B2908087755D0631C046017
4AFA036C281B25080877558C631C045E
1722FA03AB281B220808765552631E04
5C17F4F903FB281B1F080876558863DA
037F16C9F90329291B18080876558E63
E1037A16A4F90348291B020808755588
63DA03781689F90357291BE107087355
7E63D8037A1675F9035B291BC8070871
556763FB03831760F9037D291BBB0708
715545630B0480174BF90396291BB407
086F552D63F8037B173CF903A3291BAE
07087155F662F6037C172EF903A9291B
AB070871556B62FD03AB1621F903B329
1BAA070872554562F503AF1613F903D1
291BAC070873550E62FD03B116FFF803
EE291BAD0708735509620004B116F1F8
03032A1BA107087355D861F903AF16D3
F803212A1B84070874550F62DD033515
AEF8037A2A1B67070873550A62DB033B
1585F803AF2A1B5407087455BC61DA03
421565F803C42A1B4C070875555961DB
03391549F803E22A1B49070874552A61
DB031A161FF803292B1B450708745509
61DF031C16ECF703792B1B3F07087555
B660DA031416BDF703AD2B1B3B070875
554D60DC0314169AF703C92B1B3E0708
76552160FC03A41685F703C92B1B3507
087655F55F0104AD1670F703D52B1B1F
07087655FF5FF803A61662F703EA2B1B
0407087755DF5F0204A71653F703F72B
1BEE06087655975FD603C91649F703FE
2B1BE5060875556D5FC603CD1640F703
142C1BE2060875554B5FCF03CF1635F7
03252C1BE3060873551E5FC703CD1624
F703422C1BE306087355A45ECB03CA16
12F703642C1BE3060874557E5ED003CE
16FDF603812C1BE706087355275ECC03
C716EBF6038F2C1BDF06087255F15DC5
03CF16DBF6039F2C1BC906087455D45D
C503C816CFF603AB2C1BB106087455BA
5DDC03A016C5F603B42C1B9706087255
695DDE039B16C2F603B42C1B8A060874
551C5DE0039C16C1F603A82C1B860608
7355D65CD4039716C8F6039B2C1B8906
0873558E5CB403DE16CFF603922C1B8A
06087155515CBC03DE16D0F6039B2C1B
8906087055035CBC03DA16C8F603B82C
1B8506087155C45BBC03E516BBF603C9
2C1B7B060872557D5BB203F815B2F603
D02C1B6306087255615BA5030116ABF6
03D52C1B4906087255185BAD030016A9
F603D52C1B3006087155FF5AA803F915
ACF603C92C1B1F06087055B45AAB03F1
15B4F603B82C1B1E06087155705AC403
AF15C4F6039B2C1B1B060872553C5ACA
03A915DAF6036B2C1B1D06087155B259
D303B715F1F6035C2C1B1D0608715559
59D003AA15FCF6035C2C1B1E06087255
1D598603C71405F703572C1B14060872
55ED589003CC1402F703642C1BFB0508
725539598E03C914FFF6036F2C1BD905
0873551C598903CA14FEF603712C1BC0
05087355BB589A03AC14F9F6037D2C1B
B80508735581589803A614E6F603DA2C
1BB5050872552858A303AD1495F60393
2D1BB605087255C557A003AE14F6F503
DA2E1BB405086F5581579603DD1341F5
03F82F1BB40508705533578003E113C4
F4031E301BB805087155FC567A03DB13
5EF40348301BB405087255C9567D03DB
13EEF303DB301BA505087255B0567803
E21389F30351311B8D05087055975680
03081447F30370311B7805086E559756
7903FD1328F30366311B6805086D554B
56800306142AF30327311B6405086C55
D9557803021437F30312311B6105086D
55A6558103ED1333F30351311B5F0508
6C5588557C03ED1309F303D8311B5F05
086C5568557D03F813C7F2036F321B61
05086C55FE547D03EC13A3F2036F321B
5C05086D551D553E03A513B7F203E931
1B4605086D55B65542039B13C4F203E9
311B2805086D5541564403AA13B6F203
2C321B1105086E5515563903A313A3F2
0343321B0405086D55AF554303881385
F20378321B0005086C55365544036F13
61F203DD321B0305086C5538553C0366
132DF20352331B0705086B55C7543F03
7613F0F10396331B0A05086A55755439
037413BDF103B7331B0705086B557C54
5403671393F103D5331BF404086B5571
54520366136FF103EE331BD304086A55
B65452035F1353F1030C341BB704086A
559B54520361133FF10318341BA70408
6C5559540D03AE122BF10345341BA104
086C5539541203B412F0F003EB341BA2
04086C5521541503B8125CF00351361B
A604086C55A8530C03BA125BEF038E38
1BA904086C5593531C034E12A7EE0397
381BA904086C5573531E03561266EE03
F6371B9C04086C5574531E0356125CEE
038D371B7E04086D55C25322034F128F
EE03ED361B5F04086D55C2531E035012
B1EE030E371B4A04086D550354220346
1291EE03F5371B4204086D55E9531A03
44121EEE0350391B4204086E55CD5328
03441267ED03ED3A1B4504086F55DE53
1803401260EC03EC3C1B4904087055E0
531903A9116AEB03843D1B4A04087055
B8532203A411A4EA03CB3D1B4104086E
55E5531E03A411FDE903743E1B2D0408
6D5506542103A31162E903A33E1B1004
086D5580619B024511E6E803843E1B0B
04086C55D459990241117DE8038B3F1B
1004086C5572569D0247110EE8037C40
1B1404086A55A0549502451191E703B0
411B1504086A55B153C205311701E703
C5421B0F04086955AB57C5052B1766E6
03EF431B0B040868559557C7052D17B7
E503BA441B06040868550E5ACB053117
12E50396451B07040868557E59C60528
179DE403F2451B090408675590585702
0E2143E4032F461B1104086855D65760
020C2107E4037B461B12040867552F57
52020C21E1E30366461B1604086755A6
565D021221BDE30395461B1504086755
88566E02251192E303FE461B16040868
551456700224116CE30331471B150408
6855C85570022A1152E3032F471B1904
086755C5556802261143E30331471B18
04086955A055E0023C1136E30346471B
1F04086A559E55D702311121E3037D47
1B22040869556354E002371107E303A1
471B2404086A554C54D9022F11EEE203
DA471B2004086B550F547C03A910DCE2
03EF471B1C04086B55CC537803A610D0
E20307481B1E04086C555E537A03B210
C9E20309481B2304086D5565537C039F
10C9E20304481B2A04086F5531537703
A510C9E20300481B2D04086F551C5329
03C510C3E2030F481B2F04086E55C652
2703C610B9E20337481B2F04086D55AC
522103C910B0E20351481B2F04086F55
8C522103C510A8E20355481B3004086F
5553524E03A910A3E20361481B350408
6F5591524B03AD10A1E2035D481B3404
086E55A0525303AB109FE20359481B30
04086E5564525203A5109FE2035D481B
2D04086E555E522603CC109DE2037348
1B2F04086F5590522903CB109CE20373
481B2D04086E5591522503C8109FE203
7F481B2A04086E556E522F03CB10A9E2
0371481B2804086F55B3521303D810BB
E20351481B2704086D55AA520C03D710
C9E20340481B2B04086D557C521003D4
10D7E20338481B2C04086E55C2520D03
D610DCE20344481B2604086D551C5311
03D110DCE20344481B1504086E553E54
F102B310D9E2032B481B0704086E5535
56F402B810DCE20365481BFB03086D55
AC54E702B910E0E20373481BE903086D
55FC54F702B610E8E20359481BE20308
6F550355E706AD26EEE2034C481BE203
0870551D56E406AB26E8E20301D71AE2
03086F554A56E606A126F1E203BF4D15
E103086D55B056E606A3260AE3037DAF
0DE103086D5594568500780127E30330
CC0DE203086E5520568E00870143E303
93F90DE103086F555F56950084015CE3
0330DE0DE203086D559F559300800170
E303F4BF0EE303086D55255607FCCF08
87E3038A600FE403086C55E35502FCC9
08A2E30388DB0EE103086C555D55F8FB
CB08</Data>

   <DataCRC>b6707bb1</DataCRC>

   <BytesSent>12546</BytesSent>

</SBEDataUpload>
</InstrumentRawData>
</SBEDataUploadFile>
