<?xml version="1.0"?>
<!-- SCPlusV2_RS232 -->
<SBEDataUploadFile>
<ApplicationData>
<Seaterm232>
<SoftwareVersion>2.6.3.104</SoftwareVersion>
<BuildDate>30-Jun-2017</BuildDate>
</Seaterm232>
</ApplicationData>
<InstrumentState>
<HardwareData DeviceType='SBE19plus' SerialNumber='01906740'>

   <Manufacturer>Sea-Bird Electronics, Inc.</Manufacturer>

   <FirmwareVersion>2.2d</FirmwareVersion>

   <FirmwareDate>9 February 2011 08:30</FirmwareDate>

   <CommandSetVersion>1.1</CommandSetVersion>

   <PCBAssembly PCBSerialNum='25307' AssemblyNum='41054G'/>

   <PCBAssembly PCBSerialNum='25737' AssemblyNum='41580B'/>

   <PCBAssembly PCBSerialNum='24669' AssemblyNum='41606'/>

   <PCBAssembly PCBSerialNum='24372' AssemblyNum='41059D'/>

   <MfgDate>  08 DEC 2010</MfgDate>

   <InternalSensors>

      <Sensor id='Main Temperature'>

         <type>temperature0</type>

         <SerialNumber>01906740</SerialNumber>

      </Sensor>

      <Sensor id='Main Conductivity'>

         <type>conductivity-0</type>

         <SerialNumber>01906740</SerialNumber>

      </Sensor>

      <Sensor id='Main Pressure'>

         <type>strain-0</type>

         <SerialNumber>3220369</SerialNumber>

      </Sensor>

   </InternalSensors>

   <ExternalSensors>

      <Sensor id='volt 0'>

         <type>SBE 43 OXY</type>

         <SerialNumber>432005</SerialNumber>

      </Sensor>

      <Sensor id='volt 1'>

         <type>not assigned</type>

         <SerialNumber>not assigned</SerialNumber>

      </Sensor>

      <Sensor id='volt 2'>

         <type>ECO-FLNTURT CHL</type>

         <SerialNumber>FLNTURTD-2025</SerialNumber>

      </Sensor>

      <Sensor id='volt 3'>

         <type>ECO-FLNTURT TURB</type>

         <SerialNumber>FLNTURTD-2025</SerialNumber>

      </Sensor>

      <Sensor id='volt 4'>

         <type>not assigned</type>

         <SerialNumber>not assigned</SerialNumber>

      </Sensor>

      <Sensor id='volt 5'>

         <type>not assigned</type>

         <SerialNumber>not assigned</SerialNumber>

      </Sensor>

   </ExternalSensors>

</HardwareData>
<StatusData DeviceType='SBE19plus' SerialNumber='01906740'>

   <DateTime>2018-11-26T19:37:10</DateTime>

   <LoggingState>not logging</LoggingState>

   <EventSummary numEvents='241'/>

   <Power>

      <vMain>12.4</vMain>

      <vLith>5.3</vLith>

      <iMain>61.4</iMain>

      <iPump>156.8</iPump>

      <iExt01> 4.2</iExt01>

      <iExt2345>18.2</iExt2345>

   </Power>

   <MemorySummary>

      <Bytes>1110270</Bytes>

      <Samples>65310</Samples>

      <SamplesFree>3805169</SamplesFree>

      <SampleLength>17</SampleLength>

      <Profiles>71</Profiles>

   </MemorySummary>

</StatusData>
<ConfigurationData DeviceType='SBE19plus' SerialNumber='01906740'>

   <ProfileMode>

      <ScansToAverage>1</ScansToAverage>

      <MinimumCondFreq>3226</MinimumCondFreq>

      <PumpDelay>60</PumpDelay>

      <AutoRun>no</AutoRun>

      <IgnoreSwitch>no</IgnoreSwitch>

   </ProfileMode>

   <Battery>

      <Type>alkaline</Type>

      <CutOff>7.5</CutOff>

   </Battery>

   <DataChannels>

      <ExtVolt0>yes</ExtVolt0>

      <ExtVolt1>no</ExtVolt1>

      <ExtVolt2>yes</ExtVolt2>

      <ExtVolt3>yes</ExtVolt3>

      <ExtVolt4>no</ExtVolt4>

      <ExtVolt5>no</ExtVolt5>

      <SBE38>no</SBE38>

      <OPTODE>no</OPTODE>

      <GTD>no</GTD>

   </DataChannels>

   <EchoCharacters>yes</EchoCharacters>

   <OutputExecutedTag>yes</OutputExecutedTag>

   <OutputFormat>raw HEX</OutputFormat>

</ConfigurationData>
<CalibrationCoefficients DeviceType='SBE19plus' SerialNumber='01906740'>

   <Calibration format='TEMP1' id='Main Temperature'>

      <SerialNum>01906740</SerialNum>

      <CalDate>07-Jan-11 </CalDate>

      <TA0>1.255288e-03</TA0>

      <TA1>2.593288e-04</TA1>

      <TA2>-2.376104e-07</TA2>

      <TA3>1.449298e-07</TA3>

      <TOFFSET>0.000000e+00</TOFFSET>

   </Calibration>

   <Calibration format='WBCOND0' id='Main Conductivity'>

      <SerialNum>01906740</SerialNum>

      <CalDate>07-Jan-11</CalDate>

      <G>-1.033008e+00</G>

      <H>1.393941e-01</H>

      <I>-2.175401e-04</I>

      <J>3.475757e-05</J>

      <CPCOR>-9.570000e-08</CPCOR>

      <CTCOR>3.250000e-06</CTCOR>

      <CSLOPE>1.000000e+00</CSLOPE>

   </Calibration>

   <Calibration format='STRAIN0' id='Main Pressure'>

      <SerialNum>3220369</SerialNum>

      <CalDate>21-Dec-10</CalDate>

      <PA0>8.222195e-01</PA0>

      <PA1>1.566037e-02</PA1>

      <PA2>-6.194425e-10</PA2>

      <PTCA0>5.244452e+05</PTCA0>

      <PTCA1>4.417653e+00</PTCA1>

      <PTCA2>-9.798927e-02</PTCA2>

      <PTCB0>2.510725e+01</PTCB0>

      <PTCB1>-1.150000e-03</PTCB1>

      <PTCB2>0.000000e+00</PTCB2>

      <PTEMPA0>-5.917147e+01</PTEMPA0>

      <PTEMPA1>5.387460e+01</PTEMPA1>

      <PTEMPA2>-2.653169e-01</PTEMPA2>

      <POFFSET>0.000000e+00</POFFSET>

      <PRANGE>5.076000e+03</PRANGE>

   </Calibration>

   <Calibration format='VOLT0' id='Volt 0'>

      <OFFSET>-4.687158e-02</OFFSET>

      <SLOPE>1.247988e+00</SLOPE>

   </Calibration>

   <Calibration format='VOLT0' id='Volt 1'>

      <OFFSET>-4.719579e-02</OFFSET>

      <SLOPE>1.248132e+00</SLOPE>

   </Calibration>

   <Calibration format='VOLT0' id='Volt 2'>

      <OFFSET>-4.684526e-02</OFFSET>

      <SLOPE>1.248324e+00</SLOPE>

   </Calibration>

   <Calibration format='VOLT0' id='Volt 3'>

      <OFFSET>-4.678105e-02</OFFSET>

      <SLOPE>1.247145e+00</SLOPE>

   </Calibration>

   <Calibration format='VOLT0' id='Volt 4'>

      <OFFSET>-4.669684e-02</OFFSET>

      <SLOPE>1.248307e+00</SLOPE>

   </Calibration>

   <Calibration format='VOLT0' id='Volt 5'>

      <OFFSET>-4.709579e-02</OFFSET>

      <SLOPE>1.247697e+00</SLOPE>

   </Calibration>

   <Calibration format='FREQ0' id='external frequency channel'>

      <EXTFREQSF>9.999977e-01</EXTFREQSF>

   </Calibration>

</CalibrationCoefficients>
<EventCounters DeviceType='SBE19plus' SerialNumber='01906740'>

   <EventSummary numEvents='241'/>

   <Event type='ErrorFLASHUncorrectableError' count='241'/>

</EventCounters></InstrumentState>
<Headers>

cast  42 24 Nov 2018 10:50:40 samples 47127 to 47764, avg = 1, stop = mag switch

</Headers><InstrumentRawData>
<SBEDataUpload startAddr='801142'>

   <Type>1</Type>

   <DataFormat>SEACATPLUS0</DataFormat>

   <Bytes>10846</Bytes>

   <Data>
30B203B4E20AE20308B455475B5A098E
0538B203F2E30AE30308B4555D595809
9A052BB20380E50AE50308B45577584D
098D0559B10383E60AEA0308B455CA5B
5F099305D2B00331E70AF50308B45573
5FA11003050BB103E0EB0AFF0308B455
D85C9D100305B0BD03FDF112080408B4
55C85B9B10F70475D203932E0F0D0408
B455795E9E10F8047BDF03FB4F0C1004
08B555AB5CF7FB1E3ED1E3033A261210
0408B455B45AF5FB233E1DE6035CF017
190408B5557F5900FC1D3E18E90393ED
151D0408B5558158F6FB213EA7EB0322
CA141E0408B5551458FCFB231155ED03
056A1B220408B555AF5704FC2E1179EE
03E86A1B2E0408B55566570CFC231140
EF0369691B380408B5551C57FCFB1F11
E9EF038C6D1B3C0408B655E85600FC2C
1160F003C0681B420408B755E456C602
E50F41F1035F5B1B440408B855D356B9
02EA0F3BF20368511B460408B855DC56
C802F80F66F30320471B4A0408B955E6
56C602E90F57F5033A421B4F0408B955
D2565E039F0EA5F703743E1B510408BA
55CC565D03A20EDDF903FA3A1B500408
BA55D3565F039F0EBBFB0335381B5104
08BB55DE566F03A10E59FD0363361B4F
0408BC55FD569502A80E84FE030D351B
4D0408BC551B579D02A50E63FF03FC34
1B4B0408BC553B5794029D0E1C0004D6
341B4A0408BD553E57A102A70E910004
C1341B480408BD5559579102FC0ED400
045E331B440408BD556D578C02FE0EEC
00042C321B400408BE5597578602FC0E
C10004DC311B3C0408BE557A579302FA
0E72000488321B3C0408BD55AF578E02
0B0F0E00041A361B3D0408BD55B1579B
02910E9AFF036F321B3E0408BD559357
99028F0E01FF035A321B400408BD55AC
57A4028E0E64FE03AA321B410408BD55
BE579B02920EEFFD0356321B400408BE
55A9571C03890EA3FD03D4311B420408
BE55BF571C03910E68FD0344311B4204
08BE5595572203930E52FD032B311B43
0408BE551D561C03930E53FD030E311B
450408BE553F5599028C0E73FD03BA30
1B460408BE55DE54A602880EB0FD0340
311B470408BE558D5493027C0E05FE03
58311B470408BD551554A0028B0E58FE
0311301B470408BD55FF532003A10EA5
FE03A82E1B460408BD55E7531C039E0E
EDFE03C92D1B460408BC5556532003A2
0E1CFF03E72E1B480408BD5526532703
AB0E3EFF0325301B490408BC5554531E
039E0E57FF03FE311B480408BC553153
BF026D0E67FF033D331B460408BC55F9
52BD026E0E74FF03D1331B430408BD55
B052BC02770E80FF032D341B440408BD
558452C402740E89FF03FF341B440408
BC558B5293028D0E90FF03C6351B4504
08BD556D5296028F0E94FF03FD351B48
0408BD558D529A028F0E95FF03B2361B
480408BE557E529B02920E81FF033E38
1B480408BD556252D602530E5AFF03BF
391B470408BD553552C802640E39FF03
783B1B460408BE552F52D0025E0E1EFF
03E63B1B450408BE553952D0025A0E10
FF03D93B1B430408BF55F351DC02B10E
04FF033B3C1B440408C0550452E202AF
0EF7FE03F83C1B450408C1551152DA02
B40EE7FE035E3D1B470408C355EE51D9
02AF0ED8FE03FA3D1B460408C3552452
DB02B40ECBFE03A53C1B480408C3553D
521C03920EC3FE03BD3C1B490408C255
0F522003930EB0FE03503C1B4C0408C0
55F75122038F0E85FE03C33A1B4D0408
C155CE5125038D0E79FE036D391B5004
08C2559D512203C90E73FE03D3391B51
0408C15542511B03C40E5FFE03673B1B
510408C25510511E03BF0E34FE03D53B
1B520408C25500511703BC0E0BFE037E
3C1B4F0408C355C250D0027C0EF6FD03
7D3B1B4D0408C355D050D1027E0EE9FD
0393391B4D0408C255E150CE027E0ED4
FD03E6381B4D0408C155C550CE02840E
C3FD0350391B4D0408C0558F507B02C1
0EB3FD030E3A1B4D0408BF554A508002
C20EA1FD03F73A1B4A0408BF553C5081
02BC0E8AFD03AB3B1B4A0408BF552450
7502C30E77FD03D13B1B4A0408BF5522
507D02BF0E63FD03063B1B470408C055
E94F9202870F53FD038E391B460408C1
55045088027F0F42FD03C9381B480408
BF55F84F8402810F31FD03E2381B4904
08BF55BB4F8802800F1EFD037A391B4B
0408C055C14F98026F0E0DFD0396391B
4D0408C055C54F8A02710E07FD034739
1B4E0408C055B24F8E026F0E08FD03AD
391B500408BF55704F8E02710E06FD03
0B3B1B500408BF554B4F5F02210E01FD
03713C1B4E0408BF55884F61021D0EF2
FC03EA3C1B4D0408C155244F5902230E
EAFC03E53D1B4B0408C255294F5D0222
0EEFFC03533E1B4A0408C255164F0003
CB0EFEFC03B23D1B4A0408C2550E4FFD
02D20E18FD03DA3B1B480408C255E04E
0003CF0E40FD03BF3A1B470408C455E3
4E0003D10E77FD03063B1B4B0408C355
CB4EF702D20E99FD03E23B1B4B0408C3
55B44EBB02330EACFD03B53C1B4B0408
C455B14EB302310EB5FD03403D1B4A04
08C455BF4EBD02350EB5FD037B3D1B4B
0408C355924EBA022B0EBFFD034D3D1B
4B0408C255634E9802800ECEFD032F3D
1B4C0408C155454E9E02830EE2FD0397
411B4C0408C355274E9B02840EDFFD03
7C4A1B4D0408C4555A4E9C02830EBCFD
03424E1B4D0408C355294EB702980EA4
FD03AF4E1B4B0408C3551F4EC3028E0E
8CFD03B14B1B480408C455EB4DC8028F
0E71FD03A7451B480408C355534EBA02
960E66FD0377421B4A0408C4552B4ED1
02C50E7AFD03E1421B4C0408C5552F4E
CF02BF0E93FD03B6481B4D0408C4553B
4ED302C10E6AFD030B4E1B4B0408C455
214ED302BF0E32FD03FA501B4B0408C4
55D04DCF02BD0E1FFD03EF4F1B490408
C555AF4DA302800E21FD0342491B4804
08C655CA4D9D02840E33FD0302441B49
0408C655884D9702820E5BFD0351421B
4B0408C7557E4D9E02810E95FD035D44
1B4D0408C755624DBD02BF0EA2FD03E5
481B500408C6551E4DB902C20E79FD03
814D1B4D0408C655E84CB902BD0E53FD
0346511B4B0408C655FE4CBD02BE0E47
FD0390531B4E0408C755B54CAA02AF0E
49FD0303551B4E0408C755AC4CAA02B2
0E4AFD0312561B4C0408C755904CAC02
AF0E43FD038D561B4B0408C755484CB0
02B50E34FD0326561B4A0408C7557E4C
9B026F0E15FD035E531B4B0408C75565
4CA1026F0EEFFC034A4C1B4A0408C655
904C9D026F0EDFFC03F7481B4C0408C7
55704C9B02690EEEFC0329491B4C0408
C755574C9902760EFFFC03434B1B4D04
08C755304CDC02D00EF8FC032B4F1B4D
0408CA55504CE102C90ECEFC03C1531B
4C0408CA55194CDE02D30EA3FC03D656
1B4D0408CA550D4CE302D10E8DFC0319
581B4E0408CC55EB4BD102AC0E80FC03
B4581B4E0408CC55A84BD102A20E6BFC
0344581B4D0408CD55AD4BD202A80E50
FC03C8571B4E0408CD55A84BCE02A10E
30FC0338571B4B0408CC557E4BF002B2
0E09FC0392561B4C0408CE55C74BF702
AE0EE2FB038C561B4C0408CE55AE4BEE
02B10EC0FB0345561B4D0408CF55534B
ED02B10E9DFB0345561B4D0408CF554E
4BD302A00E81FB0317571B4B0408CF55
7F4BD1029A0E6AFB038D571B4B0408CE
55134BCE02A10E50FB0361581B490408
CF555C4BCD02A60E36FB03285A1B4A04
08CE554A4BD502A20E1AFB03DD581B4A
0408CC554B4B9702730E02FB03B8521B
4C0408CD55524BA002730E04FB030651
1B4D0408CE55784BA402700E25FB03ED
501B500408CD55294BA1026D0E4AFB03
4E521B4F0408CD551C4BB802B00E5AFB
0351551B4C0408CB55C94AC002B70E49
FB03AF561B4E0408CA55A14ABB02AB0E
28FB03C1551B4E0408CA55BB4AC502B3
0E10FB0392551B4C0408C755774AC002
AE0E07FB0396561B4D0408C655664AC0
02B30EFBFA034C581B4C0408C5554F4A
B702AD0EE7FA03105A1B4D0408C65568
4ABC02AE0ECAFA034A5B1B4C0408C755
8B4AD102AF0EADFA03DF5B1B490408C7
55734AD002AB0E8DFA03DE5B1B470408
C7557A4AD202AF0E73FA03305C1B4704
08C855544ACC02B10E58FA038E5C1B48
0408C9557B4ADA02AD0E3DFA037E5C1B
480408C855A04A9702A20E26FA033D5C
1B490408C955A24A9B02A50E0CFA039B
5B1B470408CA55954A9902A60EF6F903
995B1B470408CD556A4A9D02A30EE3F9
03385C1B480408CD55654ABE02BF0ED1
F9038C5D1B470408CE55794ABF02C70E
C1F903FC5E1B490408D055684AC202BF
0EADF90315601B4B0408D0556A4ABB02
C20E9DF903E75F1B4C0408D0557C4AE0
02A00E8BF903D55E1B4C0408D055A04A
E2029E0E78F9031E5E1B4C0408D15568
4AD6029E0E63F9035F5D1B4C0408D255
4A4ADE02A30E52F903385D1B4B0408D1
558E4AC002A00E41F903925D1B4D0408
D1559F4ABB02A40E33F9037C5D1B4C04
08D155814ABD029C0E23F903D65C1B4B
0408CF557E4AB902A00E17F9032C5C1B
4A0408CE55664ABD02A40E0FF903055D
1B490408CD55C44AD9027C0E06F90338
5E1B450408CC55064BE1027F0EFCF803
DA5F1B460408CB55184BDD027A0EE7F8
0326611B470408CB55CF4AE602800ED5
F803D1611B4C0408CA55DD4AA702A60E
C2F80381611B4D0408CA55054BB202A2
0EB2F803C85F1B4E0408CB55964AAB02
A40E9EF803F75D1B4F0408CD55D94AA6
029D0E92F803095E1B4F0408CD55CE4A
8B02C10E8AF8039E5F1B530408CA55A2
4A9702C40E7EF803DD601B530408CA55
CB4A8C02C00E6EF80340611B530408CC
55BB4A9202C70E5CF80359601B530408
CC55D54ABE02CF0E4BF803ED5E1B4E04
08CC55B54AC102CE0E3AF803445E1B4B
0408CE55AC4AB902D40E33F803B35E1B
4E0408D1557E4ABF02CF0E2AF8034D5F
1B4B0408D055394AC102D10E20F803E2
5F1B490408D155844ABD02B40E0EF803
55601B490408D2557F4AC102B20EFFF7
0315611B470408D255C749C102B30EEE
F70359611B460408D455B049C202B00E
DCF70355601B440408D255BA49AC0295
0ECDF7038B591B460408D155E149B202
940EDCF703A3561B460408CF55DE49AC
02900E13F80373561B460408D155B949
AD02850E46F80311571B470408D255C0
49AE02C20E64F8037C571B460408D155
034AB002BF0E6FF80387581B470408D0
55CA49A802C40E6EF803AD591B460408
CF55B949A802C30E5DF803C85A1B4604
08CE55DB499C02C90E47F803CF5A1B49
0408CC55EC49A202D50E35F8033E5A1B
470408C955254A9D02D00E2DF8038056
1B3C0408C955F7499B02D30E46F803B4
561B2A0408C855DC499B02D20E71F803
2F5F1B200408C855344B5902650E7EF8
03B55B1B190408C755974A5F026C0E9E
F803B45C1B100408C555484A5D02730E
A1F803335F1B100408C455214A5E0272
0E82F80324601B180408C655284A8600
530D56F803275E1B1F0408C8550A4A8B
00500D2BF80318591B2B0408C655FB49
86004D0D0DF80390531B340408C755CD
498900530D00F803BF501B3B0408C755
D649A101F20D1EF803534E1B3E0408C8
55CF499A01EF0D79F803874F1B430408
C955004A9201ED0DEFF803674C1B4504
08C955E2499901EA0D7EF9036D4E1B46
0408CA55DD49A402910EE8F90339521B
450408CB55404AA102900EE8F903F554
1B460408CC55094A9D02940EC0F9036C
551B470408CD55964AA0028E0EA3F903
80561B4A0408CC55564AA302940E9AF9
034B541B4A0408CC55644AAE02C40EAD
F90393511B4E0408CD553F4AB502C10E
ECF903394F1B4E0408CF55094AB102C4
0E40FA03B54B1B4F0408CF55E149B302
C00EB8FA0344481B500408CF55354ABB
02A00E33FB03C7481B4F0408D055CB49
BD029A0E82FB038E491B510408D055BF
49BD029C0EA0FB03BF4A1B530408CF55
7749BA02A80EA7FB037F4D1B580408CE
558149AE02950EA1FB03FC4E1B5C0408
CF55FC49AB028B0EABFB038B391B5D04
08D155594AAA02900E3BFC032D2C1B5C
0408D255334AA602890E2CFD033A271B
5A0408D355D449B102B00E97FE039B23
1B5B0408D455EA49AF02AF0E0C000472
211B5B0408D455DC49B502AD0E370104
0E201B600408D355FF49AC02AD0E1402
04351F1B620408D455EC49B102AF0EC5
02047D1E1B610408D6550A4AD802850E
5D0304AC1D1B5D0408D6552E4AD90284
0ECE0304501D1B580408D555CF49D802
820E1E0404CA1C1B590408D455084AE2
02790E5004047A1C1B560408D355054A
CE02C30E5E04046A1C1B560408D2551C
4AD202C40E450404B51C1B570408D255
2B4ACF02C70EF70304431D1B5A0408D3
556F4AD202BE0EA80304931D1B5C0408
D3555B4AB202A40E7303048A1D1B5E04
08D055314AA502A00E330304C11D1B5E
0408CF55794AAC02A50E010304971D1B
5D0408CF55BD4AA5029D0E0F0304E31C
1B5E0408CD55EF4A9A02AB0E4803041A
1C1B610408CC551A4BA202AF0E970304
661B1B610408CC55324B9F02B00EED03
04EF1A1B640408CA55954B9F02B30E3F
0404911A1B630408C955084C9F02AB0E
940404031A1B630408C9559D4CB6028B
0EE30404A3191B660408C955F34CAA02
8B0E17050464191B660408C955244DB1
028F0E38050479191B650408CA55704D
A9028B0E4A0504EF181B660408CC55A7
4DDB02AE0E5E050487181B690408CD55
B24DD902AF0E74050466181B6B0408CD
55AF4DDA02AA0E91050438181B6D0408
CD55DC4DE202A90EAB0504DC171B6E04
08CE55B14DAE02A30EDD05046F171B72
0408CF55FA4DB102A40E1F0604C0161B
740408CE55184EAC029E0E570604B316
1B7B0408D055544EAC02A30E7F060443
161B7E0408D255AF4ED002EC0E9A0604
3A161B7F0408D355D94ECD02ED0EB806
040C161B810408D555DD4EC902E50EDA
0604C1151B870408D4554C4FD002F00E
F10604EB151B8B0408D6555B4FCC02F1
0E040704CE151B8E0408D655974FB502
D70E1B07048F151B8D0408D655C94FAC
02D90E3707042B151B8E0408D555BA4F
B102DC0E550704F1141B8B0408D555EF
4FB202E20E6A07040E151B8E0408D655
4550D102BE0E760704DC141B930408D5
551250C802C00E72070405151B950408
D5553650D302BE0E67070401151B9904
08D5554F50CF02C40E6C0704C3141B99
0408D5556650B402BE0E860704B2141B
9B0408D5556F50AD02C10EAD07040314
1B9C0408D355ED50A702C20ED10704EE
131B9F0408D255C550A502BC0EEB0704
C4131BA70408D155DD50B102020FFC07
0492131BAB0408CF55BA50BE02020F11
080479131BB30408D155E850B902F50E
3E0804F8121BB50408D2551651C40200
0F740804A9121BB50408D355C651C602
F90E9B080498121BB90408D455AE51CF
02E20EB1080490121BBD0408D4559551
D602E10EC208046A121BC30408D25583
51CC02E30ECB08044D121BC80408D355
CC51D002DE0ED508042C121BCF0408D3
55BB51BE020B0FE008041F121BD20408
D3550A52BC02120FF00804C8111BD704
08D4550C52C202100F00090496111BDA
0408D555CE51BD02120F0E09048D111B
DD0408D455BD51C202ED0E1E09048511
1BDB0408D755A851C402F10E2E0904AA
111BDE0408D7558E51BC02ED0E370904
5F111BE20408D755B551C002F10E3909
0436111BE60408D9558E51BB02FD0E3A
09043F111BEA0408D755C251C202000F
3D090436111BED0408D6550452B802FC
0E4B0904FB101BF50408D4551B52C202
040F570904E6101BFC0408D3552852BF
02000F650904C9101B060508D5552D52
BE02220F770904A4101B0C0508D755F8
51C0021E0F850904A4101B0D0508D655
2052BB02200F9F09045D101B120508D5
553752BE02240FCA0904EC0F1B160508
D6555752C402310FF40904C30F1B1905
08D4556252CF02300F160A04A10F1B1E
0508D255FA52D3022B0F2D0A04BA0F1B
200508D455B652CC02300F3E0A04880F
1B240508D255EC52DF024D0F4F0A0463
0F1B2A0508D155D052E202530F590A04
520F1B2F0508D155E152DE024B0F630A
04630F1B330508D1552753DF02530F6E
0A040E0F1B390508D3550753DA02400F
860A04B80E1B440508D355A152B2023E
0F9C0A04970E1B4F0508D455CA52B102
430FAB0A048F0E1B550508D655EB52B1
02440FA80A04A80E1B5E0508D5550853
AD02490FA10A04C50E1B650508D555CD
52B302C20FA00A04B80E1B6A0508D655
C952B902B60FA10A04AC0E1B710508D6
55B852C202BB0FA70A049B0E1B7B0508
D455F852C602BF0FB50A047A0E1B8205
08D6550053D9026A0FC40A04650E1B8A
0508D855EB52DC026B0FD00A04650E1B
940508D8550F53E302630FD70A04540E
1B9D0508DA550B53E0026A0FDA0A0444
0E1BA50508D9552353E402A20FE00A04
3F0E1BAC0508D9554C53DE029C0FEA0A
04220E1BB40508DA555053E3029E0FF6
0A04050E1BBB0508D8553553E6029D0F
050B04F60D1BC40508D8555C53DC02A8
0F180B04C70D1BCE0508D7555F53DA02
A00F3A0B04800D1BD50508D6557253D5
029B0F5B0B04670D1BD80508D655BD53
E102A70F700B04350D1BDC0508D655EA
53DE029E0F770B045A0D1BDE0508D655
BB53DC028F0F790B046F0D1BE10508D6
55A753DD028F0F7B0B046B0D1BE30508
D855CA53D9028A0F810B044A0D1BEA05
08D8551F54DE028F0F7E0B04460D1BED
0508D855E253F402740F810B04310D1B
EE0508DA55E453ED026B0F870B04200D
1BEF0508D955F953F102740F8B0B040F
0D1BF30508DA557753EB026B0F900B04
140D1BFA0508D9556853D602710F910B
04FB0C1BFE0508D8556953CE026F0F93
0B04FF0C1B080608D7558E53CC026F0F
980B04F20C1B0D0608D7558653D30270
0FA40B04D90C1B0E0608D8558E53CC02
6D0FAF0B04D50C1B120608D755485300
035C0FC40B049B0C1B130608D8552B53
0303670FD60B04910C1B160608D75553
5307035A0FE20B04750C1B1C0608D755
1353F602650FEE0B046D0C1B240608D7
550F53E402800FF70B04500C1B2E0608
D855DB52D802770F0F0C041A0C1B3706
08D755D152DD02820F320C04C70B1B42
0608D755D552D6027A0F510C04A10B1B
4F0608D555BA52D802D20F670C04A10B
1B590608D6559F52D902C80F740C0499
0B1B650608D8550653E102D80F800C04
800B1B710608D9559F52E802CB0F890C
04780B1B7E0608D955E052F8025C108B
0C04780B1B8C0608D955B95203035D10
860C04910B1B990608D955DB52FD0264
10880C04950B1BA10608D955EB520503
61108A0C04780B1BA70608DA55635300
036110890C04840B1BAE0608DA553353
16034A10800C04950B1BB50608D9556C
5313035310780C049D0B1BBE0608D855
AF5313034E10740C049D0B1BC50608D6
55FF530E035210770C04910B1BCE0608
D555C553F9026C10810C04800B1BD406
08D6559853070370108C0C04670B1BDB
0608D5559253FF026B10910C04690B1B
E10608D555C153FF0270108C0C046F0B
1BE30608D4557D5311039510840C0484
0B1BE70608D255ED530D039A10780C04
880B1BEA0608D155B8530D039710750C
04880B1BEE0608D355E153090399106F
0C04880B1BF30608D455D8530A03FD0F
6C0C048C0B1BF60608D455E7531203F6
0F6C0C04990B1BFE0608D65596531103
F60F6C0C04A10B1B060708D6558C531A
03FD0F780C04780B1B0F0708D655D253
00030210880C044E0B1B180708D855AA
53FC02F10F940C04420B1B1F0708D955
BB530803FD0F950C043D0B1B280708DA
55AA530003FE0F930C04420B1B320708
DA550354FA02FE0F8E0C044A0B1B3C07
08D855BF53FD02AD108D0C044A0B1B4B
0708D955B8530203A8109B0C04200B1B
530708DA55CE53F902AA10AA0C040B0B
1B5B0708D955DA53FE02A610B30C0403
0B1B640708D955A45311033E10B50C04
070B1B6D0708DA55DA530D033D10A20C
04290B1B760708DA550E540703341077
0C04800B1B800708DA55F2530E033E10
4E0C04B10B1B870708D955DE5322037B
102D0C04C70B1B920708D955AC531A03
7B101A0C04CF0B1B9A0708D855675322
0381100F0C04CF0B1BA00708D7554353
1C037C100C0C04CB0B1BAA0708D955B0
5322038110050C04E00B1BB10708D855
D4532C037710FF0B04D70B1BBB0708D8
559F5331037E10000C04D30B1BC40708
D655675333038410020C04D70B1BCD07
08D6553E5332037410FF0B04D70B1BD4
0708D4558A531E034010010C04D70B1B
DB0708D4557C531C033D10030C04E00B
1BE40708D455535424033D10FF0B04D3
0B1BE40708D455615420033E10F00B04
F90B1BE50708D3554B541E03C710D30B
042B0C1BE40708D1556C542B03C710B0
0B04650C1BE30708D15526542403CB10
9C0B04750C1BE40708D255F2532503CB
10970B04690C1BE30708D1552F542403
9A109A0B04610C1BE40708D255CE531F
0394109E0B04500C1BE50708D255F753
1D039210A50B04480C1BE30708D1550B
541A039B10AE0B04440C1BE60708D155
E75320039910B20B04450C1BE50708D1
55CC532003F310B60B04440C1BE40708
D255A1532503F610B80B04440C1BE507
08D35560531F03F610B80B044C0C1BE6
0708D5559E532103F410B40B04580C1B
E50708D555195422030B11A70B04690C
1BE30708D5551F541B0309119E0B0475
0C1BE40708D5558D5320030711950B04
820C1BE30708D655B352220307118A0B
048E0C1BE10708D65574521B036E107F
0B04930C1BDF0708D555565220036D10
7B0B048E0C1BDF0708D555E651230368
107C0B048E0C1BE00708D655CD512003
7010800B04820C1BE20708D455535135
03B7108B0B04650C1BE60708D455AC4F
3003B410990B04480C1BE50708D555B6
4F3103BA109B0B045C0C1BE60708D555
11502D03C010930B04750C1BE50708D6
5584503103B4108A0B04860C1BE60708
D755E1504D0397107E0B04970C1BE607
08D75523514F0399106F0B04B80C1BE2
0708D6554C514D0397105F0B04C50C1B
E30708D5553C514E0398105A0B04BC0C
1BE50708D65524502403DA105C0B049B
0C1BE60708D755FA4F1E03D810600B04
8E0C1BE70708D65586502303D5105F0B
04930C1BE40708D6551F512203D6105E
0B04930C1BE30708D75577512A032C11
600B04930C1BE20708D6559F512D0321
11620B048E0C1BE20708D555B9512C03
23116B0B04820C1BE30708D65549512A
032A11730B04820C1BE50708D5551D51
2A03A910800B04610C1BE60708D45569
513803A410920B04440C1BE50708D355
6B532603AE109C0B04370C1BE50708D2
552D532B03A310A00B043B0C1BE40708
D155C0522903AD10A30B04480C1BE507
08D15548520C03A310A70B04440C1BE5
0708D05578520B03A510A20B04500C1B
E50708D05529530803AD10980B04610C
1BE50708D15501531103A110940B0461
0C1BE40708D055A2523C03F610920B04
5C0C1BE70708D155D2524003EE10940B
04540C1BE50708D25521534403F21096
0B044D0C1BE40708D35503533C03FB10
960B044C0C1BE50708D45513532203CD
10940B04500C1BE50708D45531532503
C710920B04580C1BE40708D2553E521A
03BE108F0B045C0C1BE20708D4556252
1E03C5108D0B04580C1BDE0708D45597
521F03CD108B0B04540C1BDA0708D655
80521E03CA108E0B04480C1BD70708D5
559E521B03C710940B04480C1BD60708
D65584521C03CB10950B044C0C1BD707
08D4558C521F03C210900B04580C1BDA
0708D5558A52170380108D0B04580C1B
D60708D555955224038C10910B04440C
1BD60708D35580521E0389109B0B0426
0C1BD50708D4559C521C038810AB0B04
120C1BD30708D355A2521A038110B80B
04050C1BD30708D555B35224038210C5
0B04010C1BD40708D455B75222037F10
C90B04010C1BD80708D255D3521E037E
10C30B041A0C1BDB0708D255D9524A03
8710B80B042F0C1BDD0708D355EB523C
038510BD0B041E0C1BDC0708D355EF52
46038610C80B04ED0B1BDB0708D35502
533C038310CC0B04F90B1BDF0708D455
0D5310036910CB0B04050C1BE10708D4
551A530D036C10C80B04090C1BE40708
D45529530D036510C80B04090C1BE307
08D5550B5316036C10CF0B04F00B1BDC
0708D655285308036C10C70B04050C1B
D20708D6550A5326036D10BE0B041E0C
1BC90708D655275324036710C30B04FD
0B1BC50708D55525531C036D10C40B04
FD0B1BC20708D5553C531B036F10C80B
04FD0B1BC30708D45534530D038410C7
0B04F40B1BC10708D5552E530E038710
CC0B04EC0B1BC20708D755255315038B
10CE0B04EC0B1BBB0708D7551C530B03
8510D60B04E00B1BA70708D655345310
036B10DC0B04D30B1B8E0708D6551A53
0D036F10DE0B04D30B1B800708D55527
530F036810DE0B04CF0B1B7D0708D355
32530A036910E00B04D30B1B800708D3
55565308030B10E70B04B60B1B7F0708
D35543530B030B10F10B04A10B1B7A07
08D355625309030E10FA0B049D0B1B65
0708D15578530F030F10FF0B049D0B1B
440708D155B0530B030A10040C04950B
1B2A0708D255D85311033010070C0495
0B1B1B0708D255B6530E032E10060C04
950B1B190708D355F55308032B10070C
04910B1B180708D355E15311032A100F
0C047C0B1B150708D155F953FE027C10
1D0C045F0B1B0E0708CF550154FE027A
102C0C044A0B1BF70608CE55FF530803
7E10380C044A0B1BDE0608CE551C54F5
0280103C0C04460B1BCF0608CE550854
0103C310400C043D0B1BCF0608CE556F
54F902CB10410C04420B1BCE0608CE55
D754FA02C910480C043D0B1BC70608CD
556855FE02C1104E0C04240B1BB80608
CE550A560B038B10590C04180B1BA206
08CD55975612038510610C040B0B1B87
0608CE55E35609038910690C04FB0A1B
760608D0554F570A038B106C0C04030B
1B710608CF5593570F0382106E0C0407
0B1B6F0608CF55C25708037610740C04
FB0A1B6B0608CE55F55709037A107D0C
04E60A1B610608CE554B580603771086
0C04CD0A1B4C0608CF55835811037C10
930C04C50A1B340608D055C35800032E
10970C04BC0A1B240608D155F258F302
2C109D0C04BC0A1B1E0608D1551D5900
032E109C0C04C50A1B200608D2552E59
FD022D109C0C04C90A1B210608D3554F
59FC0243109D0C04C50A1B1B0608D155
8559FD023E10A10C04B80A1B090608D2
55CF59FB024010A50C04AC0A1BEC0508
D255405A02033510AB0C049B0A1BD305
08D1556D5AEE021F10AD0C049B0A1BCA
0508D155845AEC021E10AC0C04AC0A1B
C50508CF55A05AF5021D10A60C04C10A
1BC60508D055965AF1022310990C04D5
0A1BC10508CF55D45AEE0223108E0C04
DE0A1BB30508CF55055BF102DC0F890C
04DA0A1B960508CD55AE5BE702DC0F88
0C04D10A1B7D0508CE55DB5BED02E00F
870C04D10A1B790508CD55175CED02DC
0F810C04E60A1B7A0508CD55BF5CED02
FE0F710C04030B1B790508CD553B5DF1
02FE0F570C04350B1B720508CE55D45D
EE0203103B0C045F0B1B620508CE55C4
5EF5020310290C045A0B1B510508CE55
8B5F0003A10F1D0C045F0B1B3D0508CE
55C96000039C0F130C04670B1B340508
CC55BB61F902960F040C04810B1B3205
08CD55C86201039F0FF40B049D0B1B2D
0508CD55DC63DE021610E40B04B60B1B
290508CE55C064DF021610CE0B04D30B
1B1E0508CD55DA65DC021B10B80B04F0
0B1B0B0508CC554467DF021910A40B04
090C1BF80408CE557C68DE021610950B
04120C1BE60408CE555169DC02910F8B
0B04160C1BE40408CD55166AE002950F
800B04220C1BE50408CD55E06ADF0291
0F760B04370C1BE20408CC55936BE402
970F640B045C0C1BDE0408CB55256CCF
02150F540B04690C1BD00408C955E96C
CE020F0F4B0B046D0C1BB50408CA5503
6ECC020C0F430B04710C1BA10408CB55
816ECA02120F390B047E0C1B970408CC
55C46ECD02FD0E220B04B40C1B990408
CC55E36ED402FC0EFE0A04FB0C1B9C04
08CC554E6FD402FE0EC40A04780D1B99
0408CB55786FCC02010F7B0A04EC0D1B
930408CC55E56FA802EB0E530A04E80D
1B7E0408CC5546709B02F60E3E0A04DE
0D1B660408CD55F7709A02F00E290A04
F00D1B570408CD554D719B02E40E0D0A
042F0E1B500408CD5582719D02ED0EE3
0904820E1B520408CE558971C602BF0E
900904350F1B540408CF55C971C402BE
0E03090455101B530408CE55E971D102
BC0E5008045B111B510408CE553A72D1
02BC0EA6070434121B430408CE55DB72
BE02D30E170704B1121B2D0408CE5547
73BD02D10E84060471131B150408CC55
4477BB02D50E210604E6131B0F0408CC
558176BE02D40ECC050420141B120408
CC55D975F8FBBB0D3B05041A151B1804
08CD558C75FCFBC80D3D0404D1161B24
0408CE557575F6FBC80DC7020479191B
2E0408CD557075F0FBBE0D7501043D1B
1B360408CB5545756503A20DC20004ED
1A1B3B0408CD55FB745D03A00D5C0004
0A1B1B3F0408CB55A7746603A30D3A00
04DC1A1B410408CB5553746103A10D96
000469191B480408CA5507746F03A00D
EE000422191B4D0408CA55C473C40291
0E18010464191B520408CC559173C602
8F0E1F010486191B510408CD553B73BD
02950E190104D9191B4A0408CC550E73
B402900E180104121A1B460408CC5528
73D1028B0E120104311A1B3D0408CE55
4473D202920EFB00045F1A1B380408CE
552473CC02900EBC0004E11A1B330408
CE552473CC029A0E600004991B1B3304
08CD554573B502920EFAFF03331C1B30
0408CC552173AD02870E65FF033B1D1B
2D0408CC553373B202910ED5FE03F31D
1B2A0408CD552E73AA02900E6CFE0336
1E1B260408CC552E73A202800E1DFE03
6C1E1B240408CE5540739B02850EC7FD
03E11E1B230408CD552E739B027E0E4E
FD03B71F1B230408CD555773A702850E
AFFC03B2201B1F0408CD557173A00278
0E00FC03DB211B180408CC557A73BE02
AD0E64FB038F221B100408CD551D73BA
02B40EFBFA03BD221B0A0408CE554073
C202AE0EAEFA03E7221BFC0308CD553C
75BA02AF0E34FA03BC231BE70308CD55
D373F8FB2F0890F903CD241BE20308CC
55127506FC2B08F4F803F3251BE20308
CC552576FCFB2B0880F803CCAD18E403
08CC552677FAFB2E084DF80374F30FE3
0308CC550C798A00370255F8036B480D
E20308CC559C798F00310268F8037E75
0EE30308CC5531798A002B0271F803F4
8410E40308CD5523788C002A0276F803
7A550FE20308CC55DC76A002B903</Data>

   <DataCRC>ef2cdfa0</DataCRC>

   <BytesSent>10846</BytesSent>

</SBEDataUpload>
</InstrumentRawData>
</SBEDataUploadFile>
