<?xml version="1.0"?>
<!-- SCPlusV2_RS232 -->
<SBEDataUploadFile>
<ApplicationData>
<Seaterm232>
<SoftwareVersion>2.6.3.104</SoftwareVersion>
<BuildDate>30-Jun-2017</BuildDate>
</Seaterm232>
</ApplicationData>
<InstrumentState>
<HardwareData DeviceType='SBE19plus' SerialNumber='01906740'>

   <Manufacturer>Sea-Bird Electronics, Inc.</Manufacturer>

   <FirmwareVersion>2.2d</FirmwareVersion>

   <FirmwareDate>9 February 2011 08:30</FirmwareDate>

   <CommandSetVersion>1.1</CommandSetVersion>

   <PCBAssembly PCBSerialNum='25307' AssemblyNum='41054G'/>

   <PCBAssembly PCBSerialNum='25737' AssemblyNum='41580B'/>

   <PCBAssembly PCBSerialNum='24669' AssemblyNum='41606'/>

   <PCBAssembly PCBSerialNum='24372' AssemblyNum='41059D'/>

   <MfgDate>  08 DEC 2010</MfgDate>

   <InternalSensors>

      <Sensor id='Main Temperature'>

         <type>temperature0</type>

         <SerialNumber>01906740</SerialNumber>

      </Sensor>

      <Sensor id='Main Conductivity'>

         <type>conductivity-0</type>

         <SerialNumber>01906740</SerialNumber>

      </Sensor>

      <Sensor id='Main Pressure'>

         <type>strain-0</type>

         <SerialNumber>3220369</SerialNumber>

      </Sensor>

   </InternalSensors>

   <ExternalSensors>

      <Sensor id='volt 0'>

         <type>SBE 43 OXY</type>

         <SerialNumber>432005</SerialNumber>

      </Sensor>

      <Sensor id='volt 1'>

         <type>not assigned</type>

         <SerialNumber>not assigned</SerialNumber>

      </Sensor>

      <Sensor id='volt 2'>

         <type>ECO-FLNTURT CHL</type>

         <SerialNumber>FLNTURTD-2025</SerialNumber>

      </Sensor>

      <Sensor id='volt 3'>

         <type>ECO-FLNTURT TURB</type>

         <SerialNumber>FLNTURTD-2025</SerialNumber>

      </Sensor>

      <Sensor id='volt 4'>

         <type>not assigned</type>

         <SerialNumber>not assigned</SerialNumber>

      </Sensor>

      <Sensor id='volt 5'>

         <type>not assigned</type>

         <SerialNumber>not assigned</SerialNumber>

      </Sensor>

   </ExternalSensors>

</HardwareData>
<StatusData DeviceType='SBE19plus' SerialNumber='01906740'>

   <DateTime>2018-11-26T19:37:10</DateTime>

   <LoggingState>not logging</LoggingState>

   <EventSummary numEvents='241'/>

   <Power>

      <vMain>12.4</vMain>

      <vLith>5.3</vLith>

      <iMain>61.4</iMain>

      <iPump>156.8</iPump>

      <iExt01> 4.2</iExt01>

      <iExt2345>18.2</iExt2345>

   </Power>

   <MemorySummary>

      <Bytes>1110270</Bytes>

      <Samples>65310</Samples>

      <SamplesFree>3805169</SamplesFree>

      <SampleLength>17</SampleLength>

      <Profiles>71</Profiles>

   </MemorySummary>

</StatusData>
<ConfigurationData DeviceType='SBE19plus' SerialNumber='01906740'>

   <ProfileMode>

      <ScansToAverage>1</ScansToAverage>

      <MinimumCondFreq>3226</MinimumCondFreq>

      <PumpDelay>60</PumpDelay>

      <AutoRun>no</AutoRun>

      <IgnoreSwitch>no</IgnoreSwitch>

   </ProfileMode>

   <Battery>

      <Type>alkaline</Type>

      <CutOff>7.5</CutOff>

   </Battery>

   <DataChannels>

      <ExtVolt0>yes</ExtVolt0>

      <ExtVolt1>no</ExtVolt1>

      <ExtVolt2>yes</ExtVolt2>

      <ExtVolt3>yes</ExtVolt3>

      <ExtVolt4>no</ExtVolt4>

      <ExtVolt5>no</ExtVolt5>

      <SBE38>no</SBE38>

      <OPTODE>no</OPTODE>

      <GTD>no</GTD>

   </DataChannels>

   <EchoCharacters>yes</EchoCharacters>

   <OutputExecutedTag>yes</OutputExecutedTag>

   <OutputFormat>raw HEX</OutputFormat>

</ConfigurationData>
<CalibrationCoefficients DeviceType='SBE19plus' SerialNumber='01906740'>

   <Calibration format='TEMP1' id='Main Temperature'>

      <SerialNum>01906740</SerialNum>

      <CalDate>07-Jan-11 </CalDate>

      <TA0>1.255288e-03</TA0>

      <TA1>2.593288e-04</TA1>

      <TA2>-2.376104e-07</TA2>

      <TA3>1.449298e-07</TA3>

      <TOFFSET>0.000000e+00</TOFFSET>

   </Calibration>

   <Calibration format='WBCOND0' id='Main Conductivity'>

      <SerialNum>01906740</SerialNum>

      <CalDate>07-Jan-11</CalDate>

      <G>-1.033008e+00</G>

      <H>1.393941e-01</H>

      <I>-2.175401e-04</I>

      <J>3.475757e-05</J>

      <CPCOR>-9.570000e-08</CPCOR>

      <CTCOR>3.250000e-06</CTCOR>

      <CSLOPE>1.000000e+00</CSLOPE>

   </Calibration>

   <Calibration format='STRAIN0' id='Main Pressure'>

      <SerialNum>3220369</SerialNum>

      <CalDate>21-Dec-10</CalDate>

      <PA0>8.222195e-01</PA0>

      <PA1>1.566037e-02</PA1>

      <PA2>-6.194425e-10</PA2>

      <PTCA0>5.244452e+05</PTCA0>

      <PTCA1>4.417653e+00</PTCA1>

      <PTCA2>-9.798927e-02</PTCA2>

      <PTCB0>2.510725e+01</PTCB0>

      <PTCB1>-1.150000e-03</PTCB1>

      <PTCB2>0.000000e+00</PTCB2>

      <PTEMPA0>-5.917147e+01</PTEMPA0>

      <PTEMPA1>5.387460e+01</PTEMPA1>

      <PTEMPA2>-2.653169e-01</PTEMPA2>

      <POFFSET>0.000000e+00</POFFSET>

      <PRANGE>5.076000e+03</PRANGE>

   </Calibration>

   <Calibration format='VOLT0' id='Volt 0'>

      <OFFSET>-4.687158e-02</OFFSET>

      <SLOPE>1.247988e+00</SLOPE>

   </Calibration>

   <Calibration format='VOLT0' id='Volt 1'>

      <OFFSET>-4.719579e-02</OFFSET>

      <SLOPE>1.248132e+00</SLOPE>

   </Calibration>

   <Calibration format='VOLT0' id='Volt 2'>

      <OFFSET>-4.684526e-02</OFFSET>

      <SLOPE>1.248324e+00</SLOPE>

   </Calibration>

   <Calibration format='VOLT0' id='Volt 3'>

      <OFFSET>-4.678105e-02</OFFSET>

      <SLOPE>1.247145e+00</SLOPE>

   </Calibration>

   <Calibration format='VOLT0' id='Volt 4'>

      <OFFSET>-4.669684e-02</OFFSET>

      <SLOPE>1.248307e+00</SLOPE>

   </Calibration>

   <Calibration format='VOLT0' id='Volt 5'>

      <OFFSET>-4.709579e-02</OFFSET>

      <SLOPE>1.247697e+00</SLOPE>

   </Calibration>

   <Calibration format='FREQ0' id='external frequency channel'>

      <EXTFREQSF>9.999977e-01</EXTFREQSF>

   </Calibration>

</CalibrationCoefficients>
<EventCounters DeviceType='SBE19plus' SerialNumber='01906740'>

   <EventSummary numEvents='241'/>

   <Event type='ErrorFLASHUncorrectableError' count='241'/>

</EventCounters></InstrumentState>
<Headers>

cast  60 25 Nov 2018 11:47:29 samples 59041 to 59546, avg = 1, stop = mag switch

</Headers><InstrumentRawData>
<SBEDataUpload startAddr='1003680'>

   <Type>1</Type>

   <DataFormat>SEACATPLUS0</DataFormat>

   <Bytes>8602</Bytes>

   <Data>
7C7F03142A0CDB0308785755573011FC
FB5E7F031D7C0DDB0308785769573D11
F6FB427F03FF950DDB0308785779572E
11F4FB267F03A5EA0DDC030878574657
2511F7FB057F035A2E0FDC0308775784
58AD11FAFBDA7E0368C80FDC03087757
8F57AE11FEFBA57E03CEAF0FDB030877
57B557AF11F9FB637E03534F10DC0308
7757AE58AB11F2FB437E031A8214EC03
0877577559C70DFCFB0694035BE91900
04087857D058CB0DF9FB5FB70306300F
0C040878571959C80DFBFB9ABD03682B
0E13040877574E58CD0DF4FBBEB103D5
4E0E17040878575E59A30FF7FB46A903
7DEC0F1804087857D65AA80FFAFB2FA8
0304B1131F04087957E8599D0FFEFB08
AB03661B162A04087A57815C9B0FFEFB
E8B203A79D1B3404087A574D5EA00FF4
FB10C403EC971B3704087B57D65D7E0E
FCFB81D4039B981B3A04087B574D5D74
0EF8FBDEDF0312741B4204087B57DD5B
790EFCFB9CE803CD4F1B4404087B57BB
5B740EF7FB6BF0031F461B4904087C57
155B970EF8FBF0F6030F431B4E04087E
57275B930EFAFB99FB0384421B510408
7F57FB5A960EF8FBA8FE03ED441B5004
087F57EC5A900EF4FBEF0004C53D1B4D
04087E57095B740E05FC1F0304B5301B
4604087F57E35A750EF3FB1C05045B33
1B4404088057135B810EF4FB930604BD
351B3E04088057F85A7B0EFBFB4D0704
9C2F1B3904088157CA5A860EFBFBA507
04FF2D1B3804088057A55A8F0E03FCAF
0704292B1B3C04088057975A880EF8FB
66070407291B4304088157945A860EF8
FB1007041C271B4704088157805A8A0E
FAFB22070403271B4E040881575E5A9E
0EF7FB86070484321B4F04088157805A
9C0EF7FBCA0704B2471B4E0408805779
5A970EFEFBF807048B391B4C04088157
775A9B0EF6FB320804092F1B45040880
57675A920EF4FB7808048E2C1B3E0408
7F57615A9C0EEFFBA7080468291B3A04
0880576E5A930EFCFBB1080490251B37
04087F57485A990E00FC7F0804B0231B
3904087F57BB5A740EFFFB2F0804D622
1B3F04087F577E5A740EFCFB4308046A
221B4404087F5788597D0EFEFBBC0804
87221B4904087E5757597F0EFAFB7B09
041F211B4C04087F57BB58670EF3FB1F
0A0444211B4D04087F577658660EF9FB
A90A046B201B4B04087E574358650EF4
FB140B04F4201B4C04087E570258690E
F7FB720B04FD211B4704087E57DB5772
0EFAFBD20B046A221B44040880576B57
790EF6FB160C04BE211B400408825773
576E0EFEFB2E0C04DF211B3D04088357
3B57750EF2FB2D0C041A221B3D040883
570C577B0EF4FB1E0C0433221B3F0408
8457E656870EFCFB040C040A201B4404
088357AC56850EF2FBC60B045A221B4A
0408845767568B0E01FC690B0436251B
4E040885573D56840EEFFB390B047A23
1B54040885572F567B0EFBFB370B049A
1E1B5D040887570956740EF7FB4B0B04
EF1C1B6C04088857F855770EF4FB740B
045E1B1B7B040887573D567A0EF7FBBB
0B041E221B8D040886571D56700EFAFB
D60B049B371B9604088657D855550EF4
FB060C04C23F1B95040888579E55540E
FFFB2E0C048C441B94040889578E555C
0EFAFB130B041E481B9104088757B455
570EF4FB360604C6461B8E04088657B8
55730EF3FBA4FE03C5451B8B04088457
D4556E0EFEFBA3F703CD451B88040884
57E155770E07FC55F303A5461B880408
8357D255740E00FC51F203A5451B8904
088357DE55520EFEFB11F20374451B8B
04088357C5555F0E04FC04F20313431B
8C04088257DB55570EF8FB70F203DD3D
1B9104088357DB554E0EFCFB34F50354
3C1B9704088257D0556C0EF6FBF5F803
273D1B9F04088157DA556C0EFAFBE4FB
03903A1BA304088157A555670EF7FB5B
FE03F7331BAA040884579955680EFDFB
CB0004E0371BAF0408835763555D0EFA
FB8B020424431BAF040882574555980E
F2FB3C040416401BAE04088157375596
0EFBFB950504EC3C1BAF040882572B55
9B0EEAFB540604DB391BAE04088357EB
549A0EF0FBA30604AF331BAF04088357
F1547D0EF3FB4307049A2B1BB4040884
57D754850EEEFB6108049A2B1BBC0408
8557B154810EF7FB0B0904EC3C1BC104
088557BB54820EF3FB3809049D451BC0
04088757A2547E0EF2FBD40904FE461B
BD0408865795548C0EF4FBCE09042047
1BBC040885577E54820EF6FB7C080412
451BBD0408855762548A0EF2FB9D0704
64411BBD040885574B54820E03FC9407
04E8391BC3040885575154730EFDFB23
08046E301BC9040882572854720EF6FB
1F0904DD271BD20408835729547F0EFE
FB230A04EF231BDB0408845726546C0E
F3FBC00A048D2B1BE304088457FF5371
0EFFFBF10A04553D1BE604088457D653
7A0EFDFB4E0B047F441BE404088457C8
53780E07FCCD0B0446471BE404088657
9553740EF9FBF90B04AB4A1BDF040886
577053750EFCFB410A04354E1BDB0408
865750537F0EFBFB670704E24C1BD904
0886572F53720EFCFB1E0504B2471BDA
040886570953860EEBFBCD03048E431B
DF04088857E0526C0EFDFB290304D83D
1BE604088A57DB526A0E02FC7B0304E9
3A1BEB04088957CF52610EEBFBE70304
1B3D1BF404088A57BC526A0E0AFC4F04
04BD3C1BF804088A57A252920E09FCFD
0404C9431BFB04088B579B52950E01FC
620504C44A1BF704088C577952970EFC
FBCF0504AF4E1BF704088C576F528D0E
05FC3F0604BF501BF204088D5768528E
0EFEFB04060434521BEF04088E573A52
810EFAFBC0030409501BF104088D574C
528E0E02FCA4010459481BF404088C57
37528E0EFCFB1901049C3F1BF904088D
572052820EFEFBA80104B3331B040508
8C570C527B0E07FC760304A92E1B1105
088C570052810EF9FB5B050457331B19
05088B57EC51880EF2FBBB0604323F1B
1D05088A57D7518A0E03FCF907046E46
1B1705088957CE519B0EF5FB380904F0
491B1205088957C851970EFDFB420A04
474B1B0D05088857B351980EF6FBDC08
048A451B0C05088857BC51860E00FCC5
060435431B0E05088857B951830E04FC
E705040E431B13050888578851850E08
FC7A0504DC461B17050887574F518A0E
FBFB0E0504844A1B1B050887575D5186
0EF4FB9A0404E74D1B1E050886574751
8B0EF8FB4C040498501B1E0508865731
51770EFEFB5E0404E4511B2005088557
37517D0EFCFB5D04049F4E1B24050885
573A51800E08FC5A0404BA481B2A0508
845704517A0EF5FB7E0404A1481B2F05
08835703516D0EEFFB880404674C1B34
05088557FD507B0EF5FB6B04049B4F1B
3705088457ED507F0EF7FB4104044B51
1B3905088557D8507A0E02FC1D0404D6
521B3D05088657D850910EF6FBFC0304
D1531B4105088757C050900EF5FBE003
044B511B4605088857A3509B0E04FCD1
03046A481B4C0508885796509A0E03FC
05040435451B54050888577050700E03
FC790404E3481B58050889574F507B0E
FEFBC60404484D1B59050889574F507B
0EFDFBD504049E4F1B57050889572950
770E06FCF004045F531B52050889571E
50770EECFB0F05049B551B4D05088A57
0B50800EFBFB2B05048C531B4B050889
57D94F860EEBFB3C0504A74F1B4B0508
8A57CE4F920EFAFB4F0504E64A1B4F05
088B57CD4F850E0AFC81050444481B52
05088B57B74F950EF5FBE3050484431B
5805088C57B14F8C0EFEFBD706045C3C
1B5C05088B57B44F8C0EEEFB43080409
3A1B6105088B57954F920EFEFB580904
5D391B6505088A57634F7D0EFDFB0D0A
043D3B1B6705088A574F4F7A0EFAFB4C
0A04903F1B6905088A57184F7F0EF5FB
410A0462421B6A05088A57154F6F0E03
FC3B0A048E3E1B6A05088A57184F920E
F8FB540A04853B1B6D05088A57174F98
0EF0FB840A04D63A1B7005088B57E54E
970E06FCBC0A0404391B7005088A57D4
4E9A0EFCFBF00A045B381B6F05088B57
CC4E930EFDFB1D0B046C381B6F05088B
57C74E650EF8FB410B04C0371B6D0508
8C57B64E6C0EF8FB6C0B048F351B6D05
088D579F4E680E04FCBE0B04AE311B71
05088D579B4E660EF6FB5D0C04642C1B
7605088D579F4E810E05FC130D043224
1B7805088C576A4E810E05FCD00D04FF
1E1B7F05088B57694E850EF3FB6E0E04
3B1D1B8805088D574F4E8C0EFAFBC50E
044D1F1B8D05088C57634E960EF9FB9E
0E0437231B9205088D57574E990E06FC
2A0E04CD291B9305088D57494E980EFC
FBE30D04FB2B1B9105088C574B4E920E
FBFBEB0D049B2C1B8905088C57474E9F
0EFCFB130E04CF311B8405088D57484E
800E01FC360E04EE351B7F05088E573C
4E7B0EF2FB510E04C8321B7D05088E57
3A4E730E02FC5C0E04DD271B8105088E
57794E720EFAFB6C0E04B8261B8B0508
8D57744E990EFEFB8A0E04E6271B9505
088C57814E9C0EFCFB8E0E0431281B9F
05088C57A54E8A0EFCFB800E048C291B
A605088D57964E980E01FC6F0E04312A
1BAA05088F57874E750EF8FB5A0E0481
291BA605088E576C4E840EFEFB590E04
3E2B1BA005088E57604E700EFAFB5E0E
048F2E1B9A05088F57734E780EFAFB45
0E04F5311B9505088E57724E7F0EF4FB
1A0E042C351B9305088E57684E720EFA
FBEC0D04FF371B9805088F576A4E740E
F4FBD10D04A8391BA105088F57764E70
0EF6FBC10D046C3B1BA6050890577C4E
740EFBFBB20D04743C1BAC05088F5766
4E7B0EF4FB9D0D04953D1BB405088F57
C54E890EEEFB880D048E3E1BBC05088F
578E4E870EF1FB770D04313E1BBF0508
8E57784E880EFAFB570D04703E1BBC05
088F57874E990EF8FB280D048F3F1BBB
05088F57704E9A0EF6FB010D0406401B
B805088E57734E950EF4FBDA0C044241
1BB905088D57664E960EFAFBBD0C049C
421BBA05088F57614E960EF1FBA80C04
00441BBD05088F572F4E910EF2FB950C
04DC441BC005088F57104EA50E01FC5F
0C040B451BBE05088F570D4E8C0E07FC
070C04EE451BC005088F57EF4D980E03
FC970B04E0461BC305088F57F54D970E
01FC0C0B040D481BC805088E57E14D9B
0E05FC560A0496481BD005088D570A4E
9C0EFAFB8C090466481BD905088E57F6
4D8E0EFAFBE00804D4461BDE05088D57
D64D9D0E03FC850804FE441BE105088E
57BA4D950EFDFB6A0804E5431BDB0508
8E57AF4D980EF6FB71080404441BD505
088D57894D980E00FC760804C7441BD1
05088D57874DA10EF6FB630804DA451B
CE05088E575F4DA70EF7FB330804DA46
1BD005088F57344DAC0EF2FBF307043B
461BD405088F57494DA60E08FCC90704
59441BD905088D57464DC90E02FCCE07
04263F1BE305088D57234DC20EEDFB3B
080429381BE905088D57FE4CC40EFAFB
010904BE311BF005088E57F74CC20E08
FCF20904D22D1BF305088E57DF4CBF0E
08FC000B041D2C1BF405088E57DA4CB9
0EECFBC70B04CD2A1BF505088F57BB4C
B90EF2FB480C04DF2A1BF805088F57A1
4CB70EFCFB9F0C04F72A1BFB05088F57
9A4CBD0EF4FBD30C04922A1BFD05088F
57A04CC60E02FC080D04422B1BFE0508
8E57A34CC60EFAFB320D04852A1BFC05
088F578C4CCC0EF2FB5D0D04BC2A1BFE
05088F57834CCE0EFDFB8C0D04812B1B
FF05088F577B4CAA0EF2FBA10D04922A
1B0106088F57664CB50EFFFBC50D04F7
291BFF05088E575E4CB00EFCFBFA0D04
96291BFD05088F57684CAC0EFEFB300E
04D5291BFC05088F57684CBF0EFBFB5B
0E04EE291BFE05088F576A4CC20EFCFB
740E0448291B0006088F57514CC40E03
FC8C0E04FF251B0706088F57A84CC40E
F1FBC50E047C171B0B06089057F94CB0
0EF6FB320F04A10F1B1206089057F94C
B90EF6FB650F04EA0C1B1806088F5700
4DB70EFDFB9E0F044A0B1B1906088F57
224DA60EFAFB011004FF081B1A06088F
57314DAC0E01FC67100497081B170608
9157354DDB0EFCFBC31004B3071B1606
089157894DD30EF6FB0811044F071B18
06089157A14DCE0EF4FB401104FC061B
1B06089157F44DDA0E09FC6911041107
1B2006089057044ED90E01FC87110421
071B2406089157514ECE0E07FCA11104
CE061B2B06089157A74ED50E01FCB411
047F061B31060892572A4FD30E06FCC1
110449061B3306089257664FCA0EF6FB
CA1104AB051B3306089257DD4FCE0E05
FCD311048A051B31060892575750DD0E
00FCDE11049F051B2C06089257D450D8
0EF6FBE811049B051B29060892572F51
E60E02FCF31104B0051B2B06089357AB
51E50EFEFBF6110482051B2C06089457
2252E80EFFFBF611044C051B2A060894
577752EF0E02FCF411043F051B2D0608
9457C052ED0EFCFBFC110416051B2E06
089557FC52D90E03FC021204F5041B32
060895576753D10E09FC081204EC041B
3806089657BD53CE0EF0FB1312049B05
1B4106089657CA56D70EF5FB14120436
051B44060896577D59E00E01FC181204
EF031B45060896574D58D50EF7FB2212
0498031B48060896577457D70EF8FB25
1204CA031B46060896573B57D30EFBFB
251204C1031B40060896573357F10E00
FC231204C6031B39060897574257EC0E
FFFB221204D6031B35060896572357DF
0E01FC1F1204F7031B39060896571857
E60EF6FB18120425041B3E060895571D
57DE0E05FC0E120446041B4406089457
5057F00E07FC0312044A041B49060894
579157000FFAFBFC110431041B470608
93578B57F50EF4FBF8110404041B4506
089357C057F90EF0FBFD1104FB031B41
06089457D357C70E02FCF9110408041B
3D060893576158C70EF1FBF41104D203
1B3A060893574158C20E03FCED1104BD
031B39060893576658C90EFCFBE91104
94031B35060892575A58F70EF3FBEA11
0494031B33060892576D58F10E03FCE7
11049C031B33060892576558F20E02FC
E5110490031B31060891575E58F80EFD
FBE41104B5031B3406089157DC58DD0E
F4FBE21104C6031B36060891577958E0
0E06FCDE1104E3031B3806089257B258
D40EF8FBDC1104EB031B3806089357B2
58DB0EF6FBDD1104CE031B3906089357
0159D20EFEFBE011049C031B3D060893
57D258BF0EF9FBE2110487031B3C0608
9357CE58C90EFAFBE9110483031B3E06
089357DD58CA0E02FCEC11045E031B3E
06089257B858C40EF8FBF011044D031B
3F06089357BB58E90E05FCEB11044103
1B4006089457F458EA0E09FCE5110438
031B3D06089457AC58EB0E0DFCE41104
5E031B3C06089557D158F60EF8FBE011
0466031B3906089557CE58E30E03FCDB
110462031B3706089557FB58F00E02FC
DA11045A031B35060895570A59F30EEE
FBD311044D031B33060895570B59ED0E
03FCCE110445031B31060895571F59E6
0E09FCC7110438031B34060895574B59
E50E01FCCC110424031B340608945705
59DC0EF3FBCF11042C031B3506089457
0859EA0EF8FBD3110430031B37060894
57F658E20EF4FBD6110430031B370608
94572A59F50EF1FBDA110424031B3706
0894576159EE0E04FCDD1104F6021B39
060894577059F10E01FCE11104CC021B
39060894575259F90EF4FBEA1104D902
1B38060893575959E30E07FCF31104E1
021B32060893574159E90EFAFBF31104
F2021B28060894573959E60E03FCEC11
0407031B18060894574159F10EFCFBE7
1104FE021B0A060895574059E90E03FC
EC1104F2021B00060895574E59ED0EF8
FBF01104CC021BFF050895575A59EC0E
FFFBF81104C4021B04060895574C59EB
0EFFFB051204D1021B09060895574B59
EF0E0BFC191204BC021B110608955753
59EA0EFEFB2C12047E021B1106089557
5E59EC0EFAFB3F120465021B00060895
575A59EA0EFCFB5112042B021BE50508
95576659EE0EFAFB5F120416021BCE05
0895576859E30EF4FB63120409021BC1
050896573559E60EF8FB6312041E021B
C1050896571159E70E01FC6812042F02
1BC3050896570559F10EEEFB6F120426
021BC705089657F158F30EF2FB771204
1A021BCD05089557D458FD0E07FC7E12
0416021BCC05089457DE58FC0EFCFB88
1204F0011BBB050894570559F60EFAFB
911204D3011BA3050894570859FC0EFE
FB961204B6011B8A05089457E158090F
FCFB98120499011B7D05089457D8580D
0F04FC991204A2011B7C05089457E258
060FF8FB991204AA011B7E05089457D7
58D00EF4FBA51204B6011B8005089457
0659CD0E07FCB5120491011B7F050894
57C958D50EF2FBC312046C011B720508
9457D658DE0EFEFBCD12045F011B5C05
089357F458D50EF5FBD512042D011B41
05089357B958EC0E06FCD1120419011B
33050893577858E50E00FCD312043201
1B32050892577258E00EFEFBD512043A
011B2E050891575258EA0EFAFBD41204
2D011B2F050891572A58230F00FCDB12
0425011B2C050891572C58210FFAFBE3
120410011B21050890572A58310F01FC
E7120400011B05050890570E582E0FFA
FBF21204FC001BEE04089057D157EA0E
FCFBFA1204FC001BE304089057B157E6
0E01FCF7120408011BDC04089057C057
E70E05FCF1120408011BDA04089057AF
57E90E00FCEA120400011BDC04089057
A457EC0E00FCF01204D6001BE504088F
578457EA0E04FCFD1204CA001BEA0408
8F57A957F10EFCFB0C1304B5001BEE04
088F579057E60EFCFB161304B1001BEE
040890576A57DE0EF6FB211304B1001B
EA040890577457FE0EFEFB291304A900
1BD9040890576957ED0EEBFB321304A9
001BBB040891574C57F70EF4FB351304
94001BA1040891575B57EF0EF5FB3313
049C001B96040891572057FA0EFBFB29
1304A5001B9704089257FD56F30EF8FB
1C1304BD001B9A040891573257F70E02
FC141304C6001B9E040892572B57ED0E
F7FB101304CD001BA304089157FB5609
0FFDFB0E1304CA001BA704089157E656
070F00FC0D1304CA001BA704089157D5
56020FFEFBFC1204F3001BA304089157
E256080FFDFBD812042D011B9F040892
57E356F90E06FCB912044B011B980408
9257CA56060FFAFBA2120442011B8D04
089257B256080FFCFB9E12042D011B7A
04089257A356020F05FCA2120410011B
65040892577356020FFDFBA712041001
1B51040892576E561E0FFCFBA6120410
011B480408915754560B0F03FC941204
36011B46040891575E56190FF6FB7512
0470011B4A040891575B56130FFEFB49
1204C7011B54040891576C56020FFEFB
0A12043B021B5D040890576456050FFC
FB91110402031B62040891573256090F
00FCEB1004E3031B67040890573D560D
0F01FC27100416051B64040890576A56
140FFCFB3D0F04A9061B580408905747
561A0FF3FB620E0470071B4A04089057
2756150FFEFBD00D04A2071B3704088F
5725561C0FF4FB8D0D0474071B280408
8E57ED55100FFCFB7A0D0432071B2604
088E57D555020FFCFB7D0D0400071B2B
04088E578556000FFAFB940D04D7061B
2F04088E57CE56060F09FCA30D04CE06
1B2C04088F57BB56060F04FC8E0D0432
071B2004088F574057F50EFAFB630D04
9E071B1304088F57E158FE0EFEFB290D
04FE071B0A04088F57E658020F05FCFB
0C041B081B0504088F572F58FB0EFAFB
E00C041F081B0304088F57DE57700FF6
FBDD0C040A081B0204088F575857710F
FDFBE00C04FE071B0104088F57E45675
0FFCFBF40C04D8071B03040890577456
700F01FC180D0496071B0C04088F5739
56C30D01FC3A0D047D071B1504089057
4356D40DF6FB430D049E071B1B040890
575956CB0DFCFB1E0D0417081B1E0408
90571A56CB0DFEFBCB0C04CD081B1904
0891571656B90DFBFB520C0499091B12
040890570256E50E05FCED0B04F5091B
0F040890570656EA0E01FCAA0B040E0A
1B0A04088F57FE55F30E03FC830B0416
0A1B0D04088F57B755E50E01FC6E0B04
050A1B1404088E57B455F80EF9FB6C0B
04EC091B1904088E570156F10EF8FB70
0B04DD091B1F04088E573A56F80EFAFB
6F0B04F5091B1D04088E578955F10EFC
FB500B04590A1B1304088E577E55550F
FCFB320B047A0A1B0404088E57D15751
0FFBFB1B0B048F0A1BFE03088E570F58
620F00FC0B0B04820A1BF803088E5743
575E0FFEFB0C0B04720A1BF703088E57
7E566B0CFFFB200B044C0A1BF703088D
573C56650CF4FB380B041A0A1BF70308
8E5792576C0CFEFB4C0B04F9091BF503
088D57EB56640C08FC5C0B04050A1BF2
03088D578156630CFEFB620B040E0A1B
E703088D576A569614FDFB600B041A0A
1BE303088E5707569414FCFB5A0B042B
0A1BE203088E57AE558E1402FC520B04
3B0A1BDD0308905775559214F2FB4C0B
04400A1BDD0308905753551D06F6FB43
0B049A4318DC030890570F551806FDFB
490B04D4010FDC03089057D9541206FB
FB680B0433620FDB0308905721551506
09FC880B04D7B30EDC030891572B55FA
0CFBFBAB0B04EE0810DB030890574655
F90CFDFBCB0B04103D0FDC03089057E5
58FD0CFCFBE70B042AD20FDB03089057
DA58FE0CFBFB000C0418EF0EDB030890
57AA582C080DFC1E0C04CA6511DC0308
8F5738572C0803FC410C043F0B0FDB03
0890578E563B08E9FB660C045F550EDB
0308905712562D0801FC870C04C2B10F
DB03089057A7553208F8FB9F0C042AB4
0EDB030890578955310AE9FBC30C0408
4D0EDD030890576555320AF1FBE10C04
29470EDB03088F573055350AFDFBF30C
04F96B0EDC03088F57E1543B0A0DFC07
0D0412BA0FDD03088D5781546310F6FB
1A0D046EFB0EDD03088D5783545B10FD
FB330D0451A60EDD03088D57B9545D10
00FC470D04A22F0FDD03088D576A5461
10FDFB540D044FB60EDC03088D575754
B61105FC5B0D047C920EDD03088D578B
54B811FAFB630D0463300EDB03088D57
6454B511FCFB620D04B2410EDB03088D
57DF53BC110CFC680D04E8880EDC0308
8D5706548B0FFCFB4F0D043CC90FDC03
088D575E548E0F00FC230D04192F0EDC
03088C57FC538D0F06FC1B0D049DA10D
DB03088C572B547A0F05FC340D04423F
0EDE03088B57BE538F0F04FC4B0D040F
450EDC03088B57A853EF11FCFB480D04
FA4A0EDC03088C579053E31102FC320D
04BA8B0DDD03088C577653EB11F7FB34
0D04C9780DDB03088C577F53F411F9FB
530D04204A0EDD03088C5786537F1204
FC7B0D04AC630EDB03088B576B537812
FCFB9B0D04765B0EDC03088B5794537D
12F4FBB80D0461410EDC03088A576C53
7412FDFBD10D04D56B0EDD03088A5756
530312FEFBE50D046FFE0DDC03088B57
6A531112F6FBEC0D04CC200EDB03088B
5781531612FEFBEC0D04B1310EDC0308
8A576553101201FCE40D0403000EDB03
088A575953E811FAFBD60D040CAB0EDE
03088A577D53EA1106FCC20D04883D0E
DB03088B577953ED110CFCAF0D043620
0FDC03088B576953F211FDFB970D048F
ED0EDB03088B578A53F611F5FB800D04
B65D0EDA03088A579753840AD3616E0D
04208E0EDB03088A578B53810AD0615C
0D04CAEF0DDA03088A5765537B0AD361
420D041BF60DDB03088A576E53880AD3
61320D049B7F0EDE03088B578753A002
C703490D0440640EDB03088A577A539F
02C203680D04C49E0DDC03088A579253
9F02BA03770D0409160EDC03088A579E
53A402C8036F0D0412440FDB03088A57
C453A602B4035E0D04C4490FDD03088A
57AC53A002BF034C0D04A3BB0DDB0308
8A57A1539F02C503480D0445F30CDB03
088957D3539D02C2033B0D0437760CDE
03088957C7539C02C303270D045D0E0C
DD03088857D9539C02C603130D040EE4
0BDC030888577954A702BD03FB0C04B3
0D0CDD030887574B58A002C203E60C04
6B570CDD03088757B555A202C103CD0C
04E3000FDD030888577F549C02BD03B5
0C04832015DC030887576A54A102C103
9B0C04F3C216DD030887573A55A002B4
03600C04FEE616DD030886575554A502
B603770B046FDD16DD03088757EB54A2
02B403CC0A0496A71ADD03088657745E
9A02C103A20A048D8F18DC03088657DE
66A302BF039A0A04E20C17DD03088657
87629B02C103B70A04CBBE17DE030886
57E85E9B02C503CB0A04FA8216DB0308
8757BA5C9B02C103CB0A0445B915DC03
088757475BA402BF03BA0A04907D15DB
03088657165A9E02C203</Data>

   <DataCRC>23938a47</DataCRC>

   <BytesSent>8602</BytesSent>

</SBEDataUpload>
</InstrumentRawData>
</SBEDataUploadFile>
