<?xml version="1.0"?>
<!-- SCPlusV2_RS232 -->
<SBEDataUploadFile>
<ApplicationData>
<Seaterm232>
<SoftwareVersion>2.6.3.104</SoftwareVersion>
<BuildDate>30-Jun-2017</BuildDate>
</Seaterm232>
</ApplicationData>
<InstrumentState>
<HardwareData DeviceType='SBE19plus' SerialNumber='01906740'>

   <Manufacturer>Sea-Bird Electronics, Inc.</Manufacturer>

   <FirmwareVersion>2.2d</FirmwareVersion>

   <FirmwareDate>9 February 2011 08:30</FirmwareDate>

   <CommandSetVersion>1.1</CommandSetVersion>

   <PCBAssembly PCBSerialNum='25307' AssemblyNum='41054G'/>

   <PCBAssembly PCBSerialNum='25737' AssemblyNum='41580B'/>

   <PCBAssembly PCBSerialNum='24669' AssemblyNum='41606'/>

   <PCBAssembly PCBSerialNum='24372' AssemblyNum='41059D'/>

   <MfgDate>  08 DEC 2010</MfgDate>

   <InternalSensors>

      <Sensor id='Main Temperature'>

         <type>temperature0</type>

         <SerialNumber>01906740</SerialNumber>

      </Sensor>

      <Sensor id='Main Conductivity'>

         <type>conductivity-0</type>

         <SerialNumber>01906740</SerialNumber>

      </Sensor>

      <Sensor id='Main Pressure'>

         <type>strain-0</type>

         <SerialNumber>3220369</SerialNumber>

      </Sensor>

   </InternalSensors>

   <ExternalSensors>

      <Sensor id='volt 0'>

         <type>SBE 43 OXY</type>

         <SerialNumber>432005</SerialNumber>

      </Sensor>

      <Sensor id='volt 1'>

         <type>not assigned</type>

         <SerialNumber>not assigned</SerialNumber>

      </Sensor>

      <Sensor id='volt 2'>

         <type>ECO-FLNTURT CHL</type>

         <SerialNumber>FLNTURTD-2025</SerialNumber>

      </Sensor>

      <Sensor id='volt 3'>

         <type>ECO-FLNTURT TURB</type>

         <SerialNumber>FLNTURTD-2025</SerialNumber>

      </Sensor>

      <Sensor id='volt 4'>

         <type>not assigned</type>

         <SerialNumber>not assigned</SerialNumber>

      </Sensor>

      <Sensor id='volt 5'>

         <type>not assigned</type>

         <SerialNumber>not assigned</SerialNumber>

      </Sensor>

   </ExternalSensors>

</HardwareData>
<StatusData DeviceType='SBE19plus' SerialNumber='01906740'>

   <DateTime>2018-11-26T19:37:10</DateTime>

   <LoggingState>not logging</LoggingState>

   <EventSummary numEvents='241'/>

   <Power>

      <vMain>12.4</vMain>

      <vLith>5.3</vLith>

      <iMain>61.4</iMain>

      <iPump>156.8</iPump>

      <iExt01> 4.2</iExt01>

      <iExt2345>18.2</iExt2345>

   </Power>

   <MemorySummary>

      <Bytes>1110270</Bytes>

      <Samples>65310</Samples>

      <SamplesFree>3805169</SamplesFree>

      <SampleLength>17</SampleLength>

      <Profiles>71</Profiles>

   </MemorySummary>

</StatusData>
<ConfigurationData DeviceType='SBE19plus' SerialNumber='01906740'>

   <ProfileMode>

      <ScansToAverage>1</ScansToAverage>

      <MinimumCondFreq>3226</MinimumCondFreq>

      <PumpDelay>60</PumpDelay>

      <AutoRun>no</AutoRun>

      <IgnoreSwitch>no</IgnoreSwitch>

   </ProfileMode>

   <Battery>

      <Type>alkaline</Type>

      <CutOff>7.5</CutOff>

   </Battery>

   <DataChannels>

      <ExtVolt0>yes</ExtVolt0>

      <ExtVolt1>no</ExtVolt1>

      <ExtVolt2>yes</ExtVolt2>

      <ExtVolt3>yes</ExtVolt3>

      <ExtVolt4>no</ExtVolt4>

      <ExtVolt5>no</ExtVolt5>

      <SBE38>no</SBE38>

      <OPTODE>no</OPTODE>

      <GTD>no</GTD>

   </DataChannels>

   <EchoCharacters>yes</EchoCharacters>

   <OutputExecutedTag>yes</OutputExecutedTag>

   <OutputFormat>raw HEX</OutputFormat>

</ConfigurationData>
<CalibrationCoefficients DeviceType='SBE19plus' SerialNumber='01906740'>

   <Calibration format='TEMP1' id='Main Temperature'>

      <SerialNum>01906740</SerialNum>

      <CalDate>07-Jan-11 </CalDate>

      <TA0>1.255288e-03</TA0>

      <TA1>2.593288e-04</TA1>

      <TA2>-2.376104e-07</TA2>

      <TA3>1.449298e-07</TA3>

      <TOFFSET>0.000000e+00</TOFFSET>

   </Calibration>

   <Calibration format='WBCOND0' id='Main Conductivity'>

      <SerialNum>01906740</SerialNum>

      <CalDate>07-Jan-11</CalDate>

      <G>-1.033008e+00</G>

      <H>1.393941e-01</H>

      <I>-2.175401e-04</I>

      <J>3.475757e-05</J>

      <CPCOR>-9.570000e-08</CPCOR>

      <CTCOR>3.250000e-06</CTCOR>

      <CSLOPE>1.000000e+00</CSLOPE>

   </Calibration>

   <Calibration format='STRAIN0' id='Main Pressure'>

      <SerialNum>3220369</SerialNum>

      <CalDate>21-Dec-10</CalDate>

      <PA0>8.222195e-01</PA0>

      <PA1>1.566037e-02</PA1>

      <PA2>-6.194425e-10</PA2>

      <PTCA0>5.244452e+05</PTCA0>

      <PTCA1>4.417653e+00</PTCA1>

      <PTCA2>-9.798927e-02</PTCA2>

      <PTCB0>2.510725e+01</PTCB0>

      <PTCB1>-1.150000e-03</PTCB1>

      <PTCB2>0.000000e+00</PTCB2>

      <PTEMPA0>-5.917147e+01</PTEMPA0>

      <PTEMPA1>5.387460e+01</PTEMPA1>

      <PTEMPA2>-2.653169e-01</PTEMPA2>

      <POFFSET>0.000000e+00</POFFSET>

      <PRANGE>5.076000e+03</PRANGE>

   </Calibration>

   <Calibration format='VOLT0' id='Volt 0'>

      <OFFSET>-4.687158e-02</OFFSET>

      <SLOPE>1.247988e+00</SLOPE>

   </Calibration>

   <Calibration format='VOLT0' id='Volt 1'>

      <OFFSET>-4.719579e-02</OFFSET>

      <SLOPE>1.248132e+00</SLOPE>

   </Calibration>

   <Calibration format='VOLT0' id='Volt 2'>

      <OFFSET>-4.684526e-02</OFFSET>

      <SLOPE>1.248324e+00</SLOPE>

   </Calibration>

   <Calibration format='VOLT0' id='Volt 3'>

      <OFFSET>-4.678105e-02</OFFSET>

      <SLOPE>1.247145e+00</SLOPE>

   </Calibration>

   <Calibration format='VOLT0' id='Volt 4'>

      <OFFSET>-4.669684e-02</OFFSET>

      <SLOPE>1.248307e+00</SLOPE>

   </Calibration>

   <Calibration format='VOLT0' id='Volt 5'>

      <OFFSET>-4.709579e-02</OFFSET>

      <SLOPE>1.247697e+00</SLOPE>

   </Calibration>

   <Calibration format='FREQ0' id='external frequency channel'>

      <EXTFREQSF>9.999977e-01</EXTFREQSF>

   </Calibration>

</CalibrationCoefficients>
<EventCounters DeviceType='SBE19plus' SerialNumber='01906740'>

   <EventSummary numEvents='241'/>

   <Event type='ErrorFLASHUncorrectableError' count='241'/>

</EventCounters></InstrumentState>
<Headers>

cast  50 24 Nov 2018 12:59:20 samples 52510 to 52674, avg = 1, stop = mag switch

</Headers><InstrumentRawData>
<SBEDataUpload startAddr='892653'>

   <Type>1</Type>

   <DataFormat>SEACATPLUS0</DataFormat>

   <Bytes>2805</Bytes>

   <Data>
65D0037A0B0BDE0308F9546055A802C9
0365D003F4110BDD0308F8545D55A202
C30365D0034F160BDF0308F8548455AC
02BF036BD003E3230BDD0308F7545757
A602BF036DD003943F0BDF0308F75466
5995006D0471D0036E560BDF0308F754
9757980068046BD0034A5F0BE50308F8
543E578900650455D003E86F0EEA0308
F754FA59870066042DD503F41F15F003
08F7548C5CDE032E063EDC03CECC13F4
0308F754A55BDD03320654E003514C10
F90308F654AA5BE50337068BE203853D
0EFC0308F654D55EE203330686E3037F
790C030408F654636085001F1D3AE303
90410D080408F554055D9500191D7AE2
03DBAB0E0C0408F4540E5D9100201D1B
E203FCDC120F0408F454715B91001D1D
10E2033E0115120408F454805A850015
1D5CE203E04E15170408F454465A5B04
640E1FE303003C171C0408F55488595D
04680E87E4034C6D1B1E0408F554D658
6A04680EB3E503AF6E1B200408F4547C
585A046C0E72E603F5651B1F0408F454
3B58F001C40C1DE703CD5D1B1F0408F4
542B58F601C60CDBE703E7591B230408
F4543558EE01CB0C8DE8036D511B2604
08F454CD57E901C40C83E903C04F1B27
0408F454C457E202DC0F8EEA03B64D1B
280408F454BE57E702E70F7FEB03844C
1B2E0408F5549A57E302E00F3BEC03AC
491B300408F554DE57E202EA0FD6EC03
C9471B2F0408F554AA574002CD0F56ED
03B2481B2F0408F6549E574302CD0FBB
ED0377461B2A0408F75483573F02CA0F
0FEE039F451B260408F754A7573E02D0
0F4DEE034C461B250408F7549C573D02
C70F65EE031B471B220408F754BA57FE
022E0F52EE0366461B240408F754C957
0803320F1DEE0344461B240408F75483
57F7022D0FC3ED03D6451B260408F854
74570B031F0F43ED03B6461B2B0408F7
5442573802D910BDEC03FC451B300408
F85463573E02D3104FEC034C461B3204
08F8547C573F02DE1019EC0306461B32
0408F95455574002DA1011EC03C1451B
300408F9547857D102DC0F3BEC032644
1B310408F9543D57E502CF0F96EC0309
441B310408F954E55AE202D60FFEEC03
43431B360408FA540859E802CE0F62ED
03B6421B360408FA54FC572E022D10B1
ED0307431B390408FA543B5739024310
ECED033E431B3B0408FB54885634023E
10E7ED0337431B3C0408FB545E562502
3810B2ED03F6421B3D0408FA54C55528
02341073ED038E431B3C0408FB543D55
A3024D102FED032A441B420408FB5415
55A4026C10F0EC03EF451B440408FA54
E45495025F10CFEC03BC471B490408FA
54EF54A2025910C2EC03EB471B4B0408
FA54B954CC02CB0FC0EC0320481B4D04
08FB54B954CC02D60FC4EC03F0491B4E
0408FB547D54CE02CF0FD1EC03E14A1B
4D0408FB547054D502C80FF5EC03874B
1B4D0408FB543A54D002921051ED033A
4B1B4B0408FB545554CF02A310BBED03
144B1B4D0408FB542B54D602AB1003EE
03C44A1B4D0408FB540154BD029C102F
EE036E4A1B4E0408FB5403542403B410
4CEE03954A1B510408FB54BF532303BF
1065EE03344A1B530408FB5496532403
BE1092EE030C491B570408FB5458531F
03BD10C2EE036C491B5B0408FB545253
1F03BE10DCEE03914A1B5D0408FB5441
5326032A11EBEE03AA4A1B5D0408FB54
08531903291104EF03F8491B5F0408FC
540A5326032B111FEF03C7481B610408
FB5401531703281137EF036E481B6204
08FB54AC52C90205114BEF0340481B64
0408FC547A52D602FD1059EF038C481B
670408FC546652CF02FC1060EF03CB48
1B6A0408FC544052D2020B1163EF03AA
481B6D0408FC542A52D702BC1068EF03
FB471B700408FC540652CF02BE106DEF
03114D1B740408FB54D251D002B11061
EF03E64F1B720408FB54B951D202BA10
52EF03A24E1B740408FB54BF513203CA
1048EF037F4D1B710408FA549D513103
C31043EF03FD4B1B710408FA54955132
03C9104DEF03DB491B700408FB545D51
3603C4105AEF03C7481B730408FB5419
523403D01060EF032F4A1B770408FB54
CC51E30241115EEF03EC491B770408FB
54B951EE02421159EF03E0491B770408
FC54DF51E00247115EEF0368491B7704
08FC549451D7024A1162EF0360491B79
0408FC546C51FB02051165EF0339491B
770408FC545C51E902FD1068EF033A49
1B770408FC542051F80202116AEF0331
491B760408FC54EF50EA02F8106CEF03
13491B750408FC54AD503E033F116FEF
03CB481B760408FC54B2504303461173
EF036E481B740408FD54A95051034411
6EEF032F481B740408FD546D50470348
1165EF0304481B760408FD546E50B702
3B115AEF03EB471B750408FD541850AE
0238114FEF03AC471B750408FD541150
BD022F1149EF0357471B770408FD542B
50BB023A1148EF0303471B770408FC54
F34FBF02301146EF039F471B770408FD
54D04FDA02E21041EF038E471B780408
FC540050E602ED1037EF0351481B7704
08FC54C04FE002E51031EF0351491B73
0408FC54844FE002E1102BEF033A491B
740408FC54914FB402F01029EF03A849
1B710408FC54694FB102FA1027EF0392
491B710408FB54754FB4020C1124EF03
7D491B6F0408FB54584FA602F21025EF
03474B1B6F0408FB545E4FEA021D111E
EF03E9501B6D0408FB54D04EDF020C11
0EEF03DD531B690408FB54A94ED70210
11FDEE03BC561B630408FB54904EE602
1911F3EE03EB571B5B0408FB54684E20
03B010EFEE03FF571B560408FB54364E
1C03B410ECEE038A551B550408FB5418
4E1E03A910E1EE03A0531B570408FB54
0A4E2603A010D7EE0354541B560408FB
54194E1B03B610C8EE0333531B4B0408
FC54FE4D48033810BBEE0357551B3F04
08FC54E44D59033810B1EE03B2591B37
0408FC54BA4D5C033F109FEE03425B1B
340408FC54C04D59033C108FEE03B35A
1B2A0408FC549B4D4703570E79EE03E9
591B1A0408FD54BA5246035B0E61EE03
9E571B100408FD54E1533F034A0E2DEE
0364591B100408FE540F524603530EFA
ED031B5B1B110408FD548D50F9045F09
DFED03705C1B110408FD546050F1045B
09CFED03A35C1B120408FD545350D804
6609C9ED03F95B1B0D0408FE54E94FF9
046609C8ED03A85A1B090408FE547B4F
EB00B80DC6ED034F5D1B0A0408FE5439
4FE900BB0DC4ED031A5F1B0B0408FD54
FE4EEC00B40DBDED03AF601B0D0408FD
549C4EE800B20DB6ED0395611B0D0408
FD54934EDE00AF0DA6ED0391611B0C04
08FD54134EFBFB420F94ED0358611B0A
0408FD54D44DF6FB450F80ED0373621B
090408FD54E64D0BFC490F6FED03BF63
1B0B0408FD54C74D01FC440F54ED03FD
631B0B0408FD54B24D7304DF103AED03
77631B080408FC54A44D6D04DE101FED
03AA631B020408FC548F4D6B04DE1009
ED0348641BFA0308FC54C0546A04E710
C5EC0380641BEB0308FB54FA52FA0564
22D8EB03E6641BE20308FC5495520606
6D229DEA03E2631BDD0308FB549D50F4
056C22C6E903A55F1BDF0308FB54884F
FC05652246E90389F31ADE0308FC54F9
4EA30404FC24E90361AD15DD0308FC54
A04E9B0400FC32E903696E0EDF0308FC
546A4EA604FCFB2CE9036C5A0DDF0308
FB540C4EA50401FCD9E803D14411DF03
08FB54F04D9C04F6FBB9E7032ACA0DDE
0308FB54CD4D03FCF4FBE4E303F1970D
DF0308FA547F4D05FCFEFB70E1037346
0DDD0308FB543C4DFAFB03FC15E00336
2B0EDF0308FB54244DFFFBFAFB84DF03
1CC70DDF0308FA54FD4CA402C3038EDF
03DD9D0EDE0308FA54F54CA802C303AE
DF03CC280DDD0308FA544A4DA602CB03
C7DF03760E0DDE0308FB541A4D9A02BA
03C4DF03557211E10308FB545F4DBD06
DE04A2DF03AFC80EE00308FB54C94DC4
06DE0484DD03EC9A11DF0308FA54D44D
CB06DF04B4DB031D3F0EDF0308FA54E1
4DD006EA04</Data>

   <DataCRC>841985fc</DataCRC>

   <BytesSent>2805</BytesSent>

</SBEDataUpload>
</InstrumentRawData>
</SBEDataUploadFile>
