<?xml version="1.0"?>
<!-- SCPlusV2_RS232 -->
<SBEDataUploadFile>
<ApplicationData>
<Seaterm232>
<SoftwareVersion>2.6.3.104</SoftwareVersion>
<BuildDate>30-Jun-2017</BuildDate>
</Seaterm232>
</ApplicationData>
<InstrumentState>
<HardwareData DeviceType='SBE19plus' SerialNumber='01906740'>

   <Manufacturer>Sea-Bird Electronics, Inc.</Manufacturer>

   <FirmwareVersion>2.2d</FirmwareVersion>

   <FirmwareDate>9 February 2011 08:30</FirmwareDate>

   <CommandSetVersion>1.1</CommandSetVersion>

   <PCBAssembly PCBSerialNum='25307' AssemblyNum='41054G'/>

   <PCBAssembly PCBSerialNum='25737' AssemblyNum='41580B'/>

   <PCBAssembly PCBSerialNum='24669' AssemblyNum='41606'/>

   <PCBAssembly PCBSerialNum='24372' AssemblyNum='41059D'/>

   <MfgDate>  08 DEC 2010</MfgDate>

   <InternalSensors>

      <Sensor id='Main Temperature'>

         <type>temperature0</type>

         <SerialNumber>01906740</SerialNumber>

      </Sensor>

      <Sensor id='Main Conductivity'>

         <type>conductivity-0</type>

         <SerialNumber>01906740</SerialNumber>

      </Sensor>

      <Sensor id='Main Pressure'>

         <type>strain-0</type>

         <SerialNumber>3220369</SerialNumber>

      </Sensor>

   </InternalSensors>

   <ExternalSensors>

      <Sensor id='volt 0'>

         <type>SBE 43 OXY</type>

         <SerialNumber>432005</SerialNumber>

      </Sensor>

      <Sensor id='volt 1'>

         <type>not assigned</type>

         <SerialNumber>not assigned</SerialNumber>

      </Sensor>

      <Sensor id='volt 2'>

         <type>ECO-FLNTURT CHL</type>

         <SerialNumber>FLNTURTD-2025</SerialNumber>

      </Sensor>

      <Sensor id='volt 3'>

         <type>ECO-FLNTURT TURB</type>

         <SerialNumber>FLNTURTD-2025</SerialNumber>

      </Sensor>

      <Sensor id='volt 4'>

         <type>not assigned</type>

         <SerialNumber>not assigned</SerialNumber>

      </Sensor>

      <Sensor id='volt 5'>

         <type>not assigned</type>

         <SerialNumber>not assigned</SerialNumber>

      </Sensor>

   </ExternalSensors>

</HardwareData>
<StatusData DeviceType='SBE19plus' SerialNumber='01906740'>

   <DateTime>2018-11-26T19:37:10</DateTime>

   <LoggingState>not logging</LoggingState>

   <EventSummary numEvents='241'/>

   <Power>

      <vMain>12.4</vMain>

      <vLith>5.3</vLith>

      <iMain>61.4</iMain>

      <iPump>156.8</iPump>

      <iExt01> 4.2</iExt01>

      <iExt2345>18.2</iExt2345>

   </Power>

   <MemorySummary>

      <Bytes>1110270</Bytes>

      <Samples>65310</Samples>

      <SamplesFree>3805169</SamplesFree>

      <SampleLength>17</SampleLength>

      <Profiles>71</Profiles>

   </MemorySummary>

</StatusData>
<ConfigurationData DeviceType='SBE19plus' SerialNumber='01906740'>

   <ProfileMode>

      <ScansToAverage>1</ScansToAverage>

      <MinimumCondFreq>3226</MinimumCondFreq>

      <PumpDelay>60</PumpDelay>

      <AutoRun>no</AutoRun>

      <IgnoreSwitch>no</IgnoreSwitch>

   </ProfileMode>

   <Battery>

      <Type>alkaline</Type>

      <CutOff>7.5</CutOff>

   </Battery>

   <DataChannels>

      <ExtVolt0>yes</ExtVolt0>

      <ExtVolt1>no</ExtVolt1>

      <ExtVolt2>yes</ExtVolt2>

      <ExtVolt3>yes</ExtVolt3>

      <ExtVolt4>no</ExtVolt4>

      <ExtVolt5>no</ExtVolt5>

      <SBE38>no</SBE38>

      <OPTODE>no</OPTODE>

      <GTD>no</GTD>

   </DataChannels>

   <EchoCharacters>yes</EchoCharacters>

   <OutputExecutedTag>yes</OutputExecutedTag>

   <OutputFormat>raw HEX</OutputFormat>

</ConfigurationData>
<CalibrationCoefficients DeviceType='SBE19plus' SerialNumber='01906740'>

   <Calibration format='TEMP1' id='Main Temperature'>

      <SerialNum>01906740</SerialNum>

      <CalDate>07-Jan-11 </CalDate>

      <TA0>1.255288e-03</TA0>

      <TA1>2.593288e-04</TA1>

      <TA2>-2.376104e-07</TA2>

      <TA3>1.449298e-07</TA3>

      <TOFFSET>0.000000e+00</TOFFSET>

   </Calibration>

   <Calibration format='WBCOND0' id='Main Conductivity'>

      <SerialNum>01906740</SerialNum>

      <CalDate>07-Jan-11</CalDate>

      <G>-1.033008e+00</G>

      <H>1.393941e-01</H>

      <I>-2.175401e-04</I>

      <J>3.475757e-05</J>

      <CPCOR>-9.570000e-08</CPCOR>

      <CTCOR>3.250000e-06</CTCOR>

      <CSLOPE>1.000000e+00</CSLOPE>

   </Calibration>

   <Calibration format='STRAIN0' id='Main Pressure'>

      <SerialNum>3220369</SerialNum>

      <CalDate>21-Dec-10</CalDate>

      <PA0>8.222195e-01</PA0>

      <PA1>1.566037e-02</PA1>

      <PA2>-6.194425e-10</PA2>

      <PTCA0>5.244452e+05</PTCA0>

      <PTCA1>4.417653e+00</PTCA1>

      <PTCA2>-9.798927e-02</PTCA2>

      <PTCB0>2.510725e+01</PTCB0>

      <PTCB1>-1.150000e-03</PTCB1>

      <PTCB2>0.000000e+00</PTCB2>

      <PTEMPA0>-5.917147e+01</PTEMPA0>

      <PTEMPA1>5.387460e+01</PTEMPA1>

      <PTEMPA2>-2.653169e-01</PTEMPA2>

      <POFFSET>0.000000e+00</POFFSET>

      <PRANGE>5.076000e+03</PRANGE>

   </Calibration>

   <Calibration format='VOLT0' id='Volt 0'>

      <OFFSET>-4.687158e-02</OFFSET>

      <SLOPE>1.247988e+00</SLOPE>

   </Calibration>

   <Calibration format='VOLT0' id='Volt 1'>

      <OFFSET>-4.719579e-02</OFFSET>

      <SLOPE>1.248132e+00</SLOPE>

   </Calibration>

   <Calibration format='VOLT0' id='Volt 2'>

      <OFFSET>-4.684526e-02</OFFSET>

      <SLOPE>1.248324e+00</SLOPE>

   </Calibration>

   <Calibration format='VOLT0' id='Volt 3'>

      <OFFSET>-4.678105e-02</OFFSET>

      <SLOPE>1.247145e+00</SLOPE>

   </Calibration>

   <Calibration format='VOLT0' id='Volt 4'>

      <OFFSET>-4.669684e-02</OFFSET>

      <SLOPE>1.248307e+00</SLOPE>

   </Calibration>

   <Calibration format='VOLT0' id='Volt 5'>

      <OFFSET>-4.709579e-02</OFFSET>

      <SLOPE>1.247697e+00</SLOPE>

   </Calibration>

   <Calibration format='FREQ0' id='external frequency channel'>

      <EXTFREQSF>9.999977e-01</EXTFREQSF>

   </Calibration>

</CalibrationCoefficients>
<EventCounters DeviceType='SBE19plus' SerialNumber='01906740'>

   <EventSummary numEvents='241'/>

   <Event type='ErrorFLASHUncorrectableError' count='241'/>

</EventCounters></InstrumentState>
<Headers>

cast  55 24 Nov 2018 14:22:59 samples 55181 to 55469, avg = 1, stop = mag switch

</Headers><InstrumentRawData>
<SBEDataUpload startAddr='938060'>

   <Type>1</Type>

   <DataFormat>SEACATPLUS0</DataFormat>

   <Bytes>4913</Bytes>

   <Data>
BDBE0367AB0FDD0308C955F9593006B2
0CAFB803A70C0EDE0308C955145A2006
B40C53B1032B060EDD0308C955775A27
06B00C9FAC030DC70FDD0308CA55E359
3106BB0C29AA03C5B20EE50308CA55AA
64DE03AB0742A8031DC60EF10308CB55
CE65D1039B07E6A50317FC0EF60308CB
55BB61D6039807A0A10392C90EFB0308
CB55E75ED203A707BB9D031C660E0004
08CC55225DF2FBE839229D0343D91507
0408CD55DB5BFCFBF139089E0399B315
0C0408CD553E5BF4FBED398C9F035A72
160D0408CE55D65A00FCE839CCA003FE
E0160C0408CE55975AC903F21697A103
46C5160C0408CF55375AB803FF1638A2
03C0CB1A0E0408D0552D5AB403E916E8
A203E0CF1B160408D155EA59BE03FD16
A7A3030FCC1B1C0408D255DE59C10303
1757A40379CA1B210408D255D0595703
FD12D0A4032DCA1B240408D255DB5967
03011319A503F4CA1B230408D355D159
580306134DA50354CD1B210408D455FB
595C0305136DA503D1CC1B1B0408D355
EE59BC03981283A5030BCA1B180408D5
55F959B803981285A503E4C81B190408
D555F259C303991285A503D4C81B1D04
08D655005ABB03951283A503ECC81B25
0408D655275A800383126CA50327C91B
290408D755EA59810385124FA5035EC9
1B2E0408D755175A7A03851233A5033D
C91B2E0408D855415A7E03761221A503
12C91B290408D8553C5A79036D1213A5
03ECC81B260408D7551A5A7B03741212
A503B1C81B240408D855315A84036F12
17A5039CC81B250408D855F3597A0371
121FA503A8C81B260408D9550C5A7F03
671229A503C2C81B280408D955105A88
0375122EA503C2C81B2D0408DA55535A
88036C122DA503A8C81B300408DA554B
5A88036C122BA5038BC81B360408DB55
4D5A8E03701230A5036AC81B3B0408DA
55445A8603AA1238A50382C81B3A0408
DB558B5A8803B01235A5037AC81B3304
08DA55C55A8703AC123AA5035CC81B2C
0408D955215B8E03B3123AA503A3C81B
250408DA55F05B96033D1232A503D3C8
1B270408DA55116A9D0340122BA50305
C91B2C0408DB5507669703411218A503
23C91B320408DB55F56198034A1207A5
0316C91B370408DC55FF5F8C03CB12F9
A403FFC81B370408DC558F5E8903D312
F5A403F5C81B390408DC55215D8F03CD
12F1A403ECC81B360408DB555E5C8703
D412F2A40301C91B330408DB55B45B87
03D012F5A403ECC81B300408DB55F05A
A2038312F1A403D8C81B310408DC557A
5A98037912F0A403C6C81B300408DB55
155AA3038212F0A403B9C81B330408DB
557D599E037D12F0A403A4C81B370408
DB55BA58A6038212F3A40385C81B3A04
08DB553458A6037A12F7A40358C81B3B
0408DC55C957A9038512FDA4032AC81B
390408DC55B657B603851203A50304C8
1B370408DC551C579603871203A503EF
C71B350408DC55BA5699038312FFA403
F4C71B350408DB55B5569B038112FCA4
03EFC71B360408DB5567569C037412FC
A403DEC71B360408DA550F569E035A12
FDA403D5C71B3B0408DB55FE55980368
12FFA403D9C71B3E0408DB558055A103
651201A503DAC71B400408DB558055A2
03631207A50396C71B3F0408DA551055
9A035E1219A503AAC61B3B0408DA55DD
549703B4122FA5036FC61B300408DA55
0F559803AC1259A50338C61B2A0408DB
55AF55A103AE12B2A50388C61B200408
DA55EC559303B212E1A50317C71B2204
08DC55AF547C035B12D8A503EFC71B33
0408DA5525557E036812A8A50350C81B
400408DA554A5475035E1270A503D8C6
1B450408DB559D53800363124BA50355
C61B430408DA555F537B0394123DA503
12C61B3A0408DB553F537D03961254A5
03DBC51B2F0408DA55CA537C039212A0
A503E1C51B270408DC5586547C039312
03A60312C61B260408DC5562548B036A
1242A60388C61B2B0408DC5566538C03
6A124EA603E1C61B320408DB55A75389
036B1220A6034DC71B3D0408DE555F53
89037012E9A503AAC61B450408DC55FA
528B037612C0A503F8C51B450408DC55
A1527E030B1398A503C2C51B430408DD
557C5280030F1389A50382C51B3B0408
DB55945279031213BFA50354C51B3504
08DA55215380030C1308A6033BC51B30
0408DB551C549B03661244A603A8C51B
2D0408DD554B539703631256A60355C6
1B310408DA55E8529A035F124EA603E3
C61B3D0408DB55DC529B035E122BA603
D8C61B450408DD559C527603E61205A6
0366C61B490408DC5580527603DB12EA
A503CEC51B490408DD55A2527C03E112
D0A5038BC51B470408DD55C4527A03E3
12B5A5034BC51B480408DE556352AD03
A712A5A50387C51B4B0408DE552852A7
03A5129EA5033FC51B4E0408DC55FB51
A703A3129EA50304C51B500408DD55FA
51AC03A412A5A503D5C41B4F0408DE55
0452A803A412BBA503E6C41B4F0408DD
55B451A203BB12CCA50358C51B500408
DC559E51AC03AE12D3A503CEC51B5504
08DD55B551AB03B012D6A503F6C51B5D
0408DC559F51A803B012D2A50305C61B
5F0408DC55435194032613CFA50382C5
1B610408DE553A5187031913D2A50308
C51B5F0408DF55F95083032313CCA503
EFC41B5C0408DF5514518D031F13C3A5
03A3C51B5E0408E0551A51B3036112B4
A503CAC51B650408DF550751A8036712
B0A503D3C51B6D0408E0551051AD0360
12A6A50382C51B730408DF55F050A803
5612A6A5032DC51B750408DF55F8509B
03D712A3A503EFC41B740408DF559150
9803D1129FA50350C51B740408E0557A
509C03D01298A50344C61B7C0408E155
B150A103D0128BA503DBC61B870408E1
55A8509603CD1282A503D8C61B8F0408
E3555F51C303D41289A50340C61B9304
08E4553B52B503D91293A503B1C51B8F
0408E3553B51BD03D0128FA5033FC51B
870408E255BF50C103D31282A5035DC5
1B830408E35585509903941278A503FD
C51B890408E355715099038B1274A503
16C61B930408E355425099038C1276A5
03E8C51B990408E255FC4F9A0396127B
A503A7C51B9A0408E2559E4F9A03BF12
81A50343C51B9B0408E155B64F9C03C1
1282A503F7C41B980408E255824F9803
C31281A503EFC41B990408E255C04F9B
03C5127EA50308C51B9A0408E455BC4F
8D03621285A503F4C41BA00408E455DF
4F8103611290A503CDC41BA50408E255
1C508A03651299A5039AC41BA50408E2
552E518D035D12A5A5037DC41BA30408
E355315189035F12B8A50386C41BA504
08E2555D50A3036E12CDA50300C51BAE
0408E355D94FA5036E12D8A50354C51B
B60408E355CC4FA8037012DEA503ADC5
1BC20408E2550150AD037112D7A503C6
C51BCB0408E25549509C031313CDA503
6DC51BCE0408E155CF509E030E13CEA5
0310C51BD00408E055125196030F13CE
A503CDC41BD10408E0554351A3030E13
CAA503D1C41BD10408E2558650A90350
12C6A5033EC51BD70408E2552750A903
5212C1A5030EC61BE40408E3552550AF
034C12ACA5039DC61BED0408E2555450
AB03571298A503BBC61BF60408E255C0
4F9C03F0129DA503AFC61B000508E355
E84F9A03EE129FA5039DC61B070508E5
553D509903F2129CA503BFC61B100508
E55555509703EA1291A503D8C61B1805
08E4551B51A003EE1284A503C0C61B1C
0508E555E252AB03E6127CA5035AC61B
190508E555A154A903DD127BA50301C6
1B170508E555B053A603E11281A503C2
C51B170508E655A651AE03DB128CA503
7EC51B180508E7554950A7030F129BA5
0361C51B1F0508E755C64FB3031412A4
A503CAC51B2B0508E7552F50AA031112
99A5039DC61B380508E6559E50A90310
1287A503DCC61B450508E655D751B503
0C1382A503E3C61B4F0508E6556C51B8
03131383A503E9C61B590508E8557251
BF030C137DA503D8C61B590508E8554E
51B2030C137EA50395C61B5D0508E755
0E517E03AD1288A50338C61B610508E5
550F518203B41290A50322C61B680508
E555A9527F03AF128BA50340C61B6C05
08E45527517103B21282A5034EC71B7B
0508E45538508003A91279A50304C81B
8B0508E555D74F7C03E11273A50335C8
1B970508E75570508603E11278A50321
C81B9F0508E655A8517A03E6127EA503
F7C71BA20508E655E3517A03E61281A5
03C5C71B9A0508E85529539703E21284
A5038EC71B900508E95540529C03DE12
89A5034DC71B860508EA554F519E03E6
1290A5031CC71B830508EB5537509E03
E11293A503C0C71B8D0508EA55614FA1
038E1293A5030AC91BA00508EA55BD4F
980393129FA5033DC91BB40508EB55BC
509A039212C2A50376C81BBD0508EB55
8C559A039012E7A50332C81BBB0508EB
55CD53A903FF12FBA503ABC71BBC0508
EC557552AB03FB1209A603FBC71BB705
08ED559E51A503FF121AA603F4C71BAC
0508ED552051A603FC1227A6032EC81B
A70508EC558050B003021330A60365C8
1BAD0508EB553E5076035E123FA603E8
C81BB90508EB555651710363124DA603
34C91BBA0508EB5577517303641275A6
03A3C81BB40508EA55CD50730363129A
A60398C81BAF0508EA556E509A039912
AEA6038BC81BA70508EA550D509603A1
12BAA60382C81B940508EA550B509C03
9D12C1A6031BC81B850508EB5505509B
03A612C5A603FBC71B800508EC55C04F
6B037312C5A603D5C71B7E0508EB55A3
4F77036A12BEA603C5C71B7E0508ED55
8C4F71037112B8A603DEC71B750508ED
55464F6D036E12B6A603B6C71B690508
EC55604F97032C12B3A60396C71B6505
08EC55424F98031F12ABA60392C71B69
0508ED552C4F97032212A5A60389C71B
660508EC55FF4E99031D12A8A60397C7
1B5A0508ED55CA4E90032512A9A60353
C71B4E0508EE55034FAA035E12AAA603
63C71B4A0508EC55FE4EA9036312AAA6
036CC71B410508ED55B24EA5035D12AF
A60385C71B340508ED55AA4EA7035E12
B2A6034DC71B300508ED55B64EB60309
16B3A60357C71B300508ED55B44EBC03
0616B8A60381C71B280508EE55724EBD
030616BAA6036CC71B1D0508EE55904E
BC030816BCA6032EC71B1A0508EE5574
4EA7036A12BFA60324C71B150508EE55
454EB5035C12C1A6034EC71B080508EE
55074EAC035D12C4A603FAC61BFC0408
ED550B4EA5035812C6A603EDC61BF604
08EF55BF4D96032112CAA6032AC71BEC
0408EE55DD4D9F032012CFA6031CC71B
E20408EE55D94DA5032412D3A60302C7
1BDD0408EE55894D9A032912D4A60317
C71BD90408EE55824D96032012D9A603
32C71BCA0408F0557E4DAA033212DCA6
03FAC61BC30408F155714DA8033712E0
A603E9C61BC20408F055AF4DB0033112
E7A6032DC71BB50408F0557C4DA70330
12E9A603E5C61BA70408EF55184D7803
3212EFA603E8C61BA30408EF55244D72
032F12F1A60320C71B9B0408EF555B4D
75033212F8A60328C71B8E0408F05539
4D80033412FFA603CBC61B8A0408F055
6C4D9803521203A703AFC61B850408F1
55934DA103571206A703FAC61B7A0408
F1550F4D9C034C1208A703AAC61B6F04
08F155274DA303521207A7038CC61B69
0408F2557A4C8603651209A703D0C61B
600408F2559C4C7F035F120BA70390C6
1B500408F155834C79035F120CA7037B
C61B4B0408F1551B4C7E035F120DA703
AEC61B3F0408EF551B4C8303611210A7
037BC61B300408EF55ED4B830322120F
A7035BC61B2C0408F055B34B88032312
0CA7038CC61B270408F055E74B8D0327
120FA703E2C71B1A0408F1550A4D8B03
2A120BA7031BC91B140408F0559E4C8C
032C12C6A603D9C91B120408F0550D4E
8903361247A603FAC91B0B0408F055AD
5093033312CBA503D4C91B070408EF55
4D508C0332126CA503F2C91B040408EE
5535517C03121228A503FFC91B030408
EC55BF5187031012FCA403FAC91B0504
08EC55FD517C031312DDA403DBC91B13
0408EC55A45277031012C8A403E1C91B
200408EC55BF527A036E12BBA403BBC9
1B270408EE55BB518D037112B7A403E9
C91B250408ED55B8518F037012B7A403
E8C91B190408EF554E518B036A12B8A4
03E5C91B0C0408EE55F8508B036F12BF
A403E1C91B000408EF55135183033B13
BEA403E5C91B030408EE55105189033E
13C0A403F2C91B0D0408EC555B519203
3F13BAA403FAC91B180408ED55A25189
034413B6A403F2C91B250408EB550052
8E03CC12B1A403F2C91B260408EB55B6
528803D212AEA403FAC91B1A0408EB55
07539003CC12A9A403FAC91B070408EC
553B538803D012A7A403EDC91BEE0308
EF554454DE047937A4A40307CA1BDC03
08F055DF53CF0476379CA40314CA1BDF
0308EF550654D704773798A403ED481A
DE0308F0550057DA047A379CA4035CD9
15DD0308F055A857D6048336B5A4036F
ED0DDE0308EF55A256FAFB7E27D3A403
687E0DDD0308F055685509FC7927F1A4
031C930DDD0308F055C55407FC702704
A50313F10DDD0308EF55615502FC7427
12A5036B110EDC0308F0554455FDFB2D
071CA503EB0A0EDE0308F055AB5404FC
2F0729A5039F2E0EE00308EF5557590A
FC2F0740A503E8100EDC0308EF55D858
05FC340751A503575D0EDD0308F055C4
571103140C60A503F5BA0EDC0308F055
7C571603170C6EA503DEA60EDD0308EF
5565551403190C7BA503438A0EDE0308
EF55E8541303100C8CA503A0EA0DDF03
08EE557254A202C603A1A50332850DDE
0308EF552B54A402C503B7A503C5DB0C
DE0308EF5588539B02C503C2A503966C
0CDE0308F0550553A402C203C2A503C1
370CDD0308F055FC529D02BB03C8A503
CF040CDE0308F055D1525003D006C9A5
03D1DC0BDE0308EF557A525203D106CB
A50375BF0BDD0308F055EE515403CC06
CCA503C8A70BDF0308F055D5515C03CD
06</Data>

   <DataCRC>35f92bb5</DataCRC>

   <BytesSent>4913</BytesSent>

</SBEDataUpload>
</InstrumentRawData>
</SBEDataUploadFile>
