<?xml version="1.0"?>
<!-- SCPlusV2_RS232 -->
<SBEDataUploadFile>
<ApplicationData>
<Seaterm232>
<SoftwareVersion>2.6.3.104</SoftwareVersion>
<BuildDate>30-Jun-2017</BuildDate>
</Seaterm232>
</ApplicationData>
<InstrumentState>
<HardwareData DeviceType='SBE19plus' SerialNumber='01906740'>

   <Manufacturer>Sea-Bird Electronics, Inc.</Manufacturer>

   <FirmwareVersion>2.2d</FirmwareVersion>

   <FirmwareDate>9 February 2011 08:30</FirmwareDate>

   <CommandSetVersion>1.1</CommandSetVersion>

   <PCBAssembly PCBSerialNum='25307' AssemblyNum='41054G'/>

   <PCBAssembly PCBSerialNum='25737' AssemblyNum='41580B'/>

   <PCBAssembly PCBSerialNum='24669' AssemblyNum='41606'/>

   <PCBAssembly PCBSerialNum='24372' AssemblyNum='41059D'/>

   <MfgDate>  08 DEC 2010</MfgDate>

   <InternalSensors>

      <Sensor id='Main Temperature'>

         <type>temperature0</type>

         <SerialNumber>01906740</SerialNumber>

      </Sensor>

      <Sensor id='Main Conductivity'>

         <type>conductivity-0</type>

         <SerialNumber>01906740</SerialNumber>

      </Sensor>

      <Sensor id='Main Pressure'>

         <type>strain-0</type>

         <SerialNumber>3220369</SerialNumber>

      </Sensor>

   </InternalSensors>

   <ExternalSensors>

      <Sensor id='volt 0'>

         <type>SBE 43 OXY</type>

         <SerialNumber>432005</SerialNumber>

      </Sensor>

      <Sensor id='volt 1'>

         <type>not assigned</type>

         <SerialNumber>not assigned</SerialNumber>

      </Sensor>

      <Sensor id='volt 2'>

         <type>ECO-FLNTURT CHL</type>

         <SerialNumber>FLNTURTD-2025</SerialNumber>

      </Sensor>

      <Sensor id='volt 3'>

         <type>ECO-FLNTURT TURB</type>

         <SerialNumber>FLNTURTD-2025</SerialNumber>

      </Sensor>

      <Sensor id='volt 4'>

         <type>not assigned</type>

         <SerialNumber>not assigned</SerialNumber>

      </Sensor>

      <Sensor id='volt 5'>

         <type>not assigned</type>

         <SerialNumber>not assigned</SerialNumber>

      </Sensor>

   </ExternalSensors>

</HardwareData>
<StatusData DeviceType='SBE19plus' SerialNumber='01906740'>

   <DateTime>2018-11-26T19:37:10</DateTime>

   <LoggingState>not logging</LoggingState>

   <EventSummary numEvents='241'/>

   <Power>

      <vMain>12.4</vMain>

      <vLith>5.3</vLith>

      <iMain>61.4</iMain>

      <iPump>156.8</iPump>

      <iExt01> 4.2</iExt01>

      <iExt2345>18.2</iExt2345>

   </Power>

   <MemorySummary>

      <Bytes>1110270</Bytes>

      <Samples>65310</Samples>

      <SamplesFree>3805169</SamplesFree>

      <SampleLength>17</SampleLength>

      <Profiles>71</Profiles>

   </MemorySummary>

</StatusData>
<ConfigurationData DeviceType='SBE19plus' SerialNumber='01906740'>

   <ProfileMode>

      <ScansToAverage>1</ScansToAverage>

      <MinimumCondFreq>3226</MinimumCondFreq>

      <PumpDelay>60</PumpDelay>

      <AutoRun>no</AutoRun>

      <IgnoreSwitch>no</IgnoreSwitch>

   </ProfileMode>

   <Battery>

      <Type>alkaline</Type>

      <CutOff>7.5</CutOff>

   </Battery>

   <DataChannels>

      <ExtVolt0>yes</ExtVolt0>

      <ExtVolt1>no</ExtVolt1>

      <ExtVolt2>yes</ExtVolt2>

      <ExtVolt3>yes</ExtVolt3>

      <ExtVolt4>no</ExtVolt4>

      <ExtVolt5>no</ExtVolt5>

      <SBE38>no</SBE38>

      <OPTODE>no</OPTODE>

      <GTD>no</GTD>

   </DataChannels>

   <EchoCharacters>yes</EchoCharacters>

   <OutputExecutedTag>yes</OutputExecutedTag>

   <OutputFormat>raw HEX</OutputFormat>

</ConfigurationData>
<CalibrationCoefficients DeviceType='SBE19plus' SerialNumber='01906740'>

   <Calibration format='TEMP1' id='Main Temperature'>

      <SerialNum>01906740</SerialNum>

      <CalDate>07-Jan-11 </CalDate>

      <TA0>1.255288e-03</TA0>

      <TA1>2.593288e-04</TA1>

      <TA2>-2.376104e-07</TA2>

      <TA3>1.449298e-07</TA3>

      <TOFFSET>0.000000e+00</TOFFSET>

   </Calibration>

   <Calibration format='WBCOND0' id='Main Conductivity'>

      <SerialNum>01906740</SerialNum>

      <CalDate>07-Jan-11</CalDate>

      <G>-1.033008e+00</G>

      <H>1.393941e-01</H>

      <I>-2.175401e-04</I>

      <J>3.475757e-05</J>

      <CPCOR>-9.570000e-08</CPCOR>

      <CTCOR>3.250000e-06</CTCOR>

      <CSLOPE>1.000000e+00</CSLOPE>

   </Calibration>

   <Calibration format='STRAIN0' id='Main Pressure'>

      <SerialNum>3220369</SerialNum>

      <CalDate>21-Dec-10</CalDate>

      <PA0>8.222195e-01</PA0>

      <PA1>1.566037e-02</PA1>

      <PA2>-6.194425e-10</PA2>

      <PTCA0>5.244452e+05</PTCA0>

      <PTCA1>4.417653e+00</PTCA1>

      <PTCA2>-9.798927e-02</PTCA2>

      <PTCB0>2.510725e+01</PTCB0>

      <PTCB1>-1.150000e-03</PTCB1>

      <PTCB2>0.000000e+00</PTCB2>

      <PTEMPA0>-5.917147e+01</PTEMPA0>

      <PTEMPA1>5.387460e+01</PTEMPA1>

      <PTEMPA2>-2.653169e-01</PTEMPA2>

      <POFFSET>0.000000e+00</POFFSET>

      <PRANGE>5.076000e+03</PRANGE>

   </Calibration>

   <Calibration format='VOLT0' id='Volt 0'>

      <OFFSET>-4.687158e-02</OFFSET>

      <SLOPE>1.247988e+00</SLOPE>

   </Calibration>

   <Calibration format='VOLT0' id='Volt 1'>

      <OFFSET>-4.719579e-02</OFFSET>

      <SLOPE>1.248132e+00</SLOPE>

   </Calibration>

   <Calibration format='VOLT0' id='Volt 2'>

      <OFFSET>-4.684526e-02</OFFSET>

      <SLOPE>1.248324e+00</SLOPE>

   </Calibration>

   <Calibration format='VOLT0' id='Volt 3'>

      <OFFSET>-4.678105e-02</OFFSET>

      <SLOPE>1.247145e+00</SLOPE>

   </Calibration>

   <Calibration format='VOLT0' id='Volt 4'>

      <OFFSET>-4.669684e-02</OFFSET>

      <SLOPE>1.248307e+00</SLOPE>

   </Calibration>

   <Calibration format='VOLT0' id='Volt 5'>

      <OFFSET>-4.709579e-02</OFFSET>

      <SLOPE>1.247697e+00</SLOPE>

   </Calibration>

   <Calibration format='FREQ0' id='external frequency channel'>

      <EXTFREQSF>9.999977e-01</EXTFREQSF>

   </Calibration>

</CalibrationCoefficients>
<EventCounters DeviceType='SBE19plus' SerialNumber='01906740'>

   <EventSummary numEvents='241'/>

   <Event type='ErrorFLASHUncorrectableError' count='241'/>

</EventCounters></InstrumentState>
<Headers>

cast  47 24 Nov 2018 12:03:20 samples 49949 to 51234, avg = 1, stop = mag switch

</Headers><InstrumentRawData>
<SBEDataUpload startAddr='849116'>

   <Type>1</Type>

   <DataFormat>SEACATPLUS0</DataFormat>

   <Bytes>21862</Bytes>

   <Data>
FFCD031D720BDE03081255B455FCFB46
06FCCD0398650BDD03081355C155FCFB
4406FBCD03B75D0BDE03081355DF5709
FC4806FACD03965E0BDD03081455FC5A
07FC4606C7CD0315580BE00308155501
59BA05E1049BCB0321520BE603081555
4D58C005D604F0C903CA4B0BE7030815
553759BF05DB0441CA03763E0BE80308
1655DC57BC05DC0404CB0354340BE503
08165553578003EC0BA3CB03C32B0BE7
03081655F6568B03EC0B2ACC03AD240B
EA03081855D5568003EA0B9FCC039422
0BF30308185593607603E80B21D10343
060FFE03081855335FFAFB3D04CFDA03
CC370C0304081955905CFBFB410445E1
03FA930D0704081A558B5BF9FB46049B
E4033A12140A04081B55EB5A01FC4A04
93E6035ABF140E04081C55BB5A04FC39
04ECE703A70E150D04081B554F5A05FC
12260BE903EC98150D04081C55BD5905
FC1A26BCE9033609160F04081D552459
FFFB0F2622EA0349061B1104081D559A
58F9FB0B2697EA031A5B1B1404081D55
4A588800100A28EB03D9531B1504081E
55FB577E00150AB7EB036B4F1B190408
1F55CD5782000E0A30EC036B4B1B1904
081F5590579100100AA3EC030B491B1A
04081F55715708055F0B11ED03B4471B
1704081F55425715055B0B8BED032246
1B1604081F552B570F05500BEBED0302
451B16040820551A570B05590B29EE03
F3431B13040820551B573208A3085AEE
03E9421B1104082055F6563A08AA0877
EE03A1441B1304082055F7563408AC08
96EE03CD451B1304082055FE563408B1
08BEEE03B6461B13040820551D573208
A308ECEE03D4461B1604082055E45602
FC840E0FEF03A9441B1504082055C456
FCFB710E31EF0325411B1304082155B0
56F4FB740E47EF03AC411B1404082155
925607FC710E46EF03F6421B17040821
5597567D04970D46EF03943F1B190408
2155655679048F0D41EF03B63D1B1D04
0821554E567D04960D14EF03B13F1B1F
0408215556567B04910DF4EE032F3D1B
240408215541562B03640DFEEE03F23E
1B230408225551561D03660D26EF0358
3C1B260408215541562603620D55EF03
233D1B25040822553A562203640D84EF
03FF3B1B26040822550956A302620EA0
EF03F63C1B26040822558355B102620E
ABEF03083C1B2A040822554855A7025E
0EB6EF03583C1B2C040822552A55AC02
5A0EBBEF03473C1B2C04082255FE54AC
02620EB7EF038B3C1B2C04082355E254
EC02920EAEEF038D3C1B2C04082255D3
54EA02930E9DEF03F03C1B2C04082255
9D54D4028F0E8DEF03903D1B2D040822
558754E202910E80EF03423E1B2D0408
22557F54A002FE0E7BEF03F63E1B2B04
082355795495020A0F75EF03503F1B2B
040823556E549A02040F74EF037E3F1B
2A040824556B54A1020B0F75EF038B3F
1B2B0408235550549102150F7BEF03A8
3F1B2B040823554C549802100F83EF03
0A401B2D040823553354A5021C0F9CEF
0345401B2E040823552B549B02140FC5
EF03B7401B2D040823550D541503570F
EEEF0316411B2C04082355FB5317035C
0F15F003C8401B2B040823550A541103
670F51F00349401B2A04082355D9530E
035F0F7CF0035E401B2A04082255C553
10035A0F9AF003F1401B2904082355B6
531003FC0EC0F0035C411B2B04082355
C1531003F80EDEF003C5411B2A040823
55A3531403F80EFDF003CC401B290408
245594530F03F80E11F103CD3F1B2A04
08245584532003380F21F103613F1B2A
0408255571532703330F31F103873F1B
2E0408255572531603470F2CF1038D40
1B30040825555F531603470F19F10373
411B300408255545531C03E90E03F103
E3411B30040825553A532503F30EFDF0
036A421B310408255529532303FA0E05
F1037D431B32040826550E531D03F30E
02F103D5421B31040825550353E0023C
0F00F10322421B3304082555ED52D702
440F02F103BD411B3104082555E752DE
02510F05F103D6411B3104082555CC52
D702350F04F103B0411B3004082455C0
52E702400F07F10382411B2F04082455
A652CB020D0F0FF1031C411B31040824
558F52D202090F12F103F5401B310408
24558552D1020D0F18F10368411B3104
0824556A52C902090F18F10393411B32
040823555552C602F30E11F10338421B
30040823554952B702F40E06F103FE42
1B33040823552D52C002F80EFDF003DE
431B32040823551F52C302F10EF1F003
94441B3204082455FC5102030B0FE1F0
03B2441B3304082355ED51FF021A0FD3
F003F2441B3104082355F051FC02120F
C6F003D8441B3304082455D75100030D
0FB5F00394441B3104082455AF511603
2A0FA6F003DC441B33040824559C511D
03390F98F00306451B33040825557D51
2403310F8BF00306451B31040826556A
512303290F7CF003B2441B3004082655
46512003310F6DF0030D441B32040826
552251C6029C0E5DF0035B441B320408
26551451D002A10E4EF003E7451B3204
0826550551D002A00E3BF00370451B32
04082655EF50CC029A0E29F003E6441B
3304082755CE50AB023C0F1AF0033B46
1B3304082755B450AB02290F0DF003DE
451B36040828559850AA02320FF8EF03
66461B37040827558E50B1022D0FE2EF
039D471B36040827556650BE02260FCB
EF037F481B36040827556450BB021D0F
B0EF039D481B36040827552F50C20220
0F9CEF03A6481B34040827551E50C902
220F87EF03E1481B34040826550850F1
022C0F77EF03AE481B3304082555E04F
0503350F69EF0344481B3304082555CD
4FFE02400F5FEF0381471B3204082555
A64F02032E0F58EF0317471B30040825
558E4F02032F0F54EF0381471B300408
25556F4F9302360F50EF03FC471B3104
0825555F4FA002270F4AEF03EA461B31
040825553D4F9B022B0F46EF034C461B
2F040824552B4F9B02320F48EF032A46
1B3104082555164FD402120F4AEF03A6
481B3004082555FC4ED502100F43EF03
5D4D1B3004082555D74ECF02090F33EF
0308501B2D04082555CD4ED302110F2C
EF03B04F1B2F040825559F4E3F03FC0E
24EF03334D1B2F04082655AF4E320306
0F1BEF03514A1B30040826558E4E2A03
010F15EF033A491B3104082655704E34
03FC0E17EF0339491B3404082755524E
4D02240F1DEF03174C1B370408265543
4E4702230F1BEF03674F1B3404082655
2D4E5102200F07EF039D511B37040827
551D4E4C02220FF8EE03FD511B340408
2655094E57021B0FEEEE03A74F1B3304
082655034E9A023C0FEBEE034F4C1B33
04082755DF4DA0023C0FECEE03BF4A1B
3104082655DE4D9C02420FF6EE03234C
1B3104082755CB4DA4024E0FF9EE034D
4F1B3004082655A24D0603510FE7EE03
27511B3004082755A24D0A03540FCEEE
03F44E1B3104082755934D0403530FCC
EE03CF4B1B30040827557D4D01034B0F
EAEE0376491B3004082755704DB4020F
0F1DEF03FA461B32040827555B4DBC02
0E0F5CEF0339451B35040827555B4DB8
02190F87EF0357451B37040826554C4D
B502180F9FEF0388451B39040827553E
4DF9023F0FA7EF0333461B3904082755
314DFE02330FA6EF03B2461B38040827
551B4DEA02420FA6EF0327471B360408
27550D4DEC023E0FA7EF03A3471B3504
082855064DF102390FAEEF03F6461B33
04082855FA4CEF02560FCDEF033D451B
3204082855DF4CF1025B0F2AF003F243
1B3504082755DD4CFC02540F94F00309
441B3504082855D74CEF025E0FD7F003
7F441B3504082755D04C0B03200FFAF0
0320451B3504082855C24C1103220F08
F1037C451B3404082755A64C09031E0F
11F1033B441B3204082755A44C150320
0F2FF10307431B3404082755AA4C6903
F20E6DF10312431B3504082755894C64
03E40E9CF10392431B34040827557E4C
5D03E90EB3F10390441B330408275578
4C5E03E60EB6F103F8451B3504082655
794C0B03110FABF10358471B34040826
55684C0603130F99F10385471B310408
2655634C2103180F8FF10374451B3204
0826558A4C11030D0F9CF10366441B31
04082655854C0E03190FCEF10394441B
33040826556C4C2E03030F08F2038E43
1B3304082555524C3103050F42F2033E
431B3604082555444C2F03070F7EF203
1E441B37040825554E4C3A03020FA2F2
0390451B3A040824553F4CAB02DF0FA5
F2037B461B3D04082455454CB302E10F
96F20357471B3D040824553B4CAD02E7
0F82F203FB471B3F04082455334CB102
DC0F70F20362481B3D04082555234CD5
02240F5FF20377481B3C040824552C4C
CF021E0F53F20344481B3C0408245520
4CD902240F4FF20369481B3A04082555
204CD102210F4FF203A5481B39040826
55164CE202590F4EF2034F491B380408
2555164CD6024B0F4BF203084A1B3704
082655144CE0024D0F43F203EE4A1B36
04082755004CEC024C0F37F203874B1B
3804082655F64BE202570F27F203234C
1B3504082755F04BEA02560F18F203B1
4C1B3704082755DB4BEA02520F08F203
484D1B3804082755D54BF402500FF8F1
03984D1B3B04082755C74BF2024E0FED
F103CE4D1B3A04082755E64BE802440F
DEF103D84D1B3B04082855C34BEF023C
0FCFF103DC4D1B3804082855B04BF102
410FC2F103BA4D1B39040827559F4BEE
02400FB3F1039D4D1B3604082755934B
95021A0FA8F103CB4D1B370408275585
4B99021A0F9CF103864E1B3604082755
734BA102240F91F103524F1B36040826
55704BA202210F85F103DE4F1B370408
2655604BD6023A0F7AF10344501B3804
082555484BE1023B0F71F10347501B38
040825553E4BE2023A0F67F10348501B
3704082555384BE1024A0F59F103F74F
1B3804082555254BDE02440F4BF10387
4F1B36040826551A4B0B03ED0E38F103
014F1B32040825550B4B0003EE0E2DF1
032A4D1B2F04082655084BFD02EE0E26
F1032D4A1B3004082655F14AFE02F70E
33F103B4471B2F04082655FD4AC0024D
0F60F1038C461B3104082655E14ABE02
480F9EF10337461B3304082655D84AC1
02400FD5F103D6451B3304082855CC4A
BD023C0F06F20370451B3804082755CA
4ADF023D0F39F20320451B3804082755
CB4AE102420F6BF2037B441B39040827
55D14AE102440FA2F203D1431B380408
2755E94AE702470FD9F20392431B3804
082755E94ACD02430F0AF303B8431B34
04082755084BD802490F31F303E1441B
3104082755184BD7024C0F44F303CB46
1B30040826553E4BCB02470F39F30390
481B3304082655614BC602460F19F303
094A1B3604082755694BF1026D0FF8F2
03114B1B3704082655964BF3026D0FE1
F203D74B1B3C04082755B04BE802710F
CAF203B94B1B3F04082755B64BED0270
0FB6F2032A4B1B3D04082755EC4BB202
2C0FA5F203844A1B3A04082755E24BB0
022F0F95F203124A1B3A04082655EC4B
B102330F84F203274A1B3604082755FD
4BAE02360F7AF203624A1B3604082855
1F4CBB02450F6EF203074B1B36040828
55344CBE02420F61F203174C1B340408
28553D4CB8023C0F53F203E24C1B3504
0828553C4CBA02430F41F203984D1B35
04082755484C9A02030F31F203E94D1B
37040828554E4C9702FE0E20F203654E
1B3804082855694C9902060F10F20393
4E1B3904082955594CA602090FF0F103
C14E1B3A04082955594C9E02070FC5F1
03BD4E1B3E040829556A4CD0024B0F9C
F103864E1B3E040829555F4CD102400F
75F103134E1B3A04082955714CCC0246
0F5BF1038C4D1B3A040829557E4CD402
490F47F1031B4D1B38040829557B4CB9
02360F3FF103154D1B3604082955824C
C7023A0F36F1038C4D1B3504082A557D
4CC602460F2DF1036D4E1B3604082955
764CBB023F0F19F1034D4F1B38040829
55784CAF021C0FF6F003CD4F1B390408
2955824CB402300FC5F0030D501B3A04
0829557A4CAF02130F89F003FB4F1B3C
04082A55704CAA021C0F53F003A74F1B
3A04082955774CB602030F2EF0030A4F
1B3704082B55674CB902080F1AF00361
4E1B3704082A55704CA602020F15F003
3B4D1B3504082A55B04CAD02030F20F0
03E9421B3204082955D94CB302FE0E91
F00372381B2E04082955B84CCE023D0F
01F20349321B2F040829559D4CD2023D
0FB7F3035D2F1B2F040829558E4CD502
3F0F0AF5037A2E1B3404082955764CCE
023E0FE6F503112E1B3504082855754C
A202440F5FF603152E1B38040828555C
4CA202420F8FF603302E1B3904082855
5F4CA8023E0F8DF603652E1B38040827
55414CA202440F85F6035C2E1B390408
28556C4CE002300FAEF603932D1B3704
082955814CE602340F1DF7035C2C1B35
04082955A24CE002320FB4F7030C2B1B
3604082A55D24CEC022E0F2CF8039E2A
1B3304082A55D74CED02EB0E92F80342
2A1B3304082A55154DF102EF0EE9F803
D1291B3104082B55314DED02F40E35F9
0389291B3204082B55834DEF02F10E74
F90329291B3404082B55B64DF302FC0E
97F9030F291B3504082C55EC4DBD025A
0F94F9034F291B3A04082B553A4EC102
680F86F90364291B3C04082B55584EBE
025C0FAAF903D9281B3F04082C55A94E
C3025C0F31FA033A271B3D04082C55CC
4EDB025B0FF1FA03A3251B3A04082C55
FC4EE802640F80FB0347251B3604082C
55374FD7025C0FE7FB031F251B340408
2C55624FD9025A0F17FC033E251B3204
082B55A54F1E034C0FD7FB033A261B2E
04082B55BD4F1C035C0F53FB032D271B
2B04082C55FB4F2303560FCDFA03DD27
1B2B04082B5513501E03550F62FA0314
281B2C04082B554050CE02EE0E0EFA03
1C281B3104082B556950B402F20EA9F9
03CF281B3104082B557E50B302EB0E34
F90379291B3504082B55B250B302EE0E
CCF803EA291B3204082B55BC50B502F2
0E71F8034B2A1B3804082B55D350B002
F40E32F803252A1B3B04082C550551AD
02EE0E56F803EE281B3B04082C552551
A802F00EF7F8034F271B3D04082C5540
51B002F30EB7F90342261B3C04082D55
4A51EB02FE0E70FA03B8251B3E04082D
556251F302FE0EEBFA0386251B3A0408
2D557751E602030F43FB0343251B3604
082E558151ED02020F71FB0358251B34
04082E558E51EA020F0F65FB03D0251B
2F04082D559F51F502110F28FB037926
1B3004082D55A451F0020C0FE5FA03C9
261B3004082C558E51E6020C0F8EFA03
46271B3204082D55A451D802440F18FA
03FB271B3404082D55BF519302410F93
F903AF281B3604082D55CC5195024C0F
0FF9033E291B3804082E55B851860246
0F99F803A0291B3904082E55CE519002
3D0F74F80335291B3B04082D55D3510D
03D50E9AF8037D281B3B04082D55DF51
0F03D30EE6F803D1271B3704082C55EC
511103D00E41F90346271B3604082C55
EE511303D30EA0F903C9261B3304082C
55F851A9023D0FF1F90376261B340408
2C550452AB023C0F48FA03FB251B3104
082C550652B102480F6EFA030C261B33
04082B552952B1023C0F43FA03F3261B
3104082B550D5297023C0FC9F9031428
1B2E04082C5534529D02420F3BF903CD
281B2D04082B552B529C023A0FA7F803
96291B2B04082B553752A1023E0F07F8
03832A1B2B04082B5534529F02130F5E
F7035B2B1B2E04082C5534528E02070F
C7F603E22B1B2E04082B5553528F0211
0F5BF603082C1B3204082A5549528E02
100F1DF603F32B1B3204082C55685294
02130FDCF503212C1B3404082D557652
D1025E0FA7F5037B2C1B3604082D5573
52D002580F8BF5035C2C1B3704082C55
7252CB02620F75F5033A2C1B3504082B
558252CE02640F5CF503752C1B350408
2D558052DE02270F46F503AB2C1B3204
082E559552DB02180F24F503EC2C1B31
04082E55A252E002200F0DF503042D1B
3004082E55AD52DB02200FFBF403102D
1B3104082E55A752E4021D0F11F503C0
2C1B3204082E55B752DA021E0F29F503
922C1B3804082F55BB52E1021F0F15F5
03FB2C1B3D04082F55BC52DA021C0FF9
F403552D1B4004082E55D952DB02280F
35F503922C1B4304082E55B65206032F
0F30F60389291B4404082E55E052F902
330FBAF703D9261B4304082D55D652F7
02360F07F903C5251B3F04082C55D652
03032F0FDCF903A3251B3B04082B55F1
5293022E0F49FA0305261B3A04082C55
0053A602340F4FFA03C0261B3804082C
550353A0022C0FF5F903F7271B360408
2A5516539902270F75F903C0281B3404
082B550F533D02910EE5F80368291B33
04082B550D533E028D0E4BF8030C2A1B
3404082C551D533602950ED0F7035B2A
1B3704082C5504533E02950E84F70352
2A1B3904082C5511537B02050F41F703
C02A1B4004082C5517537602020F12F7
03C02A1B4504082B553D538602FE0E6A
F703A7291B4C04082B5523538402FC0E
9CF8038E261B5104082C5534537B02F8
0E04FA0375241B5504082A553C53AB02
1A0F43FB031F231B5304082A554553AE
02280F3FFC0387221B5504082C553753
B302260FEEFC0337221B5404082C555A
53B302220F5AFD0322221B5204082C55
4753DE02EF0E99FD03FD211B5004082C
554953DF02F60EC2FD03D7211B500408
2C556753E102EA0ED4FD03E3211B5104
082A555053DE02F50EDEFD03E8211B54
040829554C53C302ED0ED1FD0321221B
56040828554353C002F20EA8FD035D22
1B5C040828555A53C202F20E80FD0365
221B5D040828555853C102F50E7FFD03
2B221B60040827555D53D6025C0FA1FD
0387211B63040828555953D902520FBF
FD0372211B64040828556953E502510F
E8FD0327211B66040828555B53E80251
0F18FE03F4201B67040828556953D502
520F3AFE03D3201B67040828555453C0
02720F4DFE03D3201B66040827555E53
BD026F0F5AFE03D7201B670408285558
53C4026D0F60FE03CF201B6804082855
6053BE02730F5DFE03CB201B6B040828
555353A2025F0F5AFE03C3201B6D0408
285565539A025E0F54FE03CB201B7004
0829554A539D02580F54FE03B7201B75
04082A5550539B025E0F53FE03A9201B
7704082B555753CF02420F62FE038820
1B7904082B556153D402380F7FFE0345
201B7A04082A554853CD02420F95FE03
30201B7B04082B554B53CD02420FA8FE
031B201B7C04082A5546530203420FB9
FE030F201B7D04082A553E5300033E0F
C3FE0306201B7C04082B554D53FD0247
0FC9FE030A201B7F04082B5549530303
3F0FCDFE0302201B7F04082B555A53FF
02410FD1FE0302201B7B04082C554F53
0E035B0FD5FE03F11F1B7A04082B5550
531203620FD7FE03ED1F1B7804082A55
5E531003630FDBFE03E91F1B7904082B
55475308035C0FDEFE03DC1F1B7C0408
2C553F53DF02590FDFFE03D41F1B8104
082B552C53DE02610FE4FE03C61F1B84
04082B554C53E202620FE7FE03C31F1B
8504082A553153E402630FEEFE03A61F
1B8704082A554353E4028B0FF4FE0399
1F1B8904082A553C53D6028B0FFDFE03
911F1B8A040829552553DA02950F09FF
03841F1B8C040829554053D9028C0F11
FF03781F1B8D04082A552553EF02FB0F
17FF03741F1B8C040829552153ED0205
101BFF03711F1B8E040828552C53E902
FA0F20FF03701F1B8F040828551E53ED
02F90F22FF03671F1B90040826553253
E802FE0F24FF035B1F1B8E040827552F
5312034D0F23FF03521F1B9004082855
345308034A0F27FF03521F1B91040827
5534531D03510F29FF035B1F1B960408
26553C531603560F29FF033D1F1B9804
08275541539E02E70F2EFF03391F1B99
040827551C539702F10F3CFF030F1F1B
9C040826552B539902E70F4CFF03031F
1B9D040826551A539A02ED0F55FF0303
1F1B9E040826551353F102480F5DFF03
FF1E1B9E040827550A53EE023D0F63FF
03FA1E1B9E040827551453F6023D0F62
FF03FA1E1B9E040828551253ED024B0F
60FF03F61E1B9D040827551453DD0250
0F5EFF03F61E1B9D040827550353E702
4E0F60FF03EC1E1B9D040826551153DE
02480F63FF03F21E1BA0040828552953
DE02490F65FF03EE1E1BA30408285519
53E3024C0F62FF03EA1E1BA504082755
1753DB020B0F66FF03E11E1BA7040827
551253E802110F6CFF03D51E1BA70408
2855FF52E102160F72FF03D01E1BA804
0828550353E002150F71FF03D91E1BAB
04082955EA52CB023E0F72FF03D41E1B
AB040828550053CD02400F70FF03D51E
1BAF04082A55E052CF023D0F6FFF03D9
1E1BB404082A55F852CE02420F70FF03
D51E1BB804082955E052AF02400F72FF
03C81E1BB604082A55E752B302460F72
FF03C81E1BB804082955EB52AE02440F
73FF03C81E1BB704082A55E452AE0244
0F74FF03BC1E1BB804082C55E552E402
FE0E7BFF03B41E1BBA04082E55EF52DB
02FF0E7DFF03AF1E1BBA04082F55FC52
DB02000F80FF03AB1E1BBC04082E55EB
52E102030F7FFF03A71E1BBE04082E55
E552D702FC0E7AFF03AB1E1BC304082F
55E252F302120F80FF03A71E1BC80408
2E55EC52EF02130F85FF03961E1BCD04
082D550053F502110F88FF03891E1BCF
04082C55F152F102130F8FFF03791E1B
CF04082C55E052FF02E50E95FF03781E
1BD104082A55E0520603E60E9AFF0379
1E1BCF04082C55D1520303E10E9DFF03
741E1BCF04082B55CC520703E20EA2FF
036C1E1BD304082A55CF5278033C0FA5
FF036C1E1BD504082B55C65276033F0F
A6FF036C1E1BD404082A55D0527C0345
0FA8FF03681E1BD704082855C8527E03
400FABFF03641E1BD704082855C152D2
02130FAAFF03681E1BD904082755C852
D202100FAAFF036C1E1BDC04082855E7
52CA02120FA7FF03641E1BDD04082955
CC52CF020C0FA8FF03641E1BDD040829
55CC52C502110FA9FF03601E1BE00408
2855D752EA02A610A6FF035B1E1BE404
082955E252F202A510A5FF03601E1BE5
040829550153EF02AB10A3FF03571E1B
E704082B55E552F202A310A8FF03531E
1BE804082C55DD52DF02080FACFF034B
1E1BE904082A55EB52E402130FAEFF03
461E1BEB04082A55DF52E1020B0FB2FF
033E1E1BEB04082C55D252DB020D0FB5
FF033E1E1BED04082C55C652DD02EB0E
BAFF033E1E1BF104082D55CD52E202EB
0EBCFF033A1E1BF304082D55C752E002
EB0EBFFF03361E1BF304082E55B652E1
02E90EC1FF03321E1BF204082F55B852
0203F10EC1FF032F1E1BF204082F55B1
52F802EB0EC3FF03251E1BF104082F55
AD520203F10EC5FF03211E1BF204082D
55A9520103F30EC8FF031D1E1BF30408
2E55AD52FE02EB0ECBFF03181E1BF204
082D558C52DE02760FCEFF03141E1BF3
04082E559E52E5026C0FD1FF03181E1B
F804082E559852E902690FD4FF03141E
1BFB04082E55A152E0026D0FD6FF030B
1E1BFD04082E558252D902270FDAFF03
FF1D1BFC040830558F52DB02270FDEFF
03FB1D1BFB04082E558752DF022F0FDC
FF03FB1D1BFB04082F558E52D502300F
E0FF03F71D1BFC04082F558B52CD02E2
0EE1FF03FF1D1BFC040830558F52D602
E00EE1FF03FB1D1BFB04082E559452D2
02E20EDFFF03FB1D1BF704082C559352
D302DF0EDDFF03FF1D1BF804082B558A
52E102EE0EDDFF03FB1D1BF904082A55
9352E202EF0EDDFF03FB1D1BF904082A
559852DE02EF0EDEFF03EF1D1BFB0408
2A559452DE02EB0EDFFF03EF1D1BFD04
082B558E52DE02F60EE0FF03EF1D1BFE
04082A558F52E002260FE0FF03E21D1B
02050829559E52D702180FE2FF03E21D
1B03050829559652DB02230FE3FF03E2
1D1B0705082B558652E002200FE4FF03
DE1D1B08050829558452F302D90EE4FF
03DB1D1B0A05082A558E52E902DF0EE4
FF03DA1D1B0C05082A558252E602DF0E
E6FF03DE1D1B0B05082A558552EE02DC
0EE4FF03DE1D1B0A05082A557852D902
E40EE4FF03DE1D1B0B05082A558852D9
02DF0EE4FF03DE1D1B0A05082B558A52
E402DC0EE2FF03E21D1B0C05082C558B
52DD02DD0EE3FF03E21D1B0C05082D55
7C52CB02C40EE1FF03E31D1B0D05082E
557852CF02BC0EDFFF03E21D1B100508
2D557352D202C90EDFFF03E21D1B1005
082D558652D002C20EE0FF03E61D1B10
05082D558F52C602C70EDFFF03DA1D1B
1005082B558652DB02020FDEFF03D51D
1B1105082A558652DE02FA0EDDFF03DA
1D1B1305082A557352DE02020FDCFF03
E21D1B1305082A557E52DD02010FDBFF
03E61D1B14050828559552F3020A0FDA
FF03DB1D1B1405082755A052EF020F0F
D9FF03DA1D1B14050825558B52F1020E
0FD8FF03DA1D1B1505082555C552F402
0D0FD8FF03CD1D1B1805082555B652E2
02100FD9FF03C91D1B1705082655A752
E7020F0FD8FF03C51D1B18050825558B
52E1020F0FDDFF03C51D1B1905082555
8552DE020C0FDEFF03C51D1B1C050824
558552E0021E0FE1FF03C71D1B1D0508
25559352E102200FE1FF03C51D1B1E05
0825558D52DA021E0FE2FF03C11D1B1E
050825557852DA02190FE3FF03C51D1B
20050825558D52D9021D0FE4FF03C11D
1B1D050826558752ED02290FE4FF03C5
1D1B20050824558D52EC02220FE3FF03
BC1D1B20050825558E52EA021F0FE5FF
03B81D1B1F050826559352EF021F0FE6
FF03BC1D1B1E050825559552F7020D0F
E7FF03BB1D1B1E050827559652EF0212
0FEAFF03B81D1B2005082655AD52ED02
0D0FEBFF03B01D1B2305082655B352EE
02130FEBFF03B01D1B2405082455B852
E202E80EEAFF03B01D1B2805082555D0
52DE02F40EEBFF03A71D1B2E05082355
FA52D802FA0EEFFF03971D1B34050822
55E452DD02EB0EF4FF03821D1B340508
2255E252EA020E10FCFF03821D1B3505
0822552153F20216100100047A1D1B37
05082355F852F3020D100400047E1D1B
3A05082355EB52F7021110030004861D
1B3C05082555FB52EA020D1005000482
1D1B40050824553453FC02330F070004
791D1B40050823552C53F502350F0C00
04711D1B40050823554D53FD02360F12
0004601D1B3F050824553B53FE022A0F
1600045C1D1B3D050824553853FE026E
0F150004621D1B3D0508245519530103
690F150004691D1B4405082455695304
03700F120004691D1B4B05082455D953
0003710F130004651D1B5005082355CE
530F03360F170004581D1B5205082355
9F530D032D0F1F0004501D1B55050824
557E531403320F200004541D1B570508
245561531503330F1F00045C1D1B5D05
0826556E5305037C0F2100045C1D1B60
05082555C1530203860F230004521D1B
6005082655FF53FF027D0F2100044B1D
1B6605082555645400037E0F23000447
1D1B68050827554B540303790F240004
431D1B6D050827554854D002640F2600
04431D1B6E050828557254C902730F28
00043B1D1B74050828557554CF026E0F
2E0004371D1B78050827554E54D7026E
0F3200042E1D1B7B050828555A540003
920F350004261D1B7F05082855055400
03890F380004221D1B8105082755DA53
0403920F3B00042E1D1B8405082A55B4
530B03910F3D00042A1D1B8705082A55
B3530003420F3D0004321D1B8A05082B
55A553F9023D0F3E00042A1D1B8D0508
2B55E1530303470F4000042E1D1B9105
082955DF530403440F3C00042E1D1B90
05082855C053F302520F3B0004321D1B
9105082855DB53F102540F390004321D
1B9205082855B953E9024F0F38000432
1D1B93050827559E53E902510F360004
3B1D1B96050826559653F302500F3300
04371D1B98050826559F53E8026B0F34
0004371D1B9B050825559D53F1026F0F
310004371D1B9E050824558E53F1026F
0F3000043B1D1BA2050824557B53EB02
640F300004371D1BA5050823558353FE
026C0F300004371D1BA7050825556B53
FE02710F320004361D1BA80508235565
53F802660F320004321D1BA805082255
6153FA02690F330004371D1BAC050823
554C53ED029C0F340004371D1BAD0508
22555653F002A40F350004371D1BB005
0824554953ED02A20F330004371D1BB5
050826554953ED029D0F340004371D1B
B80508245546531C039F0F350004321D
1BBD0508235546531F039B0F3800041D
1D1BBE05082255645325039E0F3B0004
221D1BC00508245554532003A20F3D00
04221D1BC20508235547531C03A20F3F
0004261D1BC7050823557E53EF024F0F
3C0004261D1BCB050824555853F20255
0F410004151D1BCD050823555553EB02
570F4800040D1D1BCC050825553853EB
02540F510004F81C1BCA050823553B53
11038C0F5A0004F81C1BC9050825554A
530D038D0F5D0004FC1C1BCC05082555
43531103900F5C0004FE1C1BCC050824
5552531203910F5B0004001D1BD00508
25555353E902420F590004041D1BCF05
0825555953E802430F5B0004F81C1BD2
050824554553F3023E0F5F0004F41C1B
D3050824557153E6023A0F630004EB1C
1BD8050824557E5305036D0F660004EB
1C1BD705082355775302036F0F680004
E31C1BD80508225550530203680F6800
04E31C1BD4050822555F53FA02620F6A
0004E51C1BD30508225543530203740F
6D0004DF1C1BD305082055405326039A
0F700004D61C1BD6050821553B531E03
9C0F710004DB1C1BDA05081F553A531E
03A40F700004DF1C1BDB05081E552353
1E03A00F700004DB1C1BD805081F5536
5300037F0F750004D61C1BD505082055
2B53F9027C0F750004D61C1BD005081F
55395300037E0F730004DB1C1BCD0508
1F552F5300037D0F750004D91C1BCF05
081F552353F1029E0F710004DF1C1BCF
05081E551D53F102A30F730004DB1C1B
CF050821551853EB02990F730004D61C
1BD1050821552153EE02A20F760004D2
1C1BD1050821552553F702850F7B0004
C61C1BD0050821551653FB027C0F8000
04C61C1BD0050822550C5304037C0F83
0004BD1C1BD30508225513530003810F
850004C11C1BD6050823550153F7027E
0F850004C91C1BD80508235505530E03
3E0F810004D61C1BD805082455FC520D
03350F7A0004DB1C1BD5050825550753
17033F0F760004DB1C1BD305082355F6
520B033A0F720004DB1C1BD205082255
FF520003660F710004DF1C1BD1050822
5507530503620F700004E71C1BD10508
22550B5304036F0F6C0004E71C1BD705
082055055302036C0F690004E91C1BDB
050821550C5311031F0F670004E71C1B
DC05081F55FE520A03190F660004E31C
1BDD05081F55165311031B0F670004DF
1C1BDE050820551F5315031C0F6A0004
DB1C1BDE050820550B53F9022A0F6A00
04DB1C1BE1050820552D530003300F6B
0004DF1C1BE5050821555353FE02320F
6B0004DB1C1BF105082255A153FD0233
0F690004DF1C1BF9050823550354FE02
240F730004CD1C1BFF050822555A54FA
02CC0F800004B51C1B03060821553554
FC02D60F850004B51C1B0206082055E4
53FE02CF0F830004C11C1B0306082255
9053FD02CF0F800004C61C1B03060822
55815311038F0F7D0004C61C1B030608
21555D530D03930F7C0004C11C1B0706
0822558C531A038E0F7F0004C11C1B0B
060823557E530D03930F7E0004C11C1B
0C060824556E5303032D107E0004BD1C
1B0C06082355615304032E10840004B5
1C1B0D060824554653FE022B10890004
B11C1B0E060823555E5304032F108C00
04B51C1B1006082455515308034B0F8B
0004B91C1B1306082355675315034D0F
870004B91C1B1606082255965311034B
0F850004BD1C1B1D0608215575531503
4E0F820004BD1C1B1E0608225559530F
034C0F820004BD1C1B1F060823554753
EB025E0F840004B51C1B20060824554F
53F302580F8A0004B51C1B2106082555
4A53F502600F8A0004B91C1B26060825
556153ED025D0F8B0004B51C1B2A0608
25559F5301034F0F8B0004B51C1B3206
08255508540103530F920004A41C1B38
060824552B54F7024B0F9500049C1C1B
40060823551F540503520F9600049C1C
1B4406082355CB53DD02A90F950004A0
1C1B4B06082255BE53DC02AD0F950004
A11C1B5206082255C853E002AF0F9400
04A81C1B5C060821551754DD02AE0F92
0004A41C1B620608215575540E038F0F
980004981C1B6A06082255AF5411038F
0F9E00048F1C1B750608225506550A03
8E0FA10004871C1B7B06082255B3540F
038F0FA900047F1C1B8406082255F354
0703910FB600046E1C1B8A0608235562
541803600FBF00045D1C1B9206082055
B5541103620FCB0004591C1B9B060820
55ED540F03620FD00004591C1BA50608
2055DA5415035B0FD30004551C1BAB06
082055C2540903B00FDA0004481C1BAC
0608215591540803A90FE200043C1C1B
AB0608215585541703B10FE40004401C
1BAB0608235584540D03AB0FE900043C
1C1BAB060822557F540A03660FEA0004
401C1BB106082355585508035C0FEB00
04401C1BB506082255F3540F035E0FEC
00043D1C1BBE06082155C4540B03600F
EC0004401C1BC606082055F95400038A
0FEC00043C1C1BD106081F55E954FE02
8B0FEC0004401C1BD706081E552255FA
02890FEB0004401C1BDF06081C55C355
FD028D0FED0004371C1BE706081B55CD
55FB02870FF200042F1C1BEC06081C55
52561B030C10EF0004371C1BEC06081A
551F561E030E10F000043C1C1BED0608
1A551A561F030D10ED0004411C1BEF06
081A55BE551E031510E90004401C1BF3
06081A5541561003510FEA0004401C1B
F50608195512561703520FEC00043C1C
1BF806081955DA5512034F0FED000433
1C1BF906081A55DE551603530FF20004
331C1BFC06081A55FB5520037C0FF200
042F1C1BFC06081B55D15521037D0FF7
00042F1C1BFE06081C55A0552903800F
F70004331C1BFE06081C55A755200384
0FF60004311C1B0007081D55F1551303
620FF600042F1C1B0307081D550A560A
03600FF600042F1C1B0607081D55CF54
18035E0FF500042F1C1B0E07081C5567
551B035D0FF500042B1C1B1607081C55
B8550E035E0FFA00042B1C1B2207081E
552B561503CE0FF800042B1C1B300708
1F558C560F03D10FFA00042B1C1B3D07
081E55C6561203CF0FF90004271C1B47
07081D555D570E03CB0FF400043D1C1B
5107081E55D7571B038E0FEC00044C1C
1B5907081D5577571E03910FE500044C
1C1B6007081C55B3572703910FE50004
481C1B6507081C5575571E038D0FE600
044C1C1B6907081B5597571303640FE2
00044C1C1B6907081B5595570B03600F
E60004401C1B6D07081C55AD57110360
0FE80004441C1B7207081C5597570A03
620FE600044C1C1B7507081E55985700
038B0FE500044C1C1B7607081D55C757
00038B0FE50004511C1B7807081F5513
5803038F0FE20004551C1B7A07082055
0B580003890FE20004551C1B7C07081D
550C5800038D0FDF0004551C1B7E0708
1C55AB57FB02400FDE0004591C1B8007
081D553957F902450FDD0004591C1B84
07081C555C57F902470FDD0004591C1B
8807081A55AF570603440FE00004511C
1B8607081B5554570003910FDF000451
1C1B8607081B554657FC02910FDF0004
551C1B8307081C5537570803940FDD00
04551C1B8507081C550A57FD02950FDF
0004551C1B8707081C553357FE02320F
DF0004551C1B8907081B553357040335
0FDD0004551C1B9007081B5534570103
320FDE0004551C1B9107081A5542570B
03300FDF0004551C1B9207081B557257
F2022B0FDD0004591C1B94070819558B
57F2022E0FDC0004591C1B9307081955
9A57EA02310FDD00045D1C1B9207081B
558657EC022E0FDC00045D1C1B920708
1B556557ED02380FDB00045D1C1B9307
081C55425702034B0FD90004651C1B93
07081C5537570103560FD70004611C1B
9207081D551C57FE024F0FD70004651C
1B9307081C55F956FC02560FD6000465
1C1B9907081C554B5714038F0FD50004
651C1B9F07081C5534570E03960FD400
04651C1BA407081C5566571D038D0FD4
0004651C1BAD07081C5512570903930F
D200046A1C1BB307081D552057DE025C
0FD200046E1C1BBA07081C551157E202
5D0FD000046E1C1BBF07081D553157E1
02680FCE0004721C1BC507081B557557
D402690FCD0004721C1BCD07081B55C6
5718035F0FCC00046E1C1BD607081C55
54581303670FCF00046E1C1BDE07081C
5569580703600FD500045D1C1BE50708
1C55B4580F03650FE400043D1C1BEB07
081C55D75808035A0FF90004231C1BF0
07081D552A59F0025E0F0801041A1C1B
FA07081D552259F8025C0F130104161C
1B0108081F553E59E902620F16010416
1C1B0308081D553F59F302580F190104
121C1B0408081D555959DC02650F1D01
04121C1B0608081C556659DB02660F20
01040E1C1B0908081D555959E3025B0F
2101040E1C1B0E08081C553759E50260
0F220104141C1B1608081D556C59EA02
8D0F2001040E1C1B1D08081C557259F7
028C0F210104121C1B2108081E559B59
E902910F2201040E1C1B2308082055A2
59ED028B0F260104011C1B2208081E55
BA5901035F0F2B0104F91B1B2408081D
55145A00035E0F2F0104F91B1B280808
1F55755A0203620F2F0104F91B1B2E08
081E55C15AFE02600F330104F51B1B34
08081D55D25AFE02650F3B0104EC1B1B
3A08081E551F5BED02700F3E0104E41B
1B3E08081F55235BF3026F0F420104E0
1B1B4208081E55E95AEF02650F460104
D71B1B4508082055D75AED02720F4E01
04CB1B1B4A08082155DA5AEC024F0F59
0104B21B1B4E08082155BA5AEE02500F
650104A51B1B5208082255915AEF024F
0F690104A91B1B5508082255AB5AF102
510F6D0104AD1B1B5508082255B85A11
038D0F710104A81B1B5208082155C45A
1803890F720104A11B1B5108082055DD
5A0F038F0F740104A11B1B4E08082155
F05A0B038F0F750104A51B1B51080821
551A5BFD02230F710104A91B1B530808
1F55135B0003200F6E0104B61B1B5908
081F55125BFF02240F660104C21B1B5E
08081F55235BFF02190F5B0104CF1B1B
6108081E553B5B0003210F560104D71B
1B6508081F556A5BFE02180F560104C8
1B1B6B08081F55A35BFC02200F580104
C21B1B7308081E55E15BFB021E0F6001
04B21B1B7B08081D55135CF7021A0F66
0104A11B1B8308081C55745C0B03630F
6F0104941B1B8C08081B55AD5C1D0360
0F780104881B1B9008081955D95C1503
570F800104881B1B9508081955EA5C08
03650F870104841B1B9508081955E35C
F702D40F8801047F1B1B9008081A55E7
5C0403CF0F8C01047F1B1B8F08081855
D85CFD02D10F8E0104801B1B9008081A
551C5DFA02CE0F8C0104841B1B8F0808
1B55265D02035D0F8A0104881B1B9208
081955475D1403600F870104901B1B97
08081B551B5D11035D0F830104901B1B
9C08081B55455D0F03600F830104881B
1B9C08081A55725D1103670F88010484
1B1B9B08081955915D1C03690F860104
841B1B9A08081A55675D1C035C0F8B01
047B1B1B9808081955695D1F03600F8A
0104841B1B9508081A55715D27035E0F
870104881B1B9208081A554A5DEE0272
0F840104901B1B8F08081C55245DE902
6B0F840104901B1B8F08081B55055DF0
026E0F800104941B1B8F08081C55C75C
F3026D0F7F0104941B1B9008081B55F2
5CFE02710F7C0104991B1B9108081B55
DA5C0903750F7801049D1B1B9508081A
55B45C0403650F740104A51B1B990808
1B55EE5CF802730F700104AC1B1B9D08
081C55DC5CFA02800F6E0104A91B1B9B
08081C55C65C1103810F710104A11B1B
9D08081A55D05C1003800F750104941B
1B9D08081A55445D1203800F7A01048C
1B1B9F08081B55385D13037F0F7C0104
8C1B1BA008081A55465D0103470F7F01
048C1B1BA608081C55A45D0603420F81
01048C1B1BAA08081B55D85D0303400F
8401047F1B1BAD08081B55FF5D000339
0F8801047B1B1BAD08081955775E3103
5E0F8C0104781B1BB008081955465E2F
03570F8D01047B1B1BB1080819556B5E
2D035E0F910104771B1BB208081855C6
5E2E03640F910104771B1BB608081855
D25E13038D0F920104731B1BBA080818
55735F1B038E0F940104771B1BC00808
1755265F0D038F0F940104731B1BC408
0817552F5F12038D0F9701046F1B1BC5
08081755615F1103700F9701046B1B1B
C70808175529601203620F9701046C1B
1BC30808165544601303540F9901046B
1B1BC2080816552C610F03670F990104
6B1B1BBF08081655D96016036A0F9801
046B1B1BBD0808155536610203440F99
0104731B1BBE080815556261FD02430F
940104771B1BC0080815556761F90240
0F9001047B1B1BC4080818552261FE02
460F8D01047B1B1BC408081855F26025
03F80F900104771B1BC6080817556F61
1F03FC0F920104701B1BC4080818558D
612303F80F9501046B1B1BC408081955
95611F0300109601046B1B1BC1080819
55B461FC026D0F9601046B1B1BC20808
1A5594610503670F9701046B1B1BC208
0819550B620203720F9401046F1B1BC2
08081955E361FF02670F940104731B1B
C208081A558A61F9026D0F910104731B
1BC108081B5518620D03620F90010473
1B1BC508081A550C621903570F920104
731B1BC808081A55F76013035A0F9101
04701B1BC708081A55E76016035C0F92
01046F1B1BC908081B55DB6124034E0F
910104731B1BC8080819559B611A034C
0F930104731B1BCA0808195572611F03
4D0F900104731B1BCE080819550A621B
03510F910104731B1BD108081855EF61
EA02850F9201046F1B1BD3080817553A
62F302770F910104771B1BD808081755
B261F1027B0F8E0104771B1BDE080816
552E61F102810F8B0104741B1BDF0808
14557961F9027C0F8B0104771B1BE108
081555C161FF02860F8B01047B1B1BDF
080815554B62FA02820F8901047B1B1B
E00808155592620003810F8801047F1B
1BDF080814557D62F6027E0F8801047B
1B1BDF0808135502623703730F870104
7F1B1BE108081355A7612D03690F8701
04841B1BE208081455AA6126036F0F82
0104841B1BE308081455B3613103610F
840104841B1BE10808145509620D035D
0F8101047F1B1BE20808145577620C03
620F8401047F1B1BE3080813556F6211
03600F8601047F1B1BE208081455D761
07035D0F8601047F1B1BE40808155501
6201036C0F8601047B1B1BE808081455
5962F502750F8601047F1B1BEC080815
55A361FF026B0F8601047B1B1BF10808
1655AB61FF026B0F8701047B1B1BF508
0815551562F7026A0F8901047B1B1BF9
08081455D961F3026B0F8701047C1B1B
0109081555DA61F602650F8801047B1B
1B07090817555862ED026D0F8701047B
1B1B0C090819553E62F0026D0F860104
7B1B1B1009081955F7610003650F8701
047F1B1B11090818557762FE026C0F84
01047F1B1B11090819556F62F7026B0F
8501047F1B1B1709081A55B262010369
0F840104841B1B1E090819552763FE02
7E0F8401047B1B1B2309081B552E6304
03830F850104801B1B2909081B558563
0603820F8501047F1B1B2D09081B5568
63F902860F8701047F1B1B3009081C55
6C631A03A20F8501047F1B1B3109081A
5525630A039D0F840104881B1B370908
1855A46315039A0F8101048C1B1B3D09
0819550A640D03A70F800104881B1B45
09081955BB6305039C0F790104941B1B
4E09081855C4640F03980F720104A11B
1B5609081655D56411039F0F6C0104A8
1B1B5C0908145540651503A00F650104
B61B1B6209081455EE650D039C0F5E01
04BA1B1B6809081355B2640703810F5D
0104B61B1B6D09081255626414037F0F
640104A51B1B76090811554B6511037C
0F690104991B1B7F0908135595641403
7A0F6E0104991B1B8309081355C164FF
02B40F720104941B1B8709081155F164
FE02AB0F7601048C1B1B8C090811555C
650503A80F790104901B1B9209081355
3563FB02B10F790104941B1B96090814
5510662003FA0F790104941B1B960908
1455A3662003FE0F770104991B1B9709
081455B86626030610730104A11B1B97
090814551567220300106D0104AD1B1B
99090815559F6713034C106C0104A91B
1B98090815558968220353106A0104A1
1B1B98090815556D681E034B10690104
A51B1B9609081455726816034B106801
04B21B1B970908145507681F034D1066
0104B41B1B9809081555776815032C10
640104B21B1B96090815554A6816032B
10640104A91B1B9709081355F3681503
2710640104A91B1B9809081255226915
032910640104A91B1B9609081455D968
FD023010660104A91B1B9309081555A5
6804032510670104A91B1B8B09081555
416804032710660104A91B1B84090815
55216801032710640104B21B1B7E0908
16556F67FE020410600104C01B1B7F09
08165547670403FA0F570104CF1B1B7D
0908165509670303FE0F500104D31B1B
7B09081655EE66010302104E0104CB1B
1B76090816557C671003A70F500104C2
1B1B750908185592670A03AB0F510104
BE1B1B7509081855E4670A03B00F5401
04B61B1B740908185577671203B00F5A
0104B21B1B730908185544670E03AB0F
580104B61B1B7609081855A5671303D6
0F580104C41B1B7B090819553C671903
CD0F560104CB1B1B7E09081A55066712
03CA0F530104C21B1B82090819555267
0A03CE0F510104C71B1B8309081855BD
6720031D104F0104CF1B1B8709081655
0F6820031C104A0104CF1B1B87090815
551D68230317104A0104CF1B1B870908
1455CA672B031F104A0104CF1B1B8609
08145530681C030010490104CF1B1B88
09081555A9672203F90F4A0104CB1B1B
8C09081555BC671E03FF0F530104C01B
1B8B09081555CB672203FE0F570104B6
1B1B8E090815551068F30212105F0104
AD1B1B8E090817553268EF020F106501
04A11B1B90090817551868EE020B106E
01049D1B1B91090819554267F1020810
730104991B1B94090819558867F2020D
10770104901B1B95090818556367F502
E90F7D0104881B1B9609081755746701
03EF0F810104841B1B97090816558067
0403E90F8401048C1B1B950908155532
67F902EC0F830104901B1B9509081755
CB6715031310810104941B1B90090817
55F26708030F107C01049D1B1B880908
17555167130309107A01049D1B1B8009
08175521670B030E10790104991B1B78
09081655ED66EF027F107A01048C1B1B
73090815555A67F1027D107B0104841B
1B6F09081455C267F5027B1081010488
1B1B66090814553068ED028110800104
881B1B5F090812551068FB02810F8201
04841B1B5D09081255F7670403820F82
01047F1B1B5D09081155E367FD027A0F
8501047B1B1B5E09081155ED67020380
0F8A0104771B1B61090811557068F502
7E0F8B0104771B1B6009081055BD6833
037C0F900104731B1B5E090810552D69
2B03810F9301046B1B1B5E090811556F
692E037D0F9601046B1B1B5A09081055
8F6932037E0F9701046B1B1B5B09080F
55216A02034C0F990104681B1B580908
10553F6BFF024B0F9C0104661B1B5909
0811556F6B02034C0F9E01045E1B1B59
09081255CA6AFE02510F9E01045E1B1B
5509081455DE6AFC02600F9E0104661B
1B5309081455216BFB025B0F9D010466
1B1B5309081555076BFE025D0F9C0104
661B1B5209081655BE6AFC02670F9B01
04661B1B5009081855556AFB027D0F9A
01046B1B1B4709081755EA6AFA027E0F
9801046C1B1B3D09081655146B02037A
0F9801046B1B1B3209081655756AFF02
800F9601046B1B1B2909081855526BFB
02820F9401046F1B1B2209081955E56A
09035A0F920104731B1B18090818558F
6A08035C0F8E0104731B1B1109081855
C86A1103600F8D0104731B1B0B090818
559F6A0B03600F8C01046F1B1B070908
1655B66A1E035F0F8D01046F1B1B0509
0816553F6B21035C0F900104681B1B02
090814559A6A2703690F960104561B1B
FC08081155086B1E035B0F9B0104521B
1BF108081155BB6B1303B10FA001044D
1B1BE608081155F46A1503AA0FA50104
491B1BE008081155E16A0E03AD0FA401
044D1B1BDF08080F556E6A1203AF0FA5
0104521B1BDF08081155006A2F037F0F
A60104561B1BE008081155D6692F0380
0FA50104491B1BE208081155D9693803
7B0FA70104521B1BE008080F55176A2D
03850FA101045B1B1BD908080F55D169
28037A0F9A0104661B1BD508080F55C9
6915037A0F9801045E1B1BCF08081055
636A19037C0F9601045E1B1BC5080811
552B6A0A037E0F960104561B1BBF0808
1255856A0E03790F9901044D1B1BB408
081155976AFA02210F9C0104521B1BA9
080812554F6A03031E0F9801045A1B1B
A008081455DB6A00031D0F9301046B1B
1B9A08081455376B0403180F8B010478
1B1B9508081355F06A0303910F850104
7F1B1B97080812554D6A02038B0F8201
04841B1B9A08081355726AFE02910F79
01048C1B1B99080813551A6AFB02900F
700104901B1B9708081355F36A000347
0F6E0104941B1B92080814550E6CFD02
440F650104A11B1B8E080813555369FE
024D0F610104A51B1B8A080813555568
FE02530F5F01049D1B1B8608081255FF
67FC02470F5E0104A01B1B8308081455
E3672003640F6101049D1B1B82080813
55BA672403620F5E0104A11B1B7B0808
1255CB671B03620F5A0104A51B1B7108
0811552E6821035A0F5A0104A91B1B6C
08080F55AB67FF02A50F550104AD1B1B
6508080F550E68F902A20F540104AD1B
1B6108080F55D8670C03A00F4F0104B2
1B1B5B08081055F167FD029C0F4C0104
B61B1B5408080F555268FC02250F4901
04BE1B1B4F08080D55BD68FE021C0F42
0104C41B1B4508080C550E69FB021B0F
410104C71B1B3D08080B554A68FC0223
0F3E0104CB1B1B3308080A550768F502
230F370104D31B1B2D08080B554B67FE
02240F320104E41B1B2508080B552967
FB021F0F290104EC1B1B2408080B551D
67FC02200F220104EC1B1B2108080A55
FE66FC02200F1E0104F51B1B1D080809
55BD66F8024D0F180104FD1B1B170808
0955DE66F9024F0F130104001C1B1208
0809556966FC02530F0E0104091C1B09
08080955CD65FE02510F0B0104051C1B
0308080955CF650003380F090104091C
1BFB070808556E6502033E0F08010409
1C1BF5070807554E650103420F050104
091C1BEC07080555886501033E0F0301
040E1C1BE407080755A86526033C0F04
0104091C1BDE070806552F652F03470F
050104091C1BD9070808554A6537033B
0F0301040C1C1BD50708085549652B03
420F050104091C1BD107080955AF65F9
02310F0401040E1C1BD1070807556665
0103330F060104091C1BCF070807552B
65FD02300F060104051C1BC807080755
A4640003300F030104051C1BBF070808
557C64FC02310F060104051C1BBB0708
0A5546642403E70F050104091C1BB807
08095555641A03EB0F060104091C1BB1
07080B55F7631D03E50F080104081C1B
A907080B55E8632003E80F050104051C
1BA307080C552B640F03530F04010405
1C1B9907080C55B0631203520F060104
051C1B9207080D5582631203470F0601
04051C1B8907080C5531630C034F0F07
0104011C1B8507080D55C35F00038A0F
070104011C1B8207080D55725FFC028D
0F050104011C1B7E07080E55F75EFD02
8A0F070104051C1B7707080D55475FFB
028C0F070104001C1B6D07080E55DC5E
0D03800F080104011C1B6C07080D5582
5E13037D0F080104011C1B6807080D55
6C5E1303800F070104011C1B6207080C
55785E0D037C0F070104011C1B5B0708
0B550D5F11036B0F050104FD1B1B5807
080B55405F0203550F070104011C1B54
07080A553D5FFB02630F070104011C1B
5207080C55475FFF02610F050104011C
1B5107080C55C65E0203620F08010404
1C1B5007080E55095DED02530F050104
FD1B1B4E07080E556D5CF402440F0B01
04F91B1B4907080F55C65BED02530F0E
0104F91B1B4107080F55635BF0024F0F
100104F01B1B3B07080D55A75B11036F
0F110104F01B1B3607080D55885B0F03
6B0F110104F51B1B3307080E55965B0E
036B0F0E0104F91B1B2F07080D55DF5B
17036E0F0E0104F91B1B2E07080D5597
5B11036A0F0C0104F81B1B2707080F55
995B06036E0F0F0104F01B1B2007080E
557B5B0C036B0F130104E41B1B190708
0F55735B1103650F150104E81B1B1107
081055415B0603680F180104E41B1B0A
07081055615B0A03620F190104EC1B1B
0307080F558C5B1403710F170104EC1B
1BFF06080D55725B12036A0F180104E8
1B1BFB06080B55225B10036A0F170104
E81B1BF506080B55EB5A0D036F0F1801
04E41B1BF206080B55E75A0D036F0F1A
0104E41B1BEE06080A559E5A0A03700F
1C0104E41B1BEC06080B55785A0C0372
0F1B0104E41B1BE806080B55315AF802
9C0F1D0104E01B1BE406080A55385AF9
029E0F1F0104DB1B1BDB06080C55355A
02039C0F220104D71B1BD506080C55F1
5903039A0F240104D71B1BCE06080A55
E4590A037C0F230104D71B1BC606080B
55DD59FC027B0F230104D71B1BC00608
0A55A9590003800F230104DC1B1BBF06
080B556659FF027B0F210104DB1B1BBB
06080A55D458FC02800F210104DB1B1B
B706080B55DF580603630F220104D71B
1BB206080C55A8581103620F210104D3
1B1BAB06080C557A580C03600F240104
CF1B1BA806080C55095811035E0F2601
04D31B1BA506080C55B1572203470F27
0104D71B1BA206080D558B572203410F
280104D71B1BA106080D5550571B033D
0F260104D41B1B9D06080C5556571F03
440F270104CF1B1B9706080C553E5723
034710280104CF1B1B9306080B555C57
21032F10250104D31B1B8D06080B553F
571E033C10240104CF1B1B8606080C55
1D5720033A10250104D31B1B7E06080C
557756F3024D0F250104D31B1B790608
0B556D56EF024B0F220104D31B1B7306
080B553D56EA024F0F250104D31B1B6C
06080C551256F1024B0F250104CC1B1B
6406080A555056F302580F250104CB1B
1B5E06080B551D560103EB0F240104CB
1B1B5A06080D55FE550203F00F250104
CB1B1B5506080C559D550203EB0F2701
04CB1B1B5306080C559D550003E50F27
0104CB1B1B5206080C551455E102A20F
270104CB1B1B4A06080C553F55E1029B
0F290104C71B1B4106080A55DD54E102
9A0F290104CB1B1B3B06080A55DB54DE
02A60F290104CB1B1B3306080A55DD54
2203D00F280104CC1B1B2C06080A55A8
541E03CD0F280104CB1B1B2506080B55
B5541F03CE0F270104CB1B1B2206080A
5599541F03D40F250104CB1B1B1F0608
0C555054EE02D40F230104CF1B1B1606
080B554554F502CF0F220104CF1B1B0F
06080A55D153F002CC0F220104CF1B1B
0806080B559F53EE02C70F220104CF1B
1B0006080B55C253EF02D40F1F0104D3
1B1BFC05080B5512530803600F1E0104
D01B1BF805080A55EF520503650F1C01
04D71B1BF205080855E052FE025E0F1A
0104E01B1BEC05080955A8520203650F
110104E81B1BE505080955D452F7026A
0F0F0104EC1B1BDE05080B55B452FD02
690F090104F01B1BD705080B558B5206
036D0F030104F91B1BCF05080A557552
02036F0FFE0004011C1BC705080B550C
5206032B0FF60004051C1BC105080955
BB5106032D0FF20004081C1BBA05080A
55C25104032F0FEE0004091C1BB60508
08554D510103300FEC0004121C1BB205
0806556051FA02620FE600041A1C1BAF
050808553551FF02600FE10004231C1B
A805080A5519510203600FDA0004231C
1BA105080B55BF500503630FD8000423
1C1B9B05080B55B2500103670FD30004
271C1B9405080D55AC50CC02770FD200
042F1C1B8E05080E555450CE02800FCF
00042D1C1B8805080E554550C9027A0F
CB0004331C1B8205080E554750CC0278
0FC60004401C1B7E05080D5549501903
440FC40004401C1B7605080E5528501E
033A0FC30004401C1B7005080D554950
1E03400FC00004441C1B6B05080D5529
5026033E0FBC0004441C1B6505080E55
2A50F3027D0FBB0004441C1B6105080B
55FE4FEA027A0FB80004481C1B590508
0C550C50EF027A0FB60004491C1B5105
080D55DC4FE9027F0FB600044C1C1B49
05080C55D34FF702790FB30004511C1B
4005080955CF4FF002850FB20004511C
1B3905080A55D64FEE02800FAD000459
1C1B3405080955C24FF502780FA70004
611C1B32050807553A50F3027B0FA200
04651C1B2F050807552650FA022F0F9B
0004721C1B270508075506500203310F
930004831C1B1F05080955295000032F
0F8800048D1C1B16050809552E500003
2C0F7F0004981C1B0E050808553250E1
02770F730004AD1C1B0A05080A551850
E002780F660004BD1C1B0505080955E8
4FDE02760F580004CA1C1BFE04080855
E34FE202790F490004E71C1BF6040808
55DE4F0F032B0F370004FC1C1BEE0408
0855AB4F1103270F2600040D1D1BE704
080955974F1203300F1D00040D1D1BE4
04080955744F11032D0F1000041A1D1B
E004080A55484F0003400F0500042A1D
1BD8040808554F4FFE023E0FF8FF033B
1D1BCC04080955654FFC02420FEDFF03
431D1BC704080B55944F0203400FE5FF
03431D1BC004080B556F4FFF023C0FE2
FF03501D1BB904080C55624FA402CC0F
DCFF03541D1BB104080C55D44FB002CE
0FD3FF035C1D1BAD04080B55CB4FB002
CE0FCFFF03601D1BA804080C55E04FA8
02CB0FC8FF036A1D1BA804080B55E24F
F2022A0FC2FF036D1D1BA20408095518
50F002360FBDFF03711D1B9C04080A55
FF4FEB02310FBBFF03791D1B9604080A
55F24FF2022D0FB9FF03791D1B8D0408
0C55F74FE0027F0FB5FF037E1D1B8504
080B551350E0027D0FB1FF03861D1B81
04080B551250DD02810FADFF03861D1B
7C04080B552350D5027A0FADFF038A1D
1B7104080D5533501003AD0FABFF038A
1D1B6904080B554B501503AB0FAAFF03
8A1D1B5E04080B554D500B03AE0FA5FF
038E1D1B560408085533500E03AB0FA2
FF039B1D1B51040807554F500D03AB0F
9AFF03AC1D1B4C040806551550F00266
0F89FF03C51D1B45040806555550EA02
6A0F7DFF03DE1D1B3B04080555B84FF1
02710F73FF03E21D1B3304080455B54F
F1026F0F6BFF03E71D1B2804080555B9
4F0B03780F3EFF03961E1B1F04080655
DD4F1003800F9CFE0349201B19040805
5511501303780FC8FD03B5211B150408
04553E500E03820F87FC03E7231B1304
0803551850DF0FD212ADFA0357271B13
040802555A50DC0FCC1294F8033E2A1B
11040802554D50DB0FD312FDF603302B
1B11040802553250E40FD7121BF603B3
2A1B11040801551F50A103570D67F503
292B1B11040801550250A4034C0DA5F4
038E2C1B140408035579509A034A0DC1
F303002E1B1704080255BA50A5034F0D
E4F2031E2F1B1A04080355A5509B0354
0D01F20329301B1C04080355A5505B02
D21039F103D3301B1E04080355E5505B
02DC10A3F00351311B2004080455D050
5C02DB103CF003B2311B2204080355E1
506202D310F7EF03DC311B2404080255
CC50A0021F0FA4EF0367321B25040803
5505519802190F3AEF0339331B250408
02552A519C021C0FD6EE03A7331B2604
0804551C5195021E0F95EE039E331B24
040805550E51BD02410F71EE03A2331B
26040805553D51C4023C0F5DEE03B333
1B2504080555A350BA02410F67EE0392
331B2404080755B950C4023F0F8BEE03
68331B25040806559F50C802340FA9EE
035B331B2604080555C550CF02320FB8
EE0357331B2504080455D050D8022D0F
BFEE038F331B2904080255CB50D10238
0FCDEE038D331B2704080155DD50D302
310FDEEE0374331B2504080055EE5060
02CD0EE5EE0381331B280408FF54E350
6402D50EE2EE0396331B270408FF54E0
505F02CD0EDEEE03B7331B270408FF54
30515F02CD0EDBEE03CD331B28040800
5537512D030B0FD0EE03EA331B270408
00556A512D03140FC9EE03F7331B2404
08FF54725132030D0FC9EE03E2331B20
0408FD54905134030E0FD2EE03D3331B
150408FC54B751F002720FDCEE03C833
1B090408FB541C52EE02690FEDEE0392
331B000408F9546A51E8026D0FFFEE03
9A331BFA0308F8545252F3026C0F16EF
03A7331BF30308FA5486520B06DA472D
EF0387331BEC0308FA5411520906D847
4CEF035B331BE50308FB54D9510906D9
476AEF03FA321BDE0308FD549C750906
DC478FEF03F6321BDD0308FF54D9710A
06DA47B4EF0307171BDD03080055CA6B
4F0B6C04E6EF03856415DE0308FF54BE
674E0B6E0437F00311C60DDE03080055
4E65550B720474F0032F100EDE030800
5563634B0B72049AF003B32E0EDF0308
0155D7612B07BF02ADF003E3C20DDE03
08FF548E602A07C002BCF003959A0DDD
03080155895F3507BF02D5F003142A0E
DF03080255C85E2A07C002EDF003C76A
0DDE03080155905D9D02C50300F1031E
A90DDF03080355485D9C02BF030DF103
6F9A0DDF03080355C45CA102BC0320F1
030AAB0DDD03080155F65BA702C30337
F1035AA30DDD030802552C5BA202C403
4DF103B49B0DDF030801556D5A9D02BD
035CF103009C0DDE03080055FE59A302
C30370F1037DC90DDC0308FF549D59AA
02C10381F103CBF70DDE0308FE547B59
A402C5038EF1031D540EDE0308FE54E9
59A102C5039EF1034E1D0EDF0308FC54
D7589A02C003</Data>

   <DataCRC>adf02250</DataCRC>

   <BytesSent>21862</BytesSent>

</SBEDataUpload>
</InstrumentRawData>
</SBEDataUploadFile>
