<?xml version="1.0"?>
<!-- SCPlusV2_RS232 -->
<SBEDataUploadFile>
<ApplicationData>
<Seaterm232>
<SoftwareVersion>2.6.3.104</SoftwareVersion>
<BuildDate>30-Jun-2017</BuildDate>
</Seaterm232>
</ApplicationData>
<InstrumentState>
<HardwareData DeviceType='SBE19plus' SerialNumber='01906740'>

   <Manufacturer>Sea-Bird Electronics, Inc.</Manufacturer>

   <FirmwareVersion>2.2d</FirmwareVersion>

   <FirmwareDate>9 February 2011 08:30</FirmwareDate>

   <CommandSetVersion>1.1</CommandSetVersion>

   <PCBAssembly PCBSerialNum='25307' AssemblyNum='41054G'/>

   <PCBAssembly PCBSerialNum='25737' AssemblyNum='41580B'/>

   <PCBAssembly PCBSerialNum='24669' AssemblyNum='41606'/>

   <PCBAssembly PCBSerialNum='24372' AssemblyNum='41059D'/>

   <MfgDate>  08 DEC 2010</MfgDate>

   <InternalSensors>

      <Sensor id='Main Temperature'>

         <type>temperature0</type>

         <SerialNumber>01906740</SerialNumber>

      </Sensor>

      <Sensor id='Main Conductivity'>

         <type>conductivity-0</type>

         <SerialNumber>01906740</SerialNumber>

      </Sensor>

      <Sensor id='Main Pressure'>

         <type>strain-0</type>

         <SerialNumber>3220369</SerialNumber>

      </Sensor>

   </InternalSensors>

   <ExternalSensors>

      <Sensor id='volt 0'>

         <type>SBE 43 OXY</type>

         <SerialNumber>432005</SerialNumber>

      </Sensor>

      <Sensor id='volt 1'>

         <type>not assigned</type>

         <SerialNumber>not assigned</SerialNumber>

      </Sensor>

      <Sensor id='volt 2'>

         <type>ECO-FLNTURT CHL</type>

         <SerialNumber>FLNTURTD-2025</SerialNumber>

      </Sensor>

      <Sensor id='volt 3'>

         <type>ECO-FLNTURT TURB</type>

         <SerialNumber>FLNTURTD-2025</SerialNumber>

      </Sensor>

      <Sensor id='volt 4'>

         <type>not assigned</type>

         <SerialNumber>not assigned</SerialNumber>

      </Sensor>

      <Sensor id='volt 5'>

         <type>not assigned</type>

         <SerialNumber>not assigned</SerialNumber>

      </Sensor>

   </ExternalSensors>

</HardwareData>
<StatusData DeviceType='SBE19plus' SerialNumber='01906740'>

   <DateTime>2018-11-26T19:37:10</DateTime>

   <LoggingState>not logging</LoggingState>

   <EventSummary numEvents='241'/>

   <Power>

      <vMain>12.4</vMain>

      <vLith>5.3</vLith>

      <iMain>61.4</iMain>

      <iPump>156.8</iPump>

      <iExt01> 4.2</iExt01>

      <iExt2345>18.2</iExt2345>

   </Power>

   <MemorySummary>

      <Bytes>1110270</Bytes>

      <Samples>65310</Samples>

      <SamplesFree>3805169</SamplesFree>

      <SampleLength>17</SampleLength>

      <Profiles>71</Profiles>

   </MemorySummary>

</StatusData>
<ConfigurationData DeviceType='SBE19plus' SerialNumber='01906740'>

   <ProfileMode>

      <ScansToAverage>1</ScansToAverage>

      <MinimumCondFreq>3226</MinimumCondFreq>

      <PumpDelay>60</PumpDelay>

      <AutoRun>no</AutoRun>

      <IgnoreSwitch>no</IgnoreSwitch>

   </ProfileMode>

   <Battery>

      <Type>alkaline</Type>

      <CutOff>7.5</CutOff>

   </Battery>

   <DataChannels>

      <ExtVolt0>yes</ExtVolt0>

      <ExtVolt1>no</ExtVolt1>

      <ExtVolt2>yes</ExtVolt2>

      <ExtVolt3>yes</ExtVolt3>

      <ExtVolt4>no</ExtVolt4>

      <ExtVolt5>no</ExtVolt5>

      <SBE38>no</SBE38>

      <OPTODE>no</OPTODE>

      <GTD>no</GTD>

   </DataChannels>

   <EchoCharacters>yes</EchoCharacters>

   <OutputExecutedTag>yes</OutputExecutedTag>

   <OutputFormat>raw HEX</OutputFormat>

</ConfigurationData>
<CalibrationCoefficients DeviceType='SBE19plus' SerialNumber='01906740'>

   <Calibration format='TEMP1' id='Main Temperature'>

      <SerialNum>01906740</SerialNum>

      <CalDate>07-Jan-11 </CalDate>

      <TA0>1.255288e-03</TA0>

      <TA1>2.593288e-04</TA1>

      <TA2>-2.376104e-07</TA2>

      <TA3>1.449298e-07</TA3>

      <TOFFSET>0.000000e+00</TOFFSET>

   </Calibration>

   <Calibration format='WBCOND0' id='Main Conductivity'>

      <SerialNum>01906740</SerialNum>

      <CalDate>07-Jan-11</CalDate>

      <G>-1.033008e+00</G>

      <H>1.393941e-01</H>

      <I>-2.175401e-04</I>

      <J>3.475757e-05</J>

      <CPCOR>-9.570000e-08</CPCOR>

      <CTCOR>3.250000e-06</CTCOR>

      <CSLOPE>1.000000e+00</CSLOPE>

   </Calibration>

   <Calibration format='STRAIN0' id='Main Pressure'>

      <SerialNum>3220369</SerialNum>

      <CalDate>21-Dec-10</CalDate>

      <PA0>8.222195e-01</PA0>

      <PA1>1.566037e-02</PA1>

      <PA2>-6.194425e-10</PA2>

      <PTCA0>5.244452e+05</PTCA0>

      <PTCA1>4.417653e+00</PTCA1>

      <PTCA2>-9.798927e-02</PTCA2>

      <PTCB0>2.510725e+01</PTCB0>

      <PTCB1>-1.150000e-03</PTCB1>

      <PTCB2>0.000000e+00</PTCB2>

      <PTEMPA0>-5.917147e+01</PTEMPA0>

      <PTEMPA1>5.387460e+01</PTEMPA1>

      <PTEMPA2>-2.653169e-01</PTEMPA2>

      <POFFSET>0.000000e+00</POFFSET>

      <PRANGE>5.076000e+03</PRANGE>

   </Calibration>

   <Calibration format='VOLT0' id='Volt 0'>

      <OFFSET>-4.687158e-02</OFFSET>

      <SLOPE>1.247988e+00</SLOPE>

   </Calibration>

   <Calibration format='VOLT0' id='Volt 1'>

      <OFFSET>-4.719579e-02</OFFSET>

      <SLOPE>1.248132e+00</SLOPE>

   </Calibration>

   <Calibration format='VOLT0' id='Volt 2'>

      <OFFSET>-4.684526e-02</OFFSET>

      <SLOPE>1.248324e+00</SLOPE>

   </Calibration>

   <Calibration format='VOLT0' id='Volt 3'>

      <OFFSET>-4.678105e-02</OFFSET>

      <SLOPE>1.247145e+00</SLOPE>

   </Calibration>

   <Calibration format='VOLT0' id='Volt 4'>

      <OFFSET>-4.669684e-02</OFFSET>

      <SLOPE>1.248307e+00</SLOPE>

   </Calibration>

   <Calibration format='VOLT0' id='Volt 5'>

      <OFFSET>-4.709579e-02</OFFSET>

      <SLOPE>1.247697e+00</SLOPE>

   </Calibration>

   <Calibration format='FREQ0' id='external frequency channel'>

      <EXTFREQSF>9.999977e-01</EXTFREQSF>

   </Calibration>

</CalibrationCoefficients>
<EventCounters DeviceType='SBE19plus' SerialNumber='01906740'>

   <EventSummary numEvents='241'/>

   <Event type='ErrorFLASHUncorrectableError' count='241'/>

</EventCounters></InstrumentState>
<Headers>

cast  57 25 Nov 2018 09:26:05 samples 56469 to 57572, avg = 1, stop = mag switch

</Headers><InstrumentRawData>
<SBEDataUpload startAddr='959956'>

   <Type>1</Type>

   <DataFormat>SEACATPLUS0</DataFormat>

   <Bytes>18768</Bytes>

   <Data>
9FF2035E690FE103083954AF5AA402BB
03EAF203A9460EE003083A54BE5AA702
C00355F303806B0DE103083A54C75AA4
02CA03CCF303E95D0DE003083B54C55D
A602C00322F403EB4E0DE803083C54BD
5D02FC0A0557F40345460DEE03083C54
3D5CFEFB1005C1F40344F80CEE03083C
54D65A02FC0E05EDF503A0C10DF40308
3D54E95A00FC1005F0F80352EF0DFB03
083E54F35AA10400FC57FC03ECD21302
04083F54FF5AA004FEFBDFFE03BA7B15
0B04084054C65B9E0403FCC100041BEC
141404084054845B9D04FBFBF701040E
24151A04084154565B1301981FAB0204
7723151C04084254CA5A1101901F1203
04CB0E151A04084354535B0D018B1F51
0304027E151704084454035C0101961F
790304D514171504084554785C020189
1FA00304E978181104084554485CEA04
0E0ECE03044C051B1404084554355CE8
040F0EF70304B9211B1904084654475C
F2040D0E340404571E1B210408465431
5CF404180E8D04043A1E1B2304084654
0E5C7E04B00BE20404401C1B24040847
54305B7A04A10B100504D01A1B230408
4754D55C7C04A90B340504241B1B1F04
084754025F7904AA0B530504D6181B1D
04084754575E8503500E650504D3171B
1D04084754355E86034A0E7C05049D17
1B20040848548C5D7503500E8F0504C8
171B2604084754A65D8C035B0EA40504
91171B2C040847540C5EAD02110ED005
04E5161B2E04084754CA5CB002150E16
06048E161B3004084654B35CA902140E
5D0604EB151B2F04084754F95CB7020B
0E8E06047E151B2A04084654335FB802
0D0EB0060472151B25040847541D6000
030C0EC606043C151B2104084754CD60
FF020D0ED706045D151B2104084854BC
5FF502170EDA060436161B2504084854
D7600403170ED7060443161B2C040848
546960AD02A60ECD060423151B2B0408
4754F560A402A50EC80604CD141B2804
0848541C60AE029B0ECC0604C7141B24
040848542060A6029A0ED60604D8141B
1E04084854C2607703730EE806046B14
1B1904084954E15F73037A0EF5060441
141B16040849544C627A037F0EFB0604
0B141B1804084A54EE606303720EE506
041C141B2104084A54165F4502270EB7
0604AE141B2B04084B54285E3B02260E
9106040A151B3404084B54685D42022E
0E7F060451151B3404084B541F5D3B02
210E84060459151B3004084B54CA5C42
021D0E930604FD141B2B04084B54675C
D202550EA6060491141B2804084B541C
5CCF02470EBB0604E0141B2704084B54
FC5BD602520EC80604DC141B2904084B
54A55BDC02450ECB0604BF141B280408
4C54AC5BE0028D0DCB0604D8141B2504
084B54885BE0029A0DC30604E0141B25
04084B542C5BEB02960DB8060484141B
2B04084C54075BE9029B0DAE0604E414
1B3204084B54905A10034D0EAD060479
161B3604084B54215AFC025B0EAD0604
AB161B3A04084B54385AFE025B0EAF06
0464161B3A04084C541C5A0003480EAE
0604CE151B3804084C541A5AFE024D0E
AB06045D151B3804084C54EA590C0348
0EA30604F9141B3B04084C54C2590203
530E990604F1141B4004084C54ED5904
035B0E8806044C151B4304084B547859
F902500E84060476151B4304084B5414
59C7024F0E7C060493151B4404084C54
EE58CF02470E6E0604B9151B4204084C
54CB58CC024F0E5F060487151B410408
4C54FD58CA02470E5506043C151B4104
084C54A158C102510E4806041F151B42
04084D543E58C6024F0E4206043C151B
4404084C544158C102520E3B06045D15
1B4504084C54E657C6025A0E3706047A
151B4404084C548657A9025A0E340604
AC151B4504084C544057A602550E2E06
04BD151B4404084C54F756AA024B0E2E
0604C5151B4304084D541957B602500E
2A06048F151B4104084D546457C00249
0E24060433151B4104084D540557C402
4B0E1E060427151B4704084D548756C7
02370E1C06045D151B4A04084D54D256
BD023C0E200604AC151B4B04084D54B2
56C702400E2D06049A161B4804084D54
D356CB029C0E3E06044F161B4604084D
546E56C902AA0E3E0604BD151B460408
4E543B56D502A10E34060471151B4604
084E54D355D1029E0E2906046A151B49
04084D546455DE02820E260604AC151B
4804084D541C55E6028B0E290604B115
1B4604084D542B55E202820E310604C1
151B4904084D540355E602830E2E0604
BD151B4704084D54CB54E002530E2806
047E151B4704084D54C254E002430E24
060448151B4704084D547454E2024D0E
1E060444151B4504084D546A54D6024C
0E1B06045D151B4604084E544A54DD02
6E0E1C06046E151B4804084E547554E2
02780E1E06047A151B4704084E544554
DD027C0E1D060475151B4904084E545A
54EE02760E1B0604A4151B4B04084F54
0C54E402710E1E060496161B4B04084E
545954BE02420E23060495171B490408
4E544154C1023E0E2C0604FD171B4A04
084E54E653C1023C0E2E0604C7171B47
04084F549B53BF02490E3306041C171B
4704084F548F53E902770E3206048E16
1B45040850548B53D3026B0E31060479
161B4604085054B653D402710E2F0604
6C161B4704084F547A53DF027A0E2D06
044F161B4504084F54D153F002430E2B
060422161B4504084E544E53ED02390E
280604C1151B4504084E549753E50247
0E2706045D151B4604084E54D353F302
420E21060440151B4804084E54D753D7
023E0E21060408161B4904084E543554
E2023E0E27060413171B4B04084D547A
53ED023A0E3206049D171B4B04084D54
6853E102340E350604F1171B4B04084D
543153E602470E340604EC171B460408
4D54FC52DB02A00E3406043D171B4704
084D541853D602990E3306044F161B49
04084C54EF52E0028F0E3606041E161B
4B04084C54A153DB028B0E3506048116
1B4E04084C54F152C0025A0E370604FE
161B4B04084C54D452C502630E3F0604
5F171B4B04084D54B752BD02600E4806
0435171B4A04084D54BE52C8025F0E50
060485161B4604084D54B252C0027E0E
4F06040C161B4604084D548D52B70282
0E480604DA151B4504084D548252C402
7E0E3F060411161B4704084D544552C3
02800E3C060485161B4704084D542C52
BE02600E3F0604D5161B4604084C5453
52BC02670E4606043D171B4504084C54
DE51CA02630E4C0604B3161B4404084C
54A651C202630E4E060404161B460408
4C549351C002620E4A0604CA151B4B04
084D547C51C0028D0E400604C5151B4D
04084D545B51DB02910E390604A4151B
5004084D545951D502930E380604B115
1B5304084E544051D602910E380604B9
151B5204084E54E350DA02450E370604
C1151B5004084F54FD50E4024C0E3706
0400161B4F04084E54C150E302460E39
06044B161B5104084E54E350E8024A0E
3F06049E161B5704084E540451E5025C
0E4606041F171B5D04084F543051E402
5B0E51060471161B6304085054C252E4
025C0E530604CC161B6504085054D851
DA025E0E56060481161B6404085054DD
51C102600E59060471161B6404085054
C751C702640E560604D9161B68040850
54CC51BC02610E5B0604D1161B690408
50546352D3025F0E600604EA161B6F04
0850545854BB02630E650604E5161B76
04085054D853DF025A0E6A0604FA161B
7C04084F54E852D302660E6D0604C816
1B8004084E54CA51E502620E6C060481
161B8004084E540951EE025F0E6A0604
CF161B7E04084E54BA50CA02620E6806
0420171B7E04084E548D50D002530E6C
060441171B8004084E544050CA02680E
70060431171B8404084E54FE4FD2025C
0E760604C8161B8A04084E54FC4FD702
480E77060447161B8F04084D540F50DF
02570E6F0604CA151B9604084D54FA4F
EC024E0E64060472151B9B04084E5497
4FE3024D0E5906042F151B9F04084E54
B14FAC02630E4E06040A151BA104084E
54834FB402640E47060412151BA10408
4E547F4FA6025D0E45060425151BA404
084E545C4FB1025E0E46060448151BA4
04084E54574FBA02600E48060493151B
A804084F54174FD6023E0E4E0604CA15
1BAD04084F541E4FD5023F0E5806047E
151BB304084F541E4FD702440E5A0604
1A151BBD04084F542D4FD5023C0E5306
04CB141BC704084F540E4FEA02300E4A
06049D141BCF04084F54244FE6022E0E
46060495141BD204084F543C4FE6022A
0E430604A1141BD1040850543B4FE202
380E480604B2141BCF040851545B4FCB
025F0E4E0604B6141BD3040851547C4F
CB02630E510604BA141BD704085054AD
4FD002620E570604B5141BDB04085154
6E4FD002620E580604B6141BE1040851
54694FD102620E580604AA141BE50408
52540A4FC802660E5906049D141BED04
085154FA4ED5025E0E5C06048C141BEF
04085154E24ED302620E6B060484141B
F304085154D94ED102600E8006048814
1BF304085154ED4EBE02560E90060499
141BF704085154CD4EC6024D0E9A0604
99141BFD04085254054FC0024F0EA106
049D141B03050851543D4FC1024F0EA8
060499141B0805085154414FE102710E
B106048C141B0C05085154174FDE0274
0EB8060481141B0E05085154094FDB02
730EBD06047C141B1005085154E84EDF
026D0EBE060467141B1605085154E64E
EB02550EC3060456141B1B050851543C
4FF102510EC5060431141B2505085154
664FE802520EC5060407141B2C050850
544C4FF1024E0EC10604F6131B330508
5054784FC3024E0EBF0604FF131B3405
085154894FC4024E0EBB06040F141B35
05085154A24FC002510EB3060418141B
3905085154934FBB024B0EAE06042D14
1B3D05085254E34FCF024E0EAB06043D
141B4205085254CF4FFE02530EA80604
3D141B4305085154F94FFB02530EA206
0455141B44050852540E50F702530EA0
06046F141B460508515441500803570E
9F06047C141B48050851543E50D50226
0E9D060480141B4C050851542250D302
250E9C060473141B4F050852542C50CB
02280E9A06046B141B4E050852543C50
D102210E9806046F141B4F0508535438
50E7023E0E9706046F141B5405085354
5A50E8023E0E95060467141B5B050854
545350E402410E8F060431141B640508
54547050DF02470E8A060418141B6C05
0853547050C7024F0E8206040B141B71
050853546A50C2024F0E7D0604FC131B
76050853544950BC024C0E750604F213
1B7D050852545850C302500E6B0604FA
131B83050852546350BD02530E650604
14141B8505085254A150BC02440E5F06
0456141B83050852547650C202460E62
060488141B82050852546E50C0024A0E
68060491141B80050851547650BC0245
0E6D060467141B81050852546F50D502
B10E6F060446141B86050851547450CF
02AE0E6B06042D141B8F050851547650
C702B70E6206040F141B990508505469
50D902AD0E58060414141BA105085054
4050DF02310E53060418141BA2050850
543650E402330E53060435141BA10508
4F542450EA02260E52060446141BA005
0850541350DB023D0E55060446141BA3
05085054F54FE202310E5706043D141B
A9050851540750E602300E5706044114
1BB005085054FE4FDB02330E52060446
141BB8050851541350DE02370E500604
41141BBB050852544950E002300E4D06
0452141BBD050852547D50D5023F0E4B
06044E141BBD050851544A50D3023E0E
4B060441141BBD05085254A350CF0244
0E4A0604D9131BC205085254CC50D502
400E4D0604B4131BC6050852549D50CA
02480E5D06049B131BCA050853546550
D602440E72060470131BCD0508545428
50CE02400E88060443131BCF05085454
2350D702400EA0060426131BD5050853
54C84FE302290EB406040D131BDD0508
54540250E202350EC006040D131BE505
0854542B50DE022D0EC4060422131BEC
050855542250DD02310EBF06042A131B
EE050854543850D8023A0EBD06042A13
1BED050855548B50E602350EB606043F
131BEF05085554BA50E4022E0EAA0604
4F131BF2050854544251E002330EA106
044B131BF7050854544151E202350E9F
060443131BFF05085554B951D302B10E
9C06044F131B06060856541152CF02B2
0E8D060468131B09060857546852CC02
AE0E7C06048A131B0F06085654F152CF
02B40E680604A3131B11060856543B53
C102310E580604B8131B1606085554AF
53C002300E450604C8131B1706085554
8953BD022E0E360604D9131B1F060855
547553C0023A0E260604EE131B210608
54540D54EC02440E17060407141B2606
085554DB54FC02460E07060414141B2A
06085554FE54F302460E08060407141B
2E060856547A55F602450E1A0604D513
1B3606085654B455F202400E1F0604CD
131B3F06085654A655F3023C0E180604
F6131B47060856541B56EC023A0E0006
0425141B4C060856541556EC02410EF7
050428141B4E060856540B56EF02400E
FC0504F6131B4F060856545956E8023C
0EFF0504F6131B4F060855545256E802
3D0EFF050407141B53060857547C56E7
02400EFB05040F141B59060857547C55
F402480EF505041C141B620608575485
55F102730E01060403141B6906085654
C055F502750E220604AB131B6F060858
549A55FA026F0E46060471131B740608
5854A555F202710E5306048E131B7506
085854B255BC02710E4E0604AF131B73
06085854BA55CD02710E5E060482131B
72060857541756C102750E6806047413
1B76060858541C56C2026F0E72060468
131B7F060859546756D3024D0E730604
68131B8A060859543756D002440E4C06
04D5131B92060859545D56D402450E2F
06040F141B98060859549056D5023F0E
360604AF131B9B060859549656D80248
0E45060486131B9D06085954CB56E202
690E5C060468131BA106085854D956E2
02730E7106044F131BA406085754B156
EF02720E8006044B131BAA0608585455
57E4026E0E8806044F131BB306085854
5757E4027B0E9C060426131BBF060858
548457DB02870EB80604DF121BC70608
57546057DE02860ECA0604E4121BCD06
0857542F57DA02840EC9060409131BCE
060857545D57D302480EC406042A131B
CE060857547557CC02410EC506041513
1BCD060857549E57CD023F0EC0060419
131BD3060857549A57D102440EBB0604
26131BDB06085754CE57DC024C0EB806
041D131BE5060858549457D002430EB6
060426131BEB06085754D457D1023C0E
B706040D131BF406085654AB57D8023C
0EC90604E7121BF9060857548A57D102
440EDC0604C2121BFA060857542358EF
02420EDC0604F4121BFA060858542F58
F8023A0ECF060415131BFD060859542E
58F302480EC3060422131B0507085A54
3258F3023D0EBD060428131B12070858
544858E1024F0EB7060426131B1D0708
59542958E202540EB3060422131B2607
0859545C58DF024F0EAA06043F131B2A
070859545958DB02510E8A06046D131B
2B070859543058E402940E2B06045214
1B2B070859541E58E4028F0ECC0504D8
141B31070859545458E302990E840504
0A151B38070858549058D9028D0E5905
040E151B43070858545E58E7025C0E42
050405151B48070859548858E0025C0E
3705040A151B4C07085A545558E1025C
0E2A05041F151B4D070859543A58E102
630E22050425151B4B07085954AC58E2
025A0E1D05042F151B4F07085854B258
E7024E0E1905042B151B540708585494
58DB02540E1805042F151B5D07085754
8D58DD02560E17050433151B64070859
548758E0025C0E18050433151B6C0708
5854B758DB02B10E19050438151B7307
0859546558DE02B50E1805043C151B76
07085A546258DE02AB0E17050440151B
7E07085A549C58DD02B70E1605044415
1B8307085A549058D902630E0F050455
151B8C07085A54D658E3025E0E090504
59151B9007085A541059E402600E0A05
0459151B9707085A54B858DB02640E09
05045D151B9B070858542758DD02430E
0A050459151B9F070858545158E30242
0E09050459151BA2070858547E58D902
3E0E0F050451151BA407085954A358D9
02460E1B050438151BA707085954D958
E102480E24050427151BA907085954D9
58BF02460E2F05041A151BAC07085854
3959C202440E38050412151BB1070858
540B59B302410E4005040A151BB60708
5754EE58BB02400E4A0504F9141BBE07
0857540E59EF02B40E5C0504DC141BC3
070857540859FC02B10E6B0504C5141B
CA070856541D59F702B70E730504C714
1BCF070856545259F002B30E6C0504E8
141BD8070858549359DD02510E5C0504
16151BE4070858541959E002560E4D05
042B151BEC070859547F59E202550E3D
05043C151BF507085A545959E902570E
34050448151BFE070859544C59DA02B4
0E29050455151B07080859544A59D502
AD0E1E05045D151B0B08085954B359D4
02B50E1505046A151B0D080859547959
D302B00E1105045D151B09080859547B
59D702BD0E13050455151B0608085A54
9E59F702960E15050459151B0408085A
548659F502940E14050455151B050808
5A546659F0028B0E13050459151B0808
0859546159ED02920E12050461151B0D
08085A545F59D7024B0E10050465151B
1508085A540859CF02550E0C05046E15
1B1C08085A542B59D102530E0A05046E
151B2708085854F359D002500E0A0504
6A151B3108085854D559DB024A0E0705
046E151B3A08085854CE59E002400E05
050476151B4508085754E859D602410E
FE040483151B5208085954EA59E2023F
0EFA040487151B5C08085954005ADE02
5F0EF8040487151B6308085954FB59CE
02740EF604048A151B6508085954D059
D902710EF1040493151B5E08085954D8
59CC02710EEC04049C151B5E08085954
CE59CC02680EE80404A0151B6208085A
54E259C002690EE50404A0151B690808
5954E259C302630EE50404A0151B7208
085954F759C202600EE10404A0151B7A
080858541A5AC402640EDF0404A4151B
7C080858540D5ADB02620EDE0404A415
1B7F080859549F59DA02590EDE0404A8
151B8308085A548A59E0025E0EDF0404
AC151B8A080859547359E2025A0EDE04
04AA151B9108085A546C59DE02820EDF
0404A8151B9908085B547259E402820E
E404049C151BA2080859546D59E3027A
0EF204047E151BA508085A540B5AE102
860E07050451151BA508085A54275AE4
02820E0F050465151BA508085954625A
CE02640E0E050483151BA70808595437
5AD002610E0B05047E151BAD08085A54
725AD302580E10050476151BB6080859
545F5AD7025A0E1305046E151BBD0808
5954655AD302800E11050476151BC708
085954695AD102870E0D05047E151BCE
080859542D5ACA02830E0905047E151B
D408085A542B5ACF02850E0405048715
1BDE08085A547A5AD4023D0E0705047E
151BE508085A546C5AD602430E090504
7A151BEC08085B54535ACC023F0E1105
0465151BF008085A54575AD202410E24
050438151BF008085A54915AD202850E
430504E0141BF208085B54685ACA0286
0E5F0504CF141BF708085B54915ADA02
800E770504C3141BFB08085A54985ACA
027E0E860504CF141B0009085A54895A
D302840E900504CB141B0509085A5439
5AE3026F0EA40504A6141B0609085A54
745AE102720EB2050488141B0609085C
54545AD9026B0EC0050491141B070908
5C54605AD602740ECE050473141B0B09
085E54AA5A03037F0ED2050488141B14
09085F54EC5A0003830ECC050499141B
2009085E54225B01037A0EC60504A614
1B2B09085E542B5B0703840EC0050491
141B3309085E544F5BD702970ECC0504
4E141B3709085D54645BDD028B0EF005
04FF131B3909085E54575BE002920E4F
060432131B3C09085E54325BDE02930E
AF0604B1121B4009085E541C5BC4029B
0EE90604B5121B4609085E544E5BCA02
970E090704B9121B4B09085E543C5BCC
029E0E210704B4121B4F09085F542F5B
D302A10E2A0704BE121B5509085E54FE
5ACF029C0E270704E3121B5809085E54
375BDD02430E310704B5121B5B09085D
54175BD902460E3A0704A9121B5B0908
5D545F5BDE02450E390704BE121B5E09
085D54915BDA023C0E360704BE121B63
09085C54A35BE102410E340704AD121B
6609085C54695BDB02430E390704A512
1B6C09085C545A5BE102420E44070487
121B7109085C54615BDA02450E560704
62121B7409085D54905BF9029E0E6407
0451121B7809085D54DC5B0A03A20E6F
070451121B7E09085D549F5BF602970E
79070440121B8409085C54EB5B0003A1
0E8D07040F121B8809085D54FD5BEE02
6F0E9E07040A121B8B09085D54D65BF1
026F0EB00704E1111B8B09085D54F35B
F102770EC90704BB111B8A09085D5408
5CF1026B0EE30704A2111B8F09085D54
BB5BED02600EEB0704AA111B9609085F
54565BFA025C0EE90704C3111B9F0908
5E54975B08035F0EE20704D0111BA609
085E549F5B0103600EE00704CC111BAC
09085E54435B0403600EE60704B7111B
B109085E54855BF4026F0EF407049111
1BB709085F547B5BEF02700E05080470
111BBD09085F54A35BF302710E140804
64111BC109085F54725BFB02740E1E08
045B111BCA09085F54B65BFD025D0E29
08044F111BCE09085F546E5B06035C0E
32080443111BD409085F54365B020362
0E3A08043E111BDC09085F541F5BF802
640E3F08043A111BDE09085F54295B17
034A0E44080436111BE109085F54EA5A
0D03510E55080408111BE4090860541A
5B1303570E6B0804DA101BE409086054
FA5A0B03520E7C0804CD101BE709085F
54D95A0E034E0E8B0804C5101BEC0908
5F546B5A0203860E930804CD101BF009
086054825A0603850E900804D6101BF5
09086054555A03037B0E940804C5101B
FC090860544F5A0403890E910804CD10
1B040A085F54175AD702700E830804F7
101B0C0A085D545A5ADF026E0E730804
18111B120A085C54335ADD026F0E6408
041D111B1A0A085C54DC59E0026D0E5F
080413111B240A085D548659E2029F0E
6B0804E6101B2C0A085E549959E202A2
0E8E08048F101B350A085E547259DE02
A40EC1080427101B370A085F549759DF
02A90EF90804CF0F1B360A085E545659
04033E0E340904910F1B3B0A085E54CC
590703420E6409047C0F1B400A085E54
B059FE02420E8309046B0F1B480A085D
54B8590003430E9D0904520F1B4C0A08
5E54A0590003420EAF09043D0F1B520A
085C5471590D03420EBC0904350F1B52
0A085B54A7591403420EC10904350F1B
530A085C546D590F033A0EC209043D0F
1B570A085C5499590D03400EC3090439
0F1B5D0A085D547159FC02430EC70904
310F1B610A085D545F590803440ECB09
04290F1B630A085D548659FD02420ECD
0904260F1B680A085C547859F9023C0E
D00904200F1B740A085C54E859EA0271
0ECF0904240F1B7F0A085B54B459F102
700ED009041C0F1B860A085B549D59F8
02680EC809042D0F1B8E0A085B54CF59
F302770EBD09044A0F1B940A085B54A1
59E4023A0EB209044E0F1B980A085B54
215AD802300E980904840F1B970A085D
54EB59DE02310E730904CB0F1B9C0A08
5D545759E002330E6B09049D0F1BA60A
085D546859DB02320E790904560F1BB2
0A085D544C590303510E7709045F0F1B
BD0A085D5445590603570E540904BA0F
1BC30A085D543A590403510E5309049D
0F1BC80A085E542159FF02580E4D0904
B20F1BCB0A085F5415590E03530E3509
04F90F1BCD0A085F5421591A034B0E21
090401101BD10A08605402591303490E
170904F60F1BD40A085F54EA580B034F
0E190904E40F1BDC0A086154BD580103
5A0E190904E00F1BE30A085F54D058FE
025D0E1E0904E00F1BF00A086054E158
00035E0E330904AE0F1BF90A08605479
58FC02610E7E0904F70E1B000B086054
7258F1024D0EEA0904120E1BFE0A0860
543A58F002540E670A045F0D1BFE0A08
61546E58F5024D0EBF0A04310D1BFD0A
0862544B58E702580EBF0A04010E1B01
0B0863545E58EE02550ED70A04B20D1B
0C0B0862543558F102710EFC0A04560D
1B1A0B086154D657EF02770E0F0B0473
0D1B2B0B086154FE57EE026F0E2F0B04
6F0D1B390B0861541E58F902770EED0B
049D0B1B3F0B085F54C9570403A20E34
0D04F3081B400B085F54A057F702A10E
9F0E04E3061B3D0B085F54D85704039D
0E0010044C051B3E0B085F544B570403
9E0EFF1004DC041B3F0B085F54B1570B
038C0E82110426051B410B086054A657
0D038D0EB5110422051B440B085F54D9
571103960EC211043F051B4C0B085F54
BD571703900ED61104F5041B550B085F
5490571C036D0E401204D3031B5A0B08
5D5403580F036B0EFC120437021B620B
085C542D581103710E911304CF011B62
0B085C542D5813036D0EE11304DC011B
640B085D54EB571403710E141404C701
1B660B085E54F1570503E20E311404C3
011B6A0B085E542958FC02E40E471404
B6011B750B085E544B580503E50E5214
049D011B7F0B085E543F580203E20E57
140480011B8B0B085F541D580E032F0F
63140463011B940B085D54C7571A0338
0F6714045B011B970B085D54A5571303
2F0F5F140480011B970B085D54A05717
03300F401404B6011B930B085C542157
3503F10E201404D8011B900B085B5422
572F03E50E021404EC011B8E0B085C54
14572D03F50EEC1304DC011B960B085C
5413573303ED0EE51304C3011B9E0B08
5C545B570E03020FE41304B2011BA60B
085C5446570F03FF0EE01304B6011BAE
0B085C54FB561303FE0ED51304CB011B
B60B085B5412570C03020F9313046102
1BC30B085B54FB561303FF0E3A1304F2
021BCE0B085A54C2560F03BF0E161304
AF021BDB0B085B5493560D03C00EFB12
04BC021BE30B085A54BA561003BB0ECE
12041B031BE60B085A54E7561103CA0E
9C12046E031BEE0B085B549556100309
0F77120477031BF00B085954A2561103
030F5C12046A031BF50B085B545F5613
03020F47120487031BFB0B085B547856
1803010F281204CA031BFD0B085D5494
56FC02010F091204EF031BFC0B085C54
9D56FD02FE0EF01104FB031BFC0B085D
54D5560003FD0EE31104F3031BFC0B08
5E5401570203020FE31104DA031BFF0B
085E5426571A03BE0EE71104D2031B0A
0C085E542F571E03B40EEC1104C6031B
120C085E5463571A03C00EF91104A403
1B200C085D54E5561A03C60E0E120430
031B2D0C085E54E4561C03BE0E451204
BC021B3A0C085D54F8562403CD0E8912
0482021B3D0C085E54DF561E03D10ED8
12041A021B3C0C085D54F7562403D10E
161304DC011B390C085D54CD561A03D3
0E391304F5011B3A0C085F54A6560B03
B50E531304F0011B3E0C085E54815611
03B30E691304E0011B480C085D549956
0B03B10E711304E4011B510C085D54A0
561A03B00E701304FD011B5A0C085C54
D8560F03E20E5E13041E021B5A0C085B
54E8561A03DE0E2D13048A021B570C08
5B54C8560D03E60ED8120424031B520C
085A54C4561303DE0E8C120477031B51
0C085A5483561C03B60E5C12047B031B
580C085B5446562703B60E4F12044903
1B600C085C54B1561B03AB0E50120428
031B690C085C544C562103B80E3B1204
7B031B750C085D5452561B03B20ECB11
04AE041B7F0C085D541D56EB02D00E57
110444051B850C085D54E855ED02CF0E
341104F5041B8C0C085D543B56F202D5
0E58110431041B8E0C085D545356F102
D00EB7110455031B900C085D5498561E
03EE0E29120482021B910C085D54C856
2403F20E82120443021B920C085C5481
562903F30EBB120448021B930C085D54
D2561903F50EDC120454021B950C085E
54D056EB02EB0EEA120469021B950C08
5F54CB56F202E10EDD12048E021B970C
085F54B256F302E40EB71204E5021B9D
0C085F545356EB02DE0E8A120438031B
A20C085E5416561B03E40E5012048B03
1BAC0C085F540F562003DA0E161204E3
031BB00C08605448561703E60EBD1104
3A041BB70C0860543D562403DF0E4E11
04EC041BBB0C08605416561D03E20ED6
1004A3051BC10C0860544C561703BF0E
891004EA051BCB0C08605405561203C1
0E7610049F051BD70C08605418561203
C30E77100471051BE10C08605419560D
03BC0E7A100471051BEA0C0860541A56
0903B20E7B10046D051BEF0C08605438
561103B50E7510047E051BEE0C085E54
3E560903B00E581004AB051BEB0C085E
541A561703AD0E15100441061BEC0C08
5E54D05501037F0EE00F048C061BF20C
085E54FC550903800ED10F045E061BF8
0C085F5409560203800ED80F0428061B
010D085F540256FC02790EDC0F041C06
1B080D085E543D563303A00EA60F0488
061B0C0D085E54FD552E03AA0E340F04
79071B0E0D085D54CB5533039F0EBF0E
0427081B0F0D085E54E8553303A20E6A
0E0487081B130D085E5405562F03A00E
300E04A8081B1E0D085E5437561803A6
0E140E04AC081B290D085E5429561803
9E0E480E04F9071B340D08605453560D
039A0ECB0E04D7061B3D0D085F545F56
1703A80E630F04EA051B410D08615479
5613039D0EA40F04DD051B470D086254
23561303980E9B0F0488061B4B0D0861
5422561A039F0E820F04EB061B4D0D08
60541A560D03A00E800F04E3061B520D
085F54E75502039B0E920F04A5061B59
0D085F540F56F8029F0EB40F046F061B
620D08605448560203A00EF30F040706
1B680D0861541C56F902A10E4310048A
051B6B0D08605445561303B30E8D1004
26051B650D08615434561703AF0EDA10
04BA041B610D08605441561003B20E1A
110478041B610D085F5442560D03AF0E
47110463041B630D085E5405561503A7
0E5D110470041B6A0D085E545B550803
DF0E6411048D041B730D085E54525510
03DC0E521104BA041B7B0D085F545155
1503DA0E341104F5041B800D085E547C
551303E40E201104FD041B880D085E54
44550F03C20E1B1104CB041B910D0860
5414550C03C90E1C1104C7041B9A0D08
615421551903CA0E1F1104C3041B9D0D
0862543B550D03C10E3711048D041BA8
0D0861545A550303C20E5C11043A041B
B30D08605443550103C00E5911047804
1BBE0D0860544055FE02C20E27110401
051BC40D0860545055FC02BD0ED81004
7E051BC50D085F5454550F03E00E9010
04C8051BC30D085F5462551503DE0E54
10040B061BC00D085F5484550C03E30E
25100430061BC10D0860549E551103DC
0E04100441061BC40D086054AF551403
DB0EF30F044D061BCB0D085F54B85519
03F30EE80F0445061BCE0D085F548E55
1503ED0EDC0F0452061BD20D085E548D
550B03F00ED30F0466061BD20D085F54
A5551003E90ECF0F0462061BD40D085E
54C5551D03D70ECC0F0462061BDB0D08
5D54C3552003D50ECB0F0466061BE80D
085D54BE552203CD0EC90F046A061BF2
0D085D54E5552103D20ECC0F045E061B
F70D085D54EB551903C10ED50F045206
1BFA0D085E54FA551703BC0EE80F0430
061BF90D085D5419561F03C80EFE0F04
07061BFB0D085E5408561A03C40E0D10
04FE051B020E085E5420562403800E1D
1004EA051B0A0E085E5405561E037D0E
361004CD051B130E085C54FA551C0381
0E8F100422051B1C0E085C5403562403
840E37110472031B230E085D5425561E
03800EF611046D021B2C0E085C54E955
1103F40EB71204D3011B320E085C54B4
550E03ED0E331304B6011B370E085C54
C5551403ED0EBB1304EB001B3B0E085C
54EA551803F50E6614048BFF1A3E0E08
5C54CF552F03CB0E051504BBFE1A420E
085D54C6552603C00E8715046CFE1A46
0E085D54E9552503BE0E101604E4FD1A
4C0E085E5483552D03C20EB0160400FD
1A4D0E085C54B6551C03E00E2F170488
FC1A550E085D54B7551B03E00E931704
24FC1A5B0E085E54B2551F03DE0EF217
04C5FB1A620E085F540A562003E20E7C
18041BFB1A680E086054FB5529034A0F
401904C8F91A6B0E086154C7552D0353
0FF31904CBF81A6D0E086254D9553803
580F681A0474F81A710E086154AE552D
03500FB51A044BF81A750E086354A855
3303490FFC1A04F4F71A7B0E086454EE
5524032F0F491B0478F71A7E0E086354
DE5528032B0F8E1B0429F71A860E0862
54B5551E032F0FC21B041DF71A8A0E08
6354C8551F03340FCE1B04F3F61A8D0E
086354B3553903820F871B04CFF71A8C
0E086354C1552B03800F051B04B6F81A
900E086254B9553303810F7B1A0479F9
1A8F0E086454635529037D0F2B1A0471
F91A920E08635456554403C30F181A04
F9F81A920E08645476553A03BC0F261A
04A6F81A910E08625465554103C00F43
1A0447F81A900E086454A7554003C00F
651A042AF81A900E086354B6555003AC
0F7A1A044BF81A920E086354E2555303
AE0F771A0474F81A920E086354C75553
03B10F7C1A045BF81A930E086254C955
5303B40F921A0411F81A930E086054F6
555103B10FB21A04DBF71A920E086054
B2552E03CB0FC61A04DBF71A900E0860
548D553803CF0FD21A04CBF71A900E08
60546E552F03CF0FE21A04AEF71A910E
085F546B553303C90FEC1A04B6F71A90
0E085F548B555703C60FF81A04A1F71A
910E08605459555303C90F0C1B0474F7
1A910E08605496555303C30F261B044A
F71A900E08605473555203BF0F3E1B04
29F71A910E085E547A555103760F541B
04F3F61A910E085F5476554D037C0F73
1B04CAF61A920E085E5488554E03800F
871B04BEF61A920E085D5488554D037B
0F8D1B04C6F61A930E085D541D553303
5E0F8F1B04D6F61A910E085F54ED542F
035B0F8D1B04DFF61A910E085F54BF54
2403630F881B04DFF61A920E086054E1
5432035C0F891B04D2F61A930E086154
FE5436035E0F881B04D1F61A910E0861
54CD5442035D0F831B04DFF61A920E08
6154D2544403620F7B1B04F3F61A920E
0861540A553B03580F6A1B0408F71A93
0E08615438553F035D0F5E1B040CF71A
920E086054EF544E03730F491B0431F7
1A930E086054E0545303690F241B0488
F71A930E086054B65451036D0F061B04
91F71A930E086154D8545803760FF41A
0484F71A930E08615497544903A30FEC
1A0478F71A940E086254CF543A039D0F
E51A047CF71A940E086454BD5433039B
0FC01A04DBF71A940E086354CC544203
A10F9A1A0426F81A950E086154D15424
03B10F791A043AF81A920E086154D854
1303AD0F381A04C7F81A930E08625400
552203AB0F1C1A0491F81A930E086154
FE542303AE0F101A0468F81A940E0861
54D5541B03B10F071A0478F81A930E08
615406553D03840FFB190491F81A940E
086154E8543A03760FF519048DF81A95
0E086154D3544103800FFC19046CF81A
950E086054D4543C037B0F0F1A0436F8
1A950E086054BE543903850F311A04E3
F71A930E086054EF543603820F781A04
4EF71A960E08605403552803820FBD1A
04FCF61A950E085E54E7542E03820FF7
1A04D6F61A970E085D54D6544203CD0F
2C1B04A9F61A960E085D54EB543F03D0
0F5D1B0477F61A940E085D54F5544403
D10F841B0452F61A930E085D54D45445
03CF0FA01B044EF61A930E085E54BD54
4403740FB51B0446F61A940E085D54E2
543D03760FC11B043EF61A920E085E54
F9544203780FC91B043DF61A950E085E
54FE543A03710FBF1B044EF61A930E08
5F5401554003780FA31B0494F61A950E
085F54EE5431035A0F791B04F8F61A93
0E086054FF542B03600F441B0446F71A
8D0E086154575537035C0F211B043EF7
1A840E0862549E552E035C0F071B0442
F71A790E0862549A554D03400FF11A04
53F71A730E086254675554033C0FDB1A
0470F71A6E0E08625476554B03420FBD
1A04A1F71A700E086154D6554E03420F
9E1A04C2F71A760E086054E155450333
0F861A04CFF71A770E0860549A554A03
2D0F7F1A04B2F71A6B0E0861549A5541
03380F831A0495F71A4E0E0860544755
4003320F8A1A0488F71A370E08605448
551103000F8D1A0488F71A2D0E085F54
94551403FE0E891A04A9F71A2B0E085F
5460551903010F671A041DF81A300E08
5D5451551A03FE0E1D1A04BBF81A2D0E
085D5443551503040FC8190426F91A2A
0E085D5421551B03280F72190479F91A
1D0E085C5402551503200F15190406FA
1A060E085B54FA541603270FAD1804A7
FA1AE90D085A54FC540D03220F331804
62FB1AD70D085B54D754EF02150F8117
04C2FC1AD40D085D540055F5020B0F9C
160409FE1AD70D085C54D754F2020D0F
701504D5FF1AD90D085E543155EB0212
0FDC130482021BD90D085E540355EC02
D30E2E1204CB041BD50D085E542A55F3
02D50EC310040B061BC40D085F545E55
EA02D80EA40F04E3061BA90D085E5464
55EB02D30ED90E0470071B980D085C54
4255DA028D0E470E04B7071B930D085D
544055DB02930EDD0D04ED071B980D08
5D547C55E102930E7F0D0459081B990D
085C548355E002960E210D04E6081B99
0D085D542955D9028F0ECA0C045B091B
8C0D085C541C550D03AE0E7C0C04B209
1B720D085D542D550F03B30E3D0C040A
0A1B590D085D54ED540C03AF0E150C04
160A1B480D085D54D9540903AE0E0B0C
04120A1B3E0D085D54CD540D03FD0E1E
0C04CB091B3A0D085F5407551303000F
3E0C04A6091B370D086054D654170303
0F600C047C091B3D0D085E5409551003
030F860C0446091B460D085D541755FE
02F00EB90C04FF081B480D085E541E55
0403ED0EEC0C04C9081B4B0D085E540A
550303F10E160D04C1081B4E0D085F54
DF540103F50E2E0D04C9081B510D085F
5401551703C10E370D04DA081B530D08
5F54F3541503C10E350D040C091B570D
085E5406551303BF0E1D0D0465091B58
0D085E5423551403BF0EF70C04A6091B
530D085E545E551003C20ED10C04D809
1B460D085F5453550103C60EAA0C040E
0A1B2D0D085E540F550103C20E890C04
2F0A1B0F0D085D543255FF02C20E6B0C
04610A1BFB0C085D5451550003C20E5C
0C04610A1BF60C085D5432552103D10E
700C04010A1BFC0C085A545A551F03CF
0ECA0C0429091BFE0C085C5420551D03
CF0E6E0D04D8071B020D085C5440551F
03D50E3A0E0498061B070D085B542855
0203ED0EF20E04DD051B100D085B541F
55FC02EE0E810F0471051B150D085B54
3B550203F40EE80F0444051B170D085B
544555FA02F50E2A10043B051B170D08
5B5452550B03150F5110043B051B130D
085C5453551503110F6A100426051BFF
0C085B546B550F03160F86100409051B
E30C085D5426551103110FA41004DC04
1BC80C085B542B550F03100FC01004AE
041BB30C085B54FC541303020FDD1004
8D041BAA0C085D54C8540903FF0EF910
0463041BA20C085B54C6541103030F1E
110425041BA10C085954AF541103010F
461104DE031BA00C085954B5542203EE
0E78110494031BA80C08575400551A03
F30EA4110466031BB00C0859540C551C
03F00EBB11046A031BBC0C085854FB54
2003F10EC4110483031BC00C085754D1
541103F30EC9110487031BC50C085754
E0540903EE0ED9110466031BC60C0856
54D9541103EE0EED110441031BC20C08
5554FC541603F00E0012041B031BB20C
08545423552903330F0E12040B031B95
0C085554365520032B0F15120413031B
7A0C08545405551F032B0F1512041F03
1B6B0C085454D7542203330F0E120428
031B640C085354CF541C03320F0C1204
24031B5D0C085254DD5424030B0F0E12
0413031B5A0C0854540A551C03150F10
12040F031B5A0C08555411552503110F
0E120417031B5B0C08565434551A0318
0F04120428031B620C0857542C550F03
F20EEF110455031B660C0857542F5519
03F30EC31104B1031B6E0C0857544855
1103EF0E8A11040C041B730C08585414
551303F50E5611044F041B6C0C085854
1E55F902DD0E2E110463041B4F0C0857
5453550103D40E1511046C041B2B0C08
585482550403E00E06110467041B0D0C
08585448550203E00E0111045F041BFA
0B0858543C550903D50EFB10046C041B
F20B085A5473550903CE0EE21004AE04
1BEF0B085A54A0550C03D10EA910044E
051BF10B085B54A8550F03D40E2F1004
73061BF40B0859549E551003CD0E950F
043E071BF80B08585454551003D20EEC
0E04E5071BEF0B08595468551603C90E
5E0E046A081BD80B085A548C550B03D2
0EFB0D04C1081BBA0B085A54D4550F03
CE0EB30D04EF081BA30B085B54A95514
03000F840D0408091B970B085C54A555
0A03090F670D0410091B940B085B548E
551103020F590D04FF081B8E0B085D54
70550E03FE0E5E0D04E2081B8A0B085E
54AD550B03B00E730D04B0081B850B08
5E545D551C03B50E930D0476081B860B
085E546B551503B10EB10D044D081B82
0B085E5487551303B50ECE0D0438081B
6F0B085D54AB550703A10EE70D042B08
1B520B085D54BE550103A40EFD0D0423
081B400B085F54B655FD02A40E0A0E04
2F081B390B085F54A45500039C0E0F0E
0438081B380B085F548F550803A40E13
0E0440081B350B085E54A9551903DB0E
2A0E0402081B2F0B085D54A8550A03E1
0E6D0E045C071B2A0B085C5487551003
E60EC50E04B9061B2D0B0859548D550D
03DC0E0D0F0473061B290B085854C855
FD02F60E440F045E061B180B08595499
550203F20E780F0434061BFC0A085654
8F550303F20EA30F040B061BE00A0855
548C55FC02F30EBC0F040B061BD00A08
555483551103DC0EC60F0403061BCB0A
085654C1550E03E70ECB0F0413061BC4
0A085754DF551103E30ECA0F0417061B
BF0A0855540E561E03DC0ED30F040306
1BBD0A085654FD550F03DA0ED90F04FA
051BBF0A08545412561E03E30EDC0F04
FE051BB80A085554E2551A03E20ED90F
040B061BA40A08555499550903E00ED7
0F040A061B860A085554FF550B03E70E
D40F040B061B6D0A08555403561503E5
0ED30F040B061B620A085654E7550F03
E00ED10F0407061B610A0857540C5614
03E00ED20F0403061B5E0A0857541B56
0B03DA0ECF0F040F061B5E0A08565427
561503DE0ECB0F0417061B5E0A085754
0D561103DD0EC70F0417061B520A0858
54E9551703E40EBD0F042C061B360A08
575408560B03DE0EAC0F0449061B130A
0857540C560C03E20E9F0F0452061BFD
0908565405561203E00E960F045A061B
F109085954F9551303DC0E820F048306
1BEA090859540F560E03DF0E520F04F8
061BE709085A542C561003C60EFD0E04
A6071BE009085954F2551003AB0E8E0E
0466081BDD0908575407560E03B10E38
0E04A4081BD7090859549C551303AF0E
260E042F081BC209085954AE551703B3
0E300E04D4071BAC09085B54A6551303
E40E500E0496071B9C09085A5495550D
03DE0E620E0496071B9409085B547555
0D03E20E610E04C8071B8D09085E5463
550803E00E550E04F9071B8309085F54
8355EA02870E3E0E0423081B7D09085E
548055F2028D0E290E0444081B790908
61546055ED028E0E140E0451081B7809
0860545A55F402990E050E045D081B69
0908605496550D03920EFC0D045D081B
4E09085F54E3551703980EFF0D044408
1B3309085F54D7550C038F0E000E0444
081B1C09086054A0551A03930EED0D04
8F081B1209085E54D0550D038E0EA20D
045B091B0D09085F543756E602890EFA
0C04EA0A1B0909085F54FA55DE02830E
080C04CD0C1B0709085E541F56D70280
0E140B04FA0D1BFF08085E542256E202
850E290A04F70E1BEC08085E54295600
03AB0E610904740F1BCE08085E545456
0503AA0ED10804B20F1BB508085C544D
56FF02B20E750804EC0F1BAE08085D54
8D560203AD0E3C0804E40F1BAC08085D
548E561503A60E180804EC0F1BAA0808
5D543D5616039E0EFA07041A101BA908
085E546A560D039E0EDE070440101BA0
08085D54BE551103A40EC507046E101B
8608085E543756E902E10EB307047210
1B6308085E545456F802E20EA407048B
101B4A08085D545556EE02E60E960704
A4101B3E08085E547E56EF02E00E8507
04DA101B3B08085D545556F302DD0E66
070431111B3A08085D549756DE028F0E
3F070483111B3808085E548756E1028B
0E150704B7111B3308085D543856DD02
960EEC0604E1111B2208085C544C56DA
028A0ED20604E9111B0508085C54A756
B9027C0EBD0604F5111BEC07085E548D
56C1027F0EAF06040A121BE007085D54
AA56BD027E0EA806040E121BDF07085C
547C56C802800EA406041F121BDA0708
5A545656B802900E9C060440121BD507
085A544E56BE02920E8C060451121BCE
07085B543F56BE028B0E81060466121B
BC070857541F56C7028D0E7B06046A12
1BA1070858544F560003B30E76060472
121B87070858549056FE02B10E750604
6E121B7D070859546B560403B30E7606
0477121B7A07085A5470560003AF0E76
060473121B79070859549B560203AE0E
8006045E121B75070859548356D4026E
0E89060459121B7807085A543756CF02
710E8B060466121B73070859542556D1
02770E8D060466121B5D07085854AF55
CE02740E97060449121B3F0708555408
56E0026A0EAD06041F121B2A07085554
3F56DD02680EBC06041B121B1F070856
543256E102750EC806040A121B180708
55545056D5026B0EE30604D8111B1207
0854541456DB02600E050704A2111B12
070853542C56E2025E0E20070491111B
1707085554F355E602660E3A07047D11
1B13070855540D56E2025B0E4C070470
111BFF060853544F56F402860E590704
67111BE1060852544956F302820E6207
0468111BCA060851545256EF027C0E65
070453111BBD060851541D56E802800E
6C07042D111BB506084F54F455EC0275
0E7A070436111BB106084E54E455D702
600E9B0704DE101BB406084D54E155DE
02690EC9070497101BB706084C54B555
E002650EF107046E101BB706084C54C3
55E3025F0E1308044C101BA606084C54
8655EA026E0E3208042F101B8C06084B
54D055E502750E4E080416101B720608
4D542256EF02710E6108040E101B6806
084D54FE55F502730E6F080412101B61
06084E540156D902600E7608040E101B
5C06084C541056DE025E0E860804E80F
1B5806084C54F655E002600EA30804A2
0F1B5406084E54C855E402600EB80804
9D0F1B5606084E549C55D202620EC908
04950F1B5806084D545355CF025C0EDD
0804670F1B5706084D54D554D3025E0E
F90804390F1B4006084E543054D8025F
0E180904070F1B2506084F549F54CB02
600E320904EE0E1B14060851547954CF
02660E410904F30E1B07060852548854
CC02630E4B0904F70E1B00060855548C
54D102630E520904F30E1BFB05085454
7B54CF02630E530904EA0E1BF7050855
546B54C202530E590904E20E1BF80508
5454A854C1024D0E590904E60E1BEC05
0855541E54BB02530E500904FB0E1BD3
050856549D54BD02590E440904140F1B
BE05085754B954CF02600E350904200F
1BB3050858547554CF02610E2609043D
0F1BAD05085654B454D602620E050904
760F1BAE050857548454CF02630ED808
04C70F1BA4050858549354FC02170F9C
08043C101BA005085854C7540F030C0F
5F080493101B9905085754AE5404030B
0F290804B9101B89050857541C550403
130F050804C1101B6C050857542D55FD
02180FED0704B9101B51050856543954
DE024F0EDD0704CD101B4905085554C8
53E202510EC7070404111B4A05085454
B153E402510E99070468111B49050855
543D54DE025B0E580704E9111B480508
54542C54DF025E0E10070451121B4205
0852546454E4025C0ED806046A121B42
050850546354E002600EB2060477121B
4605084F541E54D702620E9C06047212
1B4A05084D542554DC02600E9306046B
121B5605084D54FD53E402620E8E0604
66121B5E05084C541954DE025E0E8706
046E121B6305084D54D653DE02620E89
060472121B6405084D54E953C002680E
8F06045E121B6205084D54DD53C2026B
0E95060455121B5D05084D541A54BE02
680E9B06045E121B5805084E543454B8
02770E9F060455121B5605085054E753
BB02680EA5060451121B5105084F5409
54C402450EAA060449121B5305084F54
FD53C4023E0EAE060451121B4F050850
543054C2023D0EB206044D121B4E0508
5054DB53BE023D0EB5060449121B4E05
0850541154E002410EB606044D121B54
05085254CD53E502400EBA06044F121B
5805085254B253D9023C0EBE06045112
1B60050853541154DD02410EBD060451
121B61050855545754C002690EC10604
45121B56050856548554BD02610EC606
0445121B3B050855549E54BC025E0EC7
060445121B1B05085654E254BD02680E
C406045E121BFF040856549754C40261
0EBE06046E121BF1040858543B54BF02
5B0EA90604A5121BEC040857546E54C5
02600E8006040D131BEE040856542155
C802620E45060486131BEF040856540D
55BD02620E020604D1131BF104085754
4F55D902830EC5050403141BF5040857
54F754E002810E9C05040F141BF70408
57548A54E602800E8005041C141BEF04
0857541355E002820E66050439141BD7
040855546A54E102920E5005044A141B
C0040858544754E502940E4405044E14
1BB1040859542E54E002870E4205043D
141BA5040856547554DD02890E4B0504
24141B9E04085654A954E402830E5C05
0407141B94040857546354E702830E6E
0504F6131B8D04085554DF53DA02840E
7A0504F2131B8704085654F153E80287
0E800504FF131B7C04085454E853D102
760E840504FF131B6F04085454AE53D4
02710E8B0504FA131B6704085354CA53
D2027A0E930504E4131B6204085454D8
53D3026E0E9E0504D5131B5804085354
AB53CB026E0EA90504C0131B54040852
546353C602540EAF0504B8131B4D0408
52540C55D302510EB70504BC131B3F04
085254E255C802530EBC0504C0131B2F
040852548958D102570EBE0504B8131B
1F04084F541D56D9027D0EC10504C413
1B1B040850541456E302860EBE0504D5
131B1C04085154A654E202820EB80504
EE131B1F04085254AF53E402860EAA05
04FF131B230408515428531703680E9F
05040B141B2404085354CE521103610E
8C050428141B2804085254E052130360
0E7B050439141B2B04085454CD520F03
5D0E6F05043D141B2F04085354D352CE
02600E6A050441141B3204085454B653
D3025C0E6A050435141B37040854542E
54D002630E6A050435141B3D04085454
AC54C902630E6A05043D141B3E040855
54EB53D102640E6D050439141B410408
55547A53C902680E72050428141B3F04
085554EE53CF026B0E79050424141B39
04085554BB53D102700E79050435141B
34040856547F53CE026B0E7305044A14
1B32040855549D53D802360E6C05044E
141B3304085554C053DE02320E6D0504
4A141B38040853545F53D902350E6C05
0449141B3D040852544D53D602340E6B
050446141B41040853544753D4021E0E
6605044E141B4004085354B953D00226
0E63050463141B41040853544D53D302
200E59050478141B42040854549253D7
02280E51050480141B46040853546653
D202340E4A050484141B3C040853546D
53D302310E46050488141B2C04085354
F453D102370E44050484141B20040854
547157CE022F0E40050491141B200408
54547D56C802310E4205048C141B2604
085654D354AF02720E42050491141B26
040856547054A9026F0E4405048C141B
28040858549453B1026F0E4905048114
1B24040858540054AB026F0E4F05046F
141B15040858542358A2027A0E560504
63141B0204085A543D5AA602860E5905
0463141BF103085A54F45BA402810E59
05046B141BEB03085854B45AA602860E
5905046F141BE60308595437590EFC20
5A5905046F141BE503085854615800FC
1C5A51050478141BE3030858549A5804
FC1E5A42050488141BE2030857545658
04FC1D5A330504A7CD17E303085654BF
57A10392013F0504342412E303085654
6057A2038F015505040DA70CE3030855
54F7569C0396015B050419CB0DE30308
55548856A0038D015D05043F050EE403
0854548156A3038B015B0504F2A00EE4
03085454CA55A402C0035B050495770E
E2030853549155A202C1035A05049D4B
0FE30308545463559D02C1035C050485
5F0EE30308565473559E02C6035B0504
968610E203085554E9549A02C5036005
0454470EE1030855549E56A302BD0368
050463B90FE303085454FA56A102C203</Data>

   <DataCRC>3a95f72d</DataCRC>

   <BytesSent>18768</BytesSent>

</SBEDataUpload>
</InstrumentRawData>
</SBEDataUploadFile>
