<?xml version="1.0"?>
<!-- SCPlusV2_RS232 -->
<SBEDataUploadFile>
<ApplicationData>
<Seaterm232>
<SoftwareVersion>2.6.3.104</SoftwareVersion>
<BuildDate>30-Jun-2017</BuildDate>
</Seaterm232>
</ApplicationData>
<InstrumentState>
<HardwareData DeviceType='SBE19plus' SerialNumber='01906740'>

   <Manufacturer>Sea-Bird Electronics, Inc.</Manufacturer>

   <FirmwareVersion>2.2d</FirmwareVersion>

   <FirmwareDate>9 February 2011 08:30</FirmwareDate>

   <CommandSetVersion>1.1</CommandSetVersion>

   <PCBAssembly PCBSerialNum='25307' AssemblyNum='41054G'/>

   <PCBAssembly PCBSerialNum='25737' AssemblyNum='41580B'/>

   <PCBAssembly PCBSerialNum='24669' AssemblyNum='41606'/>

   <PCBAssembly PCBSerialNum='24372' AssemblyNum='41059D'/>

   <MfgDate>  08 DEC 2010</MfgDate>

   <InternalSensors>

      <Sensor id='Main Temperature'>

         <type>temperature0</type>

         <SerialNumber>01906740</SerialNumber>

      </Sensor>

      <Sensor id='Main Conductivity'>

         <type>conductivity-0</type>

         <SerialNumber>01906740</SerialNumber>

      </Sensor>

      <Sensor id='Main Pressure'>

         <type>strain-0</type>

         <SerialNumber>3220369</SerialNumber>

      </Sensor>

   </InternalSensors>

   <ExternalSensors>

      <Sensor id='volt 0'>

         <type>SBE 43 OXY</type>

         <SerialNumber>432005</SerialNumber>

      </Sensor>

      <Sensor id='volt 1'>

         <type>not assigned</type>

         <SerialNumber>not assigned</SerialNumber>

      </Sensor>

      <Sensor id='volt 2'>

         <type>ECO-FLNTURT CHL</type>

         <SerialNumber>FLNTURTD-2025</SerialNumber>

      </Sensor>

      <Sensor id='volt 3'>

         <type>ECO-FLNTURT TURB</type>

         <SerialNumber>FLNTURTD-2025</SerialNumber>

      </Sensor>

      <Sensor id='volt 4'>

         <type>not assigned</type>

         <SerialNumber>not assigned</SerialNumber>

      </Sensor>

      <Sensor id='volt 5'>

         <type>not assigned</type>

         <SerialNumber>not assigned</SerialNumber>

      </Sensor>

   </ExternalSensors>

</HardwareData>
<StatusData DeviceType='SBE19plus' SerialNumber='01906740'>

   <DateTime>2018-11-26T19:37:10</DateTime>

   <LoggingState>not logging</LoggingState>

   <EventSummary numEvents='241'/>

   <Power>

      <vMain>12.4</vMain>

      <vLith>5.3</vLith>

      <iMain>61.4</iMain>

      <iPump>156.8</iPump>

      <iExt01> 4.2</iExt01>

      <iExt2345>18.2</iExt2345>

   </Power>

   <MemorySummary>

      <Bytes>1110270</Bytes>

      <Samples>65310</Samples>

      <SamplesFree>3805169</SamplesFree>

      <SampleLength>17</SampleLength>

      <Profiles>71</Profiles>

   </MemorySummary>

</StatusData>
<ConfigurationData DeviceType='SBE19plus' SerialNumber='01906740'>

   <ProfileMode>

      <ScansToAverage>1</ScansToAverage>

      <MinimumCondFreq>3226</MinimumCondFreq>

      <PumpDelay>60</PumpDelay>

      <AutoRun>no</AutoRun>

      <IgnoreSwitch>no</IgnoreSwitch>

   </ProfileMode>

   <Battery>

      <Type>alkaline</Type>

      <CutOff>7.5</CutOff>

   </Battery>

   <DataChannels>

      <ExtVolt0>yes</ExtVolt0>

      <ExtVolt1>no</ExtVolt1>

      <ExtVolt2>yes</ExtVolt2>

      <ExtVolt3>yes</ExtVolt3>

      <ExtVolt4>no</ExtVolt4>

      <ExtVolt5>no</ExtVolt5>

      <SBE38>no</SBE38>

      <OPTODE>no</OPTODE>

      <GTD>no</GTD>

   </DataChannels>

   <EchoCharacters>yes</EchoCharacters>

   <OutputExecutedTag>yes</OutputExecutedTag>

   <OutputFormat>raw HEX</OutputFormat>

</ConfigurationData>
<CalibrationCoefficients DeviceType='SBE19plus' SerialNumber='01906740'>

   <Calibration format='TEMP1' id='Main Temperature'>

      <SerialNum>01906740</SerialNum>

      <CalDate>07-Jan-11 </CalDate>

      <TA0>1.255288e-03</TA0>

      <TA1>2.593288e-04</TA1>

      <TA2>-2.376104e-07</TA2>

      <TA3>1.449298e-07</TA3>

      <TOFFSET>0.000000e+00</TOFFSET>

   </Calibration>

   <Calibration format='WBCOND0' id='Main Conductivity'>

      <SerialNum>01906740</SerialNum>

      <CalDate>07-Jan-11</CalDate>

      <G>-1.033008e+00</G>

      <H>1.393941e-01</H>

      <I>-2.175401e-04</I>

      <J>3.475757e-05</J>

      <CPCOR>-9.570000e-08</CPCOR>

      <CTCOR>3.250000e-06</CTCOR>

      <CSLOPE>1.000000e+00</CSLOPE>

   </Calibration>

   <Calibration format='STRAIN0' id='Main Pressure'>

      <SerialNum>3220369</SerialNum>

      <CalDate>21-Dec-10</CalDate>

      <PA0>8.222195e-01</PA0>

      <PA1>1.566037e-02</PA1>

      <PA2>-6.194425e-10</PA2>

      <PTCA0>5.244452e+05</PTCA0>

      <PTCA1>4.417653e+00</PTCA1>

      <PTCA2>-9.798927e-02</PTCA2>

      <PTCB0>2.510725e+01</PTCB0>

      <PTCB1>-1.150000e-03</PTCB1>

      <PTCB2>0.000000e+00</PTCB2>

      <PTEMPA0>-5.917147e+01</PTEMPA0>

      <PTEMPA1>5.387460e+01</PTEMPA1>

      <PTEMPA2>-2.653169e-01</PTEMPA2>

      <POFFSET>0.000000e+00</POFFSET>

      <PRANGE>5.076000e+03</PRANGE>

   </Calibration>

   <Calibration format='VOLT0' id='Volt 0'>

      <OFFSET>-4.687158e-02</OFFSET>

      <SLOPE>1.247988e+00</SLOPE>

   </Calibration>

   <Calibration format='VOLT0' id='Volt 1'>

      <OFFSET>-4.719579e-02</OFFSET>

      <SLOPE>1.248132e+00</SLOPE>

   </Calibration>

   <Calibration format='VOLT0' id='Volt 2'>

      <OFFSET>-4.684526e-02</OFFSET>

      <SLOPE>1.248324e+00</SLOPE>

   </Calibration>

   <Calibration format='VOLT0' id='Volt 3'>

      <OFFSET>-4.678105e-02</OFFSET>

      <SLOPE>1.247145e+00</SLOPE>

   </Calibration>

   <Calibration format='VOLT0' id='Volt 4'>

      <OFFSET>-4.669684e-02</OFFSET>

      <SLOPE>1.248307e+00</SLOPE>

   </Calibration>

   <Calibration format='VOLT0' id='Volt 5'>

      <OFFSET>-4.709579e-02</OFFSET>

      <SLOPE>1.247697e+00</SLOPE>

   </Calibration>

   <Calibration format='FREQ0' id='external frequency channel'>

      <EXTFREQSF>9.999977e-01</EXTFREQSF>

   </Calibration>

</CalibrationCoefficients>
<EventCounters DeviceType='SBE19plus' SerialNumber='01906740'>

   <EventSummary numEvents='241'/>

   <Event type='ErrorFLASHUncorrectableError' count='241'/>

</EventCounters></InstrumentState>
<Headers>

cast  48 24 Nov 2018 12:26:11 samples 51235 to 52123, avg = 1, stop = mag switch

</Headers><InstrumentRawData>
<SBEDataUpload startAddr='870978'>

   <Type>1</Type>

   <DataFormat>SEACATPLUS0</DataFormat>

   <Bytes>15113</Bytes>

   <Data>
124903396C0FDE0308C6552154DA0528
02664A03E0610FDD0308C6554C54E305
1F02CA4B03CEAE11DC0308C6556154D9
052502F54C035A8C0FDD0308C655E554
DC052902E04D0364470EDE0308C65522
5503FCD106824E0349F210E40308C655
7455FDFBCA06906603222C14E90308C6
55D754F5FBC5069A8C03C5AE14F10308
C655AA54FAFBD0060CA5031A8412FA03
08C655AA545D147C079AB203DBF81101
0408C655C15450147C07C8B90399630F
030408C655E85451148B0785BD0314B0
14050408C555B9545B14720743BF030A
AD15020408C555E154D007FB0B55C003
D9F615040408C655C654D407F30BBAC1
0318BF160A0408C655FC54DF07E60B6B
C3031D92160A0408C755CA54D207F20B
C8C4030660190A0408C755F454D007F7
0BF3C6033BF719080408C755EC54300D
221176C9039B8D18070408C855F1543C
0D2E11A8CB03ECE01B080408C955D754
440D1F1149CE03F4C51B0B0408C955C8
543A0D2B1179D103088A1B100408C955
8A5483006A0646D503DB761B160408C9
5573549100600697D9036C731B1A0408
CA55995486006D0636DD0344731B1E04
08CB55A454910060068BDF039D781B1F
0408CB558D548F00280F10E103EA6B1B
220408CC55935488002C0F4CE203AE61
1B210408CD55655485003B0F3DE3032B
5F1B230408CD55755486002C0FECE303
765C1B250408CD556B54F9FB6D0682E4
032B5E1B280408CE558D54F8FB6906FB
E4038E5C1B280408CE557B5402FC6A06
28E5034E5B1B260408CE558A5401FC6A
0637E503E85A1B2A0408CE55CA54FCFB
6D0644E5033C5E1B2E0408CE55BA543A
06CF0F4BE503AF601B320408CE55CE54
3206C70F5EE5037F631B360408CF55E3
543506D00F96E5035E621B390408D055
F3543E06CE0FDCE503D8591B3D0408CF
553B556304D30EFEE5034B541B410408
CF550B555904D00EFBE50318521B4604
08CF5540555704CE0E32E60375511B49
0408D0553B555704CF0E81E603D4501B
4D0408D0556455A002570FB9E6035B50
1B500408D055855498025B0FCFE603C4
4F1B500408D155F1539D025A0FEEE603
06521B500408D055B35399025C0F05E7
0390501B4F0408D05580533303DE0E25
E70326501B4C0408D0557F533503E30E
3EE703AF4F1B4D0408D15542533303D6
0E4CE703FD4F1B4E0408D05514533403
E20E3FE70341521B4F0408D055B15233
03E30E30E703A9501B4F0408D155B652
D7027E0E22E7034A531B550408D055A5
52CF02840E00E7039A561B570408D055
8C52D302840EF3E60314591B590408D1
558D52CF027B0EF7E603AD591B590408
D0556C52FE01D70D0CE7035D581B5A04
08D05562520002E00D22E703B8561B5D
0408D1555652FB01EC0D24E70347591B
600408D1554D52FE01E40D22E703DB5B
1B5F0408D25553527702FC0E32E70333
611B610408D25548526402FF0E3EE703
705B1B610408D35545526D02FF0E41E7
03F05B1B610408D3552F527002FD0E2C
E703F05B1B620408D35504520B03ED0E
25E7037E5C1B630408D355F0511703EB
0E2DE703AC5B1B600408D355E4510403
EC0E38E703E7591B640408D455BF5115
03EF0E47E7034F5A1B630408D455B151
0F03ED0E46E703FD5A1B660408D455BB
519702BE0E39E703145A1B670408D355
8351A002BD0E37E7034D571B690408D4
558E519E02BC0E42E7033E551B6E0408
D5559551A502C60E44E70309531B7304
08D45560515902F30E27E70303541B79
0408D55536515D02ED0EF8E60386551B
800408D55503515D02EB0EEAE6034D5A
1B840408D4550C515902ED0EC7E603C3
581B850408D355F5500103BC0EC2E603
36591B890408D355CC500203C00ED8E6
03B2591B8C0408D455BC500603C20ED6
E6037E591B920408D555AE50FC02BF0E
D3E60366581B960408D555A250D402A8
0EE8E603F0571B990408D7556350CE02
AE0EFBE603BF581B9E0408D6555A50CF
02AF0EFFE6036F5F1B9E0408D7554150
CC02AB0ED6E6034F5F1B9F0408D7550C
50D102AF0EA8E603BC5E1BA30408D755
0050A802A10E92E6034F5F1BA20408D7
55F74FB1029E0E89E603225E1BA60408
D855FC4FAF02A40E9CE603F7601BA504
08D955DC4FA8029A0E9DE603CC5E1BA5
0408DA55C74FCE02E60E99E603565D1B
A90408DA55B44FD102E00EB0E6033B61
1BAC0408DB55AF4FD202DF0EB0E6031C
6B1BAF0408DC55864FCA02DF0EA7E603
40661BAD0408DD55804FE102150FAAE6
031E611BAF0408DC55724FDC020D0FA6
E6033C5E1BB20408DB555E4FDE020D0F
A7E603A2621BB70408DB55404FDA0213
0F91E6035E601BBC0408DA55394F8E02
8F0E71E603B15A1BC20408DC55224F83
028D0E8FE603F8561BCA0408DB55084F
8E029A0EBCE60306591BD20408DB55E9
4E95028C0EA3E603EA631BD60408DB55
DF4E8F02950E39E603516C1BD90408DB
55C34EC202E50E33E603BC6E1BDA0408
DC55A74EBE02E20E48E603C8711BDD04
08DB55C34EB902DC0E32E40343751BDD
0408DA55984EBC02D80EE3E103AD771B
DE0408DB55934ED502DC0ED3E0032276
1BDF0408DA55684ED702E10E20E0034E
731BE20408DA55494ECA02DE0E36DF03
D0731BE60408DA55554ED102DE0E65DE
03C2701BE90408DB55474EE102000F4E
DE0337731BEF0408DA55414EDC020D0F
0FDE03E2751BF10408DA554C4EE302FC
0EBFDD03E8791BF40408DB55234EE002
010F90DD03F27C1BF80408DB55344ECC
02D40EA6DD03E97E1BF60408DC550B4E
C102D20EEDDD03B77F1BF70408DB5509
4EC202CD0E2CDE033C801BF70408DC55
F14DB902CD0EE4DD03ED801BF80408DD
55EE4DC602D40EA6DC03587E1BF90408
DD55DE4DB402C00EADDB03DC7C1BF904
08DD55C34DB702C10E2FDB038D7B1BFB
0408DD55B44DB102C60E1BDB0347791B
FC0408DC55AD4DB102C60E3EDB030979
1BFC0408DC55914DD902F10E5EDB031E
761BFB0408DC55894DE002F70E96DB03
91721BFB0408DC55654DE102F20EFFDB
031B6C1BFF0408DB555F4DDF02EB0E64
DD0319661B040508DB55424DE402DB0E
35DF03156A1B090508DC554F4DDE02DC
0E18E00306701B0B0508DB552B4DDD02
D80EC3E003E2721B0E0508DA55044DDF
02DD0E5CE10370751B130508D955104D
D902E00ED1E10396761B170508DA55E5
4CE202E50E21E203C2781B1B0508DA55
024DE402E00E5DE203787B1B1E0508D9
55EC4CD802E30E9DE2037D7D1B1E0508
D855024DE002E10EF6E203347E1B1C05
08D855CE4CCC02E70E5BE303857D1B1D
0508D855C64CCF02E00E8AE303437D1B
1D0508D955C14CCD02DA0E83E303197C
1B1C0508DA55834CCC02E00E6AE30338
761B200508D9555F4CC102C90E63E303
D7761B220508D955524CC002D30E6BE3
0381791B270508DA55574CC202DA0E5E
E3033F7D1B270508DA555C4CBD02D40E
56E303667F1B270508DB55294CC002DE
0E5BE30351801B220508DB553F4CBA02
E30E62E3031B7C1B220508DC552C4CC0
02DA0E5AE30347791B220508DD55234C
BA02DE0E4DE3037E771B240508DC55FD
4BB702D20E48E30312741B260508DD55
F04BC002CA0E57E303296C1B2A0508DD
55EC4BC002D70EDFE303F56A1B2C0508
DF55C14BC402D30E8EE403506D1B3105
08DF55C74BC002CD0EF1E403376E1B32
0508E055A74BDA02D50E3EE503336D1B
370508E055A54BE302D10E93E503FA6B
1B3C0508DF55A94BDA02D80E01E60368
6A1B420508E055934BDF02CF0E90E603
B3651B480508E055994BE002EA0E5BE7
03B35F1B500508E055854BDE02F00E3D
E8033E5D1B550508E2557A4BE002EE0E
E4E803055D1B5A0508E155784BDE02F1
0E60E903E75C1B5F0508E055674BCF02
200FC2E903155D1B610508E1554C4BCA
02210F24EA03C95D1B670508E055744B
C902200F75EA033C5F1B6A0508E0555C
4BCC02190F9BEA0306611B6B0508E055
3F4BD1021D0F90EA0391611B6F0508E2
55454BCE021D0F7DEA0368611B730508
E055374BD702270F8FEA03C4611B7505
08E2550F4BD602270FB8EA0344621B77
0508E155394BC2021C0FEAEA03BC621B
790508E055E44A0603600F1CEB036262
1B790508E155F14AFE025C0F56EB03A6
611B7E0508E155EA4A00035E0FA3EB03
D15E1B840508E355E44AFE025A0F21EC
03535B1B880508E355E54ACC02310FCB
EC0325581B8F0508E255E24ACD02360F
71ED03AC551B950508E3559A4AD2022F
0F0AEE0398541B9B0508E555C24ACA02
380F87EE0312541B9E0508E555E64AC2
024A0FECEE03CF541B9C0508E455D14A
C2024C0F30EF0328551B9E0508E555D4
4ABD024E0F49EF0328551B9F0508E655
DF4ABB024F0F62EF0335551BA10508E4
55D14ADB02270F82EF034F551BA30508
E555CD4AD7022F0F8EEF03D2541BA705
08E555D94ADF022D0F6FEF03FF531BAD
0508E655F24AEA022B0F43EF03D7511B
B40508E655D54ADE02280F48EF033351
1BB80508E755E64AD002800F83EF0365
501BBC0508E655AF4ACA027E0FC7EF03
B6501BBF0508E555C44AD102790F05F0
0332501BC20508E655BA4AC9027D0F41
F0036A501BC50508E755B94AD902490F
8DF0037F501BC80508E755A94AD9023E
0FD9F00342511BCA0508E755CF4AE002
410F12F103DB511BCA0508E655CC4AE1
02440F3AF10397511BCD0508E855DB4A
D8022A0F62F103D0501BCF0508E855C7
4AD802300FA1F1031A501BD30508E755
E24AD402310FEEF103684E1BDA0508E8
55DD4ADB02330F38F203984D1BDE0508
E955DF4AD2023C0F76F203154B1BE205
08E855E04AD1023A0FABF203AC491BE9
0508EA55E84AD302470FD1F20353491B
EA0508EC55CA4ACF023F0FE1F2034249
1BEE0508EB55D04AD202470FEAF203B5
451BF20508EE55E94AFF02300F37F303
6E421BF80508EE55D34AFC02310F89F3
0327421BFC0508EE55FA4AFE02310F86
F30363421BFF0508EF55FB4A04032F0F
8DF303D8421B010608EF55D44A1E0351
0FC7F303C3421B050608EF55DD4A1403
530F14F403CC421B0B0608F055D84A0F
03510F67F4030A421B0D0608EF55F14A
0F034F0FADF4033C421B110608F055E6
4AEF02660FE3F403D2411B160608F055
EF4AF002620F07F503EB411B1A0608F1
55F34AE702610F24F5030A421B1D0608
F055E24AF302580F3AF503D2411B2106
08F155004BF1025A0F4CF503C1411B24
0608F155FC4AEC02600F5CF50358411B
2B0608F055114BEF025C0F71F503D140
1B2F0608F055014BF0025F0F8FF503AA
401B320608EF550D4BF502680FB0F503
1F401B330608EF55184BEC024F0FD0F5
03983F1B3A0608EE55264BED02500F03
F603B93E1B410608ED55204BED024F0F
45F603FE3D1B460608EA551C4BEF0252
0F81F603733D1B4B0608EB551E4BED02
6F0FB0F603953D1B4F0608EA55244BEC
026C0FCEF603DD3D1B520608EC55394B
FA02720FDFF6035B3E1B520608EB5529
4BE7026D0FE7F603003F1B520608EB55
364B02037B0FE4F603433F1B560608EB
55454BF802820FE4F603733F1B590608
EB554F4B0503810FEDF603373F1B5F06
08EB55834B0103800FFDF6036A3D1B60
0608EA558D4B03039B0F19F703573B1B
670608EB55974B0303A20F3BF703913A
1B6B0608EC55904B02039E0F53F70388
3A1B6E0608EB558F4BFE029E0F5AF703
AA3A1B720608EB55834B0D03A00F5AF7
03F63A1B740608EA55844BF202A00F58
F7031C3B1B780608EC558B4BE9029E0F
58F703C63A1B7C0608ED55D34BEE02A0
0F63F703C4331B7D0608ED55164CF102
990F7DF703C22F1B7E0608EF55E14BED
02B60F86F703712E1B820608EE55AC4B
ED02B20FCDF703792D1B850608ED55A3
4BED02AF0F42F8038F2C1B890608EC55
944BF102AE0FB7F803FF2B1B8C0608ED
555A4BED026D0F1AF9035B2B1B940608
EE55664BEB026B0F6AF903032B1B9C06
08ED555F4BEA026E0FB2F903D12A1BA0
0608EE55294BEF02670FECF903A32A1B
A50608EE55694B1503810F0EFA03422A
1BA70608EE556D4B0803860F1EFA0310
2A1BAD0608EF55CA4B1103820F30FA03
D1291BB30608F155D64B0803820F39FA
03BC291BB50608F255FE4B1003770F37
FA035F291BB90608F3554F4CE802690F
39FA0370291BBC0608F255614CF50271
0F39FA0348291BBC0608F255CE4CF002
770F42FA033A291BBF0608F055F14CF6
02670F54FA031C291BC20608F155194D
E602BC0F6BFA03DD281BC50608F45517
4DEE02BF0F88FA03A3281BC40608F555
6A4DF302BC0FB8FA0342281BC40608F4
55784DEF02BA0FE1FA0305281BC80608
F155A54DDE026B0F00FB03D1271BCC06
08F155F94DDB026F0F0DFB03BC271BD3
0608F3551E4EDF02690F1AFB03AB271B
D90608F3554C4EE202700F23FB037927
1BDC0608F355594EFC02A80F2DFB0364
271BDE0608F455984EFE02A10F33FB03
4B271BE00608F355974EFA029B0F38FB
0347271BE20608F355BB4EFF029C0F43
FB0325271BE50608F255CC4E0003A00F
47FB032D271BE70608F255E34E11036B
0F42FB033E271BEC0608F255154F0D03
720F3FFB0314271BEE0608F455344F17
036B0F41FB03EA261BF20608F255464F
0C03780F3EFB03EB261BF40608F15575
4F0103660F3AFB03D9261BF50608F055
974F00036B0F36FB03E2261BF80608EF
55994F03036E0F33FB03CD261BFB0608
F2558D4F04036C0F3EFB03B4261BFF06
08F355954FFE021E104AFB03A7261B02
0708F255D04F0103201056FB039A261B
070708F155BD4FFA0220105BFB038626
1B0E0708F155C54FFB021E105FFB0375
261B130708F155C44FDC02B00F63FB03
60261B180708F055E24FD902A70F67FB
035C261B1C0708F055E34FDD02AA0F6F
FB0332261B210708F2550350D702A70F
82FB03FF251B240708F2552850D802AD
0FA1FB03B4251B290708F3553C500F03
8C0FB9FB03AC251B2E0708F355595014
038B0FC4FB03B4251B320708F4554F50
0F03890FCBFB03AB251B340708F6554D
500F03910FDFFB0379251B390708F655
5750F9026E0FF4FB034B251B3E0708F6
557D50FC026E0F10FC0300251B3F0708
F555985007036E0F31FC03B4241B4207
08F55591500103690F58FC0372241B44
0708F55587500403AB0F7EFC033B241B
470708F3559C500D03B00FA5FC031924
1B4A0708F2559C500C03AB0FBFFC0300
241B500708F155B8501303AD0FCCFC03
EF231B540708F155AB5011037A0FDBFC
03EB231B570708F055C4500F037B0FE9
FC03CE231B5D0708F155CD500E037E0F
F3FC03C8231B5D0708F055EE500D037C
0FFEFC03B4231B620708F055E7501503
830FFBFC03B4231B690708EE55FA5026
03A50FF2FC03C9231B6F0708EE550151
2B03A20FE8FC03D6231B760708F05517
5122039F0FE5FC03D6231B7E0708EF55
27512203A50FDEFC03CE231B820708F2
552A51EE020010E1FC03C4231B870708
F3551551F3020010E5FC03B4231B8807
08F4554551EF02FE0FE5FC03A8231B88
0708F4554051EF020110EAFC03B0231B
8B0708F6555F510403B10FF6FC037A23
1B8B0708F85533510203B40FFFFC0361
231B8D0708F7552751F902AD0F03FD03
43231B8A0708F85533510603AD0F08FD
0348231B8F0708F7553C51FF027C0F0E
FD033F231B920708F6553951E902780F
1CFD032A231B960708F6555751E8027C
0F36FD03F0221B9B0708F7555051EB02
7E0F52FD03C1221B9E0708F9554F51F0
02840F7BFD038B221BA60708F8555E51
08037F0F99FD0361221BAA0708F75594
5100037F0FB2FD0340221BAD0708F955
8E510203820FCBFD031D221BAF0708F9
557951FF027B0FE5FD03EC211BB00708
F855825102037F0FFCFD03D7211BB407
08F85583510703820F0CFE03D3211BB9
0708F755AC5104038A0F10FE03D7211B
BD0708F8559651FC027C0F18FE03CA21
1BC10708F75589510203D00F22FE03A5
211BC50708F855B5510303D00F2FFE03
99211BC70708F955C2510003D00F3CFE
0377211BCC0708FA559251FE02D10F45
FE036A211BD20708FB55C951F902AD0F
52FE0359211BD70708FC55E2511503AF
0F5FFE034D211BDA0708FC55CA511303
AF0F6AFE032F211BDD0708FC55BB5117
03AB0F6CFE0327211BDF0708FC550952
0D03A90F73FE031F211BE10708FA55FB
51F802BF0F79FE0308211BE20708F855
0752F702C10F80FE03F1201BE40708F8
5514520103C00F82FE03EC201BE70708
F855F0510403BA0F7EFE03F1201BE807
08F75519522203A10F79FE03FD201BEC
0708F855F9511A03990F7BFE03E8201B
F20708F75505521D03970F8AFE03EC20
1BF90708F7550C521E039C0F9DFE03AE
201BFC0708F85517521F03AB0FB2FE03
93201B030808F85513522003AE0FC3FE
036F201B070808F7551B521F03B10FCD
FE036F201B090808F85513521E03AB0F
D6FE0373201B0D0808F7550B521D03A2
0FDCFE035A201B0E0808F65538520403
900FE1FE0356201B100808F355335203
03970FE5FE034D201B140808F4553A52
0003880FE8FE0346201B1A0808F75536
52FF02910FE7FE0338201B1E0808F755
3C521803CE0FECFE0328201B1F0808F7
551B520A03D10FF5FE0323201B230808
F7554C520903CD0FFEFE0323201B2508
08F7554A520F03CD0F03FF0317201B25
0808F6556B520003E40F04FF0306201B
280808F7555952FE02DB0F00FF031320
1B2A0808F95552520403E30FFBFE0312
201B2C0808F7554F52FD02DC0F05FF03
02201B310808F75545520F03EA0F16FF
03D01F1B360808F85544521003F10F21
FF03BB1F1B3C0808F85555520D03F30F
2EFF03B71F1B3F0808F85578520D03EB
0F41FF03951F1B440808F85587520B03
EA0F55FF03671F1B480808F85591520F
039E0F66FF03561F1B4C0808F8559D52
1003A00F71FF034A1F1B4E0808F95595
5213039F0F78FF03511F1B4F0808F855
975212039E0F75FF03561F1B4F0808F8
55ED521D03EF0F73FF03561F1B510808
F855AE521E03EC0F74FF034E1F1B5508
08F755BA521803EB0F7BFF03461F1B59
0808F855E7521E03F10F8EFF03201F1B
610808F755F5520D03990FA3FF03FF1E
1B680808F755F8521203A40FBCFF03C0
1E1B730808F75502530D039C0FD3FF03
A41E1B770808F75502530E039E0FEBFF
03811E1B760808F655EE521503BE0FFF
FF03791E1B780808F65516531603BC0F
0F00046C1E1B7E0808F7551C530803C0
0F1C0004641E1B810808F75525530803
BD0F2100045B1E1B850808F75549530A
03BC0F240004571E1B880808F8554753
12030410260004531E1B890808F75551
531C0302102A00044F1E1B8B0808F755
1B531103FA0F2D00044B1E1B8F0808F7
550B530F03F60F2A00044B1E1B930808
F75530530603C10F270004461E1B9608
08F8551A530303BC0F1E0004421E1B97
0808F6551753FE02B90F1A00044B1E1B
990808F7553953FA02BA0F1A00044B1E
1BA00808F55519530103BE0F1800044B
1E1BA10808F55508530003C00F130004
421E1BA50808F6551753FD02C30F1100
04431E1BA80808F5550B530003CD0F13
00043E1E1BAC0808F6552B530D03AF0F
1500043E1E1BAF0808F4553A530B03AA
0F170004361E1BB50808F4552B531003
B10F1A0004321E1BB80808F6552D5310
03B20F1900042D1E1BBB0808F6555153
0C03A90F170004291E1BBB0808F655A0
531C03800F190004291E1BBE0808F755
AB531B03850F2100041B1E1BC10808F6
558B532203790F260004141E1BC50808
F65596532203770F240004141E1BC908
08F75589530303B00F220004141E1BD0
0808F8558753FB02AE0F240004101E1B
D50808F7557853FC02AB0F210004141E
1BDB0808FA557C530203B40F21000410
1E1BDF0808FA558553F4028C0F200004
1D1E1BE40808FA55B453EF028D0F2000
04141E1BE90808F9559A53EA028D0F22
0004131E1BEE0808FA55AE53F102910F
210004081E1BF20808FB55BD530F03FE
0F260004FF1D1BF60808FC55DB531703
FE0F300004DE1D1BFB0808FB55E5530B
030310380004DA1D1B020908FA550854
1003F90F3F0004D51D1B040908FA5508
541003FA0F410004DE1D1B060908F955
AF53F802CE0F410004D51D1B080908FA
558F530003CD0F410004D71D1B090908
FB559753F902CF0F3E0004E21D1B0D09
08FA55AD53FE02CA0F410004D51D1B0F
0908FA55A75324036D0F440004CD1D1B
0E0908FB55A1531F036E0F470004C91D
1B110908F955BD531C036B0F450004C1
1D1B130908F955D65325036B0F450004
BC1D1B170908F955C2531303D20F4600
04B01D1B1B0908FA55B2531303D40F49
0004AC1D1B1D0908FB55B0530D03D10F
4D0004A61D1B1F0908FA55A5530F03CD
0F4E0004A31D1B210908F955B453FD02
7E0F4D0004A71D1B270908F855A553FE
02800F4F0004B01D1B2A0908F955C153
F9027A0F4B0004B81D1B2A0908F955B9
5308037C0F4C0004B41D1B2C0908FB55
B6530003800F520004A71D1B2F0908F9
55C353FE02810F580004931D1B380908
F855925300037E0F5F0004861D1B4109
08F955A45302038C0F6800047E1D1B48
0908F955B753FE02870F6D0004751D1B
4C0908F855AA532303B70F760004711D
1B500908F855CC532203AF0F7B000469
1D1B520908F855CF532203AC0F800004
601D1B540908F755E1532403AB0F7F00
04651D1B540908F655D3531003B10F7D
0004601D1B560908F655D2531B03AD0F
780004651D1B5A0908F655F3530D03AF
0F770004661D1B5A0908F755CA530F03
B00F710004691D1B610908F955BE5324
03C10F6E00046D1D1B660908F855FD53
1703B80F700004691D1B6B0908F9551B
542303BD0F7400045C1D1B720908F755
12541C03BF0F790004541D1B790908F7
551A541503C00F810004501D1B7E0908
F8552C54FA027C0F850004471D1B8109
08F9553D54F5027A0F890004431D1B85
0908F9554C54FE02820F8E00043E1D1B
890908FA555A54F802840F920004371D
1B8B0908FC555F541C039A0F9700042E
1D1B8E0908FC5562540C03A20F9B0004
2A1D1B900908FC55475412039A0F9F00
04261D1B920908FC554C540F039D0FA4
0004221D1B970908FA554D542F03BC0F
A80004191D1B990908FA553A542303BE
0FAA0004151D1B9C0908FB5545542B03
C00FA90004191D1BA00908FB554A5431
03C30FAA0004121D1BA60908FB554454
3403890FAF0004041D1BAB0908FD5569
542A038B0FB10004FC1C1BAF0908FE55
84542903910FB50004F81C1BB3090800
5694542903930FBD0004E71C1BB50908
0056915436037E0FC50004DB1C1BBA09
08FF55C2540D03BC0FCE0004D21C1BBC
0908FE55C1540A03C00FD10004D61C1B
C10908FE55D6540B03C20FCF0004D61C
1BC60908FD55E8541303C20FCB0004DD
1C1BC80908FB55DE540E039E0FC60004
EB1C1BCB0908FE55F5540F039E0FC000
04EF1C1BCC0908FF5507550F039C0FBC
0004F41C1BCE0908025605551503A10F
BA0004EF1C1BCF0908035632551E0399
0FBA0004EB1C1BD4090802563A552403
9E0FBD0004EF1C1BD90908025622551F
039E0FC20004D21C1BE2090802561555
2703A60FCB0004C11C1BE70908005628
552503D60FD30004AD1C1BED09080156
3E552303C90FDF0004A41C1BF0090801
564B552003CC0FEE00048B1C1BF60908
01567A552203CF0FF500048B1C1BFC09
0800567F551903CF0FFC00048B1C1B00
0A08015667552603AD0FFE00048B1C1B
050A0800569F552D03AD0F010104831C
1B0C0A08015696552F03AC0F0B01046A
1C1B0F0A0803569A552D03AF0F1B0104
511C1B120A080156BC554203AF0F2B01
043D1C1B160A080056C5554403AB0F35
0104371C1B1D0A08FD55C5553E03B10F
3D01042F1C1B220A08FD55C8553C03A7
0F4601042F1C1B260A08FD55C4551103
4B104B0104271C1B270A08FC55EF550C
034C104C0104271C1B2A0A08FB55FB55
0A034D104C01042F1C1B2B0A08FC551B
560E035310460104371C1B2D0A08FD55
0B564403D50F440104331C1B2C0A08FB
5524564003CB0F450104281C1B270A08
FB551E564803CD0F450104271C1B280A
08FC5538563D03CD0F420104271C1B25
0A08FD555C564203CC0F3C0104371C1B
270A08FD5557562303B00F3301044C1C
1B290A08FC5574562403B10F2A01045D
1C1B2C0A08FB5581562903A90F210104
5D1C1B320A08FC556E561E03B10F1E01
04551C1B390A08FC556F5620035D101F
0104481C1B400A08FE555F5620035F10
2A0104311C1B440A08FD559B561C0355
103201042B1C1B490A08FD555B562703
5B10380104271C1B4B0A08FE55B6562E
030F103E01042B1C1B510A08FF55DB56
35030F104001042B1C1B550A08FE55DF
5635030F10410104271C1B550A08FD55
0857350311104401041E1C1B590A08FD
55485743030C10460104161C1B590A08
FC55945746030E10450104161C1B5C0A
08FB55A6573C030A10460104181C1B60
0A08FC55E95746030F10490104121C1B
630A08FA558558420308104B0104091C
1B670A08FA554B580603ED0F4A010405
1C1B6A0A08FA555A580203EB0F4C0104
011C1B700A08FA55E3580703F20F4F01
04FD1B1B720A08FB553259F502F00F53
0104F91B1B760A08F9550A590F031C10
510104F91B1B7D0A08F8552F59150327
10520104F01B1B830A08F85544591303
2110530104F41B1B880A08F95575590A
031610540104F51B1B900A08F655AA59
0F030F10520104F91B1B950A08F655AE
590B030A10500104FD1B1B9F0A08F855
355A11030D10510104FD1B1BA60A08F7
551A5A16030D10540104F51B1BAA0A08
F755675A32034D10540104F51B1BAB0A
08F755B25A2D034F10520104FD1B1BAC
0A08F5559B5A2F034C10520104011C1B
AB0A08F755F25A2F034E104E0104041C
1BAC0A08F755BE5A320352104B010405
1C1BAC0A08F855785A1F031C10490104
011C1BAD0A08F955855A240320104601
04011C1BB10A08F955DA5A20031B1046
0104051C1BB60A08F955C45A20031610
420104091C1BB80A08F855DE5A250339
10410104091C1BB80A08F955265B1C03
3D10400104091C1BB90A08F9557D5B1C
033E10400104091C1BBF0A08F955695B
26033B10400104081C1BC30A08FA5563
5B11036D103E0104091C1BC60A08F955
795B12036D10410104051C1BCA0A08FA
55705B0F037110400104051C1BCD0A08
FC557F5B110369104001040E1C1BCF0A
08FC557E5B280385103F01040E1C1BD5
0A08FD55AA5B1D0387103F0104091C1B
D60A08FC55875B21037E103D0104091C
1BD50A08FC55405B1E0389103E010409
1C1BD60A08FB55705B1C0387103D0104
081C1BD80A08F9550B5B1E034C103C01
04091C1BD90A08F855235B23034F1038
0104121C1BD90A08F955E05A17034B10
360104161C1BDB0A08FB55A95A1F0346
103201041A1C1BDB0A08FA55C65A3103
DE0F2E01041A1C1BE10A08FA55975A24
03DF0F2F0104161C1BE50A08FA55CB5A
2F03E00F3001041A1C1BEA0A08FA5567
5A2E03E00F2F0104161C1BEE0A08F955
5B5A350378102D0104161C1BEF0A08F8
55495A2C037B10300104101C1BEC0A08
F755635A29038410310104091C1BEE0A
08F855405A29037D10310104011C1BEF
0A08F955755A30032B10300104051C1B
F20A08F955E35A330331102F0104161C
1BF90A08FA55F25A30032B102E010416
1C1BFF0A08FA550B5B2F0327102E0104
121C1B010B08FB55F85A2E0327102C01
04121C1B030B08FC55015B08037F102B
0104121C1B030B08FC55A55A0F038510
2C0104141C1B090B08FC55E45A0B037A
102F0104161C1B0D0B08FC55F35A0E03
7810310104121C1B110B08FC559E5A62
036110340104051C1B170B08FC55525A
63035C103B0104F91B1B1D0B08FB556D
5A5A036210440104F01B1B260B08FC55
5E5A68036110490104EC1B1B2B0B08FC
55605A36030C10510104E01B1B300B08
FC55675A35031110580104D71B1B370B
08FB55665A31030E105B0104D41B1B3A
0B08F9559A562F0306105B0104DB1B1B
3E0B08F955BA553E0362105C0104D71B
1B420B08F855D4553E035D10600104D3
1B1B480B08F955475644035E10610104
CB1B1B4D0B08FA55235742035E106201
04CB1B1B500B08FA5565584203581062
0104C71B1B510B08FA5585591C038810
620104CF1B1B540B08FB554B59240387
10630104CB1B1B540B08FC55AA592403
8210630104C81B1B540B08FB55BB5923
038510600104CB1B1B530B08FC556C59
2003B9105D0104D31B1B550B08FC5580
592403B810580104DB1B1B540B08FC55
7C592403BA10540104DB1B1B540B08FD
55A0592703B710540104E01B1B540B08
FC55B6593C03E310500104E01B1B540B
08FD55F6593F03EA104F0104D71B1B52
0B08FD55BB593C03E6104D0104E01B1B
530B08FD55DB594003E7104C0104DC1B
1B530B08FD55FD591F03C2104D0104E0
1B1B520B08FD55F6592403C2104C0104
E01B1B510B08FD55265A2103C9104B01
04E41B1B520B08FC55725A2303C81048
0104E41B1B530B08FC55885A1A03CB10
460104E41B1B510B08FA55985A3103E6
10470104E01B1B520B08F955BE5A2603
E310480104DB1B1B540B08FA55B35A2F
03E910480104E01B1B520B08FA55BA5A
2F03EA10470104E01B1B520B08FB55D2
5A3B03D710450104E41B1B530B08FA55
A15A3C03D610450104E41B1B550B08F9
55825A4203D810460104E01B1B530B08
F955BE5A3C03D210480104E01B1B510B
08F955035B2F030811480104DB1B1B52
0B08FA55FF5A2D030711480104E41B1B
530B08F9550E5B2D030511450104E41B
1B520B08FA557A5B2D030511440104EC
1B1B530B08FA55515B3C032411420104
E81B1B540B08F955745B38031D114001
04F01B1B540B08F9557A5B3C0316113D
0104F01B1B540B08FA557A5B3B031211
3B0104F51B1B560B08FA554D5B410317
113B0104F51B1B530B08FB55455B4903
F910390104EC1B1B530B08FA557D5B43
03F8103B0104E81B1B520B08FA55745B
3803F5103E0104E81B1B520B08F9559D
5B3D03FD103F0104E41B1B530B08FA55
8D5B1E03DB103F0104E81B1B530B08FC
55735B1903DA103F0104E81B1B560B08
FC55765B1E03DB103F0104E81B1B540B
08FC55625B1E03D6103D0104F51B1B53
0B08FD553D5B2703D010370104F91B1B
540B08FD55365B1A03D510350104F51B
1B540B08FA555F5B2203DD10350104F5
1B1B530B08FA55505B2503DA10370104
E81B1B530B08FA55525B2D03F0103A01
04E81B1B520B08FA556E5B2903F0103A
0104E41B1B4F0B08F9556D5B3103FA10
3C0104E01B1B4C0B08F955725B2D03EE
103D0104E01B1B460B08F855895B3603
FA103D0104E81B1B400B08F755A15B20
03BA10380104F01B1B3C0B08F655925B
1E03BC10390104E81B1B380B08F65593
5B1E03B910390104E81B1B300B08F655
905B2403B410350104EC1B1B280B08F4
55785B1C036110320104F51B1B280B08
F455925B200365102C0104F51B1B250B
08F455805B240360102E0104F41B1B22
0B08F355545B1F035B102D0104F01B1B
1C0B08F555465B44032D102F0104EC1B
1B170B08F755305B3E033010310104EC
1B1B120B08F755F05A3D032B10310104
EC1B1B090B08F555F75A44032C103201
04EC1B1B010B08F555055B3203EF0F2E
0104F01B1BFA0A08F555F45A2403ED0F
320104F01B1BF40A08F655B45A3003F5
0F2F0104F51B1BF10A08F555EF5A2E03
E50F2D0104F01B1BEC0A08F555DF5A2B
03EF0F2C0104F01B1BE70A08F455B35A
260328102A0104F51B1BE00A08F55594
5A23032A10260104F91B1BDB0A08F455
905A1C033110210104051C1BD50A08F4
55915A22033210210104051C1BCD0A08
F555865A0F03F10F220104F91B1BC50A
08F455A85A0D03E90F220104F51B1BBA
0A08F355815A0D03ED0F240104F01B1B
B10A08F255855A0703F30F270104E81B
1BAD0A08F255785A0F032C102A0104EC
1B1BA80A08F255725A04033010290104
F01B1BA40A08F355835A15032D102901
04EC1B1B9D0A08F255665A130333102B
0104EC1B1B930A08F255405A3403E50F
2C0104E41B1B8C0A08F155035A3503E0
0F2B0104EC1B1B840A08F355FB593103
E00F270104EC1B1B7C0A08F455BF592B
03DB0F240104F91B1B770A08F655F959
3503DB0F1E0104011C1B6C0A08F655FF
593A0320101C0104041C1B660A08F755
F1593A032210180104051C1B5A0A08F8
55D25943031E10150104051C1B540A08
F755BD5940031C10170104FD1B1B4C0A
08F755A7594403F60F180104F91B1B3E
0A08F75570594503F00F1B0104F51B1B
320A08F8555F593F03ED0F1C0104F01B
1B270A08F8553F593E03E70F1C0104F9
1B1B1D0A08F8552A592D03FD0F190104
051C1B150A08F85530592F03FD0F1401
040C1C1B0B0A08F755F2582803001009
01041A1C1B020A08F855DF5827030310
010104231C1BF70908F955B8582C0303
10FD0004271C1BEE0908F95597582A03
FD0FF700042F1C1BE00908F7555D582B
03FD0FF50004271C1BD60908F655F457
2A03F80FF100042B1C1BCB0908F655FE
5730030310F100042F1C1BC10908F655
E9572F03900FEB0004371C1BB80908F5
55C9573103920FE40004411C1BAF0908
F55575572B038C0FDA0004551C1BA609
08F65558572F038D0FD10004611C1B99
0908F45522570103A30FC800046A1C1B
920908F455175702039A0FC00004721C
1B8A0908F455EB5608039B0FB700047F
1C1B800908F555BA5603039A0FAB0004
8B1C1B750908F65598560F037E0FA200
048F1C1B690908F5557F560F03790F9D
0004981C1B630908F35561561003800F
940004A11C1B5D0908F455235615037E
0F8C0004A41C1B540908F155E3552103
8D0F880004AD1C1B4B0908F355D75525
038D0F850004B11C1B3D0908F355A055
2203910F820004B11C1B330908F2558D
551E03820F7E0004B11C1B2B0908F255
1D551E038D0F780004C61C1B200908F0
55ED540F03A50F6E0004D61C1B170908
F055EA5411039F0F640004E31C1B0B09
08EF55B25409039A0F5A0004E51C1B01
0908EF5597540F039F0F560004E71C1B
F40808EE5599542103CD0F4F0004EF1C
1BEA0808EF5569541E03D10F4A0004F8
1C1BDB0808EF5568542203CE0F410004
041D1BD10808EE556C542503D00F3B00
040D1D1BC40808F05530541903BE0F31
0004151D1BBB0808F055FD531203BC0F
2A00041D1D1BB10808EF55C8530D03BE
0F250004261D1BA40808F055D2530C03
BA0F1F00042A1D1B9A0808F055C65326
0318101B00042A1D1B900808EF558C53
17030E101600042E1D1B880808F0557B
531C030A10130004371D1B7B0808F155
5A531B030D100E00043B1D1B720808F2
55005321030B100C00043B1D1B660808
F155F4521403AA0F0B00043B1D1B5C08
08F155E7521303A90F0800043F1D1B54
0808F355A2520E03AE0F070004431D1B
480808F255A9520E03AD0F020004461D
1B3C0808F15579521703BC0F01000447
1D1B2D0808EF5591522003C50FFEFF03
471D1B200808EF556B522503C20FF9FF
03501D1B170808EE5537521C03C70FF4
FF03601D1B0B0808EF551F52FF02DC0F
ECFF03651D1BFE0708EF551452FE02DE
0FE6FF03691D1BF50708EE55D6510003
DC0FE2FF03711D1BE90708EE55A15102
03DD0FDEFF03721D1BDB0708EF557951
0F03AE0FD9FF03791D1BD30708EF5545
510E03AF0FD6FF03791D1BC60708EF55
2B510B03AE0FD0FF03821D1BBB0708F0
5504510803AA0FCDFF038A1D1BB30708
F055D0501303B20FC8FF038E1D1BAA07
08F055C9500B03C00FC4FF03931D1BA0
0708EF557E501303C10FBEFF039B1D1B
960708F05536501503C70FBAFF039B1D
1B8E0708F1554F501703C00FB9FF03A2
1D1B840708F15545500F03E00FB5FF03
A31D1B770708F0553C500F03E30FB2FF
03A31D1B680708F1550A500F03E40FB1
FF03A71D1B560708F05502500F03DC0F
AAFF03AC1D1B4A0708EF55B74F260399
0FA4FF03B81D1B3E0708EF55B54F2303
A50F9BFF03CD1D1B320708EF558F4F1D
039A0F90FF03E61D1B250708EF55914F
1C03A20F7FFF03F71D1B1D0708ED5586
4F2C038F0F68FF03231E1B170708EC55
3A4F22038D0F48FF03601E1B100708EB
55064F2F038E0F2DFF03741E1B050708
EA55044F30038A0F19FF03791E1BF706
08EB55204F36038E0F09FF038E1E1BEC
0608EB55014F0303AB0FF8FE039A1E1B
E20608EA55FC4EFA02AD0FE5FE03BC1E
1BD50608EA55E54EFC02AD0FCFFE03DD
1E1BCB0608EA55B74EF702B40FB8FE03
F81E1BC30608E855C14EED024D10A3FE
03131F1BBD0608E955B84EF10251108E
FE03311F1BB30608EA559B4EF1025310
7CFE033D1F1BA20608EC55AB4EED0253
106CFE034E1F1B950608EC559A4E1203
C70F61FE03561F1B8A0608EC55834E09
03CD0F4FFE03701F1B820608EB556E4E
1903CC0F3AFE03A21F1B770608EC5587
4E1503C70F20FE03CA1F1B6C0608ED55
564EE802700F06FE03E91F1B620608EC
554F4EF302710FEEFD03FE1F1B560608
EE554F4EF1026F0FD8FD031B201B4C06
08ED55304EEE026B0FBBFD0341201B40
0608EE55224EF4026C0F9EFD0366201B
340608ED55344E1A03B10F84FD038820
1B290608EE552F4E1303AF0F69FD039D
201B220608EE55074E0F03AA0F4EFD03
CB201B1B0608EE55EF4D0E03B10F31FD
03F9201B110608EE55084E22037E0F16
FD0312211B070608ED55154E1C03790F
FDFC032F211BFE0508EC55F24D1E037D
0FE6FC034D211BF50508ED55EC4D1D03
790FCDFC036E211BE90508ED55E54DCA
02530FAEFC039C211BDD0508EE55A04D
D102490F92FC03B5211BD10508ED55B7
4DD3024E0F7FFC03CD211BC30508ED55
8D4DCC02520F66FC03FD211BB70508ED
558D4D0203AD0F50FC030D221BAB0508
EC55B04DF902AD0F3EFC031A221B9D05
08ED55BA4D0703A60F30FC0326221B93
0508EB55AB4DFE02AD0F23FC0344221B
860508EB55B34D0503A90F13FC035D22
1B7C0508EB55C74DF802660F00FC037E
221B6F0508EB55924DFA025F0FECFB03
8F221B660508EB55DC4D0503570FD8FB
03B5221B5B0508EA55CA4DFA02670FBE
FB03D6221B4D0508E855E94DFD026D0F
ABFB03E7221B400508E755BE4D00036B
0F9BFB03F8221B340508E655BA4D0403
710F8AFB0311231B290508E655B04DFF
02670F73FB033F231B1D0508E755A54D
DE02400F55FB0368231B110508E755C7
4DD902400F37FB039B231B080508E755
A44DDC02400F11FB03C5231BF70408E7
55CE4DDC02420FD0FA033B241BE60408
E655EE4DD002CB0E70FA03F7241BDA04
08E655F94DCC02CE0EBAF903BC261BD3
0408E655DF4DCC02CA0E6AF8038C291B
CB0408E755B84DD202CB0EF5F603532B
1BC10408E755D34DD502D20E75F50325
2D1BBC0408E655054EBB02BA0E12F403
192F1BBD0408E8550A4EBD02BB0EF0F2
03CE2F1BBF0408E755FE4DB802C60ED2
F10316311BC40408E8551B4EBC02BF0E
90F00311331BC40408EA550A4ECB02C9
0E44EF03C5341BC50408EA55124EC402
D30E26EE03EC351BC30408E8550B4ECC
02C90E3AED03A5361BC30408E755FF4D
C602CD0E78EC0345371BBF0408E55518
4EB102F50EE4EB03DC371BB10408E455
1B4EAC02EF0E78EB031C381B9C0408E4
55F84DAC02EF0E39EB0342381B860408
E655074EAE02EC0E2AEB0303381B7404
08E655364EAF02E20E2CEB03E8371B68
0408E6554D4EC502E20E32EB03F6371B
5D0408E5557B4ED102E20E22EB036C38
1B540408E355414EC902E00EF0EA0321
391B4D0408E355304ED102E70EAFEA03
AD391B4B0408E455EE4DDF02D10E5AEA
03383A1B4B0408E5551E4EE002CC0EFD
E903A13A1B480408E4554E4EE402CB0E
9FE9032C3B1B3E0408E355284EDE02D3
0E28E903083C1B320408E3553F4EA802
C20EB1E803C53C1B250408E455614EB1
02BA0E5AE803F83C1B1D0408E555844E
AC02BF0E2FE803F43C1B1E0408E655B6
4EAD02C00E0DE803093D1B1B0408E455
A34EBB02C00ED3E703A93D1B150408E4
55874EC302C20E70E703703E1B100408
E455D94EC502C20E16E703F33E1B0C04
08E455A54EC202BA0ECCE603433F1B0B
0408E455B74EB902E40E95E6035B3F1B
0E0408E455704E9502DB0E65E603873F
1B100408E5557D4E9E02E90E36E603CA
3F1B100408E455764E9B02DD0E11E603
16401B110408E455684E9C02E10EF2E5
0367401B110408E3557C4EC202CD0ED9
E5038D401B120408E455A34EC702CC0E
C7E50395401B110408E555874EC102CD
0EBEE5039E401B110408E655B44EC402
D30EB5E503AC401B110408E655994EA3
02B70EAEE503A2401B110408E755834E
A202B80EB4E503AA401B0F0408E8558E
4E9D02AC0EB8E503AF401B110408E955
834E9A02AB0EBEE503B0401B140408EA
55914EBC02100FBBE503B3401B130408
EA557F4EBF020F0FB7E503C8401B1304
08EA55954EBB020D0FB7E503D9401B15
0408EA55904EBD02110FB5E503D9401B
180408E9558E4EBE02F80EB0E503D940
1B1B0408EA55B24EA802DC0EAFE503E1
401B190408EA55924EB602E20EAFE503
EE401B170408E955974EB302E40EACE5
030E411B140408E955704EAB02E40EA6
E50318411B120408E8559B4ECC02E00E
A7E5031C411B0B0408E855984ED102E8
0EAEE5030B411B000408E855F54ED502
E40EB5E503DD401BF00308E855C64CCF
02DD0EBCE50307411BE10308E7557C4C
C206E14BC4E5030B411BDE0308E65572
4CCD06DF4BD1E5031E3A1BDC0308E655
5F4CC606E24BD8E503F82919DC0308E6
55434CD306E54BF5E503E2E70FDC0308
E4558C4C800F07023DE603475010DD03
08E4554D4D7E0F0D02ACE603AE500FDD
0308E4554F4D7F0F12023EE70363150F
DF0308E555D84D800F1802C2E703357A
0FDA0308E255EF4D760F030222E803BF
1D0FDC0308E155444F250C8D0C73E803
A4CD0EDE0308E3550250160C860CBCE8
03D2870FDC0308E355A74F1F0C870C03
E903FA6A0FDE0308E355EF4F180C900C
41E9034CC20FDE0308E355554F02FC68
0281E903A2410FDE0308E255AA4F03FC
6E02BAE9031F860EDE0308E155644F03
FC7102F2E90339330EDF0308E255614F
FEFB70022EEA0394FA0DDD0308E2553C
4F20085A1368EA03F3AA0DDF0308E155
244F1F086613A9EA03F9820DDC0308E1
553F4F20085C13FDEA039A7E0DDD0308
E255154F18085F135FEB0316420DDD03
08E2554D4F7B00630F</Data>

   <DataCRC>ae7a632e</DataCRC>

   <BytesSent>15113</BytesSent>

</SBEDataUpload>
</InstrumentRawData>
</SBEDataUploadFile>
