<?xml version="1.0"?>
<!-- SCPlusV2_RS232 -->
<SBEDataUploadFile>
<ApplicationData>
<Seaterm232>
<SoftwareVersion>2.6.3.104</SoftwareVersion>
<BuildDate>30-Jun-2017</BuildDate>
</Seaterm232>
</ApplicationData>
<InstrumentState>
<HardwareData DeviceType='SBE19plus' SerialNumber='01906740'>

   <Manufacturer>Sea-Bird Electronics, Inc.</Manufacturer>

   <FirmwareVersion>2.2d</FirmwareVersion>

   <FirmwareDate>9 February 2011 08:30</FirmwareDate>

   <CommandSetVersion>1.1</CommandSetVersion>

   <PCBAssembly PCBSerialNum='25307' AssemblyNum='41054G'/>

   <PCBAssembly PCBSerialNum='25737' AssemblyNum='41580B'/>

   <PCBAssembly PCBSerialNum='24669' AssemblyNum='41606'/>

   <PCBAssembly PCBSerialNum='24372' AssemblyNum='41059D'/>

   <MfgDate>  08 DEC 2010</MfgDate>

   <InternalSensors>

      <Sensor id='Main Temperature'>

         <type>temperature0</type>

         <SerialNumber>01906740</SerialNumber>

      </Sensor>

      <Sensor id='Main Conductivity'>

         <type>conductivity-0</type>

         <SerialNumber>01906740</SerialNumber>

      </Sensor>

      <Sensor id='Main Pressure'>

         <type>strain-0</type>

         <SerialNumber>3220369</SerialNumber>

      </Sensor>

   </InternalSensors>

   <ExternalSensors>

      <Sensor id='volt 0'>

         <type>SBE 43 OXY</type>

         <SerialNumber>432005</SerialNumber>

      </Sensor>

      <Sensor id='volt 1'>

         <type>not assigned</type>

         <SerialNumber>not assigned</SerialNumber>

      </Sensor>

      <Sensor id='volt 2'>

         <type>ECO-FLNTURT CHL</type>

         <SerialNumber>FLNTURTD-2025</SerialNumber>

      </Sensor>

      <Sensor id='volt 3'>

         <type>ECO-FLNTURT TURB</type>

         <SerialNumber>FLNTURTD-2025</SerialNumber>

      </Sensor>

      <Sensor id='volt 4'>

         <type>not assigned</type>

         <SerialNumber>not assigned</SerialNumber>

      </Sensor>

      <Sensor id='volt 5'>

         <type>not assigned</type>

         <SerialNumber>not assigned</SerialNumber>

      </Sensor>

   </ExternalSensors>

</HardwareData>
<StatusData DeviceType='SBE19plus' SerialNumber='01906740'>

   <DateTime>2018-11-26T19:37:10</DateTime>

   <LoggingState>not logging</LoggingState>

   <EventSummary numEvents='241'/>

   <Power>

      <vMain>12.4</vMain>

      <vLith>5.3</vLith>

      <iMain>61.4</iMain>

      <iPump>156.8</iPump>

      <iExt01> 4.2</iExt01>

      <iExt2345>18.2</iExt2345>

   </Power>

   <MemorySummary>

      <Bytes>1110270</Bytes>

      <Samples>65310</Samples>

      <SamplesFree>3805169</SamplesFree>

      <SampleLength>17</SampleLength>

      <Profiles>71</Profiles>

   </MemorySummary>

</StatusData>
<ConfigurationData DeviceType='SBE19plus' SerialNumber='01906740'>

   <ProfileMode>

      <ScansToAverage>1</ScansToAverage>

      <MinimumCondFreq>3226</MinimumCondFreq>

      <PumpDelay>60</PumpDelay>

      <AutoRun>no</AutoRun>

      <IgnoreSwitch>no</IgnoreSwitch>

   </ProfileMode>

   <Battery>

      <Type>alkaline</Type>

      <CutOff>7.5</CutOff>

   </Battery>

   <DataChannels>

      <ExtVolt0>yes</ExtVolt0>

      <ExtVolt1>no</ExtVolt1>

      <ExtVolt2>yes</ExtVolt2>

      <ExtVolt3>yes</ExtVolt3>

      <ExtVolt4>no</ExtVolt4>

      <ExtVolt5>no</ExtVolt5>

      <SBE38>no</SBE38>

      <OPTODE>no</OPTODE>

      <GTD>no</GTD>

   </DataChannels>

   <EchoCharacters>yes</EchoCharacters>

   <OutputExecutedTag>yes</OutputExecutedTag>

   <OutputFormat>raw HEX</OutputFormat>

</ConfigurationData>
<CalibrationCoefficients DeviceType='SBE19plus' SerialNumber='01906740'>

   <Calibration format='TEMP1' id='Main Temperature'>

      <SerialNum>01906740</SerialNum>

      <CalDate>07-Jan-11 </CalDate>

      <TA0>1.255288e-03</TA0>

      <TA1>2.593288e-04</TA1>

      <TA2>-2.376104e-07</TA2>

      <TA3>1.449298e-07</TA3>

      <TOFFSET>0.000000e+00</TOFFSET>

   </Calibration>

   <Calibration format='WBCOND0' id='Main Conductivity'>

      <SerialNum>01906740</SerialNum>

      <CalDate>07-Jan-11</CalDate>

      <G>-1.033008e+00</G>

      <H>1.393941e-01</H>

      <I>-2.175401e-04</I>

      <J>3.475757e-05</J>

      <CPCOR>-9.570000e-08</CPCOR>

      <CTCOR>3.250000e-06</CTCOR>

      <CSLOPE>1.000000e+00</CSLOPE>

   </Calibration>

   <Calibration format='STRAIN0' id='Main Pressure'>

      <SerialNum>3220369</SerialNum>

      <CalDate>21-Dec-10</CalDate>

      <PA0>8.222195e-01</PA0>

      <PA1>1.566037e-02</PA1>

      <PA2>-6.194425e-10</PA2>

      <PTCA0>5.244452e+05</PTCA0>

      <PTCA1>4.417653e+00</PTCA1>

      <PTCA2>-9.798927e-02</PTCA2>

      <PTCB0>2.510725e+01</PTCB0>

      <PTCB1>-1.150000e-03</PTCB1>

      <PTCB2>0.000000e+00</PTCB2>

      <PTEMPA0>-5.917147e+01</PTEMPA0>

      <PTEMPA1>5.387460e+01</PTEMPA1>

      <PTEMPA2>-2.653169e-01</PTEMPA2>

      <POFFSET>0.000000e+00</POFFSET>

      <PRANGE>5.076000e+03</PRANGE>

   </Calibration>

   <Calibration format='VOLT0' id='Volt 0'>

      <OFFSET>-4.687158e-02</OFFSET>

      <SLOPE>1.247988e+00</SLOPE>

   </Calibration>

   <Calibration format='VOLT0' id='Volt 1'>

      <OFFSET>-4.719579e-02</OFFSET>

      <SLOPE>1.248132e+00</SLOPE>

   </Calibration>

   <Calibration format='VOLT0' id='Volt 2'>

      <OFFSET>-4.684526e-02</OFFSET>

      <SLOPE>1.248324e+00</SLOPE>

   </Calibration>

   <Calibration format='VOLT0' id='Volt 3'>

      <OFFSET>-4.678105e-02</OFFSET>

      <SLOPE>1.247145e+00</SLOPE>

   </Calibration>

   <Calibration format='VOLT0' id='Volt 4'>

      <OFFSET>-4.669684e-02</OFFSET>

      <SLOPE>1.248307e+00</SLOPE>

   </Calibration>

   <Calibration format='VOLT0' id='Volt 5'>

      <OFFSET>-4.709579e-02</OFFSET>

      <SLOPE>1.247697e+00</SLOPE>

   </Calibration>

   <Calibration format='FREQ0' id='external frequency channel'>

      <EXTFREQSF>9.999977e-01</EXTFREQSF>

   </Calibration>

</CalibrationCoefficients>
<EventCounters DeviceType='SBE19plus' SerialNumber='01906740'>

   <EventSummary numEvents='241'/>

   <Event type='ErrorFLASHUncorrectableError' count='241'/>

</EventCounters></InstrumentState>
<Headers>

cast  59 25 Nov 2018 11:17:24 samples 58684 to 59040, avg = 1, stop = mag switch

</Headers><InstrumentRawData>
<SBEDataUpload startAddr='997611'>

   <Type>1</Type>

   <DataFormat>SEACATPLUS0</DataFormat>

   <Bytes>6069</Bytes>

   <Data>
41EC03EAF90F0604089C576C5E2B081A
1062F303D33D180C04089C57135E1808
161088F80396CE150F04089C57B85D1E
081C100CFD038A66150E04089B57C45E
26080F1008FF036676160F04089B578D
600DFC1A070A0004AE8A171204089B57
986005FC1C072A0104542E1B1B04089B
57C45F07FC1907D60204CF361B210408
9A57D15D02FC1807B904047C3F1B2804
089A57BA5E1801C60DF70504E53A1B2C
04089957205F1201D20D93060400241B
2F04089857D7601501BF0D2507044E17
1B330408985706620F01CB0D5D08047D
131B35040899572E62BD02DE0DBA0904
87121B3604089957F060B502D80DAA0A
0485111B37040899573C61B602E20D57
0B047D111B37040899577B60BB02E80D
CC0B0483111B3504089957535FBB02CE
0D090C04EE131B3704089957155F4903
580C220C04FA1A1B3904089A57105F50
03550C120C041D1E1B3A04089A57585E
4F03530C870B044F1E1B3D04089A5703
5E5103510CA40904951F1B3C04089A57
CC5DE4028C0CCE070406211B3704089B
57745DE8028F0C7B0604421E1B330408
9B57965DEC02960CD20504321D1B3304
089C57545DF1028B0CF60504961D1B32
04089D579A5DA702CA0BCC06048D1F1B
3504089E57585DB302D30B6E07043322
1B3504089E57955DAE02DE0BBB0704C6
221B3304089F57435DAE02D20B1B0804
DF211B3404089E57125D62019A0CB308
048E1D1B3204089E57275D62019B0C52
0904AA1A1B3204089D57F15C65019A0C
CB090432191B3004089E57125D6D019B
0C170A0411191B3004089E57455D6301
940C410A04C2191B3204089F57415D6C
06A60D750A04EF181B3104089F572F5D
7706950DB90A042C171B3304089F57DA
5C7406A60DEA0A044F161B3604089F57
D55C7F06A80DFA0A0471161B370408A0
570D5DEB02380BFB0A04FA161B370408
A057A55CE802370B080B044E171B3704
08A0576C5CE1022E0B270B04F3151B35
0408A157935CE802300B570B0403141B
350408A157F35BA402240B7A0B04C212
1B330408A157C35B9302290B950B04D0
111B340408A157D55B9B02200BD00B04
93111B340408A157895BA6021B0B1F0C
0485111B370408A157475BBE026C0C68
0C044A111B380408A2573E5BB602730C
A30C0408111B3A0408A357E45ABD0275
0CC60C0418111B3A0408A357FC5AB702
6B0CC90C04C3111B390408A2578D5AB8
026C0CBC0C041D131B370408A2574B5A
FE02260DAA0C0478141B360408A257DC
59FE02260DA80C047A151B370408A257
045AF1022B0DC20C0479131B350408A3
57025AF7022F0DDF0C041F121B390408
A357CE5978038F0DF30C046E121B3F04
08A357F6597103910DE60C04CC161B44
0408A3571A5A86038A0D9F0C04B81E1B
440408A357085A7C03910D8E0C045B1F
1B420408A357085ADD018B0C9B0C0410
1A1B3F0408A457E559E101810C7D0C04
6E151B3C0408A457A259EC01840C700C
04E3121B390408A4578A59EE01820C77
0C0455121B3A0408A457AA5966028E0C
8C0C04F0121B3B0408A357C85961028A
0CA10C04C0131B390408A357C7595D02
910CBB0C047C141B380408A457D1596B
028E0CE80C044A141B380408A3578E59
63028B0C190D04DB121B390408A35748
591D03BF0C470D0496111B3B0408A357
F4581D03BE0C660D04D2101B3C0408A3
57FC581303BF0C6B0D04A3101B400408
A45703592B03B70C4F0D0429111B3F04
08A357A7585C037D0C2D0D04BB111B3F
0408A257D85859037D0C120D04CA121B
400408A257925856038A0CF10C040A15
1B400408A25773585903810CB90C04EF
151B3D0408A2571F586503EB0C840C04
6A151B3D0408A2572D586F03EB0C860C
0472151B3C0408A25706587103EE0CA2
0C049F131B3A0408A2570C586E03EB0C
BD0C0455121B390408A2575B58E002EE
0CD70C040E121B370408A2572258DE02
EE0CEE0C041F121B3A0408A357D657D3
02EF0CF80C0462121B3A0408A457E257
DF02F30CFB0C045F121B3C0408A457E7
57E002EE0C040D0496111B3B0408A557
E157D402E90C100D044A111B3E0408A5
571658D902F30C110D047F121B3C0408
A4570B58D202EE0CED0C04A1171B3F04
08A557B857D502EA0CA00C04E01B1B40
0408A657A7570F033B0D850C049C1C1B
400408A657CC5701033B0D910C04ED1A
1B400408A65755570603450D8B0C04EC
171B410408A7578B571703370D7A0C04
AE171B410408A7577B578C02870C810C
0484171B3F0408A8576B577F028A0C98
0C04DF161B3D0408A8577C5786028B0C
B40C0475161B3D0408A857A6578C028F
0CC30C0439171B3F0408A8579D57ED02
A40CC10C040E181B3D0408A8579157EA
02AE0CAB0C04B3161B3C0408A857B357
F302AA0CAB0C0484141B3A0408A85781
57E802AC0CCD0C04F5111B3C0408A857
7057ED02AA0CEF0C0434121B3D0408A8
5746572903A40CE10C045C161B3E0408
A95748572A03AA0C880C04CB1B1B3C04
08A9573D573803AE0C740C04221D1B3D
0408A95773573403A70C9D0C04B41B1B
3D0408A95742577B02BF0CB60C047C1A
1B3E0408A95712577102C20CBE0C045A
1B1B400408A95727577702BE0CBA0C04
FC1C1B3F0408A957F7566D02B60CA50C
049E1E1B3E0408A757ED561803B70C6B
0C04181F1B390408A857AE560F03B70C
360C041C1F1B3B0408A857B2560803B9
0C110C044A1F1B3D0408A75768560903
B90CF40B04891F1B3D0408A8578A5600
03A70CD70B04391F1B3D0408A7578856
F102A60CC20B04431D1B410408A75701
56FA02AA0CB80B047B1B1B400408A757
F755F302A70CBE0B044C1C1B400408A7
57F855FF02A60CC90B04701E1B410408
A757E9554C028C0CB70B042D1F1B3E04
08A757BD554502870C9D0B04811E1B3D
0408A657765549028B0C8C0B04221D1B
3C0408A75762554202930C980B04C61C
1B3C0408A7572E554A02330CBB0B04FE
1C1B3F0408A75732554A02350CD70B04
151D1B400408A7575E554B022A0CEB0B
04111D1B420408A8570F554C022C0CF9
0B04F31D1B440408A8573B55E902060D
FB0B049E1F1B460408A857FE54EF020E
0DE20B0445201B440408A857D354E902
110DBC0B041B201B440408A757DE54F4
020A0D9E0B04B81D1B3F0408A7578254
0303860CAB0B04171B1B3F0408A8578F
54FF02860CE80B0479191B3F0408A857
6E54FF02860C2E0C0443191B400408A9
57435404038E0C550C04FF191B410408
A9573954FE028E0C4E0C0469191B4104
08AA573554D602E00C430C04A0181B43
0408A9577254E002DD0C670C0459181B
480408A9578754DB02DB0C930C04EB18
1B4B0408A8575054E802DF0CA60C040E
181B4E0408A9574854AE021F0DB30C04
D1161B530408A9572054AD02190DCA0C
041C141B530408A9577354A302190DF1
0C043E0E1B5A0408A957FF55B2021B0D
0F0D0402121B620408AA57A055F002AB
0C0D0D049A161B630408AB57C154F402
A80C440D04A10F1B690408AB57C455F6
02B10C7B0D047A0E1B6E0408AB575F56
E802A80CB00D04E5111B730408AA57B2
55BB02C40CDD0D047A151B720408AA57
E854B102CA0CF70D0467141B720408AB
57A454C302D30CEE0D0487101B750408
AB57AE54BB02C50CEE0D04CF0F1B7904
08AB57A354B502C60CF90D048D0F1B7C
0408AB579154CB02A60C190E04100F1B
7E0408AC57FF54CA02AD0C3D0E04910F
1B830408AD572D55CC02AF0C530E0439
0F1B860408AC57CD55CA02B80C6C0E04
6F0F1B870408AC57D055C0029A0C800E
048A0E1B890408AD570156B7028B0CA3
0E04F5111B8C0408AC57B555B502930C
B00E04C3111B8B0408AC57BA55C00286
0CBB0E045F0F1B8A0408AB57B355F502
440CBD0E044E0D1B8C0408AB579355EE
02410CD40E042B0C1B8D0408AC57B355
E4023B0CFE0E04330A1B930408AD5700
56F7023E0C180F04140B1B970408AD57
BD55F602CD0C050F042B0A1B9E0408AD
5714560003CD0C1C0F04050A1B9F0408
AC57A656F902C60C200F04B00C1BA504
08AC5701570303D00C240F04E40D1BA6
0408AC57E656F602D80C3B0F04180B1B
A80408AC57FA56B702850C500F04160E
1BAB0408AC57A456B502830C560F04F9
0B1BA80408AD575E56B502750C4F0F04
720A1BAA0408AD57BB56BB02870C5F0F
0444081BB10408AD5706579702760C73
0F0404071BBB0408AE57C9579702750C
770F04DD051BC80408AE5787589C0276
0C9D0F04D9051BD70408AF57395A9802
7B0CC70F042B081BE00408AF579D5BBD
02F70CE40F0480091BE60408AF57105B
C002F80CE10F043E091BEB0408AF579D
5BB902FD0CD20F04B50A1BEF0408AF57
3E5ABD02020DC50F04350B1BEF0408AF
57AA59C002DB0C9D0F048D091BF40408
B0578259C402D60C800F0434081BFA04
08B0578A59CB02D70C850F0440081BFE
0408B0573F59D002D60C960F043E071B
030508B0570359C902D10CA70F043A07
1B050508B1571C59CF02000DAB0F04D8
071B0B0508B0571D59D902FB0CAB0F04
1E0A1B0E0508B057EB58CD02000DBA0F
04B80A1B0F0508AF57CC58D402FC0CC0
0F049F0A1B0F0508AF57F058BE02990C
910F04560B1B110508AF57F758B302A2
0C570F04E40B1B110508AF57C158BB02
A20C210F04C30B1B120508AF57F558BD
029D0C020F04260C1B130508AF577D59
D3021B0DE90E046B0B1B140508AF578A
59E402220DE30E045F0B1B130508AF57
7B59D702190DEC0E04EC091B140508B0
578559DE021E0D080F046C071B1D0508
AF578A59E002B00C200F04C2061B2405
08AF57F959DD02AA0C310F0456061B2D
0508AF57D159D902B70C550F0478091B
320508AF573459DB02A50C7A0F04E009
1B360508AF571C59D702A60C8A0F044E
091B3A0508AF571059AD020D0D870F04
AC0A1B3D0508B0579658AE02060D7C0F
042D0B1B3D0508B057C158A9020C0D2D
0F04610B1B3B0508B057DF58A402060D
D40E04800B1B3A0508B057A958E2024D
0D690E04CB0B1B3A0508B0573259E202
490D020E04160C1B3B0508B0579359DD
024D0DB00D04260C1B3B0508B1574859
DE02480D570D04370C1B3C0508B15714
590603E20CFD0C04E80B1B3D0508B157
F8580F03E90C870C04440C1B3E0508B1
57CB580503E40CE30B04CD0C1B400508
B15737590D03E60C690B040F0D1B3F05
08B15796590203BE0C410B04AC0C1B41
0508B157A8590903BD0C3C0B04500C1B
3F0508B15793590E03C10C460B046D0C
1B400508B1572C591A03BE0C510B04C5
0C1B410508B057CA580803B60C5E0B04
5F0D1B400508B0578F580703200D6F0B
047C0D1B3E0508B057695811031C0D91
0B04FF0C1B3F0508B05772580603220D
D80B04EA0C1B400508B0574D5A14031E
0D0A0C04F20C1B400508B0573859D902
2F0D430C04030D1B420508B157BD58D6
022A0D760C04B60D1B440508B1575858
DE022D0D740C04420E1B440508B1573F
58D0022C0D620C047E0E1B470508B257
3658DA02D10C650C04B00E1B4A0508B1
57B857D702D10C620C04330E1B4C0508
B2571358D602D00C660C04160E1B4B05
08B257CF57D602C80C710C04310D1B52
0508B2573858D902FC0CB30C04B60B1B
510508B2571158DB02F50C120D049D0B
1B510508B257B157D202F80C430D0491
0B1B530508B2577657D402FC0C860D04
B20B1B510508B3575657D902020DBF0D
04C00C1B4E0508B3573357F302B50CD3
0D04B60D1B4C0508B35709570003B70C
E30D04EC0D1B490508B2571257F302B7
0CFA0D048F081B470508B2575B57FC02
BF0C360E0497051B450508B1576B57DF
02FD0C9D0E0448051B450508B1574657
F102FB0CFD0E0426051B450508B057EE
56E402020D370F042B051B430508B057
F056F302F90C550F0444051B410508B1
57CE56F002EA0C590F0461051B430508
B057C6560003E40C4D0F0465051B4305
08B0574F57F902EF0C420F0469051B3E
0508B1577157FE02EC0C430F048A051B
390508B0579E57E202F30C450F048E05
1B350508B0570258D802EA0C4C0F048A
051B370508B1573F58DE02DA0C4D0F04
82051B3E0508B0578558D502F00C530F
0437051B3C0508B1579A58DC02F30C65
0F041A051B3C0508B157F358D102BB0C
6A0F0412051B3E0508B257AC59CF02C0
0C6F0F040A051B3D0508B1577859ED02
BB0C770F0426051B3B0508B257025AD6
02BD0C7D0F043B051B3A0508B257075A
E2027F0C7F0F042F051B3C0508B2574D
5AF402880C810F0437051B3D0508B357
6B5AEA02820C7F0F042F051B390508B3
57F75AF302860C7C0F0437051B360508
B457B85ACA02E90C7B0F043B051B3605
08B357D25AC602E50C790F043F051B37
0508B357095BC202E40C790F0433051B
370508B257185BC702E10C7D0F042605
1B320508B3575D5BD302A50C7C0F042B
051B320508B357905BD302A70C7C0F04
37051B320508B4579B5BD302AC0C800F
0426051B280508B357AC5BC602A70C82
0F0422051B1E0508B357C85BC602AC0C
800F0422051B1C0508B357CC5BD9028C
0C810F0422051B1A0508B357065CE602
7C0C850F0401051B120508B357F45BDE
02810C8F0F04F9041B0D0508B357F55B
E602790C8C0F0422051B0D0508B357EE
5BB702BC0C7D0F0422051B120508B457
E25BBF02C10C730F0401051B140508B3
57DB5BB702BD0C7A0F04D8041B140508
B357EF5BB702BE0C870F04AA041B1305
08B457395CC202DD0C9E0F0480041B12
0508B4578E5CCD02DF0CB40F047C041B
110508B457855CC702DB0CBF0F04A204
1B070508B457C45CC902D50CBB0F04CB
041BF90408B457985CF902CD0CB00F04
E4041BF20408B357605CFC02C70C9E0F
0412051BF00408B357915C0703DF0C84
0F0433051BEB0408B3578F5CFE02D60C
6C0F043B051BE00408B3578B5CFB02CC
0C5F0F0448051BCE0408B357975CE302
800C550F0461051BC20408B3579A5CEC
027A0C420F049F051BBE0408B257995C
F302860C230F04EA051BBF0408B257A8
5CE602820CF50E0439061BBD0408B157
935CF202720CC50E045A061BBC0408B1
57BF5CF102650C9A0E0462061BBC0408
B157F45CEB02730C800E044D061BB704
08B257005DF1026B0C750E045E061BAB
0408B257005DE902A20C700E0477061B
950408B357D25CF102AC0C640E049006
1B890408B357DC5CEB02A90C560E04A9
061B830408B357FE5CED02AC0C470E04
B5061B850408B357D55CD502770C4A0E
047F061B840408B357D35CE002740C59
0E0441061B7F0408B357CB5CD5027A0C
7A0E04D2051B810408B3574D5DDE0277
0CA10E0482051B820408B357105DDC02
6A0CD40E043B051B790408B357145DC6
02920C000F047A051B640408B457005D
C5028D0C0C0F04B0051B4F0408B357EF
5CC202960CFE0E04E1051B480408B357
E75CC4027F0CE30E0413061B420408B4
573C5DA202880CCE0E0403061B400408
B457DA5CA0028C0CC20E04F2051B3804
08B357FD5CB5028F0CC30E04D1051B2C
0408B357C95CB1028C0CCA0E04D1051B
280408B257545D03023D0CCB0E04C805
1B270408B257655D0002370CCB0E04EA
051B280408B2574D5D12023B0CC10E04
FE051B210408B257E85D0A02490CB40E
0417061B170408B25738680902080CA2
0E0434061B0D0408B25724662502F90B
900E0452061B0C0408B15738632B0200
0C7E0E046F061B0C0408B1576E612502
0C0C660E0498061B0F0408B157276027
020A0C4A0E04B5061B0D0408B157F25F
8506B00B3A0E045E061B0F0408B057E2
607D06C10B470E0452061B0D0408B057
3F608406BB0B560E045A061B120408AF
574E5F8606B20B5B0E046A061B140408
AF57DC5E5E03240C570E047F061B1804
08AF57575E56032E0C4D0E0456061B1D
0408AF57205E5803320C520E0456061B
1D0408AF571D5E5803330C5A0E042006
1B1D0408AF57E15D1301140A6D0E0420
061B200408AF57DF5D13011F0A780E04
6F061B1F0408AF57A15D0E011F0A6B0E
045A061B1E0408AF575A5D1301250A5A
0E0498061B1B0408AE575E5D17019B0B
450E04D2061B150408AF57435D2A0309
0D250E040D071B130408AF572A5D1303
130D020E0419071B100408AF571B5D1D
030E0DE80D041D071B0C0408AF57E95C
1A030A0DD90D0415071B010408B057F1
5E3703DA09D30D0421071BF30308B057
9A5F3103C809CF0D042A071BE60308B0
57D15E2E03D009C60D043E071BDD0308
B057035E2D03D009B70D043C321ADE03
08B057D15DF9080F23AA0D04F5A614DC
0308B057AD5DF5081123C70D043E730E
DE0308B057C05D03091E23F40D04D63E
0EDC0308B057745D03091923080E0416
120FDD0308B057945DF502A1040E0E04
74CF0FDE0308AF57B65D0403A104160E
04C21A10DF0308B0577A5D0303A40425
0E0494A60EDE0308B0579E5EF502AE04
320E040A0F0FDE0308B057AF5EFA0277
04430E0463DA0FDB0308B1571A5E9802
C303580E04766D0FDD0308B157746090
02CA03740E0470DC0EDE0308B057E95F
9302BF03990E0452630FDD0308B0578A
5FA202BB03</Data>

   <DataCRC>b9bdb29a</DataCRC>

   <BytesSent>6069</BytesSent>

</SBEDataUpload>
</InstrumentRawData>
</SBEDataUploadFile>
