<?xml version="1.0"?>
<!-- SCPlusV2_RS232 -->
<SBEDataUploadFile>
<ApplicationData>
<Seaterm232>
<SoftwareVersion>2.6.3.104</SoftwareVersion>
<BuildDate>30-Jun-2017</BuildDate>
</Seaterm232>
</ApplicationData>
<InstrumentState>
<HardwareData DeviceType='SBE19plus' SerialNumber='01906740'>

   <Manufacturer>Sea-Bird Electronics, Inc.</Manufacturer>

   <FirmwareVersion>2.2d</FirmwareVersion>

   <FirmwareDate>9 February 2011 08:30</FirmwareDate>

   <CommandSetVersion>1.1</CommandSetVersion>

   <PCBAssembly PCBSerialNum='25307' AssemblyNum='41054G'/>

   <PCBAssembly PCBSerialNum='25737' AssemblyNum='41580B'/>

   <PCBAssembly PCBSerialNum='24669' AssemblyNum='41606'/>

   <PCBAssembly PCBSerialNum='24372' AssemblyNum='41059D'/>

   <MfgDate>  08 DEC 2010</MfgDate>

   <InternalSensors>

      <Sensor id='Main Temperature'>

         <type>temperature0</type>

         <SerialNumber>01906740</SerialNumber>

      </Sensor>

      <Sensor id='Main Conductivity'>

         <type>conductivity-0</type>

         <SerialNumber>01906740</SerialNumber>

      </Sensor>

      <Sensor id='Main Pressure'>

         <type>strain-0</type>

         <SerialNumber>3220369</SerialNumber>

      </Sensor>

   </InternalSensors>

   <ExternalSensors>

      <Sensor id='volt 0'>

         <type>SBE 43 OXY</type>

         <SerialNumber>432005</SerialNumber>

      </Sensor>

      <Sensor id='volt 1'>

         <type>not assigned</type>

         <SerialNumber>not assigned</SerialNumber>

      </Sensor>

      <Sensor id='volt 2'>

         <type>ECO-FLNTURT CHL</type>

         <SerialNumber>FLNTURTD-2025</SerialNumber>

      </Sensor>

      <Sensor id='volt 3'>

         <type>ECO-FLNTURT TURB</type>

         <SerialNumber>FLNTURTD-2025</SerialNumber>

      </Sensor>

      <Sensor id='volt 4'>

         <type>not assigned</type>

         <SerialNumber>not assigned</SerialNumber>

      </Sensor>

      <Sensor id='volt 5'>

         <type>not assigned</type>

         <SerialNumber>not assigned</SerialNumber>

      </Sensor>

   </ExternalSensors>

</HardwareData>
<StatusData DeviceType='SBE19plus' SerialNumber='01906740'>

   <DateTime>2018-11-26T19:37:10</DateTime>

   <LoggingState>not logging</LoggingState>

   <EventSummary numEvents='241'/>

   <Power>

      <vMain>12.4</vMain>

      <vLith>5.3</vLith>

      <iMain>61.4</iMain>

      <iPump>156.8</iPump>

      <iExt01> 4.2</iExt01>

      <iExt2345>18.2</iExt2345>

   </Power>

   <MemorySummary>

      <Bytes>1110270</Bytes>

      <Samples>65310</Samples>

      <SamplesFree>3805169</SamplesFree>

      <SampleLength>17</SampleLength>

      <Profiles>71</Profiles>

   </MemorySummary>

</StatusData>
<ConfigurationData DeviceType='SBE19plus' SerialNumber='01906740'>

   <ProfileMode>

      <ScansToAverage>1</ScansToAverage>

      <MinimumCondFreq>3226</MinimumCondFreq>

      <PumpDelay>60</PumpDelay>

      <AutoRun>no</AutoRun>

      <IgnoreSwitch>no</IgnoreSwitch>

   </ProfileMode>

   <Battery>

      <Type>alkaline</Type>

      <CutOff>7.5</CutOff>

   </Battery>

   <DataChannels>

      <ExtVolt0>yes</ExtVolt0>

      <ExtVolt1>no</ExtVolt1>

      <ExtVolt2>yes</ExtVolt2>

      <ExtVolt3>yes</ExtVolt3>

      <ExtVolt4>no</ExtVolt4>

      <ExtVolt5>no</ExtVolt5>

      <SBE38>no</SBE38>

      <OPTODE>no</OPTODE>

      <GTD>no</GTD>

   </DataChannels>

   <EchoCharacters>yes</EchoCharacters>

   <OutputExecutedTag>yes</OutputExecutedTag>

   <OutputFormat>raw HEX</OutputFormat>

</ConfigurationData>
<CalibrationCoefficients DeviceType='SBE19plus' SerialNumber='01906740'>

   <Calibration format='TEMP1' id='Main Temperature'>

      <SerialNum>01906740</SerialNum>

      <CalDate>07-Jan-11 </CalDate>

      <TA0>1.255288e-03</TA0>

      <TA1>2.593288e-04</TA1>

      <TA2>-2.376104e-07</TA2>

      <TA3>1.449298e-07</TA3>

      <TOFFSET>0.000000e+00</TOFFSET>

   </Calibration>

   <Calibration format='WBCOND0' id='Main Conductivity'>

      <SerialNum>01906740</SerialNum>

      <CalDate>07-Jan-11</CalDate>

      <G>-1.033008e+00</G>

      <H>1.393941e-01</H>

      <I>-2.175401e-04</I>

      <J>3.475757e-05</J>

      <CPCOR>-9.570000e-08</CPCOR>

      <CTCOR>3.250000e-06</CTCOR>

      <CSLOPE>1.000000e+00</CSLOPE>

   </Calibration>

   <Calibration format='STRAIN0' id='Main Pressure'>

      <SerialNum>3220369</SerialNum>

      <CalDate>21-Dec-10</CalDate>

      <PA0>8.222195e-01</PA0>

      <PA1>1.566037e-02</PA1>

      <PA2>-6.194425e-10</PA2>

      <PTCA0>5.244452e+05</PTCA0>

      <PTCA1>4.417653e+00</PTCA1>

      <PTCA2>-9.798927e-02</PTCA2>

      <PTCB0>2.510725e+01</PTCB0>

      <PTCB1>-1.150000e-03</PTCB1>

      <PTCB2>0.000000e+00</PTCB2>

      <PTEMPA0>-5.917147e+01</PTEMPA0>

      <PTEMPA1>5.387460e+01</PTEMPA1>

      <PTEMPA2>-2.653169e-01</PTEMPA2>

      <POFFSET>0.000000e+00</POFFSET>

      <PRANGE>5.076000e+03</PRANGE>

   </Calibration>

   <Calibration format='VOLT0' id='Volt 0'>

      <OFFSET>-4.687158e-02</OFFSET>

      <SLOPE>1.247988e+00</SLOPE>

   </Calibration>

   <Calibration format='VOLT0' id='Volt 1'>

      <OFFSET>-4.719579e-02</OFFSET>

      <SLOPE>1.248132e+00</SLOPE>

   </Calibration>

   <Calibration format='VOLT0' id='Volt 2'>

      <OFFSET>-4.684526e-02</OFFSET>

      <SLOPE>1.248324e+00</SLOPE>

   </Calibration>

   <Calibration format='VOLT0' id='Volt 3'>

      <OFFSET>-4.678105e-02</OFFSET>

      <SLOPE>1.247145e+00</SLOPE>

   </Calibration>

   <Calibration format='VOLT0' id='Volt 4'>

      <OFFSET>-4.669684e-02</OFFSET>

      <SLOPE>1.248307e+00</SLOPE>

   </Calibration>

   <Calibration format='VOLT0' id='Volt 5'>

      <OFFSET>-4.709579e-02</OFFSET>

      <SLOPE>1.247697e+00</SLOPE>

   </Calibration>

   <Calibration format='FREQ0' id='external frequency channel'>

      <EXTFREQSF>9.999977e-01</EXTFREQSF>

   </Calibration>

</CalibrationCoefficients>
<EventCounters DeviceType='SBE19plus' SerialNumber='01906740'>

   <EventSummary numEvents='241'/>

   <Event type='ErrorFLASHUncorrectableError' count='241'/>

</EventCounters></InstrumentState>
<Headers>

cast  51 24 Nov 2018 13:25:53 samples 52675 to 53473, avg = 1, stop = mag switch

</Headers><InstrumentRawData>
<SBEDataUpload startAddr='895458'>

   <Type>1</Type>

   <DataFormat>SEACATPLUS0</DataFormat>

   <Bytes>13583</Bytes>

   <Data>
0BAE03768112E90308D655DB5DBF0C00
0E38BD0338B10FE90308D7555963BD0C
FB0DF3C40377E011EC0308D6551A61C1
0C070E17C903C8450EF50308D6556F62
C20C070EB8CA03A51B13FA0308D755E7
62D20A00FC3DCB03923616010408D755
975FD50A02FCF2CB03B33416040408D6
556C5DDA0AF9FBD1CC0333481B090408
D7553A5CE00A09FCECCD0381D61A0F04
08D755795A05072C6BE0CE03F37C1716
0408D75568590D07306B57CF03E2951B
1D0408D755F6580707256B98CF0374BB
1B220408D7558E580807236BA7CF03B2
AD1B210408D755B257D702721080CF03
43BD1B1E0408D8555D57E002651069CF
035EA11B190408D8553557D7027610A4
CF03AA991B1A0408D855EA56E6027B10
02D003F1A01B1C0408D955CC56D70265
105AD003309C1B1F0408D955A256D902
2D100FD103FA8C1B280408DA559956E4
023C10EBD10358861B2B0408DA55A356
DE0234105AD203E6811B2C0408DA5572
56E9022B10B3D203BA771B2B0408DB55
8156D202301037D303A3731B250408DC
556056CA022D10B9D303DA721B240408
DC552956D202331032D403B6741B2704
08DC551A56D0023B1091D403D3771B2B
0408DC552756C7022410CED403F8781B
2D0408DD559456CF0218100FD503CD71
1B2E0408DD555F56CE02261039D503EF
6E1B300408DD554756CF02241037D503
4F6E1B300408DD55B956E6026F1040D5
03B76D1B310408DE5531560203691067
D503D46D1B320408DE555456EC026B10
A0D503226E1B330408DE556B56EA0274
10D5D503D86C1B300408DE55A556E602
6B10ECD503FF6B1B300408DE55EE56E4
024F10DBD5036C6A1B310408DE555D56
D5025A10CAD503196A1B310408E0551E
56EA024A10C9D50385691B310408E055
EF55DE024510D7D503106B1B330408E0
55D455FE02AB10EFD503246B1B300408
E05576550503AD100BD6037A6B1B2D04
08E0558654FE029E1023D603046B1B28
0408E1552354FA02A61027D60396691B
240408E155DF53E502671010D6036E68
1B290408E2559B53E6027710E5D5035E
681B2E0408E1554553E7027110DDD503
236A1B320408E1552353E3026810E2D5
03E56C1B340408E155F452D0029210D4
D503706F1B310408E155F652D5029A10
B8D5033D711B2F0408E1550353D6029C
10A1D503926F1B290408E0550F53CE02
98109ED503DF6E1B260408E055ED52D2
02A3109DD503C1761B230408E055D752
F70287106DD503AD821B1C0408DF5503
53F80283104BD503137A1B130408DF55
4153F702891050D503A66D1B150408E0
552753F2028A1044D50313721B1A0408
DF551453B002A81034D5039C741B2104
08E1558453AE02A5102FD503C4731B25
0408E0554253B402B21037D5036F721B
270408DF555853A802AE1041D5033471
1B290408DE55755335033F1033D503A7
6E1B2A0408E055425338033A1020D503
376E1B2F0408E155395334033E1016D5
03DB6F1B300408E15548533303321010
D503DA721B320408E1554553F2025C10
02D50315761B320408E1552F53F5025A
10F0D4032E751B300408E2553153F102
5C10F8D403E4741B2F0408E2551753F1
02691010D50319721B310408E3554353
E50267102BD503B8711B300408E25505
53D102A2103ED50359721B310408E255
0353CC029A104DD50365721B340408E2
551453CB02941064D5030D731B360408
E3553753D502961075D503437D1B3604
08E255FF52FC02961053D5038E871B33
0408E255C052EF029B1009D503978A1B
2D0408E255CF52E8029B10F9D2034485
1B290408E255E552F502951055D103E8
7B1B270408E255F752F802BD10AED003
7F751B280408E155D252ED02B3101BD1
03E87A1B2A0408E155C652F602B2108A
D10329881B2A0408E055B852F502BD10
33D203CD8A1B240408E055BF52D30294
10A1D203BF861B210408DF559552D402
801089D203AC801B220408E0557052D3
028A10C0D203C77A1B230408E1557252
CE02891012D30360761B290408E15565
52D2028D1088D303DB761B2D0408E155
685215039B10E0D30374831B2D0408E1
5544520D039B101AD4039E8B1B2B0408
E1553D520503911073D403DB8B1B2704
08E0551C5213039E105FD30373851B22
0408E1550F52EC026F10E4D1036E801B
220408E1552452F1027A1077D103DC7C
1B220408E155FD51F3028310BAD10363
7A1B200408E255F551F102881055D203
A4771B210408E255F351E6027B100CD3
03F1741B210408E355D951E2027610BC
D303F2711B220408E3559B51E0027E10
4ED4037F711B290408E3557151DE027C
10A1D403997B1B2E0408E2557951D102
C110A3D40352871B2C0408E3556D51CD
02B310CFD403BD8A1B2B0408E2556C51
D502C310BAD4038D881B290408E25550
51D102B110F4D2035F7E1B280408E355
2951CC02B210C5D103B6771B2A0408E2
551D51E3025B116ED103C47D1B2A0408
E3550251DA02581179D10325881B2A04
08E455F950E3025411D9D1037E8C1B27
0408E455D750E00254113CD203A0901B
210408E555C750B0028210E6D0036D90
1B1C0408E655C450AE02851037CF0327
861B1A0408E655CE50B3028410DCCE03
2C7C1B1D0408E655B450B8027B10ECCE
0395761B240408E655BC50EB02BC109A
CF0345761B280408E655B650EF02B610
84D0030E7E1B2C0408E555B850ED02C1
1039D103D8871B2D0408E755DD50EF02
B810E0D103BF8C1B290408E755E450EF
029C1070D2031C8F1B260408E855E750
F102971003D203618D1B240408E855EE
50F5029B1059D00337831B260408E855
C750EA029810C6CF032E7D1B280408EA
55C150F3029810A9CF038E801B2C0408
EA55AB50010398109ECF03AE881B2F04
08E9557150FE029910D1CF03228D1B2D
0408EA5551500603931056D003A78F1B
2E0408E955545007039C10DAD003BB91
1B2C0408E7557F50C5026910C1D00317
941B290408E8558E50BC02671090CF03
09961B230408E8558750BA0270104CCE
0343931B200408EA558B50C4026B101F
CD031C871B210408EB556D50E2027A10
D3CC033D7E1B260408EC556D50DF027D
1028CD03757E1B2C0408EC554D50E502
7F10EECD0340851B2E0408EB554450E2
027E10B5CE03B28B1B2D0408EC552D50
D0028E105FCF037A901B280408EC555E
50CC028910EBCF0338921B260408EC55
4350D5028B1051D00302901B270408EC
552A50D302901022D00332881B260408
EB551650D3028210C4CF03F6801B2B04
08EC552750F1024610B6CF03CB7E1B2F
0408EB551A50F5025410F1CF03FB821B
300408EC552550EC024B102BD003A189
1B2E0408EC552950F5025310A1D003DE
8D1B2A0408EC552E50F80298102BD103
268E1B2A0408EC554350EA029D109AD1
03DE861B2A0408ED553650F5029910ED
D10386801B2F0408EC552350F3029D10
1ED203A0811B300408EE551E50D502B6
104ED20328861B300408ED551850D002
B61080D20337891B2D0408EE552250D5
02B210A9D203958B1B2C0408EF552E50
D102BC10C9D203318E1B2A0408EE5538
50EA02BA10E3D203518D1B270408EF55
3E50E602B810F6D20355851B2B0408EE
553950E202B41010D3030C831B2C0408
EF554B50E002BE102CD3037C851B2E04
08EE555950E002B4103DD303BD871B31
0408EF554B50F302991040D30317891B
2F0408EF554350F402981049D303768A
1B2D0408EF550B50F1029C104DD303B6
8C1B280408ED552550F10296104CD303
588F1B250408ED551C50D602A9104DD3
03CF8A1B260408EB552750D702A8104B
D303A0811B270408EB554350E202AD10
75D303647E1B2D0408EB551C50E702AB
10C3D303D47F1B2E0408EC553350EB02
8E10DFD30341801B2C0408EA551850E9
028B10D3D303C47F1B270408EA550950
F1028810DDD303A0801B240408EB55FE
4FEE028710ECD3039C821B200408EA55
F04FCF029810F1D3038B841B1D0408EC
550050CF029810F1D3031E7E1B210408
EB55EE4FD2029C1023D403A4771B2904
08EE55CF4FCF02991079D40311761B2F
0408EE55C84FD902A210A1D403AD771B
340408F0552750E202D2109FD4031E76
1B330408F0550650DE02DA10B3D403CF
741B2B0408F255CA4FDE02D310DFD403
F1731B250408F455D04FDD02E01003D5
0363731B240408F355BE4FDE02C41026
D50305751B290408F455EB4FE402C710
3CD50374761B2B0408F455C74FDF02C5
1036D503CF771B300408F5550D50E702
C91027D5033A7A1B2F0408F7550250D2
021C1111D503CA791B320408F6551250
D5021D11FFD403AA7A1B320408F6552E
50CE021F11ECD4031F7C1B310408F755
5450D7021411DED403547E1B2F0408F5
559C50E502AC10D3D403FC7F1B2C0408
F655B150E002A110C2D40338811B2404
08F455FC50E202AC10B7D403AD801B17
0408F255C450DC02AD10A9D403C7841B
140408F055CA50E2029F109BD4033084
1B160408F155F050EA02B91091D40328
821B1A0408EF55BC50EF02AF1089D403
D8821B1F0408EE55CE50F302B31076D4
03F7821B230408EE55F450F102BA1061
D403AF831B270408EE550A51AC02F810
4ED40353841B2C0408EC555051A802F4
103ED4034B861B310408ED555151AC02
F21034D403DE861B370408EC558F51B5
02F41026D40385881B3F0408ED553251
EF02DF1018D403A2881B440408ED5559
51EF02DA100AD403F0881B460408EB55
7951F502DA10F7D30359881B450408ED
556651F002DB10E5D30342881B410408
ED555B510D03AD10CED303DD891B4004
08EF5521511103AD10BED3038F8A1B41
0408F05562511503B010B2D3033B8B1B
430408F25518511703A810ADD303318B
1B450408F15515510E03AA10A7D30302
861B4D0408F255F950FA0296109ED303
607E1B560408F355DE5006039B10B0D3
03A87E1B5C0408F3553A51FC029A10B9
D30312801B5D0408F455D55100039310
C2D303297F1B590408F5558451EF02E3
10DAD3037B821B550408F3553851EF02
E910ECD30317861B580408F3550251F1
02E310F7D303C2871B630408F555E650
F102E910F5D3031D881B690408F655F0
50DE02EB10EDD30321881B6C0408F755
C550E202EE10DED30308881B6D0408F5
55C050DD02E110CBD30381871B6A0408
F5559450D802E610B6D3036C881B6A04
08F4556D50F502DC109ED303F7891B6A
0408F3555150F102D7108BD303298B1B
6B0408F2553850F902D3107ED303A28B
1B6F0408F4551D50F302DC1078D30354
8C1B710408F6550950F302CF1077D303
118D1B780408F7553A500203F81077D3
03028D1B7E0408F6553F50FF02FC1067
D3034E8D1B840408F455CF500003F210
4AD303C28B1B830408F555C250FE02F9
101FD303DF8B1B810408F55562500003
4311EFD203CC8C1B7D0408F6554150FF
024911BED203D28D1B800408F4551850
0403451180D203B48E1B810408F2550F
50080347111ED203EC8E1B880408F055
DA4FFE02B610ADD103968E1B8C0408F2
55DB4F0003B71058D103FF8D1B8D0408
F055C64F0503B71026D103E28C1B8C04
08F155B14F0303B61017D1038E8C1B87
0408F355924F0B03F4101BD103EA8C1B
870408F355704F1503FA1015D103CD8D
1B840408F255444F0D03F410FED00378
8E1B850408F155404F0D03FA10DAD003
188F1B890408F1554C4F1003FA10AED0
039D8E1B8A0408F255064FFF0212118A
D003638D1B8C0408F355214F06031211
7CD003DD8C1B8D0408F4556C4F070316
1184D003977E1B8F0408F355974F0003
1E110CD103BE6E1B8F0408F255734FDD
029311FCD20344641B910408F155444F
DF029511C8D5033C5E1B960408F3553F
4FD80292114BD803885B1B970408F355
174FE2028F1130DA034F5A1B990408F2
55294F020325119EDB035A581B980408
F355DA4E040323118BDC039E571B9504
08F455D24E02032F1114DD034D571B91
0408F255BA4E0C032B1164DD03A8561B
910408F255BB4EFE02FB10A9DD031B56
1B960408F255DC4E0403F910E3DD0316
561B9C0408F255BC4E0103FA1001DE03
E8551BA00408F2550A4FFC02F810DFDD
0367561B9E0408F155374F0103F4109D
DD03DA561B9B0408F1558B4FFC02E310
5BDD03FA561B970408F055A64FFE02E5
1019DD03CD561B960408F255E74FFF02
E410F0DC03CD561B990408F355E94F06
03E510EADC03B1561B9F0408F5554950
DE021C1109DD035F561BA70408F5558C
50E202131145DD03A8551BAB0408F655
D150E102111186DD03C6541BAA0408F7
55E650E6021611CFDD035C541BAA0408
F65533510203F9100EDE03D4531BAA04
08F4555051FF02F61039DE0352531BB3
0408F4558E51FF02F61050DE0388531B
BF0408F455A952F602F2105BDE039D53
1BCA0408F555B556FE02CF1047DE0383
531BCD0408F555A059F802D0101EDE03
D9531BCB0408F7552E580003C7100BDE
03EA531BCA0408F755EB560003D11005
DE03A4531BD10408F7557F56FA02C710
00DE0399531BD80408F555295606031A
11F8DD03A6531BE10408F55514560403
131105DE0356531BE30408F5550756FC
02161115DE032B531BE60408F555D756
050318113FDE03BC521BE60408F455B3
56060306116CDE034E521BE80408F555
6E56FC0204119CDE0308521BEF0408F5
555056FF020711BFDE03FD511BF80408
F75503560D030A11DADE03D7511B0205
08F85521561D03D810EBDE03C6511B09
0508FA554A570F03D410F6DE0397511B
070508FA553F591103D81004DF036D51
1B030508F95539590903D61011DF0340
511B000508FB553B581603D01017DF03
4B511B030508FA557C570B03E5101ADF
034B511B0C0508FA553A571103E51017
DF0375511B1B0508FB559A571003E510
1DDF0335511B280508FC553F581403E8
1031DF03E1501B320508FC559D591503
6B114CDF03B9501B340508FB55225A11
036F1167DF0361501B340508F8557759
0B0372117CDF0337501B320508F955BF
5810036C118BDF033E501B340508FB55
1258150305119DDF030C501B3B0508FA
558C5710030711A8DF0315501B490508
F8555C5711030511BBDF030D501B5305
08F9552E5719030311FDDF03804F1B56
0508F955E7560F0325113EE0031F4F1B
540508F855CF560403221175E003DF4E
1B500508F9559C560B0325119BE003C7
4E1B4F0508F75579560F032311ADE003
AC4E1B560508F8556C560F032011B3E0
03D74E1B5D0508F7553056FC02FD10AB
E0031D4F1B630508F7557F56FE02F310
99E0031F4F1B630508F6552E570403FE
107CE0031A4F1B650508F6556358FC02
F61057E003354F1B5F0508F755F857FC
0208113CE003384F1B590508F8555657
FE020B112DE0031F4F1B580508F855DE
56000304111BE0034A4F1B5E0508F755
9D56FC0203110AE003634F1B670508F7
558E56EF02D910FBDF03784F1B6E0508
F9554156F102D110F3DF037C4F1B7205
08F8550656EC02DA10F2DF037F4F1B6E
0508F7550656E902D410F5DF036F4F1B
6D0508F955995604032311F2DF03414F
1B6B0508F9556E5602032511F2DF0319
4F1B680508F855335602032411ECDF03
234F1B6E0508F855135602032711E0DF
03344F1B750508F955FC55FF022111D7
DF03464F1B7E0508F9553F5605037711
CDDF034D4F1B8B0508FA55AE56FE0276
11DCDF032B4F1B980508FA555F570003
6E1122E003864E1BA10508FA55F157F8
02761178E003C34D1BA90508F955DB57
1E035D11D5E003444D1BAF0508FA55A8
572603611110E1032E4D1BB10508F855
6F572C034E112FE1032B4D1BB60508F9
550F5724034E113FE103554D1BBC0508
F655F4560A03161142E1033F4D1BC505
08F655C35716031B113FE1034C4D1BD0
0508F6556E580D03141144E103374D1B
DB0508F75598580903161166E103E64C
1BE30508F7555C580C031B11C5E1031A
4C1BEB0508F8551A581103111120E203
8F4B1BF20508F755F2570F0314115CE2
037E4B1BF70508F655DB570B031C118A
E2036D4B1BFF0508F855105807031011
A3E2035F4B1B0A0608F7552758340345
119DE2037A4B1B110608F6550F582503
4B110EE303DD4A1B1B0608F655275831
0347111EE50354461B230608F7559858
2F034211BEE703FF401B2D0608F655C9
58370305115AEA03BF3D1B350608F755
D4583103091162EC03783B1B3D0608F8
559F582D030511EEED031C3A1B460608
FA55D558340302112AEF03C5381B5006
08F955E4582603581320F003EA371B5A
0608FA55505933036613D9F00367371B
630608FA55B7593303631399F1036A36
1B6D0608FB555F592D036B1360F2031F
351B780608FC550F597903931303F303
7D341B810608FD55D8587D0396137BF3
03F2331B8D0608FD55E7587E038B13CE
F303C0331B980608FA55E65880039513
03F4035B331BA20608FC552359780394
131DF4033A331BAC0608FD5537598D03
53142CF4034A331BB70608FE55765991
034A143DF40307331BBC0608FE55DD58
91034C145DF403B7321BC20608FF556D
588D03531475F403A2321BC706080156
F9579503F31384F403B0321BCC060801
56BF579203F41399F403AA321BCD0608
005695578603F313C1F40378321BCC06
08025673578503F013EBF4030E321BC9
060801562F57A103C2130EF503CF311B
C20608025659579C03C31322F503B931
1BC1060801561E57A003BF1318F50394
311BC306080156DB56A503C213DFF403
38321BC906080056BD56AB03E113A4F4
0380321BD206080156BB56AB03E2138F
F40367321BDB060802567D56AA03DF13
9DF40316321BE106080156A756AB03DF
13BEF403A9311BE20608FF55C856A503
DD13F9F4033C311BE00608FF559356A3
03F51349F5038B301BE00608FE559B56
A303EE1389F50348301BDE0608FE5563
569C03F513B8F5031D301BE30608FE55
2E569103F013CCF50337301BE60608FD
552C568F033814C6F50387301BED0608
FD55445690033714CCF503A0301BF106
08FE55615692034414DDF5031A301BF1
0608FE557C568B033B14E8F503CE2F1B
F30608FD557156BC03CE13F3F5039B2F
1BF40608FD555056BD03CA13F8F503A8
2F1BF60608FB555056C103D513FAF503
762F1B050708FD556656BE03C713F9F5
036D2F1B0E0708FC55A156AB03F71304
F603582F1B180708FC55FC56AD030214
1AF6033A2F1B260708FD553057AC03FC
133AF603E32E1B300708FF553157AB03
FF1369F603822E1B380708FE551357AA
03F8138BF603362E1B420708FF550657
C703301491F603712E1B4B0708FF550E
57C9032E1495F6035C2E1B530708FE55
F956D20337149FF603282E1B540708FE
550957CD03351492F603712E1B4F0708
FE55E456D10306147CF603A82E1B4D07
08FD55F656D003FF136EF603CE2E1B4A
0708FD55D056CC03F81365F603D62E1B
4E0708FD55CC56CB03FE135DF603EA2E
1B590708FD55BD56CB03D6135CF603A4
2E1B650708FF55C956D003E01359F603
9F2E1B6F0708FF550C57C903DF1357F6
038F2E1B73070800567157CE03E41358
F603822E1B7A070800566257C1032914
61F603602E1B7E070800565557B80333
145DF603802E1B850708FF553957BC03
2C1446F6039F2E1B95070801565D57C1
032C1430F603B02E1BA4070800566357
B8032B1413F603D22E1BAB0708FF555F
57BA031714F2F503112F1BB607080056
9957B6031F14CDF5033E2F1BC0070800
567157BA032214B2F503502F1BC90708
00566457C5032314BEF503222F1BD307
0802567257B603E213D8F503EF2E1BDD
070801569357BD03E313F2F503CE2E1B
E80708FF55BE57C103E71315F6038D2E
1BF00708FF55DD57BA03D8132AF6037A
2E1BF60708FF55C357BF039F1322F603
A82E1BFF0708FD55EB57BF03A6130FF6
03CA2E1B050808FC55ED57BA03A613FB
F503CE2E1B090808FC55EB57B3039D13
E8F503EF2E1B0F0808FB55F157D303B5
13CCF503262F1B1C0808FD553758CA03
B713ADF5033F2F1B290808FC553758CB
03AF1395F5035D2F1B350808FD554758
C703A91387F503542F1B460808FF55A7
58CE03AA138EF503372F1B500808FE55
D758B403EF139BF5031A2F1B56080800
56C358AE03EC13A9F5030D2F1B5D0808
FF559658B603EE13AFF5030D2F1B6308
08FF559058AA03E913BFF503E72E1B6C
08080156E358AF033013D8F503B52E1B
77080802567058AE032A13F5F503932E
1B7C08080256C558AE0330130CF60378
2E1B85080802569858A40336131EF603
602E1B93080802569258A80390132DF6
03502E1B9E08080456A358A9038F133C
F6033F2E1BA708080356C158A8039013
49F603362E1BAD080804560E59A80386
1352F6031F2E1BAD08080256CF58BE03
FD1357F603152E1BAC080802569458B8
03FE1353F6032A2E1BB4080801569058
BE03F6134DF603362E1BC308080056B8
58BA0301144CF6032E2E1BD40808FF55
D858B803FC1352F603152E1BE10808FF
55FF58C003421461F6030B2E1BEA0808
FE555559BD03391471F603E72D1BF008
08FE55FD58BA0348147BF603E72D1BFB
0808FD552B59B40339147CF603E72D1B
070908FC554C59AB03E81375F603E72D
1B1C0908FD551B59AB03F71363F60311
2E1B2C0908FC552959B203E81343F603
502E1B3C0908FD550659B003EE1321F6
038A2E1B470908FE553259B6033C1407
F603A42E1B540908FE555659BA034714
F7F503A82E1B5F0908FD55F258BA033D
14FBF5038A2E1B650908FD55D758BE03
3C1401F603892E1B6F0908FC55A758BB
032A14FEF503972E1B780908FC55AD58
B7032E14F7F503A42E1B820908FE559B
58BC033314F3F503A82E1B8A09080056
AE58B0033014EFF503A82E1B920908FE
55B558C0032814EDF503A42E1B9A0908
FF559258AD034214EEF503A52E1BA509
08FE554958AB033A14EEF5039F2E1BB0
0908FF553158A9033B14ECF503AC2E1B
BC090801566D58AB034014E9F503B02E
1BC1090801565E58AB03D913E3F503C5
2E1BC1090801565258AE03D913DFF503
B92E1BC4090801564058A803E413DBF5
03C12E1BC4090800563558B203DD13D5
F503CA2E1BC909080156FE578C032315
CEF503DF2E1BD20908025623588A0320
15C8F503F42E1BDF0908035625589503
1715BAF503162F1BE909080556115889
0313159BF503542F1BEF090805561558
9803A81480F503652F1BEF090804562C
58A003AF1471F503652F1BEB09080256
FE579C03AC1464F5036D2F1BE8090802
56E9579E03A6145BF5037A2F1BEA0908
0356CD579703A81455F503872F1BF609
080256EE579D031A1456F5038F2F1B01
0A080056F657A103211457F503722F1B
0E0A0800561558A303171460F503542F
1B150A080056F357A203271476F50326
2F1B1A0A0802561B588903741481F503
222F1B1C0A080156F1578B0366147CF5
03432F1B210A080156E15786036F1476
F5034C2F1B240A080056B8578C037314
70F503542F1B280A0800568957A50302
1569F503652F1B280A0800568D57B003
071560F503762F1B280A08FF557457B2
0306155CF503832F1B2A0A08FE556357
AC03041557F5038B2F1B290A08FE5531
579A03881453F5038B2F1B2A0A080156
25579703821451F5038B2F1B2C0A0802
562B57A503831453F5038B2F1B290A08
035617579B03861453F503872F1B2A0A
08045635579F03861455F503872F1B2A
0A0804560D578703F61458F503832F1B
2B0A08025613578B03FE1456F503832F
1B2B0A080256F5568E03FA1457F5038B
2F1B2A0A080156F9568403F71456F503
7B2F1B2B0A080356DF569C03661457F5
035D2F1B290A080156CA569603641453
F503582F1B280A080356E656A7035714
4FF5036D2F1B290A080456EC569B035D
144DF5036D2F1B280A08045614579C03
281551F5037A2F1B260A080456F7569E
032A1552F5036B2F1B280A080556E656
9C032D1555F503722F1B2A0A080456DD
569D032E1557F503762F1B280A080356
DC56A703001554F5036D2F1B2A0A0802
56E456B2030A1558F5036D2F1B2C0A08
0256E756AB030A1557F503732F1B2C0A
080256D356A903041554F503762F1B2C
0A080256EE56AC03081554F503762F1B
2C0A08045600578E03AC1454F5037A2F
1B2D0A080556F9568503A51451F50383
2F1B2A0A08045600578503A91450F503
832F1B290A08045621578D03AC144FF5
037F2F1B2B0A080456F756A503D8144E
F5037A2F1B290A080356CF56B603D814
4EF503832F1B2A0A080456CD56A603DB
144DF5037E2F1B2B0A080356DF56A903
E0144BF5037E2F1B2B0A080356EC5689
0372154FF503772F1B290A080356EE56
8B03791550F5036D2F1B290A080356FE
56890371154EF503692F1B2B0A080256
13578B036D1550F503652F1B2C0A0801
5603579003B91450F5036D2F1B2D0A08
FF550C578303B31450F5036B2F1B2A0A
08FF5512578F03B5144EF5036D2F1B2C
0A08FE5527578F03B6144CF5037A2F1B
2C0A08FE553B578E03BD144BF5037A2F
1B2D0A08FE55EB56B103CD1447F5037E
2F1B2C0A08FE552257A903C81447F503
7E2F1B2B0A08FD550357B003C4144AF5
037F2F1B2C0A08FC550557AF03BE144A
F503832F1B290A08FD5519578B030D15
4BF5037A2F1B220A08FD5505578C030A
154AF503762F1B1A0A08FE551C578703
131549F5037A2F1B140A08FF553B578D
03041543F503832F1B140A08FF552A57
9A03A8143FF5038B2F1B190A08FF5533
57A003A21438F503872F1B1E0A080056
14579A03AE1434F5037E2F1B1E0A0800
5610579803A81432F503762F1B190A08
FF5513577A03F51432F503762F1B110A
08FE5515577903F61434F503772F1B0A
0A08FF55E5567803F71438F503762F1B
090A08FC55EF568103FD143DF5037A2F
1B0C0A08FA55E8567E03F9143DF50376
2F1B170A08FC55065792031D1441F503
722F1B1D0A08FD5511578C031B1445F5
036F2F1B1E0A08FE551D578C03281447
F503652F1B1C0A08FC55545783031A14
46F503612F1B170A08FC553A57A7031F
144AF503542F1B140A08FB556357AD03
21144EF503542F1B120A08FB555557B6
031A1451F5034F2F1B140A08FA556957
AC03221452F503502F1B1C0A08FB5574
578803421457F503582F1B250A08FB55
71578903421456F5035D2F1B300A08FD
556A578C03421457F5034C2F1B350A08
FE557B578603461459F503432F1B360A
08FD556F578503601459F5033E2F1B31
0A08FC556D578D035F145CF5033B2F1B
250A08FE55715786035D1460F503372F
1B0E0A08FE555E578A035D1462F50333
2F1BF70908FC5591579503581461F503
372F1BEE0908FB556C578D034C145FF5
03422F1BEE0908FA557157860344145A
F503432F1BEF0908FB5580578D035114
57F5033F2F1BE80908F955B15790034A
145AF503372F1BD90908FB55BD578D03
FE135CF503332F1BC20908FB55AA578A
03FE135FF5032A2F1BAC0908FB55A657
8503FC1360F5032E2F1B970908FB55D2
578B03FD1361F5032E2F1B940908FA55
CB578303D9135DF5032E2F1B950908F8
55BE578803E4135AF503372F1B980908
F855A9579203E11360F5032A2F1B8D09
08F955C0578B03DE1369F5030E2F1B78
0908FB55A9578403441475F503F82E1B
640908FB55CC578B0340147CF503F42E
1B4F0908FC55D1578C03421480F503FC
2E1B450908FD55E45790033F147CF503
002F1B430908FD55FE57890338147BF5
03002F1B450908FE55EF578F0324147B
F503FE2E1B490908FE55DE578D032214
82F503E72E1B430908FE55EB578B031D
148DF503CE2E1B360908FE55D8578903
1A1493F503CE2E1B260908FE55DA5787
03191497F503CE2E1B100908FE55DF57
8C0324149AF503C52E1BFF0808FC5509
588B031C149AF503CE2E1BF30808FD55
FD578B031D1496F503D22E1BE90808FD
550858B303DF1396F503D22E1BD80808
FF550758B503E21392F503D22E1BC608
08FE55EC57BC03DB1393F503CE2E1BB8
0808FC554658BC03E11390F503CD2E1B
A80808FB556158B60339148FF503CE2E
1B920808FA554B58BF033E148FF503CE
2E1B800808FA554A58BB03401493F503
C52E1B6E0808FC555C58B8033E1498F5
03AC2E1B5D0808FB555458BC033614A0
F503952E1B530808FA556D58A803BB13
AAF5037E2E1B480808FB555858A503C0
13BBF5035C2E1B380808FA556F58AA03
BE13CBF5033F2E1B280808F9556558A8
03BE13DDF503262E1B1F0808FA557158
90039B13EAF503212E1B140808FA559F
5888039D13EEF5031F2E1B000808F855
9A588B03A013F0F5031D2E1BF30708F7
55BD588D039B13EFF503212E1BEC0708
F755B458B803C413EEF503262E1BE107
08F855D058B403BF13EAF5032E2E1BD2
0708F9550359B403B913E4F503302E1B
C10708F8559358BD03C013E1F5032E2E
1BAC0708FA559558BC036E13DEF50332
2E1B9D0708FB558058BA036F13D4F503
432E1B970708F9559F58BC036A13C8F5
03582E1B9A0708F855A158B6037013BC
F503692E1B9C0708F8558658BF036F13
B0F503742E1B960708F8559A58AD03CC
13A9F503752E1B8F0708F7551958A303
CD13A5F503752E1B8B0708F7552658AA
03CD13A1F503752E1B8E0708F6556258
B403C9139EF5037A2E1B960708F6553F
58BA03A8139BF5037C2E1BA10708F755
2F58BA03AE139EF503712E1BA70708F8
553C58BA03B513A5F503692E1BAC0708
F7550158B503AA13ACF503652E1BAC07
08F755E057BF031D14B7F5034B2E1BAB
0708F755B857B5031F14C1F5034B2E1B
AB0708F655E257B8032214C5F503482E
1BAE0708F655E057C0031C14C7F5034B
2E1BB10708F755F457B0037D13C8F503
502E1BB00708F755DF57A7037E13C8F5
03542E1BAE0708F855F357A9037B13C4
F503542E1BAD0708F8551858A2037913
C4F503502E1BAB0708F9551658A9037B
13C5F503582E1BA70708FA552F589803
5913C4F503582E1B9B0708F95536589A
036413C3F503582E1B890708F9552B58
9A036813BFF5035C2E1B750708FA5535
5898036313B8F503602E1B640708FB55
2B58A7033013B3F5036C2E1B5C0708FA
552D58B0032813B0F5036D2E1B5C0708
FA553658A6033213ACF5036D2E1B5507
08FB552758A5032E13AEF503602E1B4B
0708F9553258A9036813B3F503582E1B
3C0708FB552858B2037613B9F503482E
1B270708FA553758AB037413B9F50347
2E1B160708F9550758A5036C13BAF503
502E1B0B0708F855F657AD03DF13B8F5
03502E1B070708F9550C58B003D513B9
F503582E1B060708F8550258B803DC13
B9F5034B2E1B050708F855D857B803DE
13BBF503482E1BFD0608F755F557BC03
E813C1F503362E1BEC0608F655E957BC
037913C6F503322E1BDA0608F755ED57
B4037D13C8F5032E2E1BCB0608F65526
58BC037513C9F503362E1BC10608F555
DF57C3037B13C8F5033C2E1BBA0608F6
550E589C038D13C5F5033F2E1BAE0608
F755DA579E039013C5F5033F2E1B9D06
08F655B85797038F13C5F503362E1B8B
0608F755C9579E039113C3F503362E1B
800608F555A2577E036C13BCF503432E
1B7A0608F555795786037213B3F50354
2E1B760608F6554D578B037313A7F503
6D2E1B780608F8556F5787036A1397F5
037A2E1B7B0608F7551F578D03C81386
F5038A2E1B7E0608F855F1569503CD13
78F5038F2E1B750608F85539579803C7
1370F503912E1B5F0608F95566579903
D4136CF503822E1B460608FA553157A1
03D5136AF5037E2E1B3A0608F955F756
8F03D11364F5038F2E1B390608F955D0
568B03CB1359F503A42E1B380608F955
BF568B03CD1348F503CE2E1B350608F7
558A569103D01334F503E12E1B2E0608
F6559B568C03CA132CF503DA2E1B2206
08F8555C568C03CC132DF503CA2E1B0E
0608F75558568B03D0132DF503C12E1B
F50508F8550E568903D7132AF503CE2E
1BE10508F855D5558C03221421F503E5
2E1BD20508F655A7558503241419F503
F42E1BD10508F6558A558B031D1411F5
03F82E1BCD0508F6551E558903281409
F503FC2E1BCC0508F55504558803E613
01F5030D2F1BCC0508F555B5546B036A
13F7F4031E2F1BC90508F5558F547103
7113EAF4032E2F1BC70508F55558546F
036C13E4F403332F1BC70508F6555A54
69037913E3F403222F1BCB0508F55553
546F03D512E5F403192F1BCF0508F555
39546E03CB12E3F403222F1BD60508F6
5539546D03D412D8F403572F1BD80508
F6551C546B03CE12A8F403DF2F1BD705
08F65512544003321384F403DB2F1BD7
0508F75510543C03301368F403F02F1B
E00508F855F75340032C1355F4030130
1BE80508F9551454420334133EF40316
301BEE0508FB55F9535A031D141FF403
62301BE10508FB551D546003221419F4
0348301BC80508FA55325467031F1433
F403DF2F1BAB0508FA55125459032314
3FF403CE2F1B950508F955EA53570314
1436F40311301B800508F855AB537C03
F4120EF4039A301B7E0508F85586537A
03EB12B4F30390311B7C0508F7555553
7C03EC12E1F2036C331B770508F85503
538003F21282F103F4351B6F0508F855
EF522803A7115BF0033D371B600508F7
55E5521E03AC118AEF03B4371B4A0508
F655B8522603A111D6EE0357381B3105
08F55559522003B0114AEE03A7381B20
0508F4556E521D033F11CAED033B391B
200508F35543522B034711E3EC03683B
1B280508F1552C5222033F1191EB03FE
3D1B250508F155155226034611B9E903
EA401B180508EF55ED51F00220110BE8
03F6421B060508F1559D51EE021111C5
E6030A441B010508F0558E51F1021611
EAE50351441B000508F1556B51F2021A
1167E50348441B030508F0556051EF02
1611F9E40390441BFC0408F0555251FE
02231171E40378451BEB0408F0558C51
02032611DCE303A9461BDA0408EF5592
51F402281149E30381471BCF0408EF55
51510B032511D4E203C5471BC70408F0
551051ED02C7106DE2033C481BC20408
F055DD50F102C810FBE10320491BC004
08F2559C50EF02C7107AE103054A1BC2
0408F3559B50F002CD10E4E003B34A1B
CD0408F1558F50FD02B31037E003934B
1BD20408F25584500103B6107FDF0396
4C1BC90408F155A150FA02B210CFDE03
644D1BB00408F25596500603B3104BDE
03D44D1B940408F1557550FB02A710EB
DD03574E1B830408F1558C50FC02A310
84DD03F04E1B780408F05558500303AF
10E9DC032A501B730408F1554B50FF02
AB1022DC0375511B730408F2553550F3
02AA105EDB0367521B770408F1551A50
F902EE109CDA033E531B7E0408F2550B
50FF02E910E5D903D4531B840408F255
CF4FFE02E5104FD90361541B810408F3
5508500103E810DCD803B2541B690408
F3553B50FA02051190D80382551B4E04
08F1556050FB0205114CD80385561B35
0408F1550350FE02061108D803D1561B
280408F255EA4F02030711C3D7030057
1B200408F2551B50A002F41080D7036B
571B1A0408F255F14F9D02FA103DD703
BF571B120408F255F14F9D02F210F6D6
0315581B0F0408F15550509E02F610B6
D60350581B120408F0557F50FE024E11
80D603D9581B130408F0554550FD0241
1161D603DD581B150408F055CF4FFE02
42113BD60314591B170408F155C64FF9
02421104D603B2591B180408EF550250
FE024211C7D5030F5A1B1F0408EF55D7
4FFD02A81085D503415A1B290408F055
9C4FFF02A7104AD503935A1B330408EF
55B14F0303A81013D503D35A1B340408
EF55D64FFA02A510E3D4032E5B1B3304
08EF55F64FFC023A11BED403465B1B30
0408EE552350010332119DD403815B1B
2B0408EF552E50FE02361185D403A55B
1B270408EF5536500403371174D403BD
5B1B280408F0558C50E0020A116BD403
B45B1B2B0408EF558750D902FF106FD4
03A55B1B2F0408F055CB50E502061186
D403795B1B330408F0557B50DA020411
A4D4034E5B1B360408F055B550E202DC
10C5D403165B1B360408F155D250E102
D810E9D403F55A1B330408F0550751E0
02D9100DD503E55A1B320408F0552C51
E602D51027D503F15A1B330408F0553F
51D902D11043D503E05A1B340408F155
6D51E302D9105BD503CC5A1B380408F1
556451E702D71074D503B55A1B3A0408
F1557851DE02D4108ED503975A1B3604
08F2559B51DD02CE10A4D503825A1B2C
0408F255F451F202C110B4D503795A1B
230408F155F351EE02C810C0D5039B5A
1B1F0408F0550852F302C510CDD5038F
5A1B200408EF553252EB02C310DDD503
755A1B1D0408EE555A52EF02D810EBD5
03645A1B140408EF557352EF02DA100F
D603205A1B0A0408EF550153F502D410
43D60387591BFF0308EF555054F902DF
1081D6035C591BF40308EE559E530BFC
9527DED603E1581BEB0308EE5596530B
FC92275AD70337581BE30308EF556153
05FC9827BCD703E2571BE00308EF5532
5302FC9527F2D703234119DF0308EE55
1C530BFC8E2729D80397820FDF0308EE
55DA5200FC51038AD803C52B0EE00308
EE55225308FC5203DCD803C6820EDF03
08ED55895301FC50031CD90301510FDF
0308EC5581530EFC4F0365D903E9BA0E
DF0308EC55B45409FC6D01BED903540C
0FDE0308EE55FB5706FC6D010FDA03CB
500EDF0308EE55225709FC69015CDA03
F9F40EDF0308EF550A590BFC6F01A7DA
0379A70EDF0308EE557957A202C103F6
DA034B6C0EDF0308EF555056A102C403
44DB03588F0EDF0308F0558C55A402C8
0384DB03F8ED0EDF0308F1554C55A402
C303CADB0397940EDE0308F15593549E
02C70323DC03A2B40EDE0308F0556654
A302BF0390DC0316830FDF0308F05506
55A302C103E1DC03B83710E20308F155
59559A02C00339DD03471B0FDE0308F1
55C554A002B903B6DD03311B0FE00308
F155AB53A602C50342DE033DF20EDF03
08F0553454A002C403F5DE0350870EDE
0308F1550D54A302C403A9DF03C71B0F
E00308F155D4539702BA0339E0039E35
0EDF0308F0558353A402C103D2E00390
4110E00308F0553753A302BD0348E103
834F0EE00308EE55E352A602C5039DE1
03BF370FDF0308EE55CE52A002BF03</Data>

   <DataCRC>d2d0b59d</DataCRC>

   <BytesSent>13583</BytesSent>

</SBEDataUpload>
</InstrumentRawData>
</SBEDataUploadFile>
