<?xml version="1.0"?>
<!-- SCPlusV2_RS232 -->
<SBEDataUploadFile>
<ApplicationData>
<Seaterm232>
<SoftwareVersion>2.6.3.104</SoftwareVersion>
<BuildDate>30-Jun-2017</BuildDate>
</Seaterm232>
</ApplicationData>
<InstrumentState>
<HardwareData DeviceType='SBE19plus' SerialNumber='01906740'>

   <Manufacturer>Sea-Bird Electronics, Inc.</Manufacturer>

   <FirmwareVersion>2.2d</FirmwareVersion>

   <FirmwareDate>9 February 2011 08:30</FirmwareDate>

   <CommandSetVersion>1.1</CommandSetVersion>

   <PCBAssembly PCBSerialNum='25307' AssemblyNum='41054G'/>

   <PCBAssembly PCBSerialNum='25737' AssemblyNum='41580B'/>

   <PCBAssembly PCBSerialNum='24669' AssemblyNum='41606'/>

   <PCBAssembly PCBSerialNum='24372' AssemblyNum='41059D'/>

   <MfgDate>  08 DEC 2010</MfgDate>

   <InternalSensors>

      <Sensor id='Main Temperature'>

         <type>temperature0</type>

         <SerialNumber>01906740</SerialNumber>

      </Sensor>

      <Sensor id='Main Conductivity'>

         <type>conductivity-0</type>

         <SerialNumber>01906740</SerialNumber>

      </Sensor>

      <Sensor id='Main Pressure'>

         <type>strain-0</type>

         <SerialNumber>3220369</SerialNumber>

      </Sensor>

   </InternalSensors>

   <ExternalSensors>

      <Sensor id='volt 0'>

         <type>SBE 43 OXY</type>

         <SerialNumber>432005</SerialNumber>

      </Sensor>

      <Sensor id='volt 1'>

         <type>not assigned</type>

         <SerialNumber>not assigned</SerialNumber>

      </Sensor>

      <Sensor id='volt 2'>

         <type>ECO-FLNTURT CHL</type>

         <SerialNumber>FLNTURTD-2025</SerialNumber>

      </Sensor>

      <Sensor id='volt 3'>

         <type>ECO-FLNTURT TURB</type>

         <SerialNumber>FLNTURTD-2025</SerialNumber>

      </Sensor>

      <Sensor id='volt 4'>

         <type>not assigned</type>

         <SerialNumber>not assigned</SerialNumber>

      </Sensor>

      <Sensor id='volt 5'>

         <type>not assigned</type>

         <SerialNumber>not assigned</SerialNumber>

      </Sensor>

   </ExternalSensors>

</HardwareData>
<StatusData DeviceType='SBE19plus' SerialNumber='01906740'>

   <DateTime>2018-11-26T19:37:10</DateTime>

   <LoggingState>not logging</LoggingState>

   <EventSummary numEvents='241'/>

   <Power>

      <vMain>12.4</vMain>

      <vLith>5.3</vLith>

      <iMain>61.4</iMain>

      <iPump>156.8</iPump>

      <iExt01> 4.2</iExt01>

      <iExt2345>18.2</iExt2345>

   </Power>

   <MemorySummary>

      <Bytes>1110270</Bytes>

      <Samples>65310</Samples>

      <SamplesFree>3805169</SamplesFree>

      <SampleLength>17</SampleLength>

      <Profiles>71</Profiles>

   </MemorySummary>

</StatusData>
<ConfigurationData DeviceType='SBE19plus' SerialNumber='01906740'>

   <ProfileMode>

      <ScansToAverage>1</ScansToAverage>

      <MinimumCondFreq>3226</MinimumCondFreq>

      <PumpDelay>60</PumpDelay>

      <AutoRun>no</AutoRun>

      <IgnoreSwitch>no</IgnoreSwitch>

   </ProfileMode>

   <Battery>

      <Type>alkaline</Type>

      <CutOff>7.5</CutOff>

   </Battery>

   <DataChannels>

      <ExtVolt0>yes</ExtVolt0>

      <ExtVolt1>no</ExtVolt1>

      <ExtVolt2>yes</ExtVolt2>

      <ExtVolt3>yes</ExtVolt3>

      <ExtVolt4>no</ExtVolt4>

      <ExtVolt5>no</ExtVolt5>

      <SBE38>no</SBE38>

      <OPTODE>no</OPTODE>

      <GTD>no</GTD>

   </DataChannels>

   <EchoCharacters>yes</EchoCharacters>

   <OutputExecutedTag>yes</OutputExecutedTag>

   <OutputFormat>raw HEX</OutputFormat>

</ConfigurationData>
<CalibrationCoefficients DeviceType='SBE19plus' SerialNumber='01906740'>

   <Calibration format='TEMP1' id='Main Temperature'>

      <SerialNum>01906740</SerialNum>

      <CalDate>07-Jan-11 </CalDate>

      <TA0>1.255288e-03</TA0>

      <TA1>2.593288e-04</TA1>

      <TA2>-2.376104e-07</TA2>

      <TA3>1.449298e-07</TA3>

      <TOFFSET>0.000000e+00</TOFFSET>

   </Calibration>

   <Calibration format='WBCOND0' id='Main Conductivity'>

      <SerialNum>01906740</SerialNum>

      <CalDate>07-Jan-11</CalDate>

      <G>-1.033008e+00</G>

      <H>1.393941e-01</H>

      <I>-2.175401e-04</I>

      <J>3.475757e-05</J>

      <CPCOR>-9.570000e-08</CPCOR>

      <CTCOR>3.250000e-06</CTCOR>

      <CSLOPE>1.000000e+00</CSLOPE>

   </Calibration>

   <Calibration format='STRAIN0' id='Main Pressure'>

      <SerialNum>3220369</SerialNum>

      <CalDate>21-Dec-10</CalDate>

      <PA0>8.222195e-01</PA0>

      <PA1>1.566037e-02</PA1>

      <PA2>-6.194425e-10</PA2>

      <PTCA0>5.244452e+05</PTCA0>

      <PTCA1>4.417653e+00</PTCA1>

      <PTCA2>-9.798927e-02</PTCA2>

      <PTCB0>2.510725e+01</PTCB0>

      <PTCB1>-1.150000e-03</PTCB1>

      <PTCB2>0.000000e+00</PTCB2>

      <PTEMPA0>-5.917147e+01</PTEMPA0>

      <PTEMPA1>5.387460e+01</PTEMPA1>

      <PTEMPA2>-2.653169e-01</PTEMPA2>

      <POFFSET>0.000000e+00</POFFSET>

      <PRANGE>5.076000e+03</PRANGE>

   </Calibration>

   <Calibration format='VOLT0' id='Volt 0'>

      <OFFSET>-4.687158e-02</OFFSET>

      <SLOPE>1.247988e+00</SLOPE>

   </Calibration>

   <Calibration format='VOLT0' id='Volt 1'>

      <OFFSET>-4.719579e-02</OFFSET>

      <SLOPE>1.248132e+00</SLOPE>

   </Calibration>

   <Calibration format='VOLT0' id='Volt 2'>

      <OFFSET>-4.684526e-02</OFFSET>

      <SLOPE>1.248324e+00</SLOPE>

   </Calibration>

   <Calibration format='VOLT0' id='Volt 3'>

      <OFFSET>-4.678105e-02</OFFSET>

      <SLOPE>1.247145e+00</SLOPE>

   </Calibration>

   <Calibration format='VOLT0' id='Volt 4'>

      <OFFSET>-4.669684e-02</OFFSET>

      <SLOPE>1.248307e+00</SLOPE>

   </Calibration>

   <Calibration format='VOLT0' id='Volt 5'>

      <OFFSET>-4.709579e-02</OFFSET>

      <SLOPE>1.247697e+00</SLOPE>

   </Calibration>

   <Calibration format='FREQ0' id='external frequency channel'>

      <EXTFREQSF>9.999977e-01</EXTFREQSF>

   </Calibration>

</CalibrationCoefficients>
<EventCounters DeviceType='SBE19plus' SerialNumber='01906740'>

   <EventSummary numEvents='241'/>

   <Event type='ErrorFLASHUncorrectableError' count='241'/>

</EventCounters></InstrumentState>
<Headers>

cast  65 25 Nov 2018 13:42:00 samples 60929 to 61669, avg = 1, stop = mag switch

</Headers><InstrumentRawData>
<SBEDataUpload startAddr='1035776'>

   <Type>1</Type>

   <DataFormat>SEACATPLUS0</DataFormat>

   <Bytes>12597</Bytes>

   <Data>
DEDC0388EF12FE030808570A678C0034
03C4DE0326A317FF03080957B7658800
34032BE103A96E18FF03080A572D678B
00350331E3035FF61A0304080A571865
91002A0361E4037A741B0A04080A57BE
61FCFBE00A28E503526B1B0F04080B57
385F08FCE70AABE503C5691B1504080C
57625EFBFBE70A07E603A4811B190408
0C57715D03FCEC0A2CE603A5861B1A04
080D57FC5C1D09BF263BE60360841B1C
04080D578A5C1D09CB263CE603997F1B
1E04080E57485C1E09C42620E6032E7A
1B2104080E57E65B2609C0261CE603A7
761B2304080F57985B7302450F3EE603
F66C1B21040810572F5B6A02460F5AE6
03ED601B2104081157545A6802490F9A
E603F15A1B2004081257FB596F02440F
4CE70385591B2004081357DE59680244
0F0AE803E85A1B1F04081457B9592D03
990BA2E803DA5D1B200408145770592C
038F0BEEE803BD531B23040814574759
3903910B48E90308501B270408145728
593403970BB8E903A34C1B2D04081657
0A599A03930E2FEA03C1471B2E040816
57B758A003900EB5EA033C481B2F0408
1657A8589F038D0E6DEB03B8451B3104
081657A5589803950E2BEC03D4421B32
040817575A580204D70CC6EC0367421B
2F040818575558FD03D10C3FED03A142
1B2F040818576958F703D30C98ED03D8
421B2E040819575458FB03CC0CDCED03
90421B2F040819572D58A003210C0DEE
0347401B2E040819572C589C032E0C1F
EE0378401B2F040818572E589603280C
24EE038F3F1B31040818574258A60326
0C17EE03043F1B330408175742589903
220CE8ED03A0411B35040816575C5891
00C80CBFED0338401B3504081657FD57
8600C00C99ED0380401B3604081757ED
578C00C00C7EED036F401B3404081657
65578E00C10C6DED0302401B34040815
573857CB02F40D5AED0312401B350408
1557F456D302F30D5CED03EE401B3704
081557A356CA02F90D6BED03F6401B37
040814578656CF02EF0D7FED03B8401B
39040815575F562403DA0E97ED03B941
1B38040816577F561E03E30EB7ED0312
421B3804081457E9552103E10ED0ED03
C5411B3804081457BF551E03DD0ED9ED
0377411B3A04081457B055A502E10DDA
ED036E421B3B040813578B55B702E10D
DDED035F431B3E040813574955AB02E8
0DE0ED03BB421B40040814571855AC02
E10DDFED03E5421B4204081557F654AC
02DE0DD5ED03B8431B4804081457DF54
7403AD0DC7ED038C441B4B04081357D5
546C03B30DB6ED0372461B4E04081357
CA547303B10D90ED032B461B50040814
57A6546F03AD0D77ED03A1461B4F0408
1357A754BD02A30D6CED0353451B5104
0814576854C502A00D6FED03AD451B53
040814571554BC02A60D69ED0333461B
56040813571D54BD02A60D61ED032047
1B5704081257235407033C0E5BED031C
471B5A04081257E153FE02410E59ED03
0A451B5D04081157E053F802420E5BED
03BA441B6104081257C1530003400E48
ED0309481B6904081257A6531203040E
18ED0385471B6D04081257A6531103FE
0D0BED030F481B760408125766531303
FF0D09ED0366461B7904081257265312
03FF0D0DED0331471B80040811571253
0603FE0D07ED037F4B1B830408125700
534503240EF3EC032F481B8904081257
09534B031E0EF5EC03BF4A1B8D040811
57CB524E03260EF0EC03D94A1B900408
1257A7524F03230EE5EC03B34A1B9304
08115790520203630EE3EC03B74A1B96
040812578252F7025B0EE3EC0342491B
9A04081157565201036A0EEBEC031848
1B9E04081257FD51F502620E01ED0309
461BA504081257DF51FC02940E1FED03
C9451BAC04081257C9510003910E33ED
030B471BB0040811579B51FC028C0E36
ED037D481BB50408125784510403930E
33ED039F491BBB040812577051D60254
0E35ED0353491BC0040812575D51DE02
4E0E5CED034E4B1BC6040811573951DE
02520E70ED0361501BCA040812574551
DE02530E68ED0367521BCF040811571B
51E3024C0E6CED0327511BD404081157
1F51C202720E71ED03574E1BD8040812
57F650B6026D0E7EED03C3501BDF0408
1257C350B6026F0E8DED0396571BE104
081257B450BE026D0E8EED03B6581BE5
04081157A9501503690E87ED03BC561B
E70408115778500F03730E6DED03F052
1BEB040810575C500F03720E59ED0386
511BEF0408115733501303760E58ED03
B1511BF60408115713500003710E60ED
031E531BFA04081157FC4F04036A0E5D
ED0343501BFC04081157CF4FFF026A0E
6FED032C4C1B0005081157CB4F000366
0EB6ED033E491B07050811579B4FEA02
910E19EE035B4B1B0E05081057784FEC
02900E2FEE031B4C1B14050810576F4F
EE02970E38EE030C501B1B0508105784
4FF0028C0E46EE03A0561B2105081057
944FED028F0E6BEE032D5A1B24050810
578A4FDE02A20E95EE03685B1B290508
0F57A04FD802A20E89EE03E25B1B2D05
080E57BA4FE2029A0ED5ED033F591B31
05080E57BD4FE0029A0E18ED0377571B
3805080F57B14FE202D80EC9EC03885B
1B3C05080F57D54FE002DC0E54EC03F8
5D1B3E05080F57E44FDE02E10EC5EB03
6E581B4005080F57EF4FDB02E70E93EB
0388531B4805080E57FE4F1103DD0EBC
EB03EA531B4F05080E5700500803E30E
CFEB0355581B5505080E571A501503DD
0ECBEB03AD5B1B5805080E5725500F03
E60EF1EB03D2561B6005080E57F74FFD
02A70E2DEC036D511B6705080E570450
FF02B10EB5EC0350511B6F05080D5707
500203BA0E57ED03A3521B7305080E57
DF4F0903AA0E9AED0379511B7705080F
57DB4FFA02B30ECFED03BC4F1B7C0508
0E57F54F0203610F66EE03434B1B8705
080E57E44F00035E0F84EF0322481B8F
05080E57D74F0303610FBEF003BA481B
9705080C57DF4F0203620FBBF103064C
1B9D05080D57BD4F2903050F1CF2033F
501BA105080C57A94F1E030C0F3FF203
60541BA305080D57974F23030E0F75F2
03DA561BA705080C57744F22030D0FCB
F2033B581BAB05080C576A4F2503410F
2AF303A4581BAE05080B57574F1B0333
0F78F303B7571BB405080B57314F2703
3E0F95F30337531BBA05080B570A4F24
033E0FA3F303DD4B1BC205080B57124F
21033E0F15F403DA451BC905080A57FA
4E1C03400F1BF503BD411BD405080957
DF4E1D03400F66F6037C401BD9050808
57E94E2403400F53F70347421BDA0508
0857DF4E22033C0FC5F7036A421BE305
080857CE4E20033E0F06F803E5401BEA
05080857BF4E26033C0F78F80373401B
F205080957AA4E1E033E0FF9F803803F
1BF805080957894E23033D0F5CF903AD
3F1BFE05080957C14E01034F0FADF903
F73E1B0306080857934EFF02500FF6F9
03B63D1B0B060809579E4EFD024D0F4B
FA03DE3C1B0F06080957914EFE02560F
B5FA03543C1B1406080957854E0503D1
0F1CFB03253C1B16060809578C4E0903
CA0F75FB033A3C1B1B06080857784E0F
03D60FC0FB03D13E1B1E060808577F4E
0B03D50FD9FB0380401B2306080857AC
4E1903620FC7FB033D3E1B2B06080957
994E15035E0FCCFB03CA3C1B32060808
57814E22035F0F01FC033F3C1B380608
0957924E2603650F3FFC037C3D1B3C06
0809579A4E23035D0F60FC03333D1B43
060809578D4E2403650F6CFC034B3C1B
4806080957B24E28035D0F86FC03703B
1B4E06080957944E24035A0FB0FC0396
391B5306080957964E2503600FDCFC03
A2371B5D06080957834E20037F0F0CFD
031A361B5F06080857784E2603950F38
FD030D361B66060808575F4E28038E0F
58FD03F5371B6906080857274E21038D
0F4DFD0342381B6E060808574E4E1A03
4D0F1EFD036F371B7406080857454E24
034D0FF5FC03E5371B7A06080957314E
1D03510FDAFC03DB391B7E0608095736
4E1F034D0FC1FC03AD3B1B8306080957
3A4E4603D80F9DFC03DB391B8C06080A
572B4E4603D30F88FC03EA371B940608
09571C4E3803E30FA1FC03B2361B9806
080857234E3E03D60FD7FC034A381B9C
06080857074E3A03DE0FF6FC031F3B1B
A006080757EF4D11032010EAFC03193C
1BA606080757E84D15032010D1FC0347
3C1BA806080757C24D13031410BFFC03
313E1BAA06080757A64D08031B10ACFC
03F13F1BAC060807579D4D0A03C90F97
FC03D2411BB106080757734D0C03C50F
83FC0310411BB706080757734D1103C2
0F6FFC03883D1BBE06080857614D1403
C10F70FC03C63B1BC206080857574D3D
03850F8FFC03C33A1BC7060807573C4D
2B03860FBBFC0376391BCE0608075738
4D2A03850FEEFC0306371BD306080557
1E4D34037D0F2BFD031B351BD9060806
57FD4C2D03BC0F62FD03C4331BDF0608
0657F74C1803C00F89FD03E9321BE006
080757C84C2003B40FAAFD03D8321BE3
06080757AE4C2603AE0FC2FD034A331B
E606080757AA4C2003C40FC4FD03F532
1BED06080857794C26032D0FC5FD036B
321BF2060807575C4C1803330FD7FD03
06321BF706080757704C2603330FEDFD
030A311BFF060807574E4C2303310F07
FE032E2F1B06070806574E4C2B03C80F
28FE036D2E1B0A07080657324C2503C5
0F40FE03442E1B0F070805572E4C2303
C00F46FE039B2E1B1207080457214C1F
03BD0F48FE033F2E1B1707080457EB4B
1B037A0F4EFE03EB2D1B1C070804570C
4C2503840F59FE039B2D1B2007080557
014C20037B0F63FE03212D1B26070804
57024C22037A0F70FE037D2C1B2C0708
0357FF4B2403730F7CFE03212C1B3007
080357014C1D03690F87FE03142C1B34
07080357F04B15036F0F8FFE03712C1B
3807080357F44B2003760F91FE03E62C
1B3807080357EE4B1E03730F89FE034D
2D1B3A07080357ED4B1F03600F79FE03
542E1B3D07080257DA4B1C03690F62FE
038A2E1B4207080257124C2203550F44
FE032A2E1B4707080257104C29035A0F
31FE03A32C1B5007080257054C290348
0F38FE03E2291B59070802572B4C2603
4F0F51FE03C7281B6307080357364C1B
034D0F65FE0368281B6A07080357214C
2103530F6EFE0357281B6F0708025745
4C2C03A90F71FE03A7281B7307080257
374C3303A10F62FE03FB281B78070803
573F4C3603970F5FFE03EA281B7B0708
03574A4C2F039F0F6DFE03B2281B8407
0803575E4C38037C0F89FE0353281B8A
07080257804C2C037F0F9FFE0329281B
8D070801579A4C35037B0FACFE031028
1B9107080157A84C3703790FB9FE0336
271B9907080157A94C3103760FCAFE03
92261BA1070802578D4C36030310D7FE
0376261BA407080257B04C3503FD0FDB
FE03AF261BA807080257CE4C3103FD0F
D9FE03AB261BAC07080257DD4C3103FC
0FDAFE0385261BB507080257FD4C2103
BD0FE3FE0353261BB807080157174D24
03BE0FECFE0318261BC007080157284D
1E03BE0FF5FE03E2251BC50708015746
4D2003CD0FFAFE03B0251BCE07080057
604D4703D40FFCFE0368251BD6070800
57A74D4603CF0FFEFE032E251BDD0708
0057CB4D3903C90F01FF0332251BE007
080157D14D4B03CD0FFDFE0368251BE5
07080157DF4D0C038A0FF4FE0386251B
EC07080157FD4D0C038B0FE9FE036425
1BF407080157124E0A03810FE9FE03EB
241BFD07080157294E0A03910FEEFE03
AC241B0208080157384E1503850FEEFE
03EB241B04080801573B4E0C03CF0FE9
FE0364251B06080801575F4E1603D40F
DFFE039B251B08080801577D4E0F03C0
0FD7FE0382231B0B08080057DB4E1203
BE0FD8FE038C211B1208080157EE4E1A
03CD0FD0FE0314211B1508080157044F
1C03CF0FD5FE03A9201B1A08080157F9
4E2B03CE0FEFFE0362201B1E08080257
F34E2303CD0F08FF033D201B26080802
57EE4E3A03C70F25FF0328201B2D0808
02570D4F4103CE0F35FF03CC1F1B3708
0802572D4F3A03CD0F41FF039E1F1B3E
08080157154F3E03CD0F49FF038D1F1B
4708080157284F3503E90F50FF038D1F
1B4D08080157324F3803F80F53FF0389
1F1B5708080057574F2F03F40F50FF03
6B1F1B5F08080057A14F2D03F10F4DFF
039E1F1B660808005727503803E10F4A
FF039E1F1B690808005756501C036910
47FF03391F1B680808FF5692501A036D
1040FF03461F1B680808FF56B5502803
6E1039FF03411F1B670808FF56EB501A
036A1033FF03491F1B6B0808FE563651
2B032E102DFF035B1F1B680808FE5661
512B0330102EFF03561F1B680808FE56
925131032C1033FF03461F1B680808FE
56BC513A03311032FF03351F1B690808
FE561E5227036B1032FF03281F1B6A08
08FE5659522F03661032FF031C1F1B68
0808FD56BE523203641031FF03281F1B
660808FE5600532D03721031FF03291F
1B6A0808FE5632533303A31033FF031C
1F1B6A0808FE566F533203A31033FF03
0B1F1B6B0808FE5613542803A71036FF
03071F1B6B0808FE5684542B03AC1036
FF03F61E1B6C0808FF569B543703A710
38FF03E11E1B6F0808FF56E35449032E
1034FF03DD1E1B6B0808FF5687553903
321031FF03DD1E1B6D0808FF561B563A
03341031FF03E51E1B700808FF56FE55
4A0323102FFF03E81E1B710808FF56A3
555603E61130FF03E11E1B720808FE56
C1555A03E11130FF03D91E1B730808FD
56ED555903E11131FF03D91E1B720808
FD56BD555A03E31131FF03D51E1B7208
08FD56DA55BC03C11133FF03D01E1B71
0808FE56D255B003B81134FF03D01E1B
730808FD56F655BA03B11137FF03C81E
1B730808FD56FB55B303AA1136FF03C0
1E1B720808FC56EC554D05B91837FF03
BC1E1B750808FC56D4555505B61838FF
03C01E1B710808FC56BA555005B81839
FF03B71E1B720808FC56CB554205C318
36FF03B31E1B700808FB56CC554705AF
1835FF03AF1E1B700808FB56A455CC04
5C1D33FF03C81E1B700808FB567D55D1
04541D31FF03C81E1B6F0808FB56BB55
CC045E1D32FF03C81E1B710808FB56E8
55CA045C1D31FF03CC1E1B710808FA56
07568603A71130FF03C41E1B710808FB
565A569703B6112EFF03AF1E1B700808
FB564A568303B6112DFF03A71E1B7108
08FA565D568E03B3112EFF03A21E1B70
0808FA56AA567D03181131FF03961E1B
710808FA56B5567E03141131FF03961E
1B700808F956EA567C03151131FF0396
1E1B710808F9560A5776030B1130FF03
981E1B710808FA563C5798039F1231FF
038E1E1B710808F9563D579F038F122F
FF038E1E1B720808F8565157A7038C12
2FFF03891E1B700808F856545790038D
122CFF03891E1B720808F75639579403
93122DFF03851E1B700808F7564D57AF
03AC132EFF03811E1B710808F7567E57
A303AA1330FF03791E1B6F0808F7569E
57AB03B0132EFF03741E1B6F0808F756
C957AE03B0132DFF03791E1B720808F6
56F857B70326122CFF03791E1B720808
F6561F58B80332122FFF03741E1B7208
08F6561858C3033B122FFF03741E1B71
0808F6560858BC032A1230FF03681E1B
710808F656F357C903711430FF03641E
1B720808F656FE57BD036E1432FF035B
1E1B740808F656F657AF03761433FF03
5B1E1B720808F6560A58B803621432FF
03601E1B730808F6564158BE031F1331
FF035B1E1B720808F6562F58DB032413
31FF03571E1B710808F6562958D20323
1330FF03571E1B700808F6563658E403
1B132DFF03571E1B710808F6562D58E3
031E132EFF03571E1B720808F6562658
7D0347112FFF034F1E1B720808F65623
588003481131FF034F1E1B700808F656
40587D03401131FF03531E1B700808F6
562158800341112EFF034F1E1B700808
F656F6576E0307112CFF034F1E1B7008
08F656E7576A0305112AFF034F1E1B71
0808F656F0576E03061128FF034B1E1B
720808F656ED577203001129FF03461E
1B6F0808F656E757690303112BFF0336
1E1B6F0808F656C9576E0309112DFF03
321E1B6F0808F556A4577A0309112EFF
03331E1B720808F55686577003091130
FF03321E1B710808F55684576C037A11
32FF032D1E1B710808F6569A576E038E
1130FF03321E1B710808F656B5577203
94112EFF032D1E1B710808F6569C5768
0388112FFF032D1E1B710808F6569A57
7C03901131FF032D1E1B710808F6569B
577C03061230FF03251E1B710808F556
83577A03081231FF03291E1B710808F5
568D577303FF1131FF032B1E1B710808
F4567957710303122FFF032D1E1B7108
08F4566357940389112BFF032D1E1B71
0808F5564C579D03901129FF032D1E1B
700808F45646579A038D1127FF032D1E
1B700808F3565B579C03931126FF0332
1E1B710808F3565B5783037A1125FF03
291E1B700808F35659578503821121FF
03251E1B710808F3563D578103821121
FF03271E1B710808F256085782038311
24FF03211E1B720808F256EC5685037F
1125FF03181E1B710808F156DC567703
F61026FF031D1E1B700808F156C15678
03F61028FF031D1E1B720808F056E456
7603F6102AFF031D1E1B730808F056AE
567C03F01029FF031D1E1B740808F056
C6569A0335112BFF03181E1B730808F0
56CE568F03291129FF03181E1B730808
F056D556980335112AFF03171E1B7308
08EF56E0569E032B112AFF03141E1B75
0808EF56DD56F0057E342BFF03141E1B
740808EE56EF56E8058B342BFF030C1E
1B730808EF56EF56DC057E342CFF030C
1E1B750808EF560057E30582342FFF03
0C1E1B750808EF5609578D710D4F2CFF
03101E1B730808EE562F578571084F2D
FF03101E1B740808EE5657578971114F
2BFF030B1E1B740808ED566857977114
4F2BFF030C1E1B750808EE5657578571
0D4F2AFF030C1E1B760808ED567E5773
198C2829FF030C1E1B750808EE567857
78198C2829FF03081E1B740808EE569A
577A198C282EFF03F71D1B760808ED56
8B577819882834FF03F31D1B750808ED
56B5576520E73C36FF03EF1D1B740808
ED56C1576720EA3C39FF03EF1D1B7608
08ED56E5576620E83C38FF03F31D1B76
0808ED56F5577020E33C39FF03EF1D1B
770808ED562158AF29E25238FF03F31D
1B750808ED564558B329E75236FF03F3
1D1B740808EC565C58B129ED5230FF03
FB1D1B750808EC568758B529ED522DFF
03FB1D1B760808EC560758D82B415B2C
FF03FF1D1B750808EC56A857D72B475B
29FF03FB1D1B760808EC564257E12B41
5B2DFF03EF1D1B760808EB560B57D82B
425B33FF03DF1D1B740808EC56F756E0
2B455B38FF03DE1D1B760808EB56E856
CB2E7C5737FF03EF1D1B730808EB56AE
56C42E7E5731FF03F71D1B750808EA56
AA56D12E88572AFF03FF1D1B740808EA
569756D42E815725FF03FF1D1B760808
EA5693569E38BE5724FF03FF1D1B7508
08EA566556A738BB5722FF03FB1D1B75
0808E9567F56A138B95725FF03EB1D1B
740808E9568156AA38CA572BFF03E61D
1B750808E95686560B3B2A562FFF03DE
1D1B750808E95688560C3B1F5634FF03
D51D1B760808E9569E560C3B265638FF
03DA1D1B760808E956BD560D3B225637
FF03DE1D1B760808E956DA56293C3556
3BFF03D11D1B740808E956E456283C38
5639FF03D11D1B760808EA56F5563B3C
3B5638FF03DE1D1B760808EA56F85624
3C365637FF03DB1D1B740808EA560057
323C395633FF03DE1D1B750808E9565D
576E1039242FFF03DE1D1B750808E956
9757641035242AFF03DE1D1B750808EA
569C5770103C2427FF03E21D1B780808
E956D9576C103C2422FF03EF1D1B7D08
08E9561658F003FD1311FF03081E1B77
0808E956275800040114FBFE033A1E1B
790808E9563258F203FE13DDFE03601E
1B780808E8564358FA030014C7FE0370
1E1B770808E8565A587406B74BB7FE03
791E1B770808E85654587B06B74BABFE
03741E1B750808E85656587D06B24BA9
FE036C1E1B760808E85657587906C04B
ABFE03641E1B780808E7567F58BC0958
9AAEFE03601E1B760808E756D858B809
539AB5FE034B1E1B750808E656E758BE
09589AC1FE032D1E1B7A0808E6560E59
C209539ACDFE030F1E1B790808E65620
59C109649AD3FE03FB1D1B7A0808E656
2C590722D87FD8FE03D11D1B7B0808E5
565E590722E77FDCFE03C11D1B7B0808
E6567059FD21E37FDBFE03C11D1B7C08
08E6566C59F621E17FDAFE03CD1D1B7C
0808E656A15996167488D5FE03D51D1B
7C0808E6568D5998167288D3FE03C11D
1B7C0808E656A05999167088D3FE03CF
1D1B790808E756C8599B167B88D2FE03
D51D1B7E0808E756B85AF12305FCD3FE
03DA1D1B7F0808E756FA5AEE2304FCD3
FE03E21D1B7E0808E7568E5AE723F7FB
D2FE03E21D1B7E0808E7567B5AEA2307
FCD3FE03EF1D1B800808E7562F5A8E0E
2177D2FE03EF1D1B7F0808E656015A7F
0E2877C9FE039C1C1B7F0808E656675A
920E1E77BBFE03F8181B800808E656EF
59900E2C77ACFE03D2151B800808E656
FE59810E3177A1FE0363141B810808E6
56FD59F90C55B697FE0399141B810808
E656085AF70C54B694FE03D3141B8008
08E556F259EF0C5EB692FE03BD151B7E
0808E556F959FA0C4CB694FE03CA151B
7D0808E556F059AF07696A98FE03BF14
1B7C0808E556E959A9076E6A9BFE038C
141B790808E4560E5ABC07636AA0FE03
56171B7B0808E456295AAD07696AA5FE
036D191B790808E3563F5A6310D1D6AA
FE03D5191B770808E356525A6010D1D6
AFFE0336191B790808E356715A5F10D4
D6B2FE03F5181B7C0808E256695A5D10
D5D6B2FE0392191B820808E356905A3F
0A81F5B4FE03C0191B810808E2567E5A
400A7EF5B3FE03E6191B820808E25699
5A450A7EF5B5FE03DB181B820808E256
795A420A87F5BAFE03A4181B840808E2
56735A450A86F5C0FE0324171B840808
E156895A280842F2C6FE0378171B8408
08E256DB5A230840F2CDFE0361181B83
0808E256A45A1F0842F2D3FE03CE181B
820808E256895A23084DF2DAFE034919
1B800808E256645A200682A1E1FE0392
191B800808E256735A2C067CA1E9FE03
CD191B810808E256515A2C067CA1EEFE
03F7191B820808E1565B5A20067FA1F1
FE03EA191B830808E156335AE612FDFB
F2FE03D9191B820808E056045AE81207
FCF8FE03EE191B810808E0561A5AE612
0CFCFBFE03D1191B830808E0560B5AE9
1201FCF6FE0375191B7F0808E056375A
E312BAFBF0FE0332191B7F0808DF5628
5A090E2FFAE8FE0365191B800808DF56
2A5A0F0E2BFAE4FE0358191B7F0808DF
56EF591A0E23FAE4FE03E3181B7E0808
DF56D759150E26FAE6FE038F181B7D08
08DE56E559BF07578AE5FE03B5181B7E
0808DE56D459BE07648AE4FE03FC181B
7C0808DE56F759C207648AE1FE03EB18
1B7E0808DE56C859B4075D8ADCFE0311
191B7D0808DD56C2593807DAD1D6FE03
2E191B7E0808DD56B0593A07D5D1D2FE
0375191B7F0808DD56B5593507DED1D0
FE0371191B840808DD56ED593307D5D1
D5FE0392191B880808DD56AA594705EA
1CDDFE03B8191B850808DD5666594405
E41CE8FE0369191B870808DC5677594D
05EE1CEFFE0333181B860808DD562359
4D05E91CF0FE030A151B860808DD56FB
584705E81CF3FE033B131B840808DD56
0B5939069743FCFE036F141B860808DD
56085937068F4309FF03A0151B850808
DD56FF584306944316FF03F3151B8408
08DC56D4584106874322FF03CA121B81
0808DB56DF58AB07FAB92BFF0348101B
7A0808DB56D658BC07FFB92BFF037A10
1B7A0808DB56EB58AF07FAB92BFF03FD
0F1B7C0808DB56A758A707F6B92AFF03
BF0F1B830808DB56E55842063EA127FF
03140F1B850808DB56FD584E063DA121
FF03220E1B860808DB56D9583F063EA1
1BFF03500E1B830808DB56D75850063C
A118FF03390F1B850808DB56C8587B03
391416FF0312101B850808DC56DC5879
033F1416FF0344101B840808DB56B858
770335141AFF03BD101B8A0808DB56B6
587E0344141DFF039B101B8B0808DB56
FE5874033B141DFF039D0F1B8E0808DB
564C596403E91023FF03AA0D1B8A0808
DA56EB586903EA1025FF03D8091B8608
08DA56D0586603EA1026FF033A091B83
0808DA56FD586503E61026FF038C0B1B
820808DB56E458AB03771128FF03950D
1B810808D956E3589E03751126FF0344
0E1B800808D956D3589E03831122FF03
8E0E1B840808D9560B599603751122FF
03C10E1B8D0808D856E85859030B1121
FF03C90E1B8E0808D956D9585D030B11
20FF03CD0E1B900808D856DA58670307
111CFF03A80E1B8C0808D756D3586703
05111AFF03CD0E1B880808D656E05860
03DA101AFF03EE0E1B850808D7560C59
5E03D81016FF037A0E1B840808D756BE
586903D41015FF03A30E1B880808D656
AE586103D21015FF03D30D1B8B0808D6
5682585E03D01013FF03FF0A1B8E0808
D6569A587603591814FF03C10A1B8D08
08D65661587A035B1810FF03A70C1B88
0808D6568B5879035F1813FF03C70B1B
880808D556AC587103581816FF031C0B
1B8A0808D656985851038D1015FF0305
0C1B890808D6568B586E03911015FF03
B80C1B8C0808D5568C585E038F1014FF
03DE0C1B8D0808D6567C585503941012
FF03C70B1B8A0808D5566A586F033F12
0BFF03650A1B890808D55676586B033B
1202FF03F1091B830808D5567B587103
4612FDFE03A2091B7F0808D556A35869
033F12FBFE03C7091B830808D4568058
4C034511FDFE0383081B8C0808D45681
5847033B1100FF03B0051B8C0808D456
38584D03471106FF0381071B960808D4
565E585103421109FF035D081B980808
D45632584B03401109FF03A8081B9608
08D456EA57CC0678140AFF03BF091B94
0808D456CF57C6067B1409FF03DE0A1B
8F0808D4560558CC06801407FF03C709
1B8D0808D4560558C0067E1405FF03BF
091B900808D356FE57A41CBC2905FF03
21091B900808D456FB57991CB72905FF
03E8091B900808D4560358AA1CB92907
FF037A0A1B910808D356FD57A31CB529
09FF03F70A1B900808D2560358BB2B32
510BFF036B0B1B8B0808D3565458C22B
2D510CFF039B0A1B890808D3566958C2
2B33510EFF0330061B8A0808D3567F58
BF2B2E510CFF0365021B8C0808D2566C
588314FD2308FF03E3031B8C0808D256
345884140F24FFFE0307061B8A0808D1
566A587E14FF23FEFE0345061B8D0808
D15681588A14FF23F5FE03BF071B8F08
08D15672588A140F24EFFE03CC071B8E
0808D15637584703C110EBFE03C9081B
8C0808D1565F585203C910EDFE039509
1B860808D1567D584C03C110EDFE03DC
041B870808D15651585503C910EDFE03
C2061B860808D1567058E13AF070EFFE
03D6081B840808D1567558EC3AED70ED
FE031D081B810808D1569458E43AEB70
EEFE03F6021B820808D256A558E43AF1
70F4FE0375021B880808D156AD589021
915FF5FE0316021B8F0808D156AF5891
218B5FF5FE03B6041B900808D256A858
95218B5FF9FE035F091B8E0808D25683
5895218D5FFEFE039D091B8F0808D156
8958920A303DFFFE03BB091B960808D0
56A658950A343D01FF03030B1B990808
D056A5588D0A303DFFFE03390B1B9708
08D05698588D0A2B3DFBFE03880B1B98
0808CF56A958940A253DF6FE03D30B1B
970808CF56AE583C03F410F3FE03CF0B
1B980808CF56895846030111F2FE0333
0C1B9A0808CE568A584403FB10EFFE03
8A0C1B9B0808CE566C583803F810F2FE
039B0C1B9A0808CE565B5837031A12EE
FE03A70C1B9A0808CE56615847031512
EBFE03B00C1B9B0808CE564558490315
12EDFE03A30C1B9A0808CD562B583E03
0B12EBFE03C00C1B9A0808CD56545856
033515ECFE03500C1B990808CC565C58
4F033715F0FE033F0C1B980808CD5630
5844033D15F5FE032B0C1B960808CD56
44584F034015F6FE03030B1B920808CD
561C5862035515F8FE03270A1B8B0808
CD560B586B035515FAFE03270A1B8208
08CD56FA576A035015FAFE03090A1B84
0808CD56DD5779035515F4FE03AC0A1B
8A0808CD56585863035C15F3FE03140B
1B8B0808CC5605581D032711EDFE03A1
0D1B8B0808CC56C5571C031F11F0FE03
370E1B8B0808CC56AF5722032511EFFE
03120E1B830808CC56D3571A031A11ED
FE03FF0C1B750808CC56095849031411
ECFE03030F1B630808CC561E584B0312
11ECFE03B60F1B510808CD563A584503
1611EAFE0372101B4C0808CC5601584F
031411E9FE03EB101B520808CC560C58
2B031410E6FE0382101B5F0808CC56FB
572E032010E8FE0348101B680808CC56
E65735031910EDFE037A101B6E0808CC
56DF5731032710F0FE03CB0F1B750808
CB56EB5734031A10F5FE031A101B7B08
08CB56EB5728031E10F8FE0382101B7D
0808CC56ED572A031A10F7FE03DB101B
790808CB56055831032010F1FE037D11
1B6C0808CA5606582B031D10E8FE0323
121B5C0808C95600582B033D10E5FE03
11131B500808C956F9571B034110DEFE
0309131B490808C856255821033710D8
FE0309131B4B0808C856295817033E10
D7FE0319131B4B0808C75614582003EF
0FD4FE0392131B4F0808C75607581D03
ED0FD7FE03D9131B500808C75605582D
03F50FDAFE03E1131B560808C7560258
2403EF0FE0FE03BC131B580808C756F9
570F033310E5FE038A131B530808C656
235813032610EAFE03B4131B440808C6
5636580A032D10EBFE03F0131B320808
C656565809032910EBFE031C141B2508
08C55659581E035A10E8FE0320141B1A
0808C556765822035810E5FE03FF131B
1E0808C4567C5822036410E4FE03D513
1B1D0808C556815822034F10DEFE03F2
131B1D0808C55660581E035710DAFE03
0F141B1D0808C556695831036010D5FE
0303141B210808C55649582D035D10D2
FE03F2131B240808C55656583B035D10
CFFE0324141B270808C5563A58220361
10CDFE0339141B210808C55640581D03
3010CEFE032D141B150808C4562B5826
033810CFFE034E141B080808C4562F58
13032B10CEFE038D141BFF0708C35638
5829033410CEFE0331141B000808C356
1858FF020C10CFFE037C141BFD0708C3
56185800030F10CFFE0356141BFA0708
C3560558FE021210D1FE031C141BF707
08C356F95704030F10D3FE0328141BF6
0708C356085831030F10D4FE030F141B
F20708C256F4572B030310D6FE032814
1BEF0708C25603582A031510D8FE0328
141BE10708C256EA572F030E10D8FE03
3D141BCF0708C25616582D030B10D8FE
0367141BBD0708C15614580F037210D6
FE0388141BB50708C156205810036810
D4FE0391141BB10708C1560558090371
10D1FE0385141BB00708C15605580D03
6710D0FE03BF141BAD0708C156055831
035810D1FE037C141BAB0708C1560B58
2F034C10D2FE036B141BAC0708C1560F
5823034310D5FE036B141BA90708C056
29582B034710D4FE036B141B9E0708C0
56005826030310D9FE0378141B860708
C056035815030910D9FE0395141B7307
08BF56FE572203FE0FD9FE037C141B6C
0708BF56E85725030B10D8FE035F141B
660708BF56ED571E03D610D6FE035F14
1B620708BE56BC572403D210DFFE0352
141B540708BF56C7572803D310EAFE03
45141B390708BF56C0571A03D510F4FE
0363141B200708BF56B9572603D010FE
FE03A1141B180708BF5672570D03D20F
01FF0380141B120708BE5677570D03D8
0F08FF0373141B0F0708BE5649571003
E00F15FF0339141B030708BD560B570C
03D90F27FF031C141BF20608BD56DB56
12031C1036FF0335141BD40608BC56C4
561503141042FF0352141BBF0608BC56
8556120320104AFF0314141BAE0608BC
566F561C031A104CFF0346141BA50608
BC5649560703FE0F4BFF033D141B9B06
08BC5619560903FE0F4EFF0346141B8C
0608BC56F95513030B1050FF0361141B
7B0608BD56D4550D03FC0F54FF035A14
1B780608BD56C5550A03F10F58FF0346
141B780608BB56C6550E03E80F5BFF03
41141B790608BB56D6550E03E20F5BFF
0324141B700608BB56CA550D03ED0F60
FF0324141B5A0608BB56AC550903EA0F
5FFF0318141B430608BB569755FE02F1
0F62FF0396131B280608BB566F550403
F00F62FF0392131B0C0608BB566155FF
02E90F60FF03C8131BF30508BA562B55
F902E90F5EFF035C131BDD0508BA56EF
543C0312105BFF03AB131BD00508B956
BC543303111058FF03D5131BC20508B9
56815430030E1054FF03F4131BB50508
B9564E542D0314104DFF0320141BAA05
08B85635542D03F40F4BFF0320141BA0
0508B85625543503031043FF0320141B
9D0508B85653543603F70F42FF032414
1B940508B7561354310302103EFF031C
141B800508B756F9531E0312103BFF03
1C141B670508B756C95320031E103CFF
0324141B550508B756C9532803231038
FF0318141B3E0508B65689531A031710
36FF0331141B280508B7567E531C030D
1030FF0356141B140508B75663530C03
A90F2BFF0335141B060508B656335309
03B50F21FF0352141BF80408B6561E53
1E03A80F14FF0375141BEF0408B656ED
520B03B00F0AFF038C141BE70408B656
C9522E03B50F01FF0380141BE30408B6
56A0523803B60FFEFE0380141BDA0408
B55693523503B40F00FF035A141BD004
08B55666523003A20F09FF0341141BBE
0408B55648521303710F11FF0339141B
AC0408B55655520B03670F15FF033514
1B910408B45604531503650F12FF034A
141B790408B456775411036A0F04FF03
63141B5E0408B3562754F8026E0FE3FE
033D141B4A0408B35685530703540FA4
FE03E0141B360408B3560253FC02600F
36FE03D2151B290408B256BA52FE0262
0F86FD03F6161B1B0408B1560356F602
510F9CFC03B9181B190408B156885240
03170F82FB03741A1B190408B2562852
2B03090F1EFA038F1C1B1C0408B156E6
5138030D0F8EF803281F1B1C0408B156
A2513603000FFBF60387211B1C0408B1
569C51C002EB0E74F5037E231B1F0408
B1567B51BA02E90E38F40364241B2104
08B1566A51B802EF0E58F30307251B1F
0408B1564C51B702E60ECCF20332251B
200408B1563051E902230F80F2034325
1B1D0408B1562651F3021A0F60F2034B
251B1A0408B1562C51F0021C0F54F203
3E251B190408B1561451EA021C0F4FF2
0347251B150408B05616516E02CB0E5B
F203F7241B110408B05614516902B70E
85F203A2241B130408B0561B517602C8
0ECDF2030C241B0B0408B15607516E02
BC0E58F3032A231BFF0308B15686536D
02CD0EE7F303AD211BF20308B056A153
9300271512F40387211BE80308B056E9
5295002415BCF30343231BE00308B156
53529A002815F2F203FB241BDE0308B1
56485285002B1509F2038C891AE00308
B1561A524E0E290E8BF103C94313E003
08B1560B53450E280E73F103FB3A0DE1
0308B0566652560E300E75F103D9310D
E10308B0565952470E300E8CF10397A5
0CDF0308B15642529D02CC03A1F1032E
ED0CE10308B0561E52A602C803B4F103
511E0DE00308B056CB51AC02BD03CBF1
036E170DE00308B156B051A002C103E6
F103FCEB0CDF0308B1568A51A402BD03
02F203DABB0CE00308B05661519D02C0
0320F20363C00CDE0308AF564B51A702
B4033CF20390D50CDF0308AF561851A6
02C1035AF20320E30CDF0308AF565251
A702C7037EF2035F950CDF0308AF56DF
509B02B903</Data>

   <DataCRC>5bc0aeee</DataCRC>

   <BytesSent>12597</BytesSent>

</SBEDataUpload>
</InstrumentRawData>
</SBEDataUploadFile>
