<?xml version="1.0"?>
<!-- SCPlusV2_RS232 -->
<SBEDataUploadFile>
<ApplicationData>
<Seaterm232>
<SoftwareVersion>2.6.3.104</SoftwareVersion>
<BuildDate>30-Jun-2017</BuildDate>
</Seaterm232>
</ApplicationData>
<InstrumentState>
<HardwareData DeviceType='SBE19plus' SerialNumber='01906740'>

   <Manufacturer>Sea-Bird Electronics, Inc.</Manufacturer>

   <FirmwareVersion>2.2d</FirmwareVersion>

   <FirmwareDate>9 February 2011 08:30</FirmwareDate>

   <CommandSetVersion>1.1</CommandSetVersion>

   <PCBAssembly PCBSerialNum='25307' AssemblyNum='41054G'/>

   <PCBAssembly PCBSerialNum='25737' AssemblyNum='41580B'/>

   <PCBAssembly PCBSerialNum='24669' AssemblyNum='41606'/>

   <PCBAssembly PCBSerialNum='24372' AssemblyNum='41059D'/>

   <MfgDate>  08 DEC 2010</MfgDate>

   <InternalSensors>

      <Sensor id='Main Temperature'>

         <type>temperature0</type>

         <SerialNumber>01906740</SerialNumber>

      </Sensor>

      <Sensor id='Main Conductivity'>

         <type>conductivity-0</type>

         <SerialNumber>01906740</SerialNumber>

      </Sensor>

      <Sensor id='Main Pressure'>

         <type>strain-0</type>

         <SerialNumber>3220369</SerialNumber>

      </Sensor>

   </InternalSensors>

   <ExternalSensors>

      <Sensor id='volt 0'>

         <type>SBE 43 OXY</type>

         <SerialNumber>432005</SerialNumber>

      </Sensor>

      <Sensor id='volt 1'>

         <type>not assigned</type>

         <SerialNumber>not assigned</SerialNumber>

      </Sensor>

      <Sensor id='volt 2'>

         <type>ECO-FLNTURT CHL</type>

         <SerialNumber>FLNTURTD-2025</SerialNumber>

      </Sensor>

      <Sensor id='volt 3'>

         <type>ECO-FLNTURT TURB</type>

         <SerialNumber>FLNTURTD-2025</SerialNumber>

      </Sensor>

      <Sensor id='volt 4'>

         <type>not assigned</type>

         <SerialNumber>not assigned</SerialNumber>

      </Sensor>

      <Sensor id='volt 5'>

         <type>not assigned</type>

         <SerialNumber>not assigned</SerialNumber>

      </Sensor>

   </ExternalSensors>

</HardwareData>
<StatusData DeviceType='SBE19plus' SerialNumber='01906740'>

   <DateTime>2018-11-26T19:37:10</DateTime>

   <LoggingState>not logging</LoggingState>

   <EventSummary numEvents='241'/>

   <Power>

      <vMain>12.4</vMain>

      <vLith>5.3</vLith>

      <iMain>61.4</iMain>

      <iPump>156.8</iPump>

      <iExt01> 4.2</iExt01>

      <iExt2345>18.2</iExt2345>

   </Power>

   <MemorySummary>

      <Bytes>1110270</Bytes>

      <Samples>65310</Samples>

      <SamplesFree>3805169</SamplesFree>

      <SampleLength>17</SampleLength>

      <Profiles>71</Profiles>

   </MemorySummary>

</StatusData>
<ConfigurationData DeviceType='SBE19plus' SerialNumber='01906740'>

   <ProfileMode>

      <ScansToAverage>1</ScansToAverage>

      <MinimumCondFreq>3226</MinimumCondFreq>

      <PumpDelay>60</PumpDelay>

      <AutoRun>no</AutoRun>

      <IgnoreSwitch>no</IgnoreSwitch>

   </ProfileMode>

   <Battery>

      <Type>alkaline</Type>

      <CutOff>7.5</CutOff>

   </Battery>

   <DataChannels>

      <ExtVolt0>yes</ExtVolt0>

      <ExtVolt1>no</ExtVolt1>

      <ExtVolt2>yes</ExtVolt2>

      <ExtVolt3>yes</ExtVolt3>

      <ExtVolt4>no</ExtVolt4>

      <ExtVolt5>no</ExtVolt5>

      <SBE38>no</SBE38>

      <OPTODE>no</OPTODE>

      <GTD>no</GTD>

   </DataChannels>

   <EchoCharacters>yes</EchoCharacters>

   <OutputExecutedTag>yes</OutputExecutedTag>

   <OutputFormat>raw HEX</OutputFormat>

</ConfigurationData>
<CalibrationCoefficients DeviceType='SBE19plus' SerialNumber='01906740'>

   <Calibration format='TEMP1' id='Main Temperature'>

      <SerialNum>01906740</SerialNum>

      <CalDate>07-Jan-11 </CalDate>

      <TA0>1.255288e-03</TA0>

      <TA1>2.593288e-04</TA1>

      <TA2>-2.376104e-07</TA2>

      <TA3>1.449298e-07</TA3>

      <TOFFSET>0.000000e+00</TOFFSET>

   </Calibration>

   <Calibration format='WBCOND0' id='Main Conductivity'>

      <SerialNum>01906740</SerialNum>

      <CalDate>07-Jan-11</CalDate>

      <G>-1.033008e+00</G>

      <H>1.393941e-01</H>

      <I>-2.175401e-04</I>

      <J>3.475757e-05</J>

      <CPCOR>-9.570000e-08</CPCOR>

      <CTCOR>3.250000e-06</CTCOR>

      <CSLOPE>1.000000e+00</CSLOPE>

   </Calibration>

   <Calibration format='STRAIN0' id='Main Pressure'>

      <SerialNum>3220369</SerialNum>

      <CalDate>21-Dec-10</CalDate>

      <PA0>8.222195e-01</PA0>

      <PA1>1.566037e-02</PA1>

      <PA2>-6.194425e-10</PA2>

      <PTCA0>5.244452e+05</PTCA0>

      <PTCA1>4.417653e+00</PTCA1>

      <PTCA2>-9.798927e-02</PTCA2>

      <PTCB0>2.510725e+01</PTCB0>

      <PTCB1>-1.150000e-03</PTCB1>

      <PTCB2>0.000000e+00</PTCB2>

      <PTEMPA0>-5.917147e+01</PTEMPA0>

      <PTEMPA1>5.387460e+01</PTEMPA1>

      <PTEMPA2>-2.653169e-01</PTEMPA2>

      <POFFSET>0.000000e+00</POFFSET>

      <PRANGE>5.076000e+03</PRANGE>

   </Calibration>

   <Calibration format='VOLT0' id='Volt 0'>

      <OFFSET>-4.687158e-02</OFFSET>

      <SLOPE>1.247988e+00</SLOPE>

   </Calibration>

   <Calibration format='VOLT0' id='Volt 1'>

      <OFFSET>-4.719579e-02</OFFSET>

      <SLOPE>1.248132e+00</SLOPE>

   </Calibration>

   <Calibration format='VOLT0' id='Volt 2'>

      <OFFSET>-4.684526e-02</OFFSET>

      <SLOPE>1.248324e+00</SLOPE>

   </Calibration>

   <Calibration format='VOLT0' id='Volt 3'>

      <OFFSET>-4.678105e-02</OFFSET>

      <SLOPE>1.247145e+00</SLOPE>

   </Calibration>

   <Calibration format='VOLT0' id='Volt 4'>

      <OFFSET>-4.669684e-02</OFFSET>

      <SLOPE>1.248307e+00</SLOPE>

   </Calibration>

   <Calibration format='VOLT0' id='Volt 5'>

      <OFFSET>-4.709579e-02</OFFSET>

      <SLOPE>1.247697e+00</SLOPE>

   </Calibration>

   <Calibration format='FREQ0' id='external frequency channel'>

      <EXTFREQSF>9.999977e-01</EXTFREQSF>

   </Calibration>

</CalibrationCoefficients>
<EventCounters DeviceType='SBE19plus' SerialNumber='01906740'>

   <EventSummary numEvents='241'/>

   <Event type='ErrorFLASHUncorrectableError' count='241'/>

</EventCounters></InstrumentState>
<Headers>

cast  67 25 Nov 2018 14:07:40 samples 62333 to 62902, avg = 1, stop = mag switch

</Headers><InstrumentRawData>
<SBEDataUpload startAddr='1059644'>

   <Type>1</Type>

   <DataFormat>SEACATPLUS0</DataFormat>

   <Bytes>9690</Bytes>

   <Data>
F2DD034BA910DD03084755F2568C0453
143DDD033D130FDC0308485542578B04
5014A7DC030E650FDA03084855F75693
044E1439DC039CB80DDC03084855D556
8E044A14E9DB0381490FDD03084955F1
5621026316A5DB0395EA0DDF03084955
29571F026D1668DB039A1F0DE1030849
55BB5625026F16CDDE031B940DE50308
4955DE5919026B1630E403767C15F003
084A55955CE106C71010E903813A15FA
03084B55F359CF06BC1081EC0336B316
0204084B55AB5FD506C71083EE03A2E5
120604084B55A95CD506BE107EED03D9
50170E04084C55085B5B03FC1505ED03
228B100F04084C55855B4003F515C8EB
03D0B0150E04084D55A55B5303F215F9
E903417C150E04084E55275B5803F715
8EE903EFFA191204084E556B5A5703FD
15F9E903B2461B1B04084E5562590D03
230F6FEB0393491B2104084F55165915
03140FFEEC033C481B2A04084F552659
0503220F70EE0380451B2B04085055D0
580203240FCBEF0355421B2D04085055
8B5808032A0FF8F0038B3C1B2D040851
55B85806033A0F1FF2034E371B300408
5155A158F902310F12F3035D341B3504
085155BA58F802320FE1F30342331B3A
040851552759FC02590F99F40306321B
3A04085355D258E3025E0F29F5031A31
1B38040854555059FA02530F89F50344
301B35040855556859FB02570FC1F503
C82F1B37040855559159F302490FDDF5
03CE2F1B3904085555AC59F602570FE2
F5031E301B3C040855550F5AF202510F
DEF503A9301B3704085655635BEC024D
0FD4F50383301B3204085755B95CEF02
4D0FCEF503FC2F1B2B04085755335DDA
02390FC4F50301301B28040856555E5D
E602340FC0F5037F301B2A0408565566
5CD802370FBBF503EC301B2B04085655
C35BDE02360FB8F503E0301B30040856
55725B11031B0FB8F503AD2F1B310408
5655015B1003230FB8F503472F1B3004
0856559A5A1303280FC3F503E32E1B31
04085755925A1503170FD9F5039B2E1B
3304085655205A1A032B0FF3F503752E
1B33040855558A5918032A0F07F60365
2E1B3104085555915919033B0F1EF603
342E1B2F04085455195918032A0F33F6
03212E1B2E04085555C1580D03440F42
F603322E1B2A04085555B3580E03400F
4EF603432E1B2904085455905808033A
0F53F603112E1B24040854559F580203
410F58F603C52D1B240408545561580A
033E0F5EF603BE2D1B28040853553458
F802340F62F603E22D1B2C0408525520
58F802330F65F6033B2E1B2C04085255
D657FD02310F6CF6037A2E1B2D040852
55B557FE02360F70F603EF2D1B2C0408
52558657FE020C0F70F603F72D1B3004
0851556A57FC02070F67F603652E1B2F
040851554D57F7020D0F60F603E32E1B
31040853553357FC02150F56F603332F
1B2E040854551157E502040F4EF60337
2F1B2D040854550257DE02180F4AF603
4C2F1B2A04085355F356DE02130F45F6
036F2F1B28040852555956DE02090F43
F603332F1B2A040853553C56F602180F
42F603B02E1B2C040851557B56F7021C
0F38F6030D2F1B31040851558856FC02
1C0F27F60394301B33040851558D5602
03270F08F603A6301B32040852553856
F7021A0FF9F50355301B2F040853552E
561103E00EF8F503CA2F1B2D04085455
1A561003DD0EF8F5032A2F1B2D040855
55DF550D03D90EF4F503372F1B2D0408
5555E6550603DE0EEEF5034C2F1B2D04
085655D555EE02F00EE7F503672F1B30
04085655B455EA02EB0EDDF5038B2F1B
2E040856559655EC02EF0ED0F503BD2F
1B31040856556D55EB02F70EC0F503F4
2F1B2C0408565546550D032C0FBBF503
F42F1B2E04085755F1540C03310FB5F5
03B82F1B2D04085855F1540603300FB1
F5035D2F1B2F04085855BA541103340F
B2F503692F1B2F04085A5586540D033E
0FB4F5037B311B300408595544541103
3E0FA8F503C0331B2F04085A556D5418
03430FA0F50380321B2C04085C554654
0803420F9FF50394301B2A04085B552A
540B033A0FA5F503BD2F1B2C04085A55
2454E2024C0FBBF503722F1B2E04085A
552854E0024A0FCFF503CE2F1B300408
58554B54E2024F0FCBF50392301B3304
0857551254DB024D0FBAF50359301B30
04085655FD53FD02F80EBFF50351301B
2F04085555C253F902FA0EDCF503F82F
1B2F040855559753FF02F80EFDF503C6
2F1B3004085555B353FE02FD0E13F603
982F1B3004085455A153F102E90E26F6
03732F1B2F040854557A53EF02F10E3A
F6038F2F1B2C040855558553F202F40E
46F6034C301B2A040854555153F702EF
0E42F603CA2F1B2A040855554753DF02
E70E41F6035D2F1B29040855553A53E4
02F00E4DF603802E1B2C040854553C53
DC02E60E59F603692E1B3004085555F6
52E502EE0E55F60376301B3104085555
E252D602F30E40F60363321B30040856
55B152E202E40E40F603BF321B2E0408
5855C452D802F40E3EF603F1321B2904
085855C752DB02F10EBEF503F9311B2A
04085955A452E202E80E4BF5030E311B
2C04085A55C352D002FD0E30F5032331
1B2E04085A559752D202FD0E31F50378
321B2D04085A558052CB02FB0E23F503
6E331B2E04085A557352CC02FE0E24F5
03CD331B2D04085A552052EB02370F2E
F503C3321B2D040859554B52E902300F
41F503B6311B2F04085A552052E9022F
0F48F5031B321B3104085B55FB51F302
350F43F50342331B3304085C55D951E5
02400F46F50308341B3504085B55D551
EA02480F55F5037D341B3304085A55D9
51F202480F5EF503B8341B3204085955
B951E802480F61F503BD341B31040857
559E51EE02440F4DF503B3331B300408
5755A4511103200F3CF503B3321B2F04
0856558F5115031A0F37F50363321B31
04085655485105031D0F34F503B7321B
30040855551D511703220F2AF503AB33
1B32040856551551FF024B0F1FF50365
341B2F04085555E750FE023E0F25F503
AC341B3204085655CE50FA02400F30F5
038D331B3304085655BF500403420F40
F50367321B3404085555B0500C030D0F
56F50352321B3604085455725015030B
0F70F50336331B360408525594500903
0F0F6DF503DD331B3604085055855011
03130F6DF50321341B33040852559850
ED028A0F73F503D8321B32040852558C
50E802960F81F50356321B3404085255
3E50F102930F95F503ED321B33040852
552E50E5028D0F98F503C8331B330408
53551E50F4028F0F93F50303341B3104
0854550850F1021D0F8FF503E1321B31
04085555CF4FE702290F94F5031B321B
3404085555F74FEE021C0FA2F503BD31
1B35040855550D50F2021E0FB1F50384
311B35040854550B500903460FBBF503
73311B3604085355D84FFE023C0FC7F5
037F311B3504085455D64FF502480FCF
F503F9301B3904085455BF4F08033C0F
DBF50316311B3B04085355DE4F0F0355
0FE2F50381311B3D04085555C94F0D03
4D0FE0F50330321B3D04085755D94F14
034D0FD7F503C8321B3C04085755C84F
1103530FD5F50318331B3D040856559B
4F0E032E0FD4F503F6321B3B04085655
C84F0F032C0FD7F503AD311B42040857
5510500F03300FDEF503AE311B450408
5655EB4F13032B0FE2F503F1311B4804
0857550D501803270FDDF5035A321B49
04085655C94FFA02650FCFF503CC321B
4804085755BC4FFC026B0FC4F5038432
1B4D04085755AD4FFF02650FBFF50384
311B4F04085955A64F0003700FC8F503
E8301B5304085955CD4F1F031C0FDAF5
032F301B59040859559E4F15031B0FEB
F503DF2F1B5E04085A55CC4F1F031C0F
FEF503B42F1B6004085B559C4F1E0320
0F0AF603A02F1B6404085B55C24F0603
8E0F18F603B12F1B6704085A55AB4FFE
028F0F22F603BD2F1B6704085A55AA4F
0303890F26F603C22F1B6404085B55B2
4FFC02970F2AF603BC2F1B6304085D55
E24FFF025E0F30F603832F1B6704085C
55BC4FFF02650F37F6032E2F1B690408
5D55B64FF9025F0F38F603112F1B6D04
085C557E4FF602690F35F6031E2F1B6E
04085C55A24F0503600F32F603262F1B
6D04085C556D4F07034B0F33F6033E2F
1B6B04085E55844F13034F0F32F603C1
2E1B6E04085D55A44F0503580F3DF603
042E1B7204085D55914F0B03470F57F6
03D62D1B7804085B558E4F00035D0F67
F603112E1B7804085A555F4F05035C0F
63F6034C2E1B7604085B55A24F020362
0F59F6033F2E1B7304085A55934FFE02
5D0F55F6033F2E1B7504085A55B54FFC
02540F5CF6033B2E1B7804085B55AB4F
0203510F6DF6032E2E1B7B04085C5589
4F0203490F7EF603262E1B7C04085A55
784FFB02530F8AF603382E1B7A04085C
55754FEE02440F92F603472E1B770408
5C55924FEF02420F91F603432E1B7704
085D55B34FF002420F93F6034B2E1B76
04085A557A4FEF02400F96F603582E1B
78040859557C4FF902410F99F6038F2E
1B7804085755854FEE02430F99F603F2
2E1B77040856558C4FE502420F95F603
3B2F1B7504085655A04FEF02440F8BF6
03502F1B7504085755C34FE6023A0F82
F603332F1B7604085955A84F2003220F
7CF603002F1B7904085955904F18031D
0F7BF603C52E1B7B04085A557B4F2203
230F81F603CA2E1B7E04085855884F24
031F0F87F603B52E1B7D040857558D4F
0D03980F8CF603AC2E1B7F040854557D
4F1103A20F8FF6038A2E1B8304085655
864F11039B0F94F6037C2E1B86040855
55E74F1703A00F99F6037A2E1B870408
5455A64F2B03090FA0F603712E1B8704
085555B34F3103130FA2F6034B2E1B88
04085655A94F2E030D0FA9F6033B2E1B
8904085855964F3603130FAEF6031D2E
1B8F040858559E4F2803100FB7F60313
2E1B8F040858558A4F11039A0FBBF603
0C2E1B9104085955634F1303A30FBEF6
03152E1B9204085855534F0E039D0FC1
F603152E1B9304085955404F0C039F0F
C4F6030C2E1B9504085955684FF3026E
0FC9F603152E1B9B04085A552C4FED02
700FCBF603302E1B9D04085C551F4FF1
026E0FCFF6034B2E1B9C04085D550B4F
F2026E0FCDF603542E1B9E04085E5508
4F2403A10FCBF603FC2D1BA104085E55
194F1F03A20FCFF6037E2D1BA504085E
556C4F1203A00FDCF6036A2D1BAA0408
5D55CD4F1F03A20FE6F603682D1BAC04
085D556F4F1E03650FEAF603712D1BAA
04085F55444F1D03590FEAF6036D2D1B
AA040860553B4F20035E0FEDF603792D
1BAA04086055214F1E03590FF0F6038A
2D1BAA04085F55FC4E1F035E0FF5F603
AE2D1BAC04085E55CE4EFE02310FF7F6
03DE2D1BAA04085E55F44E00032E0FF3
F603262E1BAC04085E55044FFE022F0F
ECF6037E2E1BAC04085C55CC4EFE0233
0FE1F603C12E1BAA04085A55CF4EFA02
650FD8F603F22E1BA804085955CF4E00
036C0FD3F603D22E1BA804085A55C14E
02036A0FCFF603602E1BAB04085A55B1
4E06036C0FD3F603152E1BAF04085A55
A34EF4024F0FDEF603002E1BB204085C
55924E0203510FEBF603EF2D1BB40408
5D553F4EF802550FF5F603F72D1BB504
085D55AA4E0503530FFAF603DE2D1BB6
04085E558C4E0E036F0F02F703D62D1B
B604085C55894E14036E0F0CF703B82D
1BB804085D55D44E13036E0F1BF7039F
2D1BBC04085D55D74E1303670F2CF703
6E2D1BBF04085D55F54E0E03600F40F7
03582D1BC404085C55534F0B03800F51
F7032E2D1BCA04085C55084F1203800F
5DF703142D1BCD04085F55AA4F17037A
0F66F703462B1BCB04085F55E44F1103
7F0F74F703CD291BCD04086155684FFE
025A0F7FF70334291BD5040862551A4F
FF02520FA3F703D1281BDD0408625560
4FFB024D0FC9F70392281BDF04086255
724FF702530FEBF70379281BE0040860
55064F1503610F09F80370281BDE0408
6055B04E0E03680F21F80346281BE204
085E55544F0B03670F2FF8031C281BEA
04085C55274F14035D0F37F80321281B
F204085D55BC4F2303651035F8032D28
1BFA04085C55F44F1A035A1039F80329
281BFE04085E550B501C0355103FF803
FF271BFE04085D5561502003581050F8
03EA271BFC04085D5551501F035E1060
F803C4271B0005085D55C2501E03530F
6BF803BC271B0905085B5561511A034F
0F72F803AF271B0F05085A55CE511C03
4E0F74F803BC271B1805085855645222
03570F77F803BC271B17050856554552
F102620F7CF803B3271B15050855552A
52E902580F81F803A7271B1205085655
5652E802640F88F803A0271B12050856
554F52EE02650F8EF8039E271B120508
555577520703110F8CF803AB271B1405
0855558952FF02180F8CF803B8271B17
05085655E952F902150F96F80396271B
19050855550453FB02110FABF8034F27
1B2005085655FC5212038D0FD6F803EA
261B260508545598530D03980F0CF903
92261B2C0508555517540903930F30F9
0368261B2F0508565548541203890F4F
F9034F261B2D05085755F1530F03870F
58F9038A261B2E05085755CC5342039A
0F4DF903B4261B3205085755CE533C03
9C0F3FF903B4261B3305085755065442
039F0F3BF903AF261B3605085A550C54
4503A00F3FF9039E261B3705085A55BB
53F9025F0F42F9038E261B3B05085955
4454F902670F46F9038E261B3F050859
554454F9025E0F45F90392261B400508
5A553F54FF025C0F44F90381261B4505
085A5566540703650F43F90385261B4A
05085955C35400036E0F3DF90396261B
5205085A552C550303690F34F903AB26
1B5205085B555855FD02730F27F903B4
261B5405085E55385506037E0F20F903
AF261B5505085C55405500037E0F19F9
03B8261B5C05085C55FE55F602740F0E
F903BC261B6005085B558C5500037F0F
0BF903C0261B6205085B55CA55FD0280
0F06F903CE261B6405085C5598552103
5A0F06F903B8261B6905085C55AD5515
03620F0AF903AB261B7505085C55EA55
1C035E0F13F9039F261B7D05085B550B
5622035C0F2DF90370261B8605085C55
D05600038E0F4DF9033A261B8F05085C
5592560103930F60F9032D261B990508
5B558956FE028D0F76F90311261B9F05
085B5586560203870FA9F903AB251BA1
05085C553B561103530FF5F90336251B
A105085C5529560B034B0F46FA03B424
1B9F050859552C560F034F0F89FA036D
241B9D05085A5526561A034B0FAFFA03
7E241BA005085A55EB550D03310FAEFA
03BE241BA205085C55F75509032A0F8C
FA0325251BA205085B55EA551403290F
62FA0371251BA405085D55D0550F032F
0F47FA0371251BA305085D5505560E03
310F39FA0347251BA205085D55E35510
03250F3AFA0321251BA205085C55C155
1703200F49FA03F3241BA405085C55A0
550E031E0F69FA03C2241BA505085C55
75551003240F8DFA0386241BA805085E
551256EC02790FAFFA0354241BB10508
60552056E802870FC7FA0347241BBA05
085E556E56F002810FD8FA0326241BC5
05085D550B56EF027E0FD1FA0354241B
CD05085D55905602039C0FB0FA039B24
1BD205085F554E56FF02A70F97FA03BA
241BD505085E554056F902A00F96FA03
9F241BD505085F553B56FE02A50F9AFA
0386241BD605085D552756F702D6109F
FA0382241BD405085D5521561103DF10
A1FA038E241BD605085D5511560D03DC
109EFA0397241BD805085D5517560C03
D4108DFA03BC241BD905085D551E560D
03DB107AFA03D6241BDA05085E550856
08034E0F72FA03D1241BDC05085F5506
560503510F77FA03C1241BDF05085D55
09560F034B0F8CFA0393241BE405085C
55C9560C03520FA8FA0350241BED0508
5D55F55608035E0FCCFA0319241BF305
085F55375713035E0FE9FA03FC231BFE
05085E5528570F035A0FFDFA03ED231B
0606085F555A571503590F09FB03DE23
1B1206085F5573571703740F13FB03D6
231B1A06085F555C571E036E0F1BFB03
D2231B2406085F558A572203700F1CFB
03D6231B2D06085E558F571A036C0F17
FB03DE231B3906085F5526581E035A0F
1EFB03C9231B3E06085F55CB57190351
0F21FB03C1231B48060860550B581103
560F17FB03E5231B50060862556B580C
03560F0BFB03F3231B5C060861551458
1103560F1CFB03C5231B690608615523
5847034E0F2BFB03A8231B7506086455
EF583B03510F36FB03A4231B80060864
55775941034D0F5AFB0365231B880608
6355B9593A03560F96FB0300231B9106
0861556A592403D90FC9FB03BB221B99
06086455B0583103E80FEDFB039C221B
A106086555CA582E03DE0F05FC038322
1BA8060864552E582F03DC0F14FC037A
221BA806086455D8571D03151016FC03
83221BAA0608655579571C03111017FC
0387221BB1060866555B582003091015
FC0387221BBD060867555B581A031110
0DFC0396221BCE06086655CF58210313
1000FC03AD221BD80608645515592E03
2E10E6FB03DB221BE406086455EF5929
033410CEFB03F8221BF106086455855A
23033310C9FB03E7221BFD0608635534
5B33032B10C9FB03D6221B0B07086255
F05B16039C0FD2FB03C6221B1B070862
55B15C0F03A20FE4FB03A4221B240708
6355E05C0403A30FF8FB0382221B3207
086455935C06039E0F09FC0365221B3F
07086355C25C2403FE0F1DFC0355221B
4F07086455BE5C3103F90F2EFC034822
1B5A070863557F5D2703031037FC0340
221B6707086355095E3303FD0F3CFC03
40221B75070862559D5E12032F1041FC
0337221B81070863559F5E1103291044
FC0336221B8A07086155395E13032A10
40FC0337221B96070861554C5E16032D
103EFC0340221BA007086255645E0F03
26103BFC0340221BAD07086255B15E20
03B00F38FC0340221BBE07086155DB5E
1703AE0F3AFC0344221BCA0708635500
5F2003AB0F3CFC033B221BD907086355
D85E2603B20F3FFC0337221BE5070863
55875E200361103FFC033A221BF40708
6155C45E1A03671041FC033B221BFE07
085F5567601B035F1042FC032F221BFF
07085F55905E2403581045FC032B221B
FF07085E55CE5D2B03681045FC032222
1B0008085F556A5D2303671047FC031E
221B00080860551F5D2F03691048FC03
1E221B0108085F55E95C3503681048FC
0321221B0208085E55A45C2403841045
FC032F221B0308085F55905C2D038B10
44FC0333221B0408085F55BC5C34038B
1043FC0333221B0208085D556A5C2903
851042FC0333221B0308085D55285C2B
03831044FC032F221B0408085E555B5C
4F039B1044FC032F221B0208085C5561
5C5403931044FC033B221B0308085D55
475C4C039E103FFC0336221B0508085E
55515C4F0390103BFC0340221B060808
5F55945C4303871039FC033B221B0808
086055A05C3C03871038FC033B221B08
08085F55195C3E038A1038FC0337221B
0308085D555E5C3D0385103AFC032F22
1BF307085E55265D2A03AB103AFC032F
221BE207085E55AB5C2A03A5103BFC03
26221BCB07085E55685C2903A2103CFC
032B221BC007085F55A05C2C03AB103B
FC0333221BBF07085F55D65C4B030910
3CFC032B221BC307085F55E75C40030A
103BFC032F221BC607086255FF5C3A03
1B103AFC032B221BC3070863559F5C41
0310103CFC0322221BC307086355285C
3A030D103EFC031E221BC607086355B7
5B3203C80F40FC031D221BCC07086255
605B3203D10F43FC031A221BCC070861
55565B3203CB0F45FC031A221BC40708
6155445B3303CB0F47FC0316221BAE07
085F558A5B4003031046FC0316221B98
07086155AD5B4403FB0F46FC031A221B
8D07086255755B4003051043FC031E22
1B8507086155E15A4103FA0F40FC0321
221B8207086055705A2903E60F3EFC03
26221B8007086155555A2C03E90F3BFC
0326221B83070860551F5A3103EF0F38
FC0333221B8607086055EE593503F40F
33FC033B221B8D07086055E2593C03BE
0F2EFC0340221B9307085F55A8594403
C00F2BFC0344221B9007086055815943
03C20F2AFC0344221B81070860555559
3A03B80F26FC0342221B67070860556A
593703C20F25FC0340221B5707086155
FB581A032C1022FC0344221B4E070862
55E7581D03291020FC0348221B470708
6355C85820032E101FFC0348221B4407
086355C1581F0332101DFC034C221B42
07086455A558410301101DFC0348221B
480708635562584003FC0F1CFC034622
1B4B070864556D583B03FC0F1FFC0344
221B52070865554B58490305101FFC03
44221B59070865551C5830035E1021FC
0344221B5D070866556C582A035E1022
FC0340221B5E07086555325831035C10
21FC0340221B55070863552F582F0352
1022FC033B221B3B0708635555582F03
1A1021FC0336221B200708615577582F
031F1022FC0337221B0B07086055DC57
2D031D1021FC0340221B0207086155E0
572B0327101EFC0344221B0007086055
CD572F031C101AFC0348221B0107085E
55C4573603EB0F18FC0348221B030708
5E55BC573B03E70F1BFC0340221B0507
085E5575572C03F10F1CFC0337221B09
07085B5560572D03ED0F22FC0336221B
0F07085C5560573003D70F25FC032F22
1B0B07085B5566573203D80F29FC032B
221BF606085C552C572C03E20F2BFC03
26221BDD06085C556C573303DD0F2CFC
0322221BCA06085C55DD563803D00F2C
FC0326221BBE06085C55FD563203CC0F
28FC032F221BB706085D55DD563003C7
0F25FC0332221BB106085E55CC562B03
D00F24FC0333221BB106085D55915644
031C1020FC0333221BB606085E559B56
51031C1020FC0333221BBD06085E55BA
564903191020FC032F221BC606085D55
A8564F031D1024FC032B221BC606085E
554756520320102BFC0316221BB80608
5F55665635031D1034FC0305221B9D06
085E5579562B0325103AFC03FD211B8D
06085F5545562F0321103CFC0309221B
8306085F550656330319103BFC030D22
1B7E0608615510562203890F36FC0316
221B7706086155225631038F0F33FC03
1A221B74060861550B562B038D0F31FC
0316221B7206086355155631038F0F2F
FC0316221B7606086155BA552203DC0F
31FC0312221B700608635594551D03E1
0F34FC0309221B5A06086255BF551903
DF0F37FC0301221B4006086455B65526
03DE0F39FC03FD211B34060863558D55
2103B90F39FC0301221B2E060864558A
552203C20F3AFC0305221B2706086455
8A552103BA0F37FC030D221B22060864
5524552C03BE0F2BFC032B221B1F0608
63551A552003BC0F20FC0336221B1A06
086355BD542A03A70F16FC033B221B0B
06086555BE542E039A0F0AFC034C221B
EF05086555E05433039E0FF8FB036A22
1BDA05086555D8543903A50FEAFB037A
221BD40508635582542E030010DBFB03
8F221BD20508625583542E03FD0FC8FB
03B5221BD4050861556B542D030710B9
FB03BB221BD20508615546542C030510
B1FB03B1221BC80508615515542A031E
10B6FB0398221BAB050861553F543103
1910BEFB037E221B8C05085E5546542A
032310C4FB037E221B8005085E552554
29031A10C3FB0398221B7E05085E55FB
532D03A00FB3FB03C6221B7A05085E55
E5532A03A40F93FB030D231B7A05085E
55D65333039C0F71FB033B231B760508
5F55B4532403A20F4EFB0358231B6005
085F55625326039A0F30FB037A231B42
05085E55705300037E0F14FB0397231B
3505085F555A5312037E0F01FB039B23
1B3005085E55555310037E0FF2FA03AC
231B3005085D55325313037C0FE8FA03
B4231B2F05085D5527530D034B0FE1FA
03B4231B2905085C555E530D03510FD8
FA03BD231B0F05085E55FF531A034C0F
D0FA03C9231BF004085F5512540D034D
0FC8FA03D6231BE204085F5573542403
BE0FC0FA03E3231BE004085F55A55420
03BE0FB1FA0300241BE0040860557154
2403C00F9EFA032A241BE404085F55F9
532003C40F85FA0345241BE304085D55
3754FA02CF0F6DFA0364241BDA04085C
55DB53FE02CF0F53FA0386241BC30408
5B55D7530603CC0F3CFA039F241BA804
085B551554F702CD0F2BFA03AC241B9E
04085A559F53FD02CD0F26FA03A8241B
9804085B5543530E039C0F21FA03AC24
1B9704085A55385314039F0F19FA03C2
241B9304085B5520531003960F06FA03
F3241B9104085C55C95217039A0FEEF9
0319251B8504085C55A3520F03CB0FD9
F90321251B6C04085B55EF520D03CE0F
C9F90321251B5604085955EB521503CB
0FBBF90332251B5004085955A7520E03
CE0FADF90353251B4F04085A558E52F6
02630F91F9038C251B4F04085A555F52
E902630F64F903EA251B4C04085B554B
52EC025A0F30F9032D261B4904085D55
6852F302620F0DF9032D261B3B04085C
558F520C03BE0FF1F8033E261B1E0408
5D5543530B03BC0FD4F80368261B0A04
085E5560550B03C40FBCF8038E261B09
04085D5543541103B90FA0F803BA261B
0804085C5599531403B80F6BF8032127
1B0504085D55C1532803E20E21F803A7
271B0704085D5574532C03E20EF2F703
C8271B0804085D55FC522403DF0EF1F7
0396271B0B04085E556D522B03E30E0A
F8033E271B0C04085F5539521E039B0F
24F803FF261B1104085F5517521E039B
0F25F8031C271B1304085F55F3511903
A40FF5F703B3271B1804085E55D9511C
03A30FB7F70310281B1C04085D55A951
FE02AA0F71F70374281B1D04085C55B1
51F702AA0F39F703C8281B1D04085B55
A051FB02B00F06F7030C291B1C04085B
558E51FE02AF0FE9F60317291B190408
5B55A7512303D70FD9F603FF281B1B04
085C55A6511E03DF0FCAF6030C291B1A
04085C55AD511E03DD0FC8F6030C291B
1A04085C558C512703E00FF0F603A728
1B1904085B5584511F03DD0F27F7033E
281B1904085C556E51FF029E0F54F703
11281B1904085C554D510003A00F71F7
030C281B1B04085B55795100039D0F88
F703FF271B2104085B554F5100039C0F
9FF703EE271B2204085A557451070373
0FBCF703C8271B2004085C55A9510F03
6B0FD2F703B3271B1604085C55C45114
036A0FE3F703A0271B0304085C55D951
0F036C0FEEF70396271BE903085E55EF
5136069D30F4F7039A271BDC03085D55
755234069E30F1F7039D621ADB03085C
5583523206A630EDF703DF7E11DC0308
5D55665241069F3002F8036AEE0DDE03
085D55605202FCB9143AF80346D70EDD
03085D559B5202FCB41473F803D0970E
DE03085D553B52FEFBB914A7F803AB9E
0EDD03085F554D5209FCBA14DEF80340
BE0EDD03085E552C5405FCB51405F903
65910EDD03085F559C53FEFBF20819F9
035ED00EDD03085F550B53FDFBE9082B
F903DDA30EDE03085E557E52FEFBEE08
46F90386B10EDE03085E55365302FCEB
086BF90346850EDE03085D553B53A102
BC0394F90330720EDD03085D55635299
02C103C9F9030FFF0EDC03085E55E251
9C02C00311FA03495E0FDD03085D55EC
51A202BB035FFA037E800EDC03085E55
96523406580AADFA03B2850EDF03085F
5523523606580AE1FA0333E70EDE0308
5D5588512506550AF4FA03FF380FDD03
085C555F5126064C0A10FB03C44A0FDE
03085C552A51A002C203</Data>

   <DataCRC>1ca56108</DataCRC>

   <BytesSent>9690</BytesSent>

</SBEDataUpload>
</InstrumentRawData>
</SBEDataUploadFile>
