<?xml version="1.0"?>
<!-- SCPlusV2_RS232 -->
<SBEDataUploadFile>
<ApplicationData>
<Seaterm232>
<SoftwareVersion>2.6.3.104</SoftwareVersion>
<BuildDate>30-Jun-2017</BuildDate>
</Seaterm232>
</ApplicationData>
<InstrumentState>
<HardwareData DeviceType='SBE19plus' SerialNumber='01906740'>

   <Manufacturer>Sea-Bird Electronics, Inc.</Manufacturer>

   <FirmwareVersion>2.2d</FirmwareVersion>

   <FirmwareDate>9 February 2011 08:30</FirmwareDate>

   <CommandSetVersion>1.1</CommandSetVersion>

   <PCBAssembly PCBSerialNum='25307' AssemblyNum='41054G'/>

   <PCBAssembly PCBSerialNum='25737' AssemblyNum='41580B'/>

   <PCBAssembly PCBSerialNum='24669' AssemblyNum='41606'/>

   <PCBAssembly PCBSerialNum='24372' AssemblyNum='41059D'/>

   <MfgDate>  08 DEC 2010</MfgDate>

   <InternalSensors>

      <Sensor id='Main Temperature'>

         <type>temperature0</type>

         <SerialNumber>01906740</SerialNumber>

      </Sensor>

      <Sensor id='Main Conductivity'>

         <type>conductivity-0</type>

         <SerialNumber>01906740</SerialNumber>

      </Sensor>

      <Sensor id='Main Pressure'>

         <type>strain-0</type>

         <SerialNumber>3220369</SerialNumber>

      </Sensor>

   </InternalSensors>

   <ExternalSensors>

      <Sensor id='volt 0'>

         <type>SBE 43 OXY</type>

         <SerialNumber>432005</SerialNumber>

      </Sensor>

      <Sensor id='volt 1'>

         <type>not assigned</type>

         <SerialNumber>not assigned</SerialNumber>

      </Sensor>

      <Sensor id='volt 2'>

         <type>ECO-FLNTURT CHL</type>

         <SerialNumber>FLNTURTD-2025</SerialNumber>

      </Sensor>

      <Sensor id='volt 3'>

         <type>ECO-FLNTURT TURB</type>

         <SerialNumber>FLNTURTD-2025</SerialNumber>

      </Sensor>

      <Sensor id='volt 4'>

         <type>not assigned</type>

         <SerialNumber>not assigned</SerialNumber>

      </Sensor>

      <Sensor id='volt 5'>

         <type>not assigned</type>

         <SerialNumber>not assigned</SerialNumber>

      </Sensor>

   </ExternalSensors>

</HardwareData>
<StatusData DeviceType='SBE19plus' SerialNumber='01906740'>

   <DateTime>2018-11-26T19:37:10</DateTime>

   <LoggingState>not logging</LoggingState>

   <EventSummary numEvents='241'/>

   <Power>

      <vMain>12.4</vMain>

      <vLith>5.3</vLith>

      <iMain>61.4</iMain>

      <iPump>156.8</iPump>

      <iExt01> 4.2</iExt01>

      <iExt2345>18.2</iExt2345>

   </Power>

   <MemorySummary>

      <Bytes>1110270</Bytes>

      <Samples>65310</Samples>

      <SamplesFree>3805169</SamplesFree>

      <SampleLength>17</SampleLength>

      <Profiles>71</Profiles>

   </MemorySummary>

</StatusData>
<ConfigurationData DeviceType='SBE19plus' SerialNumber='01906740'>

   <ProfileMode>

      <ScansToAverage>1</ScansToAverage>

      <MinimumCondFreq>3226</MinimumCondFreq>

      <PumpDelay>60</PumpDelay>

      <AutoRun>no</AutoRun>

      <IgnoreSwitch>no</IgnoreSwitch>

   </ProfileMode>

   <Battery>

      <Type>alkaline</Type>

      <CutOff>7.5</CutOff>

   </Battery>

   <DataChannels>

      <ExtVolt0>yes</ExtVolt0>

      <ExtVolt1>no</ExtVolt1>

      <ExtVolt2>yes</ExtVolt2>

      <ExtVolt3>yes</ExtVolt3>

      <ExtVolt4>no</ExtVolt4>

      <ExtVolt5>no</ExtVolt5>

      <SBE38>no</SBE38>

      <OPTODE>no</OPTODE>

      <GTD>no</GTD>

   </DataChannels>

   <EchoCharacters>yes</EchoCharacters>

   <OutputExecutedTag>yes</OutputExecutedTag>

   <OutputFormat>raw HEX</OutputFormat>

</ConfigurationData>
<CalibrationCoefficients DeviceType='SBE19plus' SerialNumber='01906740'>

   <Calibration format='TEMP1' id='Main Temperature'>

      <SerialNum>01906740</SerialNum>

      <CalDate>07-Jan-11 </CalDate>

      <TA0>1.255288e-03</TA0>

      <TA1>2.593288e-04</TA1>

      <TA2>-2.376104e-07</TA2>

      <TA3>1.449298e-07</TA3>

      <TOFFSET>0.000000e+00</TOFFSET>

   </Calibration>

   <Calibration format='WBCOND0' id='Main Conductivity'>

      <SerialNum>01906740</SerialNum>

      <CalDate>07-Jan-11</CalDate>

      <G>-1.033008e+00</G>

      <H>1.393941e-01</H>

      <I>-2.175401e-04</I>

      <J>3.475757e-05</J>

      <CPCOR>-9.570000e-08</CPCOR>

      <CTCOR>3.250000e-06</CTCOR>

      <CSLOPE>1.000000e+00</CSLOPE>

   </Calibration>

   <Calibration format='STRAIN0' id='Main Pressure'>

      <SerialNum>3220369</SerialNum>

      <CalDate>21-Dec-10</CalDate>

      <PA0>8.222195e-01</PA0>

      <PA1>1.566037e-02</PA1>

      <PA2>-6.194425e-10</PA2>

      <PTCA0>5.244452e+05</PTCA0>

      <PTCA1>4.417653e+00</PTCA1>

      <PTCA2>-9.798927e-02</PTCA2>

      <PTCB0>2.510725e+01</PTCB0>

      <PTCB1>-1.150000e-03</PTCB1>

      <PTCB2>0.000000e+00</PTCB2>

      <PTEMPA0>-5.917147e+01</PTEMPA0>

      <PTEMPA1>5.387460e+01</PTEMPA1>

      <PTEMPA2>-2.653169e-01</PTEMPA2>

      <POFFSET>0.000000e+00</POFFSET>

      <PRANGE>5.076000e+03</PRANGE>

   </Calibration>

   <Calibration format='VOLT0' id='Volt 0'>

      <OFFSET>-4.687158e-02</OFFSET>

      <SLOPE>1.247988e+00</SLOPE>

   </Calibration>

   <Calibration format='VOLT0' id='Volt 1'>

      <OFFSET>-4.719579e-02</OFFSET>

      <SLOPE>1.248132e+00</SLOPE>

   </Calibration>

   <Calibration format='VOLT0' id='Volt 2'>

      <OFFSET>-4.684526e-02</OFFSET>

      <SLOPE>1.248324e+00</SLOPE>

   </Calibration>

   <Calibration format='VOLT0' id='Volt 3'>

      <OFFSET>-4.678105e-02</OFFSET>

      <SLOPE>1.247145e+00</SLOPE>

   </Calibration>

   <Calibration format='VOLT0' id='Volt 4'>

      <OFFSET>-4.669684e-02</OFFSET>

      <SLOPE>1.248307e+00</SLOPE>

   </Calibration>

   <Calibration format='VOLT0' id='Volt 5'>

      <OFFSET>-4.709579e-02</OFFSET>

      <SLOPE>1.247697e+00</SLOPE>

   </Calibration>

   <Calibration format='FREQ0' id='external frequency channel'>

      <EXTFREQSF>9.999977e-01</EXTFREQSF>

   </Calibration>

</CalibrationCoefficients>
<EventCounters DeviceType='SBE19plus' SerialNumber='01906740'>

   <EventSummary numEvents='241'/>

   <Event type='ErrorFLASHUncorrectableError' count='241'/>

</EventCounters></InstrumentState>
<Headers>

cast  45 24 Nov 2018 11:38:39 samples 48833 to 49398, avg = 1, stop = mag switch

</Headers><InstrumentRawData>
<SBEDataUpload startAddr='830144'>

   <Type>1</Type>

   <DataFormat>SEACATPLUS0</DataFormat>

   <Bytes>9622</Bytes>

   <Data>
0DD90391C80EE103089D55CF544803DB
0486D8039A0B0EE503089D5598564903
DD04EAD703E1500DEC03089D555E5842
03E4041FD903530C0DF403089D556158
4603DE046DD803EA6D0DF803089E5538
57D90BFCFB32D60372C80DF903089F55
F955DF0B01FCF1D5037FD00DFA03089F
556D55DE0BF8FB54D703942513000408
9F55E05EE20BFCFBA6D90383A70F0604
08A055205D4507FEFBA1DB03F1F6140C
0408A055D75A4407FEFB4ADD03B58A15
0D0408A1557D5A470701FC3CDF03A62D
150D0408A15593593E07F9FBBBE00327
521A0C0408A255395AE701AF0E3AE203
01531B0E0408A255AE59EF01BA0E3DE4
03D7511B160408A3557658ED01AB0E00
E603AA631B1A0408A355E657EC01B30E
3FE703E4631B1D0408A455FD57EE01B6
0EC6E703B3571B210408A5557E59EDFB
FB095FE80388421B350408A555D85902
FC030AECE903893C1B500408A5555958
FAFBFF0991EB035E421B590408A555C5
5709FCFA098BEC0340481B580408A555
7C573B025F0F2CEC03B34A1B540408A6
5582573F025A0F41EB03A3491B510408
A655515739025A0FB9EA03BA441B4C04
08A7556F573D02600FDAEA030B411B47
0408A755DC57B104AF0F83EB03153F1B
440408A755F357BD04A90F35EC03BC40
1B450408A8559B59B904B00FBCEC03C2
3F1B3F0408A855F258BD04AA0F20ED03
CD3E1B390408A8557D58B9023A105DED
03DB3F1B3A0408A9551C59C602411081
ED031A401B3D0408A9553D59BC025210
98ED03A03F1B3D0408A9552B59B5023F
10A7ED0345401B3D0408AA553659BB02
3E10A3ED03A73E1B400408AA55495977
022B0E9BED034B3D1B420408AA55F958
7E02310E8DED033C3D1B410408AA55D6
587902330E98ED03B93C1B400408AA55
D4588202240EC3ED03213C1B3F0408A9
55C8589A01CE0E00EE03D23B1B3F0408
A955F4589601CD0E33EE03DE3B1B3C04
08A95551589C01D50E5EEE03C43B1B3D
0408A955FF579601C90E7EEE03523B1B
380408A955A9571103330FA3EE03383B
1B360408A95564571203430FC8EE0352
3B1B390408AA5542570203310FEDEE03
3D3B1B3A0408AA5512571303260F08EF
03D43A1B380408A955DB563405EB0F21
EF03903A1B380408A955AA563305F00F
3EEF036D3A1B360408A9558E563605ED
0F52EF03953A1B360408A8555B563A05
E90F66EF03A13A1B350408A85504563C
05EA0F75EF03E93A1B3A0408A855B755
8D03B10E7DEF03913B1B3E0408A9559D
558603BA0E86EF03103C1B3F0408A955
71558903AF0E8EEF03193C1B410408AA
553A558B03AA0E97EF03BC3B1B440408
AB550D55DD033D0F9CEF03FB3B1B4604
08AD55D754DE033C0F9BEF03A43C1B41
0408AD55AB54D903460F9DEF03123D1B
420408AD559A54DA03450FA2EF03883D
1B3E0408AC557C54A602270FB0EF03D2
3C1B3C0408AC554254A602230FC1EF03
CD3B1B3A0408AD551D54A0021F0FD1EF
03893B1B410408AD5506549E021B0FE0
EF03963B1B430408AD550A540E033A0F
EBEF03A73B1B460408AD55E853120342
0FF1EF03CE3B1B480408AF55C8530F03
3F0FF7EF03F73B1B480408AF55815319
03490FF7EF03363C1B470408AE559053
1A03380FF8EF033A3C1B480408AE553F
53E4023D0FF8EF03583C1B460408AE55
3D53E0023E0FF8EF03653C1B420408AE
551C53DF02400FF8EF037A3C1B410408
AE558F52D702330FF7EF032E3C1B3E04
08AE5592527003B40EF6EF03893B1B3F
0408AF556D526B03B10EFBEF03393B1B
3D0408B05562527003B40EFAEF03463B
1B400408B2554A527303AB0EF7EF0381
3B1B420408B1551F52C601930EF2EF03
B63B1B450408B0552052CE018E0EEFEF
039E3B1B430408B3550A52C7018A0EED
EF03893B1B450408B355FD51CE018D0E
E9EF03633B1B440408B455E8519C0204
0FE9EF033D3B1B450408B255C8519D02
FE0EE6EF03233B1B440408B255A151A4
02FF0EEBEF032C3B1B460408B2558151
A002F90EEFEF033D3B1B440408B2554D
519702FE0EF5EF03573B1B430408B155
43517803B10EFDEF03683B1B460408B0
555E517C03B30E03F0039A3B1B450408
B15552517D03AA0E08F003CD3B1B4804
08B1552A517E03AC0E09F0037A3C1B45
0408B05548515D04210F0CF0034C3C1B
450408AF550B515F041E0F18F0037E3C
1B450408B055F4505E041C0F22F0039C
3C1B450408AF55EB5062041E0F23F003
A83C1B430408AF55F8505502620F24F0
035C3C1B430408AE55DF506102580F2F
F003C63B1B450408AE55C3505D02600F
45F0036D3C1B460408AE55B45057025E
0F4CF00341401B490408B055C1500B02
000F4BF00390421B480408B055AE5014
02030F4AF00302431B460408B255B750
0E02FF0E4FF0031E421B450408B255A0
500D02050F50F00321411B450408B355
7C500D02000F4EF003CF3F1B450408B3
556850AB03600E50F003E13E1B460408
B1555A50AB035B0E56F003703E1B4704
08AF554050AC03600E65F003E03F1B47
0408AF551B50A703610E6AF00348421B
440408AE55E64F68028F0E63F0031A42
1B430408AE55DF4F6A028D0E5FF00337
3F1B450408AF55D34F6E028D0E69F003
6D3F1B450408AF55B44F7002910E73F0
0303411B450408B155B34F3104E70E73
F003C1421B460408B155904F2A04E10E
6EF0031A421B450408AF55724F2804DE
0E6DF0032C401B440408AE55714F2A04
E00E70F003433F1B440408AF555E4F2B
03EC0E7DF003373F1B470408B0552E4F
2D03EC0E88F003503F1B470408B15531
4F2D03EB0E8BF003113F1B490408B055
154F2E03ED0E90F0034D401B4A0408B1
55F64E2F03E40E8CF00380411B4A0408
B355C54EB002FE0E85F00340421B4904
08B455964EAD02030F79F003B6421B49
0408B755A34EAA02FC0E6FF00322431B
460408B755654EB102020F65F0037D43
1B430408B655534EAD02E20E5EF0039B
431B460408B855274EB102E00E59F003
2F441B450408BA55214EB002D90E54F0
03A4441B420408B7550A4EB002DA0E52
F0032D451B450408B655094EC002370F
4CF003A3451B430408B855D14DC3023D
0F48F003FC451B420408B855E94DC002
420F45F00333461B420408B855CF4DC0
02410F44F003B6441B420408B755C24D
DA02160F41F00301421B420408B555D4
4DDD02070F45F00368411B430408B655
9D4DDE020C0F57F003A4411B430408B7
55674DE3020F0F5FF00397411B420408
B655514DD902130F63F00367401B4504
08B655334D9F02420F70F003E83F1B49
0408B5553A4D98023E0F81F003163F1B
4D0408B555174DA002420F94F003963E
1B4D0408B555F34C9B02400FA0F00357
3E1B490408B555004DEA02170FA4F003
9A3E1B460408B255E94CF0020F0FA4F0
03983F1B450408B355D74CF702050F9D
F0033A411B460408B555C54CEF02120F
8BF00312421B490408B655A24C640340
0E7CF003C7421B4B0408B755A24C6303
3E0E72F00363431B4A0408B7558E4C60
033E0E6DF00386431B480408B655824C
5C03400E6BF00396431B470408B55566
4CE0021C0F67F003C9431B450408B755
2B4CDC02230F64F003A7431B480408B5
553C4CE0021F0F61F0033E431B4B0408
B755184CE2021C0F5EF003E5421B4D04
08B855074CDB02210F5AF0035B421B4C
0408B855F54BF9019C0E56F0033C421B
4D0408B855D64BFD01A30E57F0032943
1B4B0408B755D64BFC01A10E56F0032F
441B4D0408B655B04BF601A20E50F003
2B451B4E0408B855604BC002FC0E4DF0
03D2451B510408B9555C4BBB02030F4C
F003F8451B4F0408B855824BB702FC0E
4EF003B0451B4B0408B8555A4BC60202
0F4AF00360451B460408B555404BF402
0F0F46F0038E451B430408B555384BF1
02110F43F003FC451B430408B555254B
F602090F40F00370461B450408B65500
4BF502100F3DF003A9461B480408B355
F24A11039E0E3BF003D4461B4A0408B5
55E34A14039E0E3DF003BF461B490408
B355BC4A0E039B0E38F00399461B4A04
08B355BB4A14039E0E35F003ED461B49
0408B255A84A0F039E0E33F003F1461B
4D0408B2558F4A1A03670F30F003A946
1B4D0408B355A34A1703600F2CF003DA
451B4C0408B4558F4A26035C0F28F003
FA441B480408B555934A1A03600F24F0
03FE441B430408B555774A02030F0F23
F003AD451B3D0408B5559D4AFE020A0F
21F003C5451B3A0408B6555A4AFB0211
0F20F0039F431B370408B9554F4AFC02
0B0F22F003C3421B3A0408BA55454ADC
01CE0E29F00390421B3A0408BC55424A
D401D40E2FF0038E411B3B0408BD554C
4AD601CF0E31F003F53F1B3C0408BF55
2A4ADE01CC0E31F003393E1B410408BF
55104AD702000F29F003E23C1B460408
BF55FE49DD02000F1EF003E63B1B4904
08BD55DE49DE02FE0E17F0035B3B1B4C
0408BE55D649D502FF0E11F003313B1B
4B0408BE55C449E302050F10F003343B
1B480408BE55A149BD02E00E0EF0039A
3B1B440408BD55A749BE02E20E09F003
CD3B1B410408BC559349C002DF0E02F0
03FB3B1B400408BD557449BB02D80EFD
EF03043C1B3C0408BD55634990023D0D
F8EF03333C1B3A0408BE555B498D023C
0DF5EF03763C1B3C0408BD5564499002
450DF3EF038B3C1B3B0408BC55584993
02380DF3EF03F83C1B3A0408BA555749
5E03E40EF1EF03743D1B3C0408B95569
495A03E20EEFEF03883D1B3D0408B855
5A495A03DF0EEBEF034D3D1B3F0408B8
5567496403E20EEAEF03123D1B3F0408
B8555F49F102EB0EEAEF032B3D1B3E04
08B8558049F102EF0EECEF03773D1B40
0408B8555749E402EE0EEAEF039D3D1B
430408B9555D49EF02E90EECEF03DC3D
1B420408B9553849EA02ED0EEAEF03FA
3D1B410408B9555249D302130FE6EF03
E13D1B3D0408B8553B49CC021E0FE4EF
03D13E1B3A0408B8553049D002220FE1
EF03FD3F1B390408B6553A49C6021A0F
DDEF0312411B3F0408B45556494E03A7
0FDBEF03AC411B460408B35530495203
A20FDAEF039F411B4C0408B355374953
039B0FD5EF0371411B500408B4552149
5103A20FD0EF036B411B530408B5550F
491D03C90EC9EF031C411B580408B755
32492803BE0EC2EF0373401B5E0408B5
553E491C03BE0EC1EF03A43F1B660408
B6552B491F03C10EC5EF03A43E1B6D04
08B75521493003250FCFEF03F63D1B73
0408B8553B492F031C0FD9EF03A13D1B
750408B9552A492F03210FE2EF03A13D
1B770408B85529493503200FE6EF035B
3E1B760408B755184932031D0FE3EF03
283E1B760408B8557249ED02F20EDFEF
038E3E1B730408B8557049ED02EF0ED9
EF03723F1B720408B9556049F502F00E
D2EF03C1401B730408BB556549ED02E9
0EC9EF0393411B790408BB556349CD02
E60ECBEF0301421B810408BB555049C7
02F80ED0EF03D2411B870408BB557249
D902F20ED3EF034F411B8D0408BB552B
49CC02EB0ED0EF0310411B8F0408BB55
81496D02270FCCEF03FB401B910408BB
55924970022D0FCBEF03F2401B940408
BC555F496A02300FC6EF032E411B9804
08BD55834973022F0FC6EF03D0401B9B
0408BC559449FD023B0FC5EF0314411B
9D0408BB557749FE023F0FC2EF03A640
1B9E0408BC55AA490503440FC0EF0367
401B9A0408BD55904900033F0FC0EF03
07411B990408BD555F490503470FBEEF
0309421B990408BE55774903032B0FBC
EF03D8421B9D0408BC55674905032F0F
BCEF03ED421BA00408BA559649FC0239
0FC2EF03B53C1BA60408BC55C3490103
330FB5EF039E371BAA0408BB558349D4
02020F7CEF030A371BAA0408BB556849
DF02000F71EF0388361BAC0408BC555A
49D902000F87EF03FA351BAA0408BC55
5849DE02020FA3EF03B9351BAE0408BC
556849DB020D0FCAEF0315351BB20408
BA558849DE020D0FF7EF03C5341BB804
08B9550B4AE1020C0F1CF0039E341BC1
0408B955494BDD020F0F3DF00375341B
C80408B955284CCF02280F4CF0036434
1BCE0408B855254CD702200F5AF0035C
341BD40408BA55E34BD1021B0F6EF003
36341BD90408BA55D94BD902220F7DF0
0314341BE10408B955034CD3021A0F98
F003F7331BE90408BB554F4CC2021F0F
B6F00396331BEE0408BC555E4CC80220
0FD4F00378331BEF0408BB556E4CBD02
200FEBF00363331BEE0408BC558A4CC0
02200FF5F0035E331BEE0408BE55A44C
D702200FFAF0035B331BEC0408BE55BB
4CE102200F00F10352331BEB0408BF55
D54CE202220F07F1033D331BEC0408C0
55334DE8021C0F0BF1034A331BED0408
C155314D0103DE0E06F10356331BF004
08C155794D0003E40EFFF0035B331BF4
0408C255B24DFE02E30E00F1034E331B
F80408C155134E0303DB0E1BF103ED32
1BF90408C255414EBE02330F36F103D0
321BF90408C255894EC202310F42F103
C8321BF90408C3550F4FBD02320F4AF1
03B3321BFA0408C355EF4EC202270F4D
F103B7321BFB0408C455F54EB9022D0F
4CF103BB321BFE0408C455154FCC023E
0F46F103D0321B020508C655194FCA02
3C0F3AF103DD321B090508C455804FD0
02350F39F103D0321B0D0508C255424F
D002390F44F103AA321B120508C255A5
4FF602E90E58F1036F321B160508C255
EF4FFB02EA0E62F1037C321B1A0508C2
5543500203F10E5EF10390321B210508
C0557E500003E70E5AF10384321B2605
08C155A750D3020C0F61F1036F321B2B
0508C1558950D502130F68F1035A321B
310508C255E650CC02150F78F1033032
1B380508C2553051D5020F0F9DF103F6
311B410508C1557251DE02110FC7F103
A5311B4A0508C155BD51E402130FE9F1
037F311B4F0508C2555251E302110F07
F2036A311B4F0508C1556551E202110F
26F20344311B4E0508C0555551E00212
0F41F2032F311B510508BF554C51DB02
EB0E4EF20338311B580508C1556851D9
02EF0E53F20338311B5C0508C255C051
E102F10E51F20334311B630508C35515
52DB02E90E4CF20344311B650508C355
1152E002010F4AF20327311B630508C2
55F751E002FB0E49F20338311B660508
C355F251DA02000F46F2032B311B6905
08C5553452DE02000F45F20334311B6E
0508C4557052DC02FE0E3EF20338311B
740508C4554152E402040F38F2033431
1B7E0508C655A852DD02020F36F2032C
311B880508C755D052DD02030F3AF203
2B311B910508C7554953E002130F43F2
030A311B980508C7552453E102130F4C
F20305311BA00508C8554353E4020F0F
59F203E4301BA90508C8555353E3020B
0F72F203AA301BB00508C855BD53DE02
120F92F20383301BBA0508C755B653FE
022D0FAFF2035D301BC10508C7558353
00032D0FC7F20348301BC70508C6556E
53F902380FD7F20337301BCC0508C455
7453FE022F0FEAF20326301BD00508C4
557C53DB021D0FFFF20309301BD50508
C6558C53DA021F0F14F303E72F1BE005
08C6559153E602180F35F303B12F1BE9
0508C7559E53D7021F0F53F303832F1B
F30508C655BF53FA020F0F62F303872F
1BFB0508C6559F53FE02180F70F3036F
2F1B040608C555B453FB021D0F7FF303
542F1B0E0608C555F35301030F0FA5F3
03002F1B1B0608C5551F540403530F1B
F403EF2D1B250608C655F353EC02520F
8AF403532D1B2F0608C6550E54EF024D
0FCBF403592D1B3A0608C7552654EF02
520F0AF503F32C1B440608C7552854ED
024A0F63F503682C1B500608C9554754
02031C0F05F6034B2B1B5A0608C8551C
54FF021C0F4DF703C4281B630608CA55
1354FE021F0FF1F80308261B6E0608CA
55055402031F0F3EFA031D251B750608
C95500541203420F3DFB0372241B7C06
08C955F75310033F0F09FC03B0231B83
0608C85532540603410F9DFC0319231B
890608C855EE531A03410F04FD03DB22
1B8F0608C755BB53FE02400F46FD03A8
221B970608C7559653FE023D0FA9FD03
E3211B9D0608C7557553FE023F0F23FE
03F1201BA10608C8557A530503420F87
FE039F201BA00608C7557F53FF022D0F
D2FE037B201BA00608C6558E531E0338
0F0DFF036B201B9E0608C555A1531B03
330F35FF033D201BA10608C7555C5322
03330F4CFF03F51F1BA50608C7554453
1A032D0F54FF030A201BA40608C75526
5321034B0F57FF03FA1F1BA60608C855
25531E034B0F58FF030F201BA70608C9
550A532403530F5CFF030A201BAB0608
C8555B532203510F62FF03E11F1BB306
08C8559B532003810F68FF03B21F1BB9
0608C75589532003720F6DFF037C1F1B
C50608C955C25320037E0F64FF03991F
1BCD0608C955BF531F037B0F55FF03B2
1F1BD80608CA551E541E03B20F46FF03
AA1F1BE10608C955EE532203AB0F3DFF
03AA1F1BE80608C8552A542303AA0F42
FF03751F1BF00608C65509541C03AD0F
53FF035B1F1BF70608C65523542003AD
0F5AFF03561F1B010708C65541541603
A10F59FF035B1F1B0B0708C4552D540F
039B0F59FF03561F1B170708C3553154
15039B0F59FF03561F1B210708C35542
540D039D0F5EFF034A1F1B2B0708C355
57540903E80F63FF032D1F1B300708C5
553F540D03EB0F6AFF03291F1B380708
C5552E541503EE0F65FF033D1F1B4507
08C45537540703EB0F55FF03631F1B52
0708C45591541E03670F3FFF037C1F1B
5A0708C45591542103740F38FF035F1F
1B610708C4557B5425036D0F45FF0335
1F1B660708C45599542603690F61FF03
F61E1B700708C555D8541703B00F82FF
03D91E1B760708C65572540C03AB0FA2
FF03B01E1B780708C755A1541303AC0F
BFFF03851E1B770708C75539540B03AF
0FC7FF03811E1B770708C75511541103
A90FC8FF03961E1B790708C755205429
030B10C8FF039A1E1B790708C7552454
2D031210C7FF03A21E1B7A0708C85516
5425030F10C6FF03AF1E1B770708C555
21542B030A10C2FF03B31E1B770708C3
5528544403BC0FC2FF03B31E1B790708
C35525543803BA0FBAFF03B81E1B7A07
08C55513544403BE0FB4FF03C01E1B79
0708C555FB534403BA0FACFF03D51E1B
790708C455D35342030010A1FF03EA1E
1B790708C555E6534803F20F94FF0303
1F1B7A0708C555D9534303FD0F85FF03
131F1B7A0708C455DD533803031079FF
03181F1B790708C555EC532A03AA0F6F
FF03131F1B7B0708C655F9533203AC0F
6BFF03041F1B7C0708C755D3532E03AE
0F68FF03FF1E1B7A0708C855FD532D03
AE0F6DFF03EE1E1B780708C855FF5330
03A70F78FF03E11E1B760708C855E353
1E03B10F7DFF03D01E1B760708C755CE
532403A60F79FF03E51E1B740708C655
A9532403AC0F71FF03FA1E1B6C0708C7
55ED532003A90F6EFF03EE1E1B650708
C855F7532B03C00F69FF03F41E1B6307
08C85514543203C10F5CFF030F1F1B64
0708C95509542903B90F4BFF03311F1B
600708C955F7532B03BE0F40FF033D1F
1B550708C955E7532C03760F3CFF0324
1F1B4E0708C85515542D037E0F3DFF03
0B1F1B500708C8552C5432037E0F3BFF
03181F1B520708C7553D542F036E0F38
FF03281F1B550708C55553540203990F
39FF03281F1B560708C5554C540203A0
0F38FF03211F1B550708C5557054FE02
A00F47FF03F61E1B520708C7556354FE
02A10F60FF03C01E1B530708C7558C54
FC029A0F75FF03A71E1B510708C95591
5422036F0F7EFF03B71E1B520708CC55
C95424036B0F7BFF03CC1E1B530708CC
55B3542103680F76FF03DD1E1B530708
CB55E1541C036D0F6BFF03E51E1B5707
08C955B3540D03800F6EFF03D01E1B58
0708CA55B75412037B0F73FF03C01E1B
590708CA55B35417037C0F79FF03AF1E
1B590708CB55CF540D037B0F84FF039E
1E1B580708CA55C5542B037C0F8CFF03
961E1B590708CA55F5543503770F93FF
03891E1B570708CA550A552B037A0F95
FF03921E1B500708CB55DF542D03800F
94FF039E1E1B490708CB55FD54070367
0F8EFF03A41E1B480708CA55C2540003
690F8BFF03A21E1B480708C855A25404
03710F87FF039E1E1B490708C855DC54
0103700F87FF03961E1B410708C955CA
54FE026F0F89FF03921E1B3A0708C755
9E541E039F0F8DFF03961E1B3A0708C6
55D9541C03A00F8FFF038E1E1B3A0708
C855E05413039A0F89FF03961E1B3E07
08CA55A3542703A20F84FF03A21E1B40
0708C855D85417037C0F88FF03941E1B
420708C755C45412037E0F90FF03811E
1B450708C855B5540903780F97FF0370
1E1B440708C855B15415037C0F9DFF03
6C1E1B450708C755CB541103710F9FFF
03701E1B460708C855D7541503630FA1
FF036C1E1B470708C855A15415036D0F
A0FF03701E1B470708C855A2540F0365
0F9CFF03791E1B450708C95582543103
630F9AFF03741E1B420708CA559B5430
035B0F99FF03791E1B3F0708CA557D54
3103620F95FF037D1E1B3E0708C95596
543503630F92FF03811E1B3D0708C855
7F542403590F8CFF03921E1B3F0708C9
557854FF02550F83FF03A21E1B3E0708
C9557654FF02600F74FF03B31E1B3C07
08C8555D54FD02650F68FF03AF1E1B3D
0708CA558454F9026D0F62FF03AB1E1B
3F0708CA555D54FE028B0F5FFF03AC1E
1B410708C9550E540103800F60FF03AF
1E1B410708CA55155407037A0F63FF03
A71E1B400708CB55FA5300037F0F66FF
03A71E1B3C0708CB5511543C038D0F69
FF039E1E1B290708CB551A543E03900F
6CFF03961E1B180708CC5546543D0393
0F6CFF03961E1B140708CB5596544203
900F63FF03B31E1B0E0708CB55E154FC
02650F59FF03BC1E1BF90608CB558A55
04036A0F4FFF03C01E1BE60608CB55A7
55F9026C0F4AFF03C01E1BD90608CB55
AE55F902670F45FF03C41E1BD10608CA
55A555FF026B0F3EFF03CC1E1BBD0608
CA55B0551103730F36FF03D01E1BA806
08C855C45514036D0F32FF03D01E1B9C
0608C955D1550C036E0F2EFF03DD1E1B
980608C955B65513036F0F26FF03E81E
1B900608C9559E552603400F1AFF03FA
1E1B800608C855DA5529033E0F0DFF03
0B1F1B6F0608C955B8553103400FFEFE
031C1F1B680608CA55B2552B033A0FF0
FE03391F1B650608C9557C551503230F
DBFE03561F1B5A0608C8554D550F031C
0FB2FE03991F1B490608C95579551103
1C0F7DFE03FE1F1B3B0608C8555F5512
03200F4EFE0332201B350608C9553F55
F202400F2CFE033D201B350608C955F3
54F4023A0F15FE0341201B320608CA55
BC54E8023C0FF7FD036F201B250608CB
55D954F5023E0FA6FD031F211B190608
CB55A854E102400F52FD038C211B1306
08CC55B95404033E0F12FD03BA211B12
0608CC5589541103400FE8FC03C2211B
0C0608CA5529541403430FA0FC036622
1BFA0508CB552E540F033C0F11FC03BD
231BEB0508CB55DE5305030E0F69FB03
A3241BEA0508CB55B2530303070FE8FA
03EF241BE60508CA555B53FE020E0F99
FA03DE241BDF0508CB553153F8020D0F
15FA03F3251BCE0508CB5563530F0333
0F2DF903D9271BC10508CA5529531203
2D0F6EF80366281BC00508CB551A5313
032D0F0CF80331281BBE0508CA559E52
0B03320FC3F70353281BB40508C95586
52F0021A0F4BF7033E291BA30508CA55
9152ED02220FB0F6035F2A1B950508C9
55B152F3021A0F37F603C02A1B900508
C8556A52F0021E0FEDF503B72A1B8D05
08C9551E52E902200FB5F503D52A1B7C
0508C9554652BE021A0F60F5039A2B1B
6E0508CA554D52BE021E0FFBF403422C
1B680508CA553952C302190FAEF40371
2C1B660508C9550B52C302190F7AF403
752C1B5E0508CA5511520103110F4CF4
03B82C1B490508C9550A52FA020D0F18
F403142D1B3E0508C8550152F902110F
F1F3034F2D1B3C0508C755BB51FC0208
0FD1F303642D1B3A0508C855AD51CB02
100FB4F303862D1B330508C755C451CC
02090F9CF303AC2D1B220508C655C751
CF020F0F87F303D32D1B180508C655BD
51CB020F0F6FF303002E1B160508C555
ED51CA02320F55F303192E1B170508C6
55AA51D0022B0F3AF303472E1B0E0508
C4558F51CF022F0F1EF3037E2E1BFE04
08C5559751D302340FFDF203B52E1BF6
0408C455EE51D302270FE1F203DA2E1B
F90408C255F151EF021E0FCAF203EF2E
1BF70408C2555952F302190FBAF203FC
2E1BEC0408C2558B52EE02220FA9F203
112F1BDD0408C2559852EF02230F96F2
033B2F1BD50408C255C452E0024A0F89
F2034F2F1BD50408C255B952E802510F
80F203542F1BD50408C4557F52D6024F
0F74F203722F1BD20408C4556E52DA02
520F68F203932F1BC40408C5552052E6
02FE0E59F203A82F1BB40408C6550C52
DA02030F4CF203C02F1BB20408C55557
52E102FB0E40F203C22F1BB40408C555
5A52DB02FE0E34F203DB2F1BB20408C5
555752CF02180F1DF20311301BB10408
C655CA51CA02200F01F20348301BB304
08C655BE51D1021B0FE6F10359301BB4
0408C655EF51CC021F0FD7F10361301B
AB0408C755D851CC021E0FC9F1037630
1B930408C7551F52DD021E0FB8F10394
301B800408C7551B52DE02250FAAF103
A0301B740408C7559A52DE02260FA3F1
0398301B720408C655B652E2021F0F90
F103C7301B660408C755B5520203000F
6CF1032B311B530408C555BF52FE0200
0F38F10388311B420408C55591520203
FC0E02F103E0311B3B0408C6558A52FC
02FF0ECCF0030E321B300408C6558452
2201A70E99F00302321B1E0408C65534
532B01AD0E4CF003D0321B140408C655
25542A01B20ED1EF03D5331B140408C7
552A542301AE0E59EF0353341B1B0408
C655ED5313FCD408FCEE03B8341B1D04
08C655B05305FCDA08C5EE03BA341B22
0408C655BD53F3FBD108A4EE03C1341B
260408C655B653FCFBD90878EE030035
1B260408C755BF530AFCD20822EE03A8
351B280408C855FD532409A30BC5ED03
38361B2A0408C75503541D09A30B54ED
03F5361B2A0408C65501542009A80BE6
EC0378371B2C0408C555B8532609AF0B
85EC03D9371B2C0408C655BF538F029A
0F43EC030F381B2D0408C655B5539602
9F0F19EC0311381B2C0408C55588538A
029D0F06EC030F381B2F0408C655B053
92029B0FFDEB0320381B2F0408C655B4
538903E40EF1EB0346381B310408C655
D8539603E10EDFEB0353381B2D0408C6
55F5538F03DD0ED1EB0362381B2C0408
C755FD539203DA0EC3EB0379381B2904
08C755505494030D0FBAEB038A381B1A
0408C8554B549C03130FB4EB034F381B
050408C855AA54A3030C0FADEB037238
1BF00308C755D354AA03130FB2EB03A7
381BE20308C8555C559A03120FC3EB03
81381BE00308C855A958D10B7B40D8EB
03A43F19DF0308C855AE58D00B7C40FD
EB034A7113DF0308C955A658CB0B7640
3EEC036CC90DE00308C955B557C90B7A
4078EC037F5A0DE10308C9552F582C05
E40CA2EC0340A00DE00308C955915731
05F70CBBEC0340660FE00308C9552357
2D05F30CCCEC03D7730EE10308C955DB
562C05EE0CDBEC03FAEF0DE00308C855
33562204070F</Data>

   <DataCRC>3154fc00</DataCRC>

   <BytesSent>9622</BytesSent>

</SBEDataUpload>
</InstrumentRawData>
</SBEDataUploadFile>
