<?xml version="1.0"?>
<!-- SCPlusV2_RS232 -->
<SBEDataUploadFile>
<ApplicationData>
<Seaterm232>
<SoftwareVersion>2.6.3.104</SoftwareVersion>
<BuildDate>30-Jun-2017</BuildDate>
</Seaterm232>
</ApplicationData>
<InstrumentState>
<HardwareData DeviceType='SBE19plus' SerialNumber='01906740'>

   <Manufacturer>Sea-Bird Electronics, Inc.</Manufacturer>

   <FirmwareVersion>2.2d</FirmwareVersion>

   <FirmwareDate>9 February 2011 08:30</FirmwareDate>

   <CommandSetVersion>1.1</CommandSetVersion>

   <PCBAssembly PCBSerialNum='25307' AssemblyNum='41054G'/>

   <PCBAssembly PCBSerialNum='25737' AssemblyNum='41580B'/>

   <PCBAssembly PCBSerialNum='24669' AssemblyNum='41606'/>

   <PCBAssembly PCBSerialNum='24372' AssemblyNum='41059D'/>

   <MfgDate>  08 DEC 2010</MfgDate>

   <InternalSensors>

      <Sensor id='Main Temperature'>

         <type>temperature0</type>

         <SerialNumber>01906740</SerialNumber>

      </Sensor>

      <Sensor id='Main Conductivity'>

         <type>conductivity-0</type>

         <SerialNumber>01906740</SerialNumber>

      </Sensor>

      <Sensor id='Main Pressure'>

         <type>strain-0</type>

         <SerialNumber>3220369</SerialNumber>

      </Sensor>

   </InternalSensors>

   <ExternalSensors>

      <Sensor id='volt 0'>

         <type>SBE 43 OXY</type>

         <SerialNumber>432005</SerialNumber>

      </Sensor>

      <Sensor id='volt 1'>

         <type>not assigned</type>

         <SerialNumber>not assigned</SerialNumber>

      </Sensor>

      <Sensor id='volt 2'>

         <type>ECO-FLNTURT CHL</type>

         <SerialNumber>FLNTURTD-2025</SerialNumber>

      </Sensor>

      <Sensor id='volt 3'>

         <type>ECO-FLNTURT TURB</type>

         <SerialNumber>FLNTURTD-2025</SerialNumber>

      </Sensor>

      <Sensor id='volt 4'>

         <type>not assigned</type>

         <SerialNumber>not assigned</SerialNumber>

      </Sensor>

      <Sensor id='volt 5'>

         <type>not assigned</type>

         <SerialNumber>not assigned</SerialNumber>

      </Sensor>

   </ExternalSensors>

</HardwareData>
<StatusData DeviceType='SBE19plus' SerialNumber='01906740'>

   <DateTime>2018-12-07T14:28:32</DateTime>

   <LoggingState>not logging</LoggingState>

   <EventSummary numEvents='241'/>

   <Power>

      <vMain>12.2</vMain>

      <vLith>5.4</vLith>

      <iMain>61.5</iMain>

      <iPump>36.4</iPump>

      <iExt01> 4.1</iExt01>

      <iExt2345>20.6</iExt2345>

   </Power>

   <MemorySummary>

      <Bytes>1492821</Bytes>

      <Samples>87813</Samples>

      <SamplesFree>3782666</SamplesFree>

      <SampleLength>17</SampleLength>

      <Profiles>111</Profiles>

   </MemorySummary>

</StatusData>
<ConfigurationData DeviceType='SBE19plus' SerialNumber='01906740'>

   <ProfileMode>

      <ScansToAverage>1</ScansToAverage>

      <MinimumCondFreq>3226</MinimumCondFreq>

      <PumpDelay>60</PumpDelay>

      <AutoRun>no</AutoRun>

      <IgnoreSwitch>no</IgnoreSwitch>

   </ProfileMode>

   <Battery>

      <Type>alkaline</Type>

      <CutOff>7.5</CutOff>

   </Battery>

   <DataChannels>

      <ExtVolt0>yes</ExtVolt0>

      <ExtVolt1>no</ExtVolt1>

      <ExtVolt2>yes</ExtVolt2>

      <ExtVolt3>yes</ExtVolt3>

      <ExtVolt4>no</ExtVolt4>

      <ExtVolt5>no</ExtVolt5>

      <SBE38>no</SBE38>

      <OPTODE>no</OPTODE>

      <GTD>no</GTD>

   </DataChannels>

   <EchoCharacters>yes</EchoCharacters>

   <OutputExecutedTag>yes</OutputExecutedTag>

   <OutputFormat>raw HEX</OutputFormat>

</ConfigurationData>
<CalibrationCoefficients DeviceType='SBE19plus' SerialNumber='01906740'>

   <Calibration format='TEMP1' id='Main Temperature'>

      <SerialNum>01906740</SerialNum>

      <CalDate>07-Jan-11 </CalDate>

      <TA0>1.255288e-03</TA0>

      <TA1>2.593288e-04</TA1>

      <TA2>-2.376104e-07</TA2>

      <TA3>1.449298e-07</TA3>

      <TOFFSET>0.000000e+00</TOFFSET>

   </Calibration>

   <Calibration format='WBCOND0' id='Main Conductivity'>

      <SerialNum>01906740</SerialNum>

      <CalDate>07-Jan-11</CalDate>

      <G>-1.033008e+00</G>

      <H>1.393941e-01</H>

      <I>-2.175401e-04</I>

      <J>3.475757e-05</J>

      <CPCOR>-9.570000e-08</CPCOR>

      <CTCOR>3.250000e-06</CTCOR>

      <CSLOPE>1.000000e+00</CSLOPE>

   </Calibration>

   <Calibration format='STRAIN0' id='Main Pressure'>

      <SerialNum>3220369</SerialNum>

      <CalDate>21-Dec-10</CalDate>

      <PA0>8.222195e-01</PA0>

      <PA1>1.566037e-02</PA1>

      <PA2>-6.194425e-10</PA2>

      <PTCA0>5.244452e+05</PTCA0>

      <PTCA1>4.417653e+00</PTCA1>

      <PTCA2>-9.798927e-02</PTCA2>

      <PTCB0>2.510725e+01</PTCB0>

      <PTCB1>-1.150000e-03</PTCB1>

      <PTCB2>0.000000e+00</PTCB2>

      <PTEMPA0>-5.917147e+01</PTEMPA0>

      <PTEMPA1>5.387460e+01</PTEMPA1>

      <PTEMPA2>-2.653169e-01</PTEMPA2>

      <POFFSET>0.000000e+00</POFFSET>

      <PRANGE>5.076000e+03</PRANGE>

   </Calibration>

   <Calibration format='VOLT0' id='Volt 0'>

      <OFFSET>-4.687158e-02</OFFSET>

      <SLOPE>1.247988e+00</SLOPE>

   </Calibration>

   <Calibration format='VOLT0' id='Volt 1'>

      <OFFSET>-4.719579e-02</OFFSET>

      <SLOPE>1.248132e+00</SLOPE>

   </Calibration>

   <Calibration format='VOLT0' id='Volt 2'>

      <OFFSET>-4.684526e-02</OFFSET>

      <SLOPE>1.248324e+00</SLOPE>

   </Calibration>

   <Calibration format='VOLT0' id='Volt 3'>

      <OFFSET>-4.678105e-02</OFFSET>

      <SLOPE>1.247145e+00</SLOPE>

   </Calibration>

   <Calibration format='VOLT0' id='Volt 4'>

      <OFFSET>-4.669684e-02</OFFSET>

      <SLOPE>1.248307e+00</SLOPE>

   </Calibration>

   <Calibration format='VOLT0' id='Volt 5'>

      <OFFSET>-4.709579e-02</OFFSET>

      <SLOPE>1.247697e+00</SLOPE>

   </Calibration>

   <Calibration format='FREQ0' id='external frequency channel'>

      <EXTFREQSF>9.999977e-01</EXTFREQSF>

   </Calibration>

</CalibrationCoefficients>
<EventCounters DeviceType='SBE19plus' SerialNumber='01906740'>

   <EventSummary numEvents='241'/>

   <Event type='ErrorFLASHUncorrectableError' count='241'/>

</EventCounters></InstrumentState>
<Headers>

cast  92 04 Dec 2018 08:06:07 samples 77250 to 77672, avg = 1, stop = mag switch

</Headers><InstrumentRawData>
<SBEDataUpload startAddr='1313233'>

   <Type>1</Type>

   <DataFormat>SEACATPLUS0</DataFormat>

   <Bytes>7191</Bytes>

   <Data>
840C04BFC60DD00308D8535D4CA502C5
034D0204CD240ED40308D953E94BA602
CA030FFD0397FB13DA0308D9536A54A3
02C803F4F90353271BE60308D9531755
9E02C70311F7035E1B1BEC0308DA5373
4FD102410737F5037C171BEE0308DA53
1C4ECD02400763F403931D1BF10308D9
53444DD3023F071FF403EF281BF80308
DA53354DD3023E07BCF303C0291BFC03
08DB53AE4C7507121052F30312221BFF
0308DD53724C720710101FF303BD1C1B
010408DE536B4C76070F10F5F203D31B
1B020408DE53684C71070E10A3F30304
1D1B040408DF53754C630392114DF403
B4251B0A0408DF536B4C6B0394113CF4
03A4271B0E0408DE53B24C5F039811CE
F30349201B150408DF53C14C6303A011
6FF3038D1F1B180408DF53194D61039A
1125F303D41F1B1D0408DE53284D7203
1C11FBF20337231B200408DF533A4D6F
031F11E6F2032D291B240408DF534B4D
71031C11D3F203E62A1B270408E05352
4D75031A11BBF20394291B2B0408E053
5A4D7303DD10A0F203AB281B2D0408E1
53554D6E03E1107DF2038A2B1B2E0408
E153834D7403D8105FF203212C1B3004
08DF539D4D7103DC1051F203642C1B32
0408DE53B14D7C03F81043F203602C1B
330408DD53DA4D7C03F9103BF203672C
1B310408DE53DE4D8203F81030F203B8
2D1B330408DD53FE4D7D03F21029F203
152E1B2E0408DD53284E7803A01025F2
03932D1B300408DE53334E70039B101A
F203042E1B310408DD53504E72039F10
15F2030C2E1B320408DD535F4E6D039D
1015F203D72D1B300408DE537B4E7703
9F101FF203B42D1B310408DF53A44E57
0396102EF2039F2D1B320408DF53AA4E
50039C103EF2037E2D1B310408DE53CA
4E5503A31046F203602D1B320408E053
814F5003A11043F2035E2D1B330408E0
53A1506703C51042F203682D1B320408
E1536D506603C61048F2035C2D1B3104
08E25336506203CD104EF203642D1B32
0408E25306506703D21051F203432D1B
310408E153DC4F48031B1152F203212D
1B340408E053BD4F4003141151F20301
2D1B340408E053A04F4C031A114DF203
D52C1B330408E053794F42031D1146F2
03EF2C1B330408E053474F6503C5103F
F2031D2D1B300408E0531D4F6603C510
38F2033E2D1B320408E153114F6703CD
1036F203082D1B300408E053B44E6603
C61037F203832C1B310408DF538F4E66
03C91037F203FF2B1B310408DF535A4E
7A03FC1036F203AB2B1B330408DF5322
4E7F03F81038F203602B1B340408DE53
F94D8103FA1039F203252B1B330408DE
53C34D7D03F8103BF203FC2A1B310408
DF53A64D8503F7103EF203C82A1B3204
08DF53704D8A03F6103DF203892A1B34
0408DF534D4D8003F3103FF2034F2A1B
330408E053274D7C03F41044F2032D2A
1B330408E153EF4C6103EC1050F2035F
291B330408E153CD4C6B03F6105AF203
C1231B330408E253A54C5E03E91067F2
032F231B320408E353984C6A03E61072
F20325271B330408E353664C86030E11
85F203CD281B320408E353394C83030B
1185F203EE2A1B330408E453234C7903
11117AF2035B2B1B330408E453FD4B78
0309116FF203A72B1B360408E353D64B
80030B1163F2031A2C1B330408E453AB
4B7D032D1150F2039B2C1B320408E453
8D4B740323113DF203E62C1B350408E3
53774B71032B112DF203322D1B340408
E353434B6D0329111CF2034F2D1B3204
08E353244B6603E71013F2035C2D1B33
0408E353054B6703E31010F203492D1B
330408E353E94A6303F1100DF2033E2D
1B320408E353C64A6303EB100AF20336
2D1B350408E453C14A43032F1105F203
362D1B330408E453B44A40032B1106F2
03532D1B340408E453924A3F03281105
F2036E2D1B320408E453754A49032711
05F203822D1B330408E453714A5D03F6
1005F203862D1B330408E453504A6203
031106F203822D1B340408E353344A5B
03F21006F203682D1B330408E3532E4A
6203F210FCF1034F2D1B330408E4532D
4A5603F110EDF103452D1B340408E353
0E4A8703E711DFF1034B2D1B310408E3
53104A7803DF11D1F103642D1B330408
E353014A7A03EF11C2F103712D1B3204
08E253F3497E03E711B3F103792D1B33
0408E353E649B0032711A8F103752D1B
340408E253C949B2032711A4F1034D2D
1B330408E253C449AC032C119DF10332
2D1B330408E253AD49A6032C1197F103
3A2D1B320408E353B5496C033A118DF1
034F2D1B340408E253B04967033F1189
F103252D1B340408E15394496D033A11
88F103E02C1B320408E15391495F0336
118EF1036C2C1B340408E15381497E03
DC1096F103252C1B330408E1536E4984
03D810A1F103DE2B1B320408E1535849
7A03DA10A9F1038A2B1B330408E15356
497B03D710AFF103532B1B340408E153
69498303DA10B0F1034C2B1B330408E1
534049B2031011B1F103572B1B340408
E1533249AE030A11B4F103702B1B3304
08E1532E49A5030911B4F103852B1B32
0408E0531749B4030511B7F1039F2B1B
330408E15308495903F710B8F103B42B
1B300408E15304495303F710B9F1037E
2A1B340408E153F0484A03FA10BFF103
7D281B340408E153DE485103F210D3F1
03A7271B330408E253DA4855030511E6
F1035B271B330408E253C3485403F710
F8F10310271B330408E253AD48530305
1109F203B4261B340408E3539D485803
F81019F20351261B330408E453874852
03CC1025F20318261B340408E4537C48
4F03D01034F203B4251B340408E45380
484B03CD1041F20360251B330408E453
65485003C3104EF20329251B350408E4
534E485303C7105CF203DE241B320408
E4533F487803C8116AF20393241B3304
08E45326487B03C21175F2035A241B33
0408E45315487303D21183F20321241B
330408E553FC477403C71192F203CE23
1B340408E553EB4786033A119FF20397
231B340408E453D94783033811AEF203
71231B360408E353C0477E033A11BDF2
0333231B340408E353A54774033211CA
F203F4221B360408E45386475A03E710
D7F203B1221B360408E45385476B03E3
10E4F2038E221B350408E3536E475C03
EB10F1F203B1221B350408E25354476D
03EA1001F3038B231B330408E3533D47
7B03FE1009F30360241B340408E35339
4781030B110CF3034B241B350408E353
14477A030B110CF3039B231B350408E3
530D477903061111F3037E231B340408
E353F0467F030A1118F30358231B3404
08E353DB4656033A1123F303FC221B34
0408E353B846580334112FF303E7221B
330408E253B0465E0336113EF3038F22
1B330408E253B04659033A1149F30383
221B340408E353AC467603F01056F303
3B221B350408E35392467403F21064F3
0326221B370408E35388466C03E6106F
F303DD211B360408E3537A467803E910
7FF303BE211B340408E35367466B031B
118CF30383211B340408E3535E465E03
1C119AF30366211B350408E45358466A
031B11A6F30338211B340408E4535446
65031811B5F30312211B350408E55345
4635031C11C2F303F5201B320408E453
364649031511CFF303CB201B330408E5
53384638031B11DDF303A3201B330408
E55319463E031811EAF30384201B3304
08E6531E463D031911F7F3038C201B35
0408E65303468703211104F40352201B
360408E653004697032A1110F4031F20
1B360408E653F345890328111BF40334
201B330408E653E4459A03211128F403
0F201B340408E753D3458B033A1136F4
03FA1F1B350408E753C44580033B1140
F403CA1F1B330408E753BA458F033811
4CF403B71F1B360408E753AB45890335
1156F403951F1B350408E753A2456703
C31063F403911F1B340408E753934564
03CD106EF403671F1B340408E7538345
5803C91079F403631F1B340408E75382
456403C21083F403461F1B350408E853
614562032B118EF4034E1F1B340408E8
535545600325119AF403291F1B370408
E8534F456F032511A5F403181F1B3604
08E75336455E032111AFF4030B1F1B38
0408E753154564032311B7F403031F1B
380408E7532C457A03D910C1F403EA1E
1B350408E7530A457603D910CCF403EE
1E1B340408E753FD447803E010D5F403
D01E1B340408E653EE447A03D710DDF4
03BC1E1B360408E653DD443C031F11E6
F403B41E1B360408E653CC4433031C11
F0F403921E1B360408E753CE44310311
11F9F403A71E1B370408E753AB443A03
121102F503791E1B360408E653AE443E
03DF100BF5037D1E1B350408E753A444
2D03DC1013F503681E1B360408E65386
443103CD101DF503741E1B380408E653
75442E03D61025F5035B1E1B380408E6
5365445103F6102BF503601E1B370408
E65345446003ED1035F503571E1B3704
08E75359445603E3103CF503851E1B38
0408E7534B445803DF1044F503921E1B
390408E75328445803E9104AF503681E
1B3D0408E8531E448603B81150F50374
1E1B3E0408E85312447603A81157F503
8E1E1B3D0408E8530B447203A3115CF5
03961E1B3F0408E953F4438103A21163
F503B71E1B3F0408E953E24336035A11
6AF503941E1B410408E853E343340355
116FF503C41E1B400408E853DD433003
611174F503A71E1B430408E853C9432B
034E1178F503FF1E1B420408E853BB43
5A03A8107DF503B71E1B460408E853AB
436703A71081F503E51E1B470408E853
A8436903931087F503241F1B470408E7
538F43650394108AF503391F1B480408
E75389435F0335118CF503081F1B4B04
08E7537243600334118FF503631F1B4D
0408E6536C436003411191F503F21E1B
4F0408E6535A436003381197F503FA1E
1B4F0408E653564366033E119DF503FA
1E1B510408E553454368034711A2F503
1C1F1B530408E553404361034611A8F5
030F1F1B540408E553314353034511AB
F5033D1F1B540408E65320435D033F11
AFF5034A1F1B560408E6531D436E03E9
10B6F503651F1B5A0408E65310437003
E410B9F503311F1B5B0408E7531F436B
03ED10BDF503A61F1B5B0408E6532043
8203ED10C0F5035F1F1B5E0408E6530B
437903D310C3F503A61F1B5F0408E653
12437103D510C6F503A61F1B5F0408E6
53F1426C03D510C8F503741F1B630408
E653E9426F03D510CDF5036B1F1B6204
08E653DC4253030011D1F503AD1F1B65
0408E653D2424C03FC10D4F503631F1B
670408E753CC424803F210D6F503991F
1B650408E753AD424A03FB10DBF50323
201B680408E753B04253030211DCF503
DC1F1B690408E7539E429203D610DEF5
0316211B6B0408E753AA429303D210D6
F50355211B6B0408E55395429203D710
C9F5032F211B6E0408E6537B42A003D6
10BEF50318211B6E0408E65395424D03
0811BDF503D7201B6F0408E653704255
030911BAF503EC201B710408E6537542
53030B11BCF503E0201B730408E75378
4253031111BCF503C3201B710408E853
64428903E410BDF503D41F1B740408E7
536E429303DA10C5F503C01E1B740408
E75353428D03D310D4F503461E1B7404
08E85359429203DF10E3F5032F1E1B75
0408E853454280035111EBF503321E1B
760408E7534A428C035511F5F5034A1F
1B780408E7534B427D035011FAF5034D
201B7A0408E8535D4283035211F8F503
84201B7D0408E853294280035F11FAF5
03BA201B7D0408E8532F4260035211F9
F503CB201B7E0408E9531B4260035F11
FCF50366211B800408E95313426D0358
11EAF503EB2D1B820408E95353426003
5A1117F50328321B820408E95343426A
034411EEF303B7321B800408E9532742
6403461116F303FE321B820408E9531C
426203411192F2034E331B860408E853
FD416D03411146F20372331B870408E9
53334262032A1117F203B3331B8B0408
E953354264033211F6F103D5331B8E04
08E953974268032811E0F103F2331B90
0408E953B54257033311D3F103F2331B
920408E953DC425B035511CDF103F833
1B950408EA5317436D034F11CBF103FF
331B950408E953614376034711C8F103
07341B960408E953934376034811C9F1
0303341B990408E953C54374034311C7
F10303341B9A0408E953F8435E030511
CAF10308341B9B0408E9533B444B03FF
10CBF103F7331B9B0408E85383445103
0611CFF103EE331B9B0408E853A54452
030311D4F103FF331B9E0408E853DA44
68034011D3F10318341B9E0408E8530E
4562034311D0F1031C341B9F0408E853
42455E034311CDF10329341BA10408E9
537B4569034711CBF10325341BA30408
E853AA4563031711CDF103FB331BA404
08E853CF4561031211D7F103F4331BA6
0408E853FA4560031D11DFF103FB331B
A90408E75335466E031711E7F103EA33
1BA90408E75358465B03EB10EEF103DD
331BAC0408E7538D466803CD10F6F103
D5331BAD0408E853BF466A03B81001F2
03C7331BAF0408E853D1466203D0100F
F203A2331BAF0408E753EA466D03C510
1EF2039A331BB00408E75315478C0334
1127F203A2331BB40408E8534E479103
351130F2037D331BB40408E953574790
03341144F20319331BB60408E9536C47
9903321162F2032D331BB80408EA537C
475003F41073F2031C331BB90408EA53
7C474E03031183F203F2321BB90408EA
539F474903FC1092F203ED321BB90408
EA53B3475E03FA109FF203ED321BB604
08EA53B7477B03B310A8F203F6321BBB
0408EA53CC478003A710A9F20302331B
BA0408EB53DF477A03A910A5F2031C33
1BBE0408EB5300487603A8109EF203D8
321BBD0408EB530C487103A310A9F203
D0321BBE0408EB5317488003BF10B9F2
0356321BC00408EB5322488203CE10DE
F20317321BC20408EB5331487E03D210
19F3032B311BC30408EC5346487D03BE
1065F30312311BC30408EB5355488203
2511A2F303D7301BC50408EB5362487A
031E11D3F303C3301BC70408EA53B248
88032411F4F303A0301BC80408EA53A0
487C032A1113F40366301BCA0408EA53
BA487403301230F40359301BCC0408EA
53B8487103241244F40348301BCB0408
EA53C1486F032A124FF40359301BCD04
08EA53BE486F03301256F40348301BCF
0408EA53B248800370115AF40344301B
D00408EA53C7489303631160F4033330
1BD20408EB53BE489803641164F40333
301BD50408EB53D9489203651169F403
31301BD80408EB53F448950360116BF4
0333301BD80408EB53F24866036F116A
F4032F301BDB0408EB53F44868036E11
6CF40337301BDA0408EA53F648600367
116CF4033C301BDE0408EB5327496203
691169F4032F301BE10408EA5328499E
0303116CF40315301BE40408EA534149
BB03FA1076F403FC2F1BE60408EA535F
49B00305117EF40305301BE80408EA53
1649B103FE1085F40305301BE90408EB
533C4978033A1184F4031A301BEA0408
EA533C498B03351181F40329301BEB04
08EB534C49830339117AF40333301BED
0408EB5343497C033A1173F40340301B
F20408EB538B498703D9106CF4034830
1BF20408EB537D498403D21066F40361
301BF30408EB537B497E03CD105FF403
59301BF40408EC5391498603DC105EF4
032F301BF60408EB5382497E03CF1067
F40301301BF60408EC538A4977034711
77F403DF2F1BFB0408ED539549750349
118FF4038F2F1BFC0408EC5387496F03
4711ACF403A42F1BFF0408ED53AA496B
034611BAF403A82F1B000508EE53BD49
78031C11C4F403722F1B040508EE53D0
4976032311D4F403502F1B070508EE53
C84970031511EBF403152F1B060508EE
53A9496A03121104F503192F1B090508
EE53B2496F033F110EF503222F1B0A05
08EE53C14979034B1114F503192F1B0E
0508EE53C849750341111AF5030D2F1B
110508EE53C04970034B1124F503DA2E
1B100508EE53BB497C03781131F503EF
2E1B130508EE53E2496E0382112FF503
362F1B190508EE53214A6F037A111CF5
03432F1B1C0508EF53064A6C03831111
F503152F1B1E0508EF53EA497A037611
17F503EF2E1B1F0508EF53D949670379
1121F503FC2E1B1F0508EF53E6495803
7E1123F503112F1B240508EF53FF495A
03731122F503FE2E1B290508EF53084A
5803801122F503DF2E1B2C0508EF530E
4A6E0381112AF503CE2E1B2F0508F053
154A7603761133F503D22E1B310508F0
53074A7203831132F503EB2E1B350508
F0531D4A630374112AF503F62E1B3505
08EF53F549BB03F81124F503EF2E1B38
0508EF53EA49AB03F91120F503EF2E1B
370508EF53DF49B103ED111FF503EB2E
1B360508EE53DF49B903F8111EF503EF
2E1B390508EE53EA49760304121CF503
F42E1B380508EE53E24978030E121DF5
03F62E1B370508EE53D1497603041219
F503FC2E1B380508EE53C4497C030C12
17F503FC2E1B370508ED53CF4974030E
1216F503F82E1B370508ED53C9497D03
271216F503F82E1B3A0508ED53CA497C
03391218F503F62E1B380508ED53C149
780339121BF503F42E1B3B0508EC53C9
49800333121AF503F42E1B380508ED53
DE49850330121BF503F82E1B3A0508ED
53CE498B033B121DF503F42E1B380508
ED53CE49760338121DF503F82E1B3905
08ED53D3497D033C121CF503F62E1B39
0508ED53D04998033C121BF503FC2E1B
380508ED53D5499C0334121DF503FC2E
1B3A0508EE53D5499E033C121BF50300
2F1B380508EE53DD49A7032A121BF503
002F1B360508ED53E5497A03F41118F5
03022F1B340508ED53D0497E03FF1117
F503042F1B360508ED53E1498303FF11
15F503042F1B350508ED53E8498103F6
1112F503042F1B2C0508EE53D8497E03
EE1114F503092F1B220508EE53DF4976
03DD1111F503222F1B140508EE53DD49
7603DF1108F5035F2F1B0D0508EE53E4
497103DF11F4F403932F1B070508ED53
DB497903DE11DAF403B92F1BFA0408EE
53E24980030312C6F403CA2F1BEB0408
EE53D64977030912B3F403CE2F1BE504
08ED53DA497D03FD11B2F4038B2F1BDD
0408ED53E1497A03FE11BDF403762F1B
D30408EE53E14985034D11C8F4037E2F
1BC90408EE53DF498A034111CDF40387
2F1BBD0408EE53DF4994033D11CDF403
8B2F1BAF0408EE53EC4996034E11CCF4
039B2F1BAA0408EE53E2498D032211C5
F403CA2F1BA20408EF53F44983030B11
B4F403E72F1B980408EF53F949910323
11A5F403E72F1B960408EF53E2498803
1D119AF403FC2F1B8E0408EE53F04985
03231191F4030D301B800408EE53F049
8C03CD1088F40315301B730408EF5311
4A8603D81080F40322301B690408EE53
324A8203CD1076F40351301B5D0408EE
53264A7A03D21067F40366301B500408
EF53174A9803F91054F403A9301B4404
08EF53154A8203ED102EF40338311B3B
0408F053134A9803FD1000F40349311B
290408F0530A4A9903FE10D4F303D831
1B220408EF53F8498203241194F3039D
321B180408EF53FC497A03261145F303
C8321B120408F053FB4980032B1102F3
032A331B0B0408F053004A88032E11C4
F20363331B060408EF53004A6F031F11
91F203D5331B020408EF53FA497B0315
1152F2035C341B030408EF53F4496F03
221114F20360341B020408EF53EC497E
031611F7F103EC331B010408EF53E649
78031811FDF103DD331B040408EF53EC
495E03EB100AF20307341B050408EF53
EC495603E91000F20364341B050408EF
53E7495103E510E8F10325341B070408
EE53E2495303E910EAF1039F331B0804
08EE53EC493803DE1013F2039A331B07
0408EE53E1492803DF1025F203E6331B
030408ED53CA492E03E71029F203C433
1BF00308EE53C7493703ED1029F203C8
331BDC0308EE53E1498E02ED1025F203
F8331BC90308ED53D6498502F2100DF2
0379341BC10308ED53F04C9002ED10E1
F1034C9214C10308EE532D4B8202E910
D2F103F3040FC00308EE53024B05FC23
12E8F10302E30EC00308EE53F34A02FC
191219F203D7AA0EC20308EE53E84AFB
FB221274F203798A0FBF0308EE53C04A
02FC0D12E6F203CAD00EC10308EE53C3
4A03FC0A129CF30349450FC20308EE53
DA4AA602B90376F4033CC40EC20308EE
53FA4A9F02CC03</Data>

   <DataCRC>e4f56580</DataCRC>

   <BytesSent>7191</BytesSent>

</SBEDataUpload>
</InstrumentRawData>
</SBEDataUploadFile>
