<?xml version="1.0"?>
<!-- SCPlusV2_RS232 -->
<SBEDataUploadFile>
<ApplicationData>
<Seaterm232>
<SoftwareVersion>2.6.3.104</SoftwareVersion>
<BuildDate>30-Jun-2017</BuildDate>
</Seaterm232>
</ApplicationData>
<InstrumentState>
<HardwareData DeviceType='SBE19plus' SerialNumber='01906740'>

   <Manufacturer>Sea-Bird Electronics, Inc.</Manufacturer>

   <FirmwareVersion>2.2d</FirmwareVersion>

   <FirmwareDate>9 February 2011 08:30</FirmwareDate>

   <CommandSetVersion>1.1</CommandSetVersion>

   <PCBAssembly PCBSerialNum='25307' AssemblyNum='41054G'/>

   <PCBAssembly PCBSerialNum='25737' AssemblyNum='41580B'/>

   <PCBAssembly PCBSerialNum='24669' AssemblyNum='41606'/>

   <PCBAssembly PCBSerialNum='24372' AssemblyNum='41059D'/>

   <MfgDate>  08 DEC 2010</MfgDate>

   <InternalSensors>

      <Sensor id='Main Temperature'>

         <type>temperature0</type>

         <SerialNumber>01906740</SerialNumber>

      </Sensor>

      <Sensor id='Main Conductivity'>

         <type>conductivity-0</type>

         <SerialNumber>01906740</SerialNumber>

      </Sensor>

      <Sensor id='Main Pressure'>

         <type>strain-0</type>

         <SerialNumber>3220369</SerialNumber>

      </Sensor>

   </InternalSensors>

   <ExternalSensors>

      <Sensor id='volt 0'>

         <type>SBE 43 OXY</type>

         <SerialNumber>432005</SerialNumber>

      </Sensor>

      <Sensor id='volt 1'>

         <type>not assigned</type>

         <SerialNumber>not assigned</SerialNumber>

      </Sensor>

      <Sensor id='volt 2'>

         <type>ECO-FLNTURT CHL</type>

         <SerialNumber>FLNTURTD-2025</SerialNumber>

      </Sensor>

      <Sensor id='volt 3'>

         <type>ECO-FLNTURT TURB</type>

         <SerialNumber>FLNTURTD-2025</SerialNumber>

      </Sensor>

      <Sensor id='volt 4'>

         <type>not assigned</type>

         <SerialNumber>not assigned</SerialNumber>

      </Sensor>

      <Sensor id='volt 5'>

         <type>not assigned</type>

         <SerialNumber>not assigned</SerialNumber>

      </Sensor>

   </ExternalSensors>

</HardwareData>
<StatusData DeviceType='SBE19plus' SerialNumber='01906740'>

   <DateTime>2018-12-07T14:28:32</DateTime>

   <LoggingState>not logging</LoggingState>

   <EventSummary numEvents='241'/>

   <Power>

      <vMain>12.2</vMain>

      <vLith>5.4</vLith>

      <iMain>61.5</iMain>

      <iPump>36.4</iPump>

      <iExt01> 4.1</iExt01>

      <iExt2345>20.6</iExt2345>

   </Power>

   <MemorySummary>

      <Bytes>1492821</Bytes>

      <Samples>87813</Samples>

      <SamplesFree>3782666</SamplesFree>

      <SampleLength>17</SampleLength>

      <Profiles>111</Profiles>

   </MemorySummary>

</StatusData>
<ConfigurationData DeviceType='SBE19plus' SerialNumber='01906740'>

   <ProfileMode>

      <ScansToAverage>1</ScansToAverage>

      <MinimumCondFreq>3226</MinimumCondFreq>

      <PumpDelay>60</PumpDelay>

      <AutoRun>no</AutoRun>

      <IgnoreSwitch>no</IgnoreSwitch>

   </ProfileMode>

   <Battery>

      <Type>alkaline</Type>

      <CutOff>7.5</CutOff>

   </Battery>

   <DataChannels>

      <ExtVolt0>yes</ExtVolt0>

      <ExtVolt1>no</ExtVolt1>

      <ExtVolt2>yes</ExtVolt2>

      <ExtVolt3>yes</ExtVolt3>

      <ExtVolt4>no</ExtVolt4>

      <ExtVolt5>no</ExtVolt5>

      <SBE38>no</SBE38>

      <OPTODE>no</OPTODE>

      <GTD>no</GTD>

   </DataChannels>

   <EchoCharacters>yes</EchoCharacters>

   <OutputExecutedTag>yes</OutputExecutedTag>

   <OutputFormat>raw HEX</OutputFormat>

</ConfigurationData>
<CalibrationCoefficients DeviceType='SBE19plus' SerialNumber='01906740'>

   <Calibration format='TEMP1' id='Main Temperature'>

      <SerialNum>01906740</SerialNum>

      <CalDate>07-Jan-11 </CalDate>

      <TA0>1.255288e-03</TA0>

      <TA1>2.593288e-04</TA1>

      <TA2>-2.376104e-07</TA2>

      <TA3>1.449298e-07</TA3>

      <TOFFSET>0.000000e+00</TOFFSET>

   </Calibration>

   <Calibration format='WBCOND0' id='Main Conductivity'>

      <SerialNum>01906740</SerialNum>

      <CalDate>07-Jan-11</CalDate>

      <G>-1.033008e+00</G>

      <H>1.393941e-01</H>

      <I>-2.175401e-04</I>

      <J>3.475757e-05</J>

      <CPCOR>-9.570000e-08</CPCOR>

      <CTCOR>3.250000e-06</CTCOR>

      <CSLOPE>1.000000e+00</CSLOPE>

   </Calibration>

   <Calibration format='STRAIN0' id='Main Pressure'>

      <SerialNum>3220369</SerialNum>

      <CalDate>21-Dec-10</CalDate>

      <PA0>8.222195e-01</PA0>

      <PA1>1.566037e-02</PA1>

      <PA2>-6.194425e-10</PA2>

      <PTCA0>5.244452e+05</PTCA0>

      <PTCA1>4.417653e+00</PTCA1>

      <PTCA2>-9.798927e-02</PTCA2>

      <PTCB0>2.510725e+01</PTCB0>

      <PTCB1>-1.150000e-03</PTCB1>

      <PTCB2>0.000000e+00</PTCB2>

      <PTEMPA0>-5.917147e+01</PTEMPA0>

      <PTEMPA1>5.387460e+01</PTEMPA1>

      <PTEMPA2>-2.653169e-01</PTEMPA2>

      <POFFSET>0.000000e+00</POFFSET>

      <PRANGE>5.076000e+03</PRANGE>

   </Calibration>

   <Calibration format='VOLT0' id='Volt 0'>

      <OFFSET>-4.687158e-02</OFFSET>

      <SLOPE>1.247988e+00</SLOPE>

   </Calibration>

   <Calibration format='VOLT0' id='Volt 1'>

      <OFFSET>-4.719579e-02</OFFSET>

      <SLOPE>1.248132e+00</SLOPE>

   </Calibration>

   <Calibration format='VOLT0' id='Volt 2'>

      <OFFSET>-4.684526e-02</OFFSET>

      <SLOPE>1.248324e+00</SLOPE>

   </Calibration>

   <Calibration format='VOLT0' id='Volt 3'>

      <OFFSET>-4.678105e-02</OFFSET>

      <SLOPE>1.247145e+00</SLOPE>

   </Calibration>

   <Calibration format='VOLT0' id='Volt 4'>

      <OFFSET>-4.669684e-02</OFFSET>

      <SLOPE>1.248307e+00</SLOPE>

   </Calibration>

   <Calibration format='VOLT0' id='Volt 5'>

      <OFFSET>-4.709579e-02</OFFSET>

      <SLOPE>1.247697e+00</SLOPE>

   </Calibration>

   <Calibration format='FREQ0' id='external frequency channel'>

      <EXTFREQSF>9.999977e-01</EXTFREQSF>

   </Calibration>

</CalibrationCoefficients>
<EventCounters DeviceType='SBE19plus' SerialNumber='01906740'>

   <EventSummary numEvents='241'/>

   <Event type='ErrorFLASHUncorrectableError' count='241'/>

</EventCounters></InstrumentState>
<Headers>

cast  98 04 Dec 2018 09:04:09 samples 79659 to 80193, avg = 1, stop = mag switch

</Headers><InstrumentRawData>
<SBEDataUpload startAddr='1354186'>

   <Type>1</Type>

   <DataFormat>SEACATPLUS0</DataFormat>

   <Bytes>9095</Bytes>

   <Data>
931D04AFDD0ECD03081454D55E8703FC
FB7E1B04F10B0ED50308155438588803
F8FBA6130464750EE203081654FE617C
03F7FBDA0C0412F211EE030816540861
8803F4FB6D0804861D11F5030817548D
62EC057F05B005041C8F13F703081754
6A62F0058205110404637E15F8030817
54D260E9057D05EA02044DC315FA0308
1754D860F0057B05370204AB2917FD03
081854D560DA0435107901044B7119FF
03081A54A362E0043210E700041B111B
0404081B545861E40432108D00044B16
1B0704081B547761E204341088000482
191B0C04081C54D05F3003A40CE20004
E6191B0F04081B54B45F3103A90C4801
04851A1B1104081C54CE5F3C03A60CA1
0104781A1B1604081D547B603503A70C
F50104571A1B1904081E5486603603A2
0C34020482191B1C04081E540560CF03
DC105C02043B191B1C04081E546460C8
03DC1079020460191B1B04081E54EA60
CC03D1109702045E1A1B1904081E54AF
60D603DB10AE02044E1A1B1C04081F54
14605E035E0FC40204061B1B1B040820
54C45F5803660FD002040A1B1B1C0408
2154E15E51035F0FD80204ED1A1B1C04
082154345F5203710FD50204021B1B1A
04082154AC5EC303B00FD80204E91A1B
1D04082054EB5FBA03AA0FE302040A1B
1B1E04082154465FBB03AB0FF002049E
1A1B2004082154A25EBB03AF0FF40204
E6191B2204082254885E0503130FFB02
04F9181B2204082254AF5F00031A0F04
030448181B2504082154315F0B030C0F
0F03044A1A1B2404082254385F000314
0F160304F61A1B2604082254E15F0103
170F240304021B1B2404082354905F2F
03250F2E0304241B1B2604082354CB60
3A03240F390304241B1B250408225464
603103270F400304241B1B2404082254
77632F03290F420304061B1B27040823
543165F302F50F470304F31A1B270408
2354F562F302EF0F4C0304C31A1B2704
082354B062EF02ED0F4C0304BB1A1B29
04082254EB61EC02F40F4F03048D1A1B
28040822547C614F03A90F5103046C1A
1B260408225433614703B00F53030446
1A1B2704082254BC643503A20F570304
391A1B240408225427634903980F5703
044A1A1B2704082254CE61DD02690F58
03045B1A1B2804082254CE60DB025E0F
5A03046C1A1B2A040822546660DD0258
0F5C03049B1A1B2804082254E75FDA02
6E0F5E0304C81A1B2A040823547E5FE5
025B0F6403049A1A1B2904082254FC5E
B902690F6B0304461A1B290408235451
5EB5025F0F6B0304FB191B2804082354
045EAB026F0F6A0304C0191B29040822
54685DAF026A0F6503047D191B280408
2254165D0B03CD0F67030432191B2804
082154855C0B03CD0F680304F8181B2B
040822542C5C0103D50F670304C6181B
2B040822543C5C0303D50F650304E118
1B2904082254535CD302980F63030419
191B2A04082254F65BDA028F0F660304
3B191B2B040822546C5BCF02910F6403
046D191B2904082254365BD6028D0F61
030492191B2A04082254C55AB6030A0F
5F0304B4191B2A04082154915ABE0310
0F5C0304E2191B2A040821549D5AC203
180F5A0304FB191B2904082054CB5ABE
03110F5B0304FF191B2D04082054C95A
AD03120F5D0304101A1B2D0408205402
5AA5021D0F5E0304161A1B2A04082054
CA59A8021B0F600304101A1B2B040820
54CE589902220F5D0304FF191B2C0408
20545559A7021A0F5E0304FF191B2B04
0820543658CF02FE0E5C0304101A1B28
040820544657D7020A0F5A0304291A1B
29040820547C57D002FA0E5803042D1A
1B29040820546757D902080F59030418
1A1B2A040820547857E402E00F570304
F2191B2B040820546857E602E00F5603
04D5191B2A04081F546A57E202EB0F57
0304D2191B2904081F541557E802E00F
540304EA191B2904081F54F956820273
0F500304291A1B2A04081F5471578802
720F4A0304531A1B2B04081F54A75684
02760F4C0304421A1B2B04081F540F57
7E02720F490304101A1B2A04081F5492
567F027C0F4C0304D5191B2A04081F54
4457A102B80F4C0304B4191B2804081F
54FA56A202B50F4B0304B4191B2B0408
2054D956AC02C50F4A0304D9191B2A04
0820542D56A802CA0F470304FE191B2C
04082054ED56D402100F440304B8191B
2D04082054D056C602200F4603048318
1B2E040820542156D602220F5303046F
171B2D040820540C56CE02200F670304
4F161B2E0408205497560603670F7803
0460161B2B040820544C560F037B0F7D
030440181B2C04082054005615037E0F
790304CA181B2C04082154E8550E036B
0F6F0304EF181B2F0408215470563E03
720F66030498181B3104082054275632
03780F6603048F171B30040820542E56
3503730F7503044F161B300408215472
562C036E0F86030461151B2E04082154
A2553903760F900304D3141B2E040821
5481550703760F9203049D141B2D0408
20547455FA02760F94030491141B2E04
0820542955FB02780F9903048C141B2F
040821543455FD02750F9F0304A6141B
310408215411555603200FA703045A14
1B2D04082054FA544403190FB20304D9
131B2F04082054D2544903280FBB0304
75131B2F04082054C2544803220FC303
0432131B2F04082154CC542203690FCD
0304FA131B2F04082154A4542103540F
D503040D151B30040821540A5420035F
0FD90304E8141B310408215437541B03
6A0FDF030431141B2E04082154A754FF
02610FE5030479131B2E040821542C54
07035E0FED0304FC121B2E0408215419
5402035A0FF603043F131B2F04082154
6553F902650F020404AB131B30040821
54AC53FC026C0F0B040447131B300408
21544353F0022B0F1504048B121B3004
082054D253F502380F1D040434121B32
040820547C53F0022D0F2804042C121B
2E04082054A753EC02380F3104045912
1B3004081F5475531803800F3B04047F
121B2F040820540B5321038F0F440404
3F121B2F04081F54B1522B03850F4F04
0496111B3104081F5457522B03850F57
04043E111B3104081E544152CC028B0F
61040453111B3004081E549A52D30298
0F6C040496111B3204081F542252D902
970F7504049E111B3004081F54F652CC
029E0F7E040457111B2E04081F541053
F702730F85040404111B2F04081F5442
52E002760F8F0404B4101B3004081F54
7D51E2027D0F99040497101B3104081F
543152E702720FA20404A0101B310408
1F548E51E202760FAC0404B9101B3204
081F546351E302900FB50404FB101B31
04081F544851DD02960FBE0404F7101B
3104081F548C51E1028E0FC50404AC10
1B3004081F543251E2028E0FCC04042E
101B2F04081F54E750DB02770FD40404
0A101B3204081F542051EB02700FDC04
0433101B3304081F54E950DF026F0FE4
040493101B3404081F548350DD027C0F
EC040482101B3304081F546B50F8028B
0FF304041A101B3104081F547A50F902
870FFB0404B60F1B3204081F547450EF
029A0F0305049D0F1B3104081F548750
EA02970F0A0504AA0F1B3104081F545A
500203DA0F130504B20F1B3204082054
0A500003C70F1A0504E80F1B32040820
54E94F0A03D90F2105041A101B330408
1F544B50F902CC0F290504EC0F1B3304
082054A94F0503D20F2F0504A10F1B32
04081F54C64FD4025E0F360504630F1B
32040820548F4FD102670F3E0504630F
1B31040820548B4FD0025E0F4305044E
0F1B3004082054704FC802620F4D0504
420F1B31040820543D4F1A036D0F5205
04560F1B3104082054A34F1303780F5A
0504390F1B3104081F54FA4E16036A0F
600504FB0E1B2F04081F54F54E0D036B
0F670504030F1B3104081F54DD4EE302
780F6E0504880F1B3304081F54D04EE6
027F0F740504DC0F1B3204081F54E64E
DE026B0F770504CB0F1B3004081E5425
4FEC02790F7905040A101B3004081D54
DF4E0C039C0F7E0504BD101B3204081D
549F4E0F03A20F7D0504CE121B370408
1D54844E12039E0F6B05044A141B3C04
081D54634E0803A10F43050459151B41
04081D54244E0F039F0F0E050472151B
4404081D54334E02037D0FDF04044514
1B4604081E54214E0003850FDA0404C2
121B4704081E54A74EFE02870FE80404
55121B4A04081D54E74D0003840FE704
0426131B4C04081D54CA4DF702690FD3
0404AD121B4B04081E547C4DEF02590F
C30404FE111B4D04081E546D4DF40269
0FBF0404D4111B4E04081E54814DEF02
600FBE040406121B5204081D54E34DE0
026C0FC0040477121B5304081D54DD4D
E8025A0FC00404B9121B5304081D5437
4EDB02610FC00404CE121B5704081D54
C847E102600FBC040460131B5B04081D
54EA470703690FB80404CD131B5E0408
1D54DC4A04037D0FAD04041C141B6204
081D54BE4A0403800F9F040425141B63
04081D54E24AFB02730F8904048E131B
6604081C54F748F902790F8204043114
1B6504081C54534A0B034B0F720404AF
131B6504081C545A4B15034E0F6D0404
2A131B6604081D54DE4A1903530F7504
04E7121B6504081D54784B1603520F82
040411131B6704081E54D04A0203EA0F
870404F0121B6604081E54434BFA02F2
0F8C04040D131B6704081E54C44AFC02
F10F8F04040D131B6704081F54334BFE
02E90F8F0404AD121B6904081E54364B
D9024A0F9204044D121B6904081E5458
4BEB02490F970404CA121B6C04081F54
D44BE8024F0F99040404131B6F04081E
548949E802510F96040468131B700408
1E54554C0E037C0F8D040486131B7204
081E54E94BFB027F0F80040479131B75
04081F54C04B0B03850F7904049B131B
7904081F54D44A05037A0F7704049B13
1B7B04082054864CFB02850F76040479
131B8304081F54C34B0D03600F760404
1C141B8504081F54984D15035C0F7604
04FA131B8604081F54514C1A03620F7A
040471131B8504081E54C54B1103650F
80040400131B8404081E54C54BF90277
0F8B0404DF121B8604081E54E64BF702
750F950404AD121B8504081E54874BF1
02760F9B0404D7121B8604081F54694B
FA02730FA0040418131B8804081F54C6
4B2803610FA2040409131B8604081E54
164C29036E0FA304043F131B8A04081E
54C74B1E03640FA4040411131B8B0408
1E545A4D22036D0FA1040452141B8C04
081E543D4CF402710F970404FA131B8E
04081D54214DF702750F8C040407141B
9404081D54F34CF702780F850404E414
1B9604081D54604CF1026F0F760404BA
141B9804081C54EC4CF402780F6A0404
80141B9C04081D54274E0D035A0F6204
046F141BA004081D548D4D0B035A0F5F
0404F6131BA704081D546F4B0A03620F
650404C8131BAC04081D54BD4B110362
0F6D0404D8131BAF04081D549F4CE302
DB0F70040452141BB104081C54C84ED9
02E60F76040439141BB204081C54EB4D
E402DD0F7D0404EA131BB104081C5496
4DD202D60F8804046D131BB204081C54
DB4C0E038A0F93040409131BB204081C
54024D17038B0F990404FC121BB20408
1C54014C15039C0F9E040466121BB404
081C54ED4A1D03940FA2040449121BB7
04081C54584BFC02A90FA6040406121B
B904081C54CE4C0103B30FA30404D411
1BBA04081D544F4BF502A60FA304049E
111BC004081C54E84A1103B40FA70404
7D111BC804081D54354D0E03AC0FA904
046B111BCA04081D54DA4CFB020B10AF
04044F111BD004081C54E34CFB020910
B6040434121BD404081C54BF4CFB0214
10BD0404771B1BD904081C54B34A0403
0E10AC0404D31B1BDE04081C54A14BFF
02F80FC90404B61B1BDF04081C54F44B
0803F90FF00404F51B1BE204081D54F5
4BF702F80FF80404161C1BE604081D54
054D0203FA0FF50404051C1BE804081D
54F14C1F03670FF20404051C1BE50408
1D54784D20035C0FF004041C1C1BE604
081D54FE4C21036D0FEC0404F51B1BE6
04081E545C4E2203670FF40404E81B1B
EB04081E54024D0F03A90F010504EC1B
1BF104081E54F74F0E03A50F05050409
1C1BF504081E54314D0F03B10FFD0404
271C1BFA04081E54D04E1503AF0FF304
043C1C1BFB04081E54EE501103AF0FE5
04042F1C1BFC04081E54F4502603F20F
E40404161C1B0005081F541B511603FA
0FEC0404FC1B1B0405081F5412502203
F10FF60404E01B1B0805081E54455127
03F10F050504DB1B1B0905081E546E52
20039C0F0F0504E01B1B0B05081E54B2
5219039E0F160504E81B1B0C05081E54
395426039F0F160504E81B1B0B05081E
54115425039A0F160504E41B1B0A0508
1E549C536003A80F170504E81B1B0B05
081E547C545403A20F160504E81B1B09
05081E546B5550039C0F160504DB1B1B
0D05081D54F5564B03A00F1A0504D81B
1B0D05081D542B5713038D0F200504CF
1B1B0D05081D5490560903860F230504
DB1B1B0B05081D54D05613038F0F2405
04D71B1B0E05081D54C15511038D0F23
0504CB1B1B0C05081D54595510038B0F
280504CB1B1B0C05081D546855390397
0F2A0504CB1B1B0E05081D5439563803
9D0F2A0504CB1B1B0F05081E5473562F
03A10F2B0504CB1B1B1005081E543756
3C03A00F2B0504C01B1B1205081F54B6
562103730F310504B21B1B1505081F54
06571A03780F370504AD1B1B1505081F
5435572403750F3D0504A51B1B180508
1E546B552403760F420504AD1B1B1805
081E5413552003B80F430504A91B1B1C
05081E5471562A03B70F430504BA1B1B
1A05081E5426552003AE0F400504BA1B
1B1D05081E54AC542703B10F3C0504BA
1B1B1C05081E5438550E03730F3B0504
A81B1B1C05081E54BA540F03800F4205
048C1B1B2205081E5495561503700F4B
0504731B1B2805081E5494551703770F
5805047F1B1B2F05081E540E5B0E0374
0F5F0504841B1B3005081E54565B2603
620F5E0504841B1B2F05081E54B7571A
03640F5E05047F1B1B2F05081E54E059
1D03600F6205047F1B1B3005081D540C
5921035E0F600504841B1B2F05081D54
6F593303A10F600504841B1B2F05081E
54A3583803A20F600504881B1B310508
1E5430582803A50F5F0504841B1B3305
081E5439582A03980F6005042C1B1B38
05081E54CB5F0003C60F7C0504E91A1B
3C05081E54845E0403D20FA00504E11A
1B4305081E54105D0303C50FB60504AF
1A1B4905081E54B4580B03C70FD30504
9E1A1B4905081E5495572403BF0FE805
04A21A1B4B05081E54DD571C03CA0FF1
0504A21A1B4B05081E5463592403C20F
F70504821A1B4F05081E54CF572003BC
0F0206044A1A1B5605081D540D582B03
C40F190604031A1B5E05081D54CD5731
03B80F3B0604F2191B5F05081D54B056
3003C50F590604EE191B5F05081D548A
563503C30F660604EA191B5F05081D54
8C562F03C20F6D0604101A1B5D05081D
5472572003830F6306044E1A1B620508
1E5427581D03800F4D0604291A1B6705
081E54D4582403830F4706044A1A1B6F
05081E54E4572303820F3B0604621A1B
7605081E548A59310305103206042D1A
1B7F05081E54CE5B3603FE0F39060414
1A1B7F05081E54475D3403FA0F480604
141A1B8305081E546C5E2D03FB0F5006
04FF191B8805081E54B95D2F03A00F5F
06049B191B8D05081E54B75C1E039C0F
7D060482191B9005081E54155E2D03A1
0FA006043B191B9105081E54695C1C03
9A0FC8060404191B9605081E54FF5F2D
03A30FE8060411191B9505081E54D55F
20038D0FF706042D191B9805081E5420
602003980FF606043F191B9D05081E54
EB5C2603940FF30604F8181BA305081E
545F592203920F03070483181BAD0508
1D548C5611030B1032070438181BB705
081D542955120312106207042F181BC2
05081D54B95813031810870704B2171B
C505081C540D5B0D031210B70704BA17
1BC605081C54995B1C03B00FD90704A5
171BC705081C54075A1B03B10FEB0704
AE171BCA05081C54335A2203B40FF507
04A3171BCB05081C546C5B1B03BA0FFA
0704A5171BCE05081C542F5A1A03CD0F
FE0704A5171BD205081C54B3582D03BC
0FFE07048C171BD705081C549D583803
C30F0708044E171BD705081C54705830
03BE0F2D08043E161BD605081B542B5A
3503BC0F87080400161BD805081B5497
583303B110CE08045C161BD805081B54
64592B03A210E30804EB151BDC05081C
5414592D03A910050904F8151BDE0508
1B54E4593503A410200904DA151BE205
081B5486591303480F2D09046C161BEB
05081C54FD580E03480F090904BF161B
F005081D5437560803410FDA0804A316
1BF205081D54B45904033E0FC60804C4
161BF305081D540C571A038D0FB00804
D1161BF205081D5482571703960FA208
04D5161BF705081D543D5911038E0F95
0804F2161BF605081D54565813038E0F
8908040B171BFB05081D546D5805038D
0F77080418171BFF05081E54D65A3303
7C0F6C080403171BFF05081E54BF5935
03890F68080435171BFE05081E54255B
3F038A0F5B080445171B0506081E545C
5B3C03800F4D08046B171B1006081D54
D0562903E30F3D080473171B1B06081D
547F5A3803DF0F30080473171B260608
1D5425593303E70F2708045A171B3106
081D54CB573103E30F2808044A171B35
06081C5461582003A20F3108046B171B
3506081C542F5B1F03A20F2E08044E17
1B3606081D544D572103B10F3308044E
171B3606081C543B572003AF0F370804
56171B3E06081C5415571C03D90F3308
0484171B4806081C54EE562203CB0F26
080495171B5006081C5476591E03CD0F
1908046B171B5906081C54DF582403D3
0F1A0804C7171B6406081B54C7581703
C90F02080427181B7006081C54185A2F
03B40FD9070427181B7B06081B549057
3703B30FBE070401181B8606081C5436
583703B80FCF07045C161B9206081B54
34582B03AC0F45080451151B9C06081C
54CB572A03A00FE40804DC141BA60608
1C54F7583303A00F6B090484141BAD06
081C54AF592C03A00FD2090428141BAE
06081C5417593503A20F210A042D141B
AE06081C546C583003C10F480A045114
1BB106081C54EA583503CB0F510A041C
141BB806081B5482573103BE0F600A04
07141BC006081C54F7572D03C70F6E0A
040F141BC606081C5419581003EB0F78
0A0403141BCC06081C540B581303FD0F
790A044E141BD006081C54A0570E03F9
0F690A0452141BD106081C5437580603
F20F5A0A0452141BD806081C545F5906
03F50F4F0A0488141BE006081C54BC57
2503960F470A04FF131BEA06081C548E
572803900F590A0420141BF106081D54
EA581D03920F700A04A0121BF506081D
547D591403940FDB0A046E121BF40608
1C542A5A3903BA0F390B0483121BFA06
081C54F1594103B10F6B0B0423121B04
07081C549C584103B20F9F0B044F111B
0C07081C54CC584203B20FF90B04D610
1B1307081C543D5930034710540C04C9
101B1707081C54935833034310890C04
14111B1D07081C54905827033E10920C
04F7101B2607081C5403593503451096
0C04DA101B2D07081B54B05833030210
A10C0429111B3407081B54E5582F030B
10910C043A111B3707081B54615A3603
0310810C042D111B3707081A54AA5B2B
03FC0F7F0C0410111B3707081B545759
2B03FD0F810C0408111B3607081B54FF
582C03BA0F8A0C0404111B3607081A54
875A3703B40F8D0C0408111B3D07081A
5485593503B50F860C049B111B450708
1B54E9592C03BE0F5D0C047D111B4B07
081B5455591903B80F470C0468111B4E
07081B5439592003BB0F470C0474111B
4D07081B5419581B03AD0F430C046811
1B5707081B54E2571D03A20F440C049E
111B6107081B5403581703F60F430C04
9D0F1B6C07081C5426571C030410CE0C
04A50D1B6F07081C54524D2403F90FC4
0D048C0D1B7107081D549A4C2403FD0F
5C0E04F40D1B7307081D54774C3103B5
108D0E04120E1B7207081D54664C3303
C610950E040D0E1B7407081E54704C37
03BC108B0E04FB0E1B7407081E54934C
3503AE10420E04950F1B7607081E5433
4D2F03BE10E70D045B0F1B7507081E54
714D2003E810C40D04310F1B7307081E
54BC4D1E03EB10C20D04F30E1B740708
1F543E4E1E03E510DC0D04860E1B7407
081E54F24E1E03DF10070E04DA0E1B74
07081D540A503403B9100A0E04B40E1B
7207081E54E0503503BC10150E046D0E
1B7007081F5421512E03B7102C0E04DE
0E1B6F07081E5480513B03A9100E0E04
800F1B6707081E5473542F036010D90D
04390F1B6007081D543A5434036F10C3
0D04B60F1B5C07081D54625430036110
980D04DC0F1B5107081D541354330374
10750D04F50F1B4107081D5480543503
0F10560D0416101B3307081C54A7542D
030B103E0D0405101B2907081B54E154
2D031910330D043C101B2407081C54CA
5435031110230D043C101B1D07081B54
E65434031610160D042F101B1007081A
54CF544A038F0F130D041E101B000708
1A541C554B03990F180D042E101BF806
081A546A554003940F170D0437101BF6
06081A54FE544103910F110D0444101B
E906081A549F530D037F0F0A0D046910
1BD806081854AD53F702820FF80C04EB
101BCB060818546854F9027E0FC90C04
4A111BBC0608195459540A03840F8B0C
049A111BAB0608195456543703B30F4F
0C0434121B9E06081854CD543B03AA0F
FA0B04F4121B9006081854F2543303AE
0F940B043B131B7D060818545A553903
AC0F400B04FA131B6E060819543E571E
03E50FD40A04D3141B5E060819546B57
2303E00F5C0A0465151B490608185437
582203D80FE1090453161B3C06081954
39591603E00F5B090492161B2E060818
54235A2203DD0FFD0804C8161B1B0608
1954E4595603720FB708046F171B0D06
081954E5594C03750F64080495171BFC
05081854A65A5803720F2C0804B6171B
ED05081954825A4803680F020804F117
1BE505081A54085A1803A40FDE0704EC
171BD205081A548D5815039F0FC90704
F5171BC105081A54CB580D03A40FBA07
041F181BB505081A54CE590D03A90FAD
070412181BA805081A54635A1503A70F
A0070438181B9D05081B541E591303AC
0F92070448181B9305081A544A580F03
B80F87070438181B8705081954FF5713
03B20F86070455181B76050819540F59
0F039C0F7B07046E181B6D05081A540F
5813039C0F71070461181B5B05081A54
21590D03AB0F6A0704A8181B5205081B
5489571303A10F540704C1181B450508
1B540D5815039E0F3F0704B5181B3205
081B54C75B2D03D10F30070443191B26
05081B54E75A3403D00F0607045C191B
1A05081B545E5A3103D80FE106047919
1B0A05081A54FC592E03DA0FC1060414
1A1B01050819548E5A0603670F8B0604
251A1BF304081A54A75A10035D0F5E06
04311A1BE304081A54D35A0B03620F40
06047C1A1BD904081A547A5C1103560F
220604A21A1BCA04081A54315CFE024E
0F040604C81A1BB904081A54525CF802
4E0FE50504171B1BB004081A54F8590A
035B0FC205041F1B1B9F04081A548D59
FC02560FA305048C1B1B9104081954B0
583503AB0F760504D01B1B8604081954
56583103AF0F4A0504C71B1B77040819
54A9583A03B20F3105040E1C1B6B0408
1854A1593603B00F110504511C1B5D04
0818549B552F03B20FED04045D1C1B4F
040817542B550D03980FCD0404CE1C1B
4404081754B0551603930FA50404EF1C
1B3B0408175443560803950F810404FC
1C1B2704081854CC561C03940F650404
3F1D1B20040818543958FE02B60F4604
04661D1B13040818547956F202B60F27
0404751D1B06040817549757F702C00F
120404A31D1BFE030817545F57F102B3
0FF70304FF1D1BFB0308175498582103
520FD20304211E1BF803081754915725
03460FB003040C1E1BF703081754AF59
2E03480FA30304D51D1BFA0308185484
592A034D0FB303049B1D1BFB03081854
F45835043E0FD00304521D1BFD030818
54FE5725043A0FF103046D1D1BFD0308
1854545832043E0FFA0304C91D1BFE03
081854BA583404470FE50304141E1BFE
03081854C55829043E0FC00304FF1D1B
FD03081754015940036D10AD0304F31D
1BFB03081854C55849035B10A8030403
1E1BFD03081854DB584B0361109F0304
7D1E1BFC030818544159410366107503
04D01E1B0004081854E7580403940F4B
0304B81E1BFF03081954FE580203A90F
340304DD1E1BFC030819545D5902039E
0F1C0304DD1E1BFD03081A54D357FA02
A10F0C0304701F1BFD03081954B95A1C
038F0FE50204841F1BFD030818547A58
2703950FC30204561F1BFD0308185415
582503890FB602044A1F1BFC03081954
0B5A1C03930FB302045B1F1BF9030819
5486591903980FB202045D1F1BED0308
1954C6571E03920FB00204FA1E1BDA03
081954DF572003920FCA0204031F1BC8
0308195475522B03920FD40204B8E11A
BF030819548B572D03960FB50204E0D8
0EC003081954455759082324BF0204D1
B80EC10308195427595B0819246B0304
8E120EC103081854A05A5C081F242305
04B7C10DC003081854D1555B0828248A
07043EB70DC10308185430519B02C203
560A046EF60CBF03081854594F9E02D1
03380D04D1840CC003081854364EA202
C703061004EDED0CC003081854B14D9D
02BF033B120408B70DC103081954574D
A902C603691304A8020EC00308195428
4DA202C503AB13041D9E0DC103081954
074DA602B60376130443310EC1030819
54F34C9702C103</Data>

   <DataCRC>4cc8af54</DataCRC>

   <BytesSent>9095</BytesSent>

</SBEDataUpload>
</InstrumentRawData>
</SBEDataUploadFile>
