<?xml version="1.0"?>
<!-- SCPlusV2_RS232 -->
<SBEDataUploadFile>
<ApplicationData>
<Seaterm232>
<SoftwareVersion>2.6.3.104</SoftwareVersion>
<BuildDate>30-Jun-2017</BuildDate>
</Seaterm232>
</ApplicationData>
<InstrumentState>
<HardwareData DeviceType='SBE19plus' SerialNumber='01906740'>

   <Manufacturer>Sea-Bird Electronics, Inc.</Manufacturer>

   <FirmwareVersion>2.2d</FirmwareVersion>

   <FirmwareDate>9 February 2011 08:30</FirmwareDate>

   <CommandSetVersion>1.1</CommandSetVersion>

   <PCBAssembly PCBSerialNum='25307' AssemblyNum='41054G'/>

   <PCBAssembly PCBSerialNum='25737' AssemblyNum='41580B'/>

   <PCBAssembly PCBSerialNum='24669' AssemblyNum='41606'/>

   <PCBAssembly PCBSerialNum='24372' AssemblyNum='41059D'/>

   <MfgDate>  08 DEC 2010</MfgDate>

   <InternalSensors>

      <Sensor id='Main Temperature'>

         <type>temperature0</type>

         <SerialNumber>01906740</SerialNumber>

      </Sensor>

      <Sensor id='Main Conductivity'>

         <type>conductivity-0</type>

         <SerialNumber>01906740</SerialNumber>

      </Sensor>

      <Sensor id='Main Pressure'>

         <type>strain-0</type>

         <SerialNumber>3220369</SerialNumber>

      </Sensor>

   </InternalSensors>

   <ExternalSensors>

      <Sensor id='volt 0'>

         <type>SBE 43 OXY</type>

         <SerialNumber>432005</SerialNumber>

      </Sensor>

      <Sensor id='volt 1'>

         <type>not assigned</type>

         <SerialNumber>not assigned</SerialNumber>

      </Sensor>

      <Sensor id='volt 2'>

         <type>ECO-FLNTURT CHL</type>

         <SerialNumber>FLNTURTD-2025</SerialNumber>

      </Sensor>

      <Sensor id='volt 3'>

         <type>ECO-FLNTURT TURB</type>

         <SerialNumber>FLNTURTD-2025</SerialNumber>

      </Sensor>

      <Sensor id='volt 4'>

         <type>not assigned</type>

         <SerialNumber>not assigned</SerialNumber>

      </Sensor>

      <Sensor id='volt 5'>

         <type>not assigned</type>

         <SerialNumber>not assigned</SerialNumber>

      </Sensor>

   </ExternalSensors>

</HardwareData>
<StatusData DeviceType='SBE19plus' SerialNumber='01906740'>

   <DateTime>2018-12-07T14:28:32</DateTime>

   <LoggingState>not logging</LoggingState>

   <EventSummary numEvents='241'/>

   <Power>

      <vMain>12.2</vMain>

      <vLith>5.4</vLith>

      <iMain>61.5</iMain>

      <iPump>36.4</iPump>

      <iExt01> 4.1</iExt01>

      <iExt2345>20.6</iExt2345>

   </Power>

   <MemorySummary>

      <Bytes>1492821</Bytes>

      <Samples>87813</Samples>

      <SamplesFree>3782666</SamplesFree>

      <SampleLength>17</SampleLength>

      <Profiles>111</Profiles>

   </MemorySummary>

</StatusData>
<ConfigurationData DeviceType='SBE19plus' SerialNumber='01906740'>

   <ProfileMode>

      <ScansToAverage>1</ScansToAverage>

      <MinimumCondFreq>3226</MinimumCondFreq>

      <PumpDelay>60</PumpDelay>

      <AutoRun>no</AutoRun>

      <IgnoreSwitch>no</IgnoreSwitch>

   </ProfileMode>

   <Battery>

      <Type>alkaline</Type>

      <CutOff>7.5</CutOff>

   </Battery>

   <DataChannels>

      <ExtVolt0>yes</ExtVolt0>

      <ExtVolt1>no</ExtVolt1>

      <ExtVolt2>yes</ExtVolt2>

      <ExtVolt3>yes</ExtVolt3>

      <ExtVolt4>no</ExtVolt4>

      <ExtVolt5>no</ExtVolt5>

      <SBE38>no</SBE38>

      <OPTODE>no</OPTODE>

      <GTD>no</GTD>

   </DataChannels>

   <EchoCharacters>yes</EchoCharacters>

   <OutputExecutedTag>yes</OutputExecutedTag>

   <OutputFormat>raw HEX</OutputFormat>

</ConfigurationData>
<CalibrationCoefficients DeviceType='SBE19plus' SerialNumber='01906740'>

   <Calibration format='TEMP1' id='Main Temperature'>

      <SerialNum>01906740</SerialNum>

      <CalDate>07-Jan-11 </CalDate>

      <TA0>1.255288e-03</TA0>

      <TA1>2.593288e-04</TA1>

      <TA2>-2.376104e-07</TA2>

      <TA3>1.449298e-07</TA3>

      <TOFFSET>0.000000e+00</TOFFSET>

   </Calibration>

   <Calibration format='WBCOND0' id='Main Conductivity'>

      <SerialNum>01906740</SerialNum>

      <CalDate>07-Jan-11</CalDate>

      <G>-1.033008e+00</G>

      <H>1.393941e-01</H>

      <I>-2.175401e-04</I>

      <J>3.475757e-05</J>

      <CPCOR>-9.570000e-08</CPCOR>

      <CTCOR>3.250000e-06</CTCOR>

      <CSLOPE>1.000000e+00</CSLOPE>

   </Calibration>

   <Calibration format='STRAIN0' id='Main Pressure'>

      <SerialNum>3220369</SerialNum>

      <CalDate>21-Dec-10</CalDate>

      <PA0>8.222195e-01</PA0>

      <PA1>1.566037e-02</PA1>

      <PA2>-6.194425e-10</PA2>

      <PTCA0>5.244452e+05</PTCA0>

      <PTCA1>4.417653e+00</PTCA1>

      <PTCA2>-9.798927e-02</PTCA2>

      <PTCB0>2.510725e+01</PTCB0>

      <PTCB1>-1.150000e-03</PTCB1>

      <PTCB2>0.000000e+00</PTCB2>

      <PTEMPA0>-5.917147e+01</PTEMPA0>

      <PTEMPA1>5.387460e+01</PTEMPA1>

      <PTEMPA2>-2.653169e-01</PTEMPA2>

      <POFFSET>0.000000e+00</POFFSET>

      <PRANGE>5.076000e+03</PRANGE>

   </Calibration>

   <Calibration format='VOLT0' id='Volt 0'>

      <OFFSET>-4.687158e-02</OFFSET>

      <SLOPE>1.247988e+00</SLOPE>

   </Calibration>

   <Calibration format='VOLT0' id='Volt 1'>

      <OFFSET>-4.719579e-02</OFFSET>

      <SLOPE>1.248132e+00</SLOPE>

   </Calibration>

   <Calibration format='VOLT0' id='Volt 2'>

      <OFFSET>-4.684526e-02</OFFSET>

      <SLOPE>1.248324e+00</SLOPE>

   </Calibration>

   <Calibration format='VOLT0' id='Volt 3'>

      <OFFSET>-4.678105e-02</OFFSET>

      <SLOPE>1.247145e+00</SLOPE>

   </Calibration>

   <Calibration format='VOLT0' id='Volt 4'>

      <OFFSET>-4.669684e-02</OFFSET>

      <SLOPE>1.248307e+00</SLOPE>

   </Calibration>

   <Calibration format='VOLT0' id='Volt 5'>

      <OFFSET>-4.709579e-02</OFFSET>

      <SLOPE>1.247697e+00</SLOPE>

   </Calibration>

   <Calibration format='FREQ0' id='external frequency channel'>

      <EXTFREQSF>9.999977e-01</EXTFREQSF>

   </Calibration>

</CalibrationCoefficients>
<EventCounters DeviceType='SBE19plus' SerialNumber='01906740'>

   <EventSummary numEvents='241'/>

   <Event type='ErrorFLASHUncorrectableError' count='241'/>

</EventCounters></InstrumentState>
<Headers>

cast 106 04 Dec 2018 10:32:13 samples 86220 to 86588, avg = 1, stop = mag switch

</Headers><InstrumentRawData>
<SBEDataUpload startAddr='1465723'>

   <Type>1</Type>

   <DataFormat>SEACATPLUS0</DataFormat>

   <Bytes>6273</Bytes>

   <Data>
902204B0A20CCA0308F9530D4E9F021A
11BB2204B2800CD10308FA537E69A602
1811B622044F610CD90308FA532386A5
022011E11F04B5D50DDD0308F953F652
A80216116B1B041F3C0FE30308F95341
51A402A715941804C0E113E80308F753
7E509D02A0151D17045ED514EE0308F7
53CF4EA40299157216045BFE14F30308
F8533A4EA002A415341604BFC918FA03
08F853014EED02D20E27160451ED1AFF
0308F753B14DF102E10E36160462FC1A
030408F853A94DFB02D50E4416044FFD
1A040408F853074EF902DA0E5A16045B
FD1A090408F853584E0A03E60E8D1604
CFFD1A130408F7534D4E0503EF0ED416
04B6FD1A140408F653404E0203EF0E28
170463FD1A170408F553744E0703E00E
7617044FFD1A1D0408F553C14EF902E3
0EB6170470FD1A240408F553DA4E2D03
300FE2170478FD1A290408F453DA4E20
03350F0318047CFD1A2B0408F653284F
2503330F1E180467FD1A2C0408F5534F
4F21033E0F33180436FD1A2C0408F653
5B4F1103370F4418043AFD1A2C0408F6
538F4F2003330F5418042DFD1A2C0408
F653BF4F17033C0F59180419FD1A2D04
08F553D54F1303330F601804E3FC1A2D
0408F6530E50EB02120F61180488FC1A
2E0408F5532E50EE02150F6318041CFC
1A2F0408F5536050F302110F661804D1
FB1A2E0408F5539450F102180F651804
35FC1A2F0408F553BA50FE02FE0E6718
04D2FC1A310408F653D45008030D0F69
1804E7FC1A300408F6530551FA02060F
6E180408FD1A310408F6530D51FF0201
0F6F180419FD1A310408F5532D51FB02
FB0E6C180429FD1A300408F553505119
032E0F68180425FD1A300408F6539855
0B03210F61180410FD1A300408F6531E
551303290F60180400FD1A320408F653
55540F03270F5C1804E7FC1A300408F6
53CB530203040F5D1804D2FC1A300408
F55376530203020F5C1804B9FC1A2E04
08F6531E530703090F5E180483FC1A30
0408F653CB520603070F6118044EFC1A
310408F5538D520E03020F66180407FC
1A310408F55353520D030D0F6A1804C5
FB1A310408F6531E520F03040F6D1804
8FFB1A330408F653F4511703010F6F18
0462FB1A310408F653AC510303000F74
180476FB1A310408F55370510403FD0E
751804E2FB1A2F0408F6534051060307
0F78180456FC1A300408F65303510003
010F791804A5FC1A300408F653D050FC
02F90E801804DFFC1A300408F6538C50
26035D0F8B1804EBFC1A310408F6535B
502303500F901804C2FC1A320408F653
15502203530F90180483FC1A320408F5
53E44F2703580F8F180445FC1A310408
F553B14F0003030F8E180403FC1A3004
08F553804F0203060F8E1804DEFB1A30
0408F553594F0A03070F8D1804CDFB1A
2F0408F553204F0303030F8E1804C5FB
1A2E0408F553F34E0003210F8E1804C5
FB1A2E0408F553CB4EFC02250F8A1804
E2FB1A300408F553BB4E0103240F8818
0424FC1A2D0408F653744E0103280F84
180453FC1A300408F6533F4E2903240F
83180466FC1A300408F6532C4E2E032B
0F8418046BFC1A310408F653004E2203
280F84180473FC1A310408F653EB4D23
03220F8618048CFC1A2F0408F553D44D
2603240F881804A0FC1A2E0408F553AB
4D2503540F8918049CFC1A300408F653
964D2003560F89180494FC1A300408F6
537E4D2903520F8B180488FC1A300408
F7535C4D1F03560F8B180483FC1A2E04
08F653404D1103220F8A180490FC1A2E
0408F753264D13032A0F8918049CFC1A
2E0408F7530F4D1503200F88180498FC
1A2F0408F653F84C1203230F88180483
FC1A300408F653DB4C3003240F861804
6FFC1A310408F653CF4C3803270F8518
0477FC1A300408F653B64C2F03200F84
180488FC1A2F0408F653B14C2C03200F
83180498FC1A300408F5539B4CEF0244
0F8118049CFC1A300408F4538C4CED02
3C0F7E180498FC1A2F0408F5537F4CF8
02400F7E180494FC1A2E0408F553754C
E8023E0F7C180498FC1A2F0408F5536A
4CF502420F7D180494FC1A2F0408F453
544C0303260F7B180494FC1A310408F4
533F4C0303260F7B180483FC1A300408
F453354CFF02230F7A18047FFC1A2F04
08F353294C0103240F7A180488FC1A2E
0408F353224C1503220F7A180494FC1A
310408F2531D4C0C032C0F78180488FC
1A310408F353094C0F031D0F7818046F
FC1A2F0408F353EF4B17031F0F781804
56FC1A300408F353CA4B1103550F7818
0439FC1A310408F353F04B0F035B0F78
180431FC1A300408F353BF4B19035C0F
78180439FC1A310408F353AA4B170357
0F7518043DFC1A310408F353B04B2403
380F76180441FC1A300408F353AF4B23
03320F7418043DFC1A310408F353AD4B
29033A0F7318043DFC1A2F0408F3538C
4B2303340F7418043DFC1A300408F353
904B26032F0F7418041CFC1A2E0408F3
53864BEA020C0F751804C9FB1A2F0408
F3536A4BE002130F7A18044DFB1A3004
08F2536B4BE702170F821804F6FA1A32
0408F2534E4BE6020F0F8C1804CCFA1A
320408F3534E4B0D033C0F931804AFFA
1A340408F353384B0B03440F991804A7
FA1A310408F3533B4B1303420FA11804
92FA1A2F0408F2531C4B10034C0FA418
0469FA1A300408F253EE4A0E03000FA8
18044CFA1A300408F353EE4A1C03FC0E
AD180427FA1A310408F353BC4A07030E
0FB118040AFA1A320408F353C34A1403
FE0EB71804BBF91A310408F253BC4A02
034B0FBB180475F91A310408F2539F4A
0403420FC2180471F91A320408F253A8
4A0803450FC6180485F91A320408F253
714A00034B0FCC180471F91A310408F2
53654A0203450FD0180437F91A300408
F253444A24032D0FD61804FDF81A2F04
08F353414A1E03310FD91804F9F81A31
0408F253244A2903320FDE18041BF91A
300408F353264A2503350FE3180422F9
1A2F0408F253024A0303FC0EE91804F0
F81A300408F253EE4900030B0FEE1804
99F81A300408F253D0490303040FF118
0468F81A300408F353B7490603080FF5
180460F81A300408F253B449F302F30E
FE180457F81A310408F2539A4903030B
0F01190447F81A300408F2537D490703
FC0E08190432F81A300408F2535E4900
03070F0E19042EF81A2F0408F2535549
0103A30F1419041DF81A2F0408F25335
490603AE0F19190411F81A310408F253
14490303AC0F1F190411F81A330408F1
5303490203980F24190411F81A320408
F15307490603A50F2A1904CBF71A3004
08F153FA48F902FA0E2E190495F71A31
0408F153E748FC020F0F3219048CF71A
310408F1530149ED02120F381904C2F7
1A310408F153DA48EB020E0F3E1904DB
F71A320408F153A74816032D0F431904
B2F71A300408F153854813033C0F4619
047CF71A300408F153764810033A0F4C
190457F71A310408F153584811032D0F
52190495F71A350408F1537B48020317
0F561904C2F71A330408F0538B480003
090F5919048CF71A320408F153764800
03130F5D190457F71A340408F0537949
0503220F61190425F71A330408F0534F
4A26030F0F6919044EF71A330408F053
624B23030D0F6C190474F71A340408F1
53FB4A2203070F7119045BF71A320408
F1533F4C1A030A0F75190425F71A3304
08F05331552203FA0E7B190404F71A35
0408F1536D5508031E0F7F190410F71A
340408F1533154FA02090F84190429F7
1A330408F1530E5403030F0F8A19042D
F71A350408F153FD500403140F8E1904
08F71A320408F1531C551103220F9319
04DFF61A330408F15353531B03310F97
1904D2F61A320408F153EB520F032B0F
9E1904E7F61A330408F15393520E031E
0FA31904EBF61A340408F153E6510F03
450FA81904DBF61A330408F1537B5213
03440FAC1904B5F61A350408F153E552
13033E0FB01904A1F61A340408F2535F
5211033F0FB51904BEF61A330408F253
D55100031810B91904EBF61A330408F1
53E352FC020B10BD1904F8F61A330408
F153475203030C10C01904BAF61A3304
08F2533B51FC021410C2190484F61A33
0408F253844FF9021410C8190473F61A
340408F1535B511203110FCA190494F6
1A340408F2534D4F10030E0FD11904BA
F61A350408F153804E1103180FD41904
A5F61A380408F153DB511303220FD719
0477F61A360408F1533D540D034D0FDD
19047BF61A350408F153ED4F1103670F
E01904A1F61A3A0408F0531C4F16035B
0FE2190457F71A3B0408F153085B0F03
530FE31904BEF71A3F0408F1537A530A
035E0FDC19047CF81A430408F2532458
F3026D0FD1190495F81A490408F253FE
55FA02640FC81904C7F81A4E0408F153
D057FA026D0FBB1904ECF81A520408F2
539C520203230FA81904C3F81A540408
F253335DFE022F0F9A190416F91A5A04
08F1534D5708031A0F861904B2F81A60
0408F15363520503270F7D1904FDF81A
660408F153FD520103240F6F190411F9
1A6A0408F1530E501003100F5F190458
F91A6F0408F25330531903110F4C1904
4BF91A740408F1532F520F031A0F3A19
0460F91A7B0408F153B6590C03100F2D
190485F91A820408F1536B591C03310F
1F1904BBF91A8B0408F1530D55100329
0F0E1904F1F91A930408F053A3530803
330FFD180444FA1A960408F053225A15
03380FE8180475FA1A9C0408EF530457
22032F0FD81804A3FA1A9E0408EF5312
4D2703400FCC1804D1FA1AA00408EF53
044C2503380FC41804E1FA1AA00408EF
534F593503370FBD1804D5FA1AA00408
EF53FF551503450FBA1804C4FA1AA204
08EF5332581303440FB91804FAFA1AA4
0408EE53E2571503430FB5180402FB1A
A90408EF533E5812033E0FB0180423FB
1AAF0408EF53045812033E0FAB180449
FB1AB50408EF538B5305034D0FA51804
DAFB1AB80408EF53625205034D0F9F18
04EEFB1ABD0408EF53D9510D03540F9C
18040FFC1AC30408EF53424D0203520F
99180435FC1ACA0408F053124A040325
0F9518047BFC1AC90408EF53674FFC02
2E0F9218047FFC1ACB0408EF53B356FF
02220F9218046FFC1ACE0408EF53BF54
0203210F91180445FC1AD20408EF53DF
4E1103270F91180439FC1ADA0408EF53
71540F032A0F94180456FC1AE20408EE
53D3521203250F9518046BFC1AEA0408
EE5369551503220F92180483FC1AEF04
08EE53EC500203410F90180490FC1AF4
0408EF53D556F8023E0F8D1804A5FC1A
F70408EE533656FE02450F8B1804E3FC
1AFB0408ED53BE540B03470F891804D6
FC1A000508EE53E24F0003400F881804
E3FC1A070508EE530C520F034B0F8818
04F3FC1A0F0508EE53AE501103490F89
1804FCFC1A150508EE5329471503450F
8918043AFD1A180508ED53924E17033E
0F87180415FD1A1B0508EE53BA541103
290F8918043EFD1A1E0508EE530C560F
03260F89180410FD1A210508EE538856
0B03200F8C180400FD1A290508EE5310
500B032E0F8F180400FD1A2E0508EE53
B75B2C03230F93180410FD1A340508EE
53BF5836031E0F92180419FD1A3E0508
EE53F4583503240F95180436FD1A4605
08EE532F5538032C0F97180470FD1A52
0508EE53B152F9021E0F971804B2FD1A
5E0508EE5344580D030B0F9C1804D7FD
1A670508EF53FF550803130F9D1804E8
FD1A6D0508EF531D57FD020F0FA61804
E4FD1A750508EF53D75507030E0FB518
04CFFD1A7F0508EF53245925031E0FC3
1804E0FD1A880508EF53975424031B0F
D91804E4FD1A910508EF532C541C0318
0FF81804E8FD1A9B0508EF53BC571C03
200F161904F4FD1AA80508F0538F5202
037E0F31190457FD1AB00508EF53A955
0203870F98190423FC1ABD0508F053FA
4DF902820F331A040BFC1AC90508F053
A150F902800F941A04E6FB1AD20508F0
53854B1003A00FCF1A04D1FB1ADA0508
F053E95814039D0FEF1A04C9FB1ADF05
08F1536F501203A40F021B04C5FB1AEC
0508F15381510903AD0F0F1B04C1FB1A
F40508F0538D580D03FB0F131B04C1FB
1AFD0508F053344E1A03ED0F161B04C1
FB1A090608F053E24D0D03F30F151B04
C1FB1A150608F0535B4F1503E80F191B
04BDFB1A200608F05353511703F60F19
1B04BDFB1A2C0608F05373580D03A40F
1B1B04C5FB1A340608F053475518038E
0F191B04C9FB1A400608F05370510F03
880F181B04C5FB1A4E0608F05373520C
03870F151B04C9FB1A5D0608F1538B53
1A03E20F151B04D1FB1A690608F053F4
521E03DC0F131B04D1FB1A7A0608F053
74542203DC0F131B04D5FB1A880608F0
5330561C03E10F0E1B0407FC1A8E0608
F053634C3C039810FF1A0414FC1A9006
08F053A44A3A039C10EE1A0403FC1A92
0608F053074D33039E10EC1A04F7FB1A
8F0608F1533B4F3B039A10EE1A04F2FB
1A900608F153A15227036711F41A04EA
FB1A8F0608F15324571B036E11FA1A04
E6FB1A900608F053E75723036611FD1A
04E6FB1A8F0608F053BC5C2703681100
1B04EAFB1A8F0608F0534E6120036C11
FF1A04EEFB1A900608F05390605303AC
11001B04F7FB1A910608F05359634903
AC11FA1A04F7FB1A8E0608F0537F5B3A
03A911F81A04F7FB1A870608F0530F53
4703A311F71A04F7FB1A7A0608F0538A
5D4603BE10F61A04F2FB1A720608EF53
665E3F03B810F71A04EEFB1A6E0608EF
53DE484703B410F71A04B8FB1A6A0608
EF534A484703AA10FA1A04E6FB1A6406
08F053FD47FE021F10FD1A04E2FB1A5D
0608EF53EC47FD021310FE1A04DEFB1A
510608EF53AF47FB022310021B04DEFB
1A400608EF53EA470B031010031B04E2
FB1A310608F05314483803920F021B04
DEFB1A230608F053694834037A0F041B
04DEFB1A190608F053A0483103800F04
1B04D5FB1A0D0608F053D5483403810F
061B04CDFB1AFF0508F05316493B0381
0F091B04C9FB1AF10508F0534F493803
C80F0A1B04CDFB1AE30508F053BB4937
03C70F0D1B04C9FB1AD80508F053C349
3D03C70F0F1B04C5FB1AC90508F053D0
492F03BC0F121B04C9FB1AB70508F053
F7491403BB0F101B04D1FB1AB00508F0
536C4A1503CA0F0D1B04CDFB1AA80508
F053554A1903BE0F0B1B04D1FB1A9C05
08F053714A0C03C10F091B04DEFB1A92
0508F0538A4A2203860F061B04E2FB1A
8B0508EF53F2551C03870F011B04E2FB
1A890508F053E1621E03890F001B04E6
FB1A880508EF531D652203850FFB1A04
2CFC1A860508EF5395640F03910FE81A
0431FC1A7E0508EE534C620F038A0FD6
1A0407FC1A6E0508EE53946012038A0F
DB1A0407FC1A5D0508ED531564110385
0FDC1A0428FC1A4E0508ED53BF621003
850FD31A0441FC1A460508ED53615E37
03F70FC91A043DFC1A420508ED536A5F
3603FE0FC31A0449FC1A350508EE5394
5B3D03F00FB81A0490FC1A250508EE53
75612F03FC0FA31A0498FC1A170508EE
53695E0D03250F8D1A04B5FC1A0C0508
EE53805F0B032A0F7A1A0408FD1A0505
08EE539B5C0D03300F531A0478FD1AFE
0408EE53B9560C03350F221A0463FD1A
F20408EE53255829034E0F031A0478FD
1ADF0408ED53605A2E03400FEC1904CF
FD1ACF0408EE53455C1A033D0FC71904
2AFE1AC30408EE53D15C2803380F9019
04B3FE1ABE0408ED5331591903280F4E
19049EFE1ABA0408EE5363513903360F
281904A2FE1AAE0408EE533853340321
0F131904D4FE1A9A0408EE538F573703
1B0FFD1804C4FE1A8B0408EE537E5630
031F0FF41804E9FE1A7F0408ED53C755
32030E0FE618040EFF1A790408EC53C2
4C19031D0FCF18042FFF1A6F0408EC53
FA4A1F030E0FB918042FFF1A5F0408EC
53274E25030B0FAA180440FF1A4E0408
EB537C513603060F9F180448FF1A4404
08EB5380574003120F95180459FF1A40
0408EB539C4D3103F70E88180482FF1A
380408EB53CD4D3803040F7618047EFF
1A2C0408EB5323573103330F6B180476
FF1A190408EA53C7543703250F6A1804
6EFF1A070408EA534C563A03290F6818
0486FF1AFF0308EA5330523103210F64
18049BFF1AFE0308EA539A503103230F
591804BCFF1AFB0308EB538B4F0B0313
0F461804C0FF1AFA0308EA53754DF802
1A0F3A1804D9FF1AF90308EA53424D07
03030F2D1804C0FF1AFB0308EA53D04C
0703130F2D18049BFF1AFD0308EA53C6
4A1403420F3A1804C0FF1AFE0308EB53
064A05033C0F341804E6FF1A000408EA
53D0491703450F2A1804B0FF1A020408
EB536A491B033D0F2E1804B8FF1A0004
08EB53A3492F03010F341804D9FF1A01
0408EB53A6493803F50E27180428001B
000408EB53C1493C03E70E0918045600
1B020408EA53094A3503F50EE01704E3
001B030408EB53244AF802E00EA51704
F3001B010408EB53534AFC02EF0E7717
04B1001BFB0308EA536A4AF702DB0E73
170498001BEB0308EA536C4A0603E60E
7A1704E7001BD90308EA53B84AFC0249
17711704A5001BC80308E9536660BF03
F230771704383519BF0308E953484DC1
03F53081170424E80EC00308E9531B4C
CA03F430B8170450220EC10308E95351
4DBA03F130321804124E0EBE0308E853
914E300A1C3AED180431A50DC10308E9
53474E2A0A183A211A04B0290DC00308
E953CA4D1B0A1C3AE31B040F3D0DC103
08E953404D320A193AB61D0463CB0CC0
0308E953BC4CA002A00F1B1F0446FC0C
BF0308E9536A4C9F028D0FE21F04C52C
0DBF0308E953434CA202970F1C2004BF
230DC00308E9534C4CA602930FFB1F04
CA570DC10308E9531A4CE6016606B61F
0432810DC10308E953054CFF0160066E
1F0417B40DC00308E953D34BE4016606
311F0454FD0DC10308E953D44BF20161
06</Data>

   <DataCRC>a5bb29d3</DataCRC>

   <BytesSent>6273</BytesSent>

</SBEDataUpload>
</InstrumentRawData>
</SBEDataUploadFile>
