<?xml version="1.0"?>
<!-- SCPlusV2_RS232 -->
<SBEDataUploadFile>
<ApplicationData>
<Seaterm232>
<SoftwareVersion>2.6.3.104</SoftwareVersion>
<BuildDate>30-Jun-2017</BuildDate>
</Seaterm232>
</ApplicationData>
<InstrumentState>
<HardwareData DeviceType='SBE19plus' SerialNumber='01906740'>

   <Manufacturer>Sea-Bird Electronics, Inc.</Manufacturer>

   <FirmwareVersion>2.2d</FirmwareVersion>

   <FirmwareDate>9 February 2011 08:30</FirmwareDate>

   <CommandSetVersion>1.1</CommandSetVersion>

   <PCBAssembly PCBSerialNum='25307' AssemblyNum='41054G'/>

   <PCBAssembly PCBSerialNum='25737' AssemblyNum='41580B'/>

   <PCBAssembly PCBSerialNum='24669' AssemblyNum='41606'/>

   <PCBAssembly PCBSerialNum='24372' AssemblyNum='41059D'/>

   <MfgDate>  08 DEC 2010</MfgDate>

   <InternalSensors>

      <Sensor id='Main Temperature'>

         <type>temperature0</type>

         <SerialNumber>01906740</SerialNumber>

      </Sensor>

      <Sensor id='Main Conductivity'>

         <type>conductivity-0</type>

         <SerialNumber>01906740</SerialNumber>

      </Sensor>

      <Sensor id='Main Pressure'>

         <type>strain-0</type>

         <SerialNumber>3220369</SerialNumber>

      </Sensor>

   </InternalSensors>

   <ExternalSensors>

      <Sensor id='volt 0'>

         <type>SBE 43 OXY</type>

         <SerialNumber>432005</SerialNumber>

      </Sensor>

      <Sensor id='volt 1'>

         <type>not assigned</type>

         <SerialNumber>not assigned</SerialNumber>

      </Sensor>

      <Sensor id='volt 2'>

         <type>ECO-FLNTURT CHL</type>

         <SerialNumber>FLNTURTD-2025</SerialNumber>

      </Sensor>

      <Sensor id='volt 3'>

         <type>ECO-FLNTURT TURB</type>

         <SerialNumber>FLNTURTD-2025</SerialNumber>

      </Sensor>

      <Sensor id='volt 4'>

         <type>not assigned</type>

         <SerialNumber>not assigned</SerialNumber>

      </Sensor>

      <Sensor id='volt 5'>

         <type>not assigned</type>

         <SerialNumber>not assigned</SerialNumber>

      </Sensor>

   </ExternalSensors>

</HardwareData>
<StatusData DeviceType='SBE19plus' SerialNumber='01906740'>

   <DateTime>2018-12-07T14:28:32</DateTime>

   <LoggingState>not logging</LoggingState>

   <EventSummary numEvents='241'/>

   <Power>

      <vMain>12.2</vMain>

      <vLith>5.4</vLith>

      <iMain>61.5</iMain>

      <iPump>36.4</iPump>

      <iExt01> 4.1</iExt01>

      <iExt2345>20.6</iExt2345>

   </Power>

   <MemorySummary>

      <Bytes>1492821</Bytes>

      <Samples>87813</Samples>

      <SamplesFree>3782666</SamplesFree>

      <SampleLength>17</SampleLength>

      <Profiles>111</Profiles>

   </MemorySummary>

</StatusData>
<ConfigurationData DeviceType='SBE19plus' SerialNumber='01906740'>

   <ProfileMode>

      <ScansToAverage>1</ScansToAverage>

      <MinimumCondFreq>3226</MinimumCondFreq>

      <PumpDelay>60</PumpDelay>

      <AutoRun>no</AutoRun>

      <IgnoreSwitch>no</IgnoreSwitch>

   </ProfileMode>

   <Battery>

      <Type>alkaline</Type>

      <CutOff>7.5</CutOff>

   </Battery>

   <DataChannels>

      <ExtVolt0>yes</ExtVolt0>

      <ExtVolt1>no</ExtVolt1>

      <ExtVolt2>yes</ExtVolt2>

      <ExtVolt3>yes</ExtVolt3>

      <ExtVolt4>no</ExtVolt4>

      <ExtVolt5>no</ExtVolt5>

      <SBE38>no</SBE38>

      <OPTODE>no</OPTODE>

      <GTD>no</GTD>

   </DataChannels>

   <EchoCharacters>yes</EchoCharacters>

   <OutputExecutedTag>yes</OutputExecutedTag>

   <OutputFormat>raw HEX</OutputFormat>

</ConfigurationData>
<CalibrationCoefficients DeviceType='SBE19plus' SerialNumber='01906740'>

   <Calibration format='TEMP1' id='Main Temperature'>

      <SerialNum>01906740</SerialNum>

      <CalDate>07-Jan-11 </CalDate>

      <TA0>1.255288e-03</TA0>

      <TA1>2.593288e-04</TA1>

      <TA2>-2.376104e-07</TA2>

      <TA3>1.449298e-07</TA3>

      <TOFFSET>0.000000e+00</TOFFSET>

   </Calibration>

   <Calibration format='WBCOND0' id='Main Conductivity'>

      <SerialNum>01906740</SerialNum>

      <CalDate>07-Jan-11</CalDate>

      <G>-1.033008e+00</G>

      <H>1.393941e-01</H>

      <I>-2.175401e-04</I>

      <J>3.475757e-05</J>

      <CPCOR>-9.570000e-08</CPCOR>

      <CTCOR>3.250000e-06</CTCOR>

      <CSLOPE>1.000000e+00</CSLOPE>

   </Calibration>

   <Calibration format='STRAIN0' id='Main Pressure'>

      <SerialNum>3220369</SerialNum>

      <CalDate>21-Dec-10</CalDate>

      <PA0>8.222195e-01</PA0>

      <PA1>1.566037e-02</PA1>

      <PA2>-6.194425e-10</PA2>

      <PTCA0>5.244452e+05</PTCA0>

      <PTCA1>4.417653e+00</PTCA1>

      <PTCA2>-9.798927e-02</PTCA2>

      <PTCB0>2.510725e+01</PTCB0>

      <PTCB1>-1.150000e-03</PTCB1>

      <PTCB2>0.000000e+00</PTCB2>

      <PTEMPA0>-5.917147e+01</PTEMPA0>

      <PTEMPA1>5.387460e+01</PTEMPA1>

      <PTEMPA2>-2.653169e-01</PTEMPA2>

      <POFFSET>0.000000e+00</POFFSET>

      <PRANGE>5.076000e+03</PRANGE>

   </Calibration>

   <Calibration format='VOLT0' id='Volt 0'>

      <OFFSET>-4.687158e-02</OFFSET>

      <SLOPE>1.247988e+00</SLOPE>

   </Calibration>

   <Calibration format='VOLT0' id='Volt 1'>

      <OFFSET>-4.719579e-02</OFFSET>

      <SLOPE>1.248132e+00</SLOPE>

   </Calibration>

   <Calibration format='VOLT0' id='Volt 2'>

      <OFFSET>-4.684526e-02</OFFSET>

      <SLOPE>1.248324e+00</SLOPE>

   </Calibration>

   <Calibration format='VOLT0' id='Volt 3'>

      <OFFSET>-4.678105e-02</OFFSET>

      <SLOPE>1.247145e+00</SLOPE>

   </Calibration>

   <Calibration format='VOLT0' id='Volt 4'>

      <OFFSET>-4.669684e-02</OFFSET>

      <SLOPE>1.248307e+00</SLOPE>

   </Calibration>

   <Calibration format='VOLT0' id='Volt 5'>

      <OFFSET>-4.709579e-02</OFFSET>

      <SLOPE>1.247697e+00</SLOPE>

   </Calibration>

   <Calibration format='FREQ0' id='external frequency channel'>

      <EXTFREQSF>9.999977e-01</EXTFREQSF>

   </Calibration>

</CalibrationCoefficients>
<EventCounters DeviceType='SBE19plus' SerialNumber='01906740'>

   <EventSummary numEvents='241'/>

   <Event type='ErrorFLASHUncorrectableError' count='241'/>

</EventCounters></InstrumentState>
<Headers>

cast  72 03 Dec 2018 07:28:28 samples 65311 to 66071, avg = 1, stop = mag switch

</Headers><InstrumentRawData>
<SBEDataUpload startAddr='1110270'>

   <Type>1</Type>

   <DataFormat>SEACATPLUS0</DataFormat>

   <Bytes>12937</Bytes>

   <Data>
2E03048BB10AC203080A54EC51B702C9
1124030486B10AC003080B54FB51B702
C61119030483B10AC203080C543A52BB
02D3110B030481B10AC303080D544052
B902D01104030483B10AC303080E54D9
4E1404330CFB020489B10AC403080E54
F34F1A042A0CFB02048AB10AC103080E
54114F1104360CFD02048FB10AC50308
0F54784E1804260CEB020493B10AC203
0811547E4EB9021D0DCA02049DB10AC3
03081254834EAF02220DB202049AB10A
C503081154764EBB021A0DA0020495B1
0ACC03081254784EB902130D9C020493
B10ACF03081254614E3007810BB40204
95B10AD703081254744E33077F0B8402
049EB10ADF0308125494503107770B20
0204A5B10AE5030813547C512C077F0B
CE0104B0B10AE603081454C55034077B
0B950104DBB10AE2030815545C501D02
331D730104BCB20ADE03081454635022
02371D5D010453B40ADD030814545F50
2A02371D430104A7B50AE30308135445
502B022A1D2D010405B60AEA03081454
35501602A72423010423B70AEF030815
5445501602A924190104DAB60AEF0308
15545E501C02B224130104A4B50AF003
08135486501802A92400010423B50AF4
03081554BC50D502CF0FEC000439B50A
FD03081854B250D702D60FF20004DCB4
0A0404081854BE50D502D10FFF000489
B40A0604081A54DC50CD02D50FFE0004
49B40A0304081B543C51F602870FED00
0411B40AFF03081C547251F602850FDF
0004E6B30AFC03081E547D51EF028B0F
D70004C7B30A0104081D54A251F60280
0FD3000401B40A0604081D54B651F202
820FDA000442B40A0904081D54AE511E
034C0FE700041AB40A0904081E54D551
2503560FF60004F8B30A0404082054EC
512403560FFB0004E6B30A0504081F54
13522A035E0F03010413BB0A0E04081E
54F851E6026F0F0401043CB90A120408
1F541652E702780F040104C9B80A1204
0820543A52E302680F04010462B80A10
04081E544752EB02710F0E010413BA0A
1304081C5469522C03960F0F0104A5B9
0A1804081D544F523C038D0F0B010447
BA0A1B04081C54675227038F0F0B0104
44DA0A2304081C5468523803960F0801
04B9CC0A2504081C548252E202071001
010483CC0A2404081C546D52DF020310
F90004CAC80A1E04081C548D52DF0204
10F60004E9C80A1B04081C54C252E402
FF0FF70004EECA0A1E04081C54CF52E2
02FC0FFB0004C9CC0A1E04081C54E252
E302730FFE0004E7CF0A2104081954E4
52E302770F010104B1D10A2304081A54
0553E102740F030104A6D30A2304081B
540353E702680F0401040FD30A220408
1B541C53F602570F060104A2D10A2104
081B543E53F4025A0F09010466CF0A1F
04081B548053EF025B0F09010454CE0A
1C04081C548553F502580F0A0104B9CE
0A1F04081C549453E802720F090104ED
D00A2104081D54B153E402700F080104
80D20A2204081B54B753E602710F0701
0497D10A2404081B540C54E3026F0F06
0104F1D10A2004081B542B54F302970F
0601040AD20A2104081B542A54FA0299
0F09010496D30A1F04081A545054F102
990F0601044CD30A2004081B543954EB
02900F0601044FD40A2004081B543C54
F3028A0F05010423D40A1C04081C5477
54E4027810030104CBD50A1D04081D54
6054E50275100201044BDC0A1E04081C
547B54E4026E10FF00043CDD0A220408
1C54A654E5027410FC000439DC0A2204
081B54A254E202580FFB000438DD0A20
04081C547954E802560FF9000483DD0A
1F04081B548A54E602560FF9000432DF
0A1F04081A549B54E502540FF50004C6
DF0A1F04081B547D540203660FF50004
1ADE0A1F04081C546C540003710FF600
04C2DD0A1F04081C546E540503650FF4
00040BE00A2104081B5484540803670F
F5000457E30A2104081C548C54F10244
0FF4000494E90A1F04081C548954EF02
460FF1000453E90A2004081D549554F5
02470FF1000467E90A1F04081D548054
F202450FEE0004EDEE0A1E04081C546D
54EA02430FED00049DEA0A2004081C54
8854EA02710FED000464EF0A2204081B
547354F702680FED0004C0EC0A1F0408
1C547554F502730FEC000484EF0A1E04
081C549954F2026F0FEA0004E7F60A1E
04081B54AC54F302B70FEB0004B50A0B
2004081B54BC54F102B10FE80004DA0B
0B2204081B54C654F202B20FE70004FC
0C0B2204081B54C054F102BC0FE60004
320D0B2204081B54E054F302910FE600
045E1A0B2104081A54E054F002870FE3
00043D130B2204081A54E554F402940F
E300042C0F0B2204081A54BC54F20299
0FE400049BFC0A1E04081A54CB54FC02
6C0FE50004A2F80A1C04081954B15400
036D0FE5000488650B1D04081A54D554
0403650FE50004C6CD10220408195404
550003620FDF00047DD60B2404081A54
D5540B03690FDC0004420D0C25040819
54DA540803B50FDD000444760B200408
1954D9540003AF0FDC0004E3630B1E04
081954CF540603B50FDF000471B00B1E
04081954FF540C03AD0FDE0004D07F0B
200408195400550503E80FE0000431AE
0B20040819540A550703E10FE000044B
A40B21040819541855FE02E30FDF0004
D2050C2104081954EE540503E00FE100
0455590C22040819540C550003B40FE2
0004B6330D2204081A54F554FD02AB0F
E20004C9D60C2204081954EC540C03C1
0FE3000470D80B2304081954E6540B03
AF0FE40004CEB20B22040819540155DE
02440FE40004E0870B2004081954F554
CC02420FE60004CFFD0B2004081A54E6
54CF02450FE600042EC50B2104081A54
D054CF02440FE800045B830C2004081B
54E454CC02490FE70004DA030D1F0408
1C540F551703680FE90004309E121E04
081C54175515036D0FE80004D7171420
04081C5430550D03600FE50004C71D14
2304081C54295517035E0FD50004EC05
142304081C542D55E5027A0FCF00048B
C7132004081C54D254E202770FCD0004
B5CD111B04081C54C554E002710FCF00
046494131E04081D54E254DE026F0FCE
00041D22142204081C54C8542203980F
C70004FD1D142604081D54CE54260389
0FC40004EA07142504081C54AB542B03
8B0FC50004E417142004081B54B5542A
03920FC100044315141D04081B54D854
06037F0FC20004F41D141D04081B540D
5504038D0FC100049530142104081A54
21550003830FBB0004CC26142204081A
5405550203780FAE0004E11C14220408
1A54E9540003760FA80004441C142104
081A54E7540603B60FA300047919141E
04081A54F054FB02AB0F9F0004981614
2004081B54F3540003AA0FA200047018
141F04081B54EB540003B70FA400044C
1A141E04081A54C6541D038C0FA50004
871C141E04081A54CE5412038B0FA300
045A21142104081A549E541103820F9D
0004BC25142004081A54CF5408037C0F
960004772B142104081954AF54F50295
0F910004D42B142104081A549B54F802
950F8C0004432A141E04081A54BB54ED
02970F880004F827142004081A54D754
F302960F8A00046728141F04081A54EA
541103AD0F8B0004502B142304081A54
D75422039B0F8900045C2A142104081B
54BC541203A00F880004522C14200408
1A54C4541303A60F8500048830142004
081954D1540F039C0F830004A231141D
04081954CF542403AF0F7E00041A3814
1E04081954C2542B03B00F750004A139
141F04081954B5541C03B00F6A000413
35142104081A54E0542603BE0F630004
4633142204081A54BE54EC02690F5D00
04E530142204081A54DA54ED02670F5A
0004BE2E142004081A54BE54EF02690F
5C00045D2D141B04081A54C954E80266
0F6000040B2C141A04081A54DE54E702
730F640004DB30141A04081A54E854E5
02790F630004C040142004081B54D754
E702710F570004553D142504081B54E2
54E1027A0F4E0004CE36142304081C54
C654FB02970F4B00048237142204081B
540255ED029F0F440004D031141E0408
1A54E654F002A60F4500042C36141C04
081B540455F802A50F4300042040141D
04081B54E954F102A10F3D0004F33F14
2104081B54E454EF02830F3700044B3D
142504081B54CC54F5027C0F330004CB
3F142404081A54BE54F402820F330004
204B142804081954E254E802890F2D00
04376C142C04081954EF540103D40F20
00048A70142C040819540B551303D20F
130004EA64142D04081A541855F702CE
0F0E00042C70142D0408195406550803
D30F0C00049163142F040819540A55F8
02C70F0D00043262143104081A540B55
F102C00F0E0004616814310408195406
55EF02B80F100004E065143004081954
F654FC02BE0F110004CC61142F040819
540055CB02800F1400043F6A142F0408
1A54F554C9028E0F170004158F143204
081B54FF54BD02870F15000467FA1437
04081A54F754CB027A0F110004ABF414
3904081A54F654CC027C0F100004C9C0
143E04081A54FE540403800F0E000423
B8143F04081A542255FE027D0F0E0004
B739154004081B542055FF027B0F0A00
04CC3F184604081B54495505038F0F06
00045A61184A04081B543E5533036F0F
010004EA9A194B04081B5431552C037E
0FFBFF03CFAA154A04081B5440553003
6D0FFAFF037479184C04081C541C5529
03760FF3FF0362911A5004081B540B55
EE02700FE9FF03CB941A5104081C543C
55ED02780FE1FF034B9F1A5904081C54
4455F502710FDCFF03F5A31A5904081B
546E55EF027A0FD1FF03C3A31A5B0408
1B547355F702F10FCCFF03CEB01A5D04
081A5478550003DC0FBEFF03F5BF1A5D
04081A549A550003E80FA8FF0343C11A
5D04081A54C455FE02E80F98FF03CCC3
1A6004081B54CB550103E80F91FF038A
CC1A6104081C54C955FE02E70F89FF03
90D21A6404081C54CA55F602E10F81FF
03F7D81A6A04081C54F055F202DC0F7A
FF03BAE01A6E04081C54FC55EE02CF0F
6BFF0331E51A6F04081C54F355EF0281
0F54FF0359E31A6F04081C542956F302
7E0F42FF0326E91A7304081B544056E7
027A0F2CFF0387EF1A7604081B544356
FA027C0F18FF03BDF41A7804081C545A
56E1025A0F00FF0391F81A7F04081B54
6356DF024F0FE5FE03DEFB1A7F04081B
54A356E2025D0FCBFE033BFE1A820408
1C548D56E002560FBAFE03CCF91A8304
081C54AF56ED02B40FB7FE03FCF61A82
04081C54C556E402A90FB4FE030BFC1A
8404081D54D756D902AB0FB0FE034601
1B8604081D54DF56DE02A90FA9FE0331
041B8904081C54F856EA02AB0F99FE03
A5061B8F04081D541C57DB02A70F8FFE
035E061B9004081D54FE56DE02A40F88
FE038BFF1A9204081C544557DB02A50F
87FE0388FC1A9204081B545957E402A7
0F83FE039CFC1A9204081C5475571C03
5F0F7BFE0371021B9304081C5484570D
036B0F77FE03B5081B9504081C54AA57
1703650F6DFE03DA081B9904081B54BE
570F03650F64FE03E1071B9904081B54
DC57F302960F5CFE03F7031B9C04081B
540F58F002A10F57FE0395011B9D0408
1B543A58F8028F0F50FE03E6051BA204
081B544858E402850F49FE03540C1BA6
04081B546358F102820F40FE039D0D1B
A804081B54AC58ED02880F38FE03A10B
1BA704081B54B858FE027C0F36FE034A
061BA704081B54AA58EF02870F32FE03
44051BA704081A549E58F502900F33FE
0344081BAB04081B54A958E602490F31
FE03240F1BB004081B54BC58E6024F0F
2AFE03B7111BB604081B54FD58EB025B
0F23FE0360131BB604081B541259DF02
570F19FE03ED111BB504081B546359FF
028D0F14FE034E091BB504081B548259
FF02800F0FFE03DB061BB604081B54A2
59FF02780F0CFE032E071BB804081B54
9B590203860F05FE03090E1BBB04081B
54A8590E034D0F01FE03C8131BC00408
1B54C3591503490FFCFD03C3141BC304
081C54D8590B03460FF1FD0391141BC6
04081C54EB591A03420FE8FD0370111B
CA04081B54FC59F9028C0FE8FD039710
1BCB04081B54195AF9028D0FE6FD03E8
0F1BCC04081B54255AEB02890FE0FD03
20141BCE04081B540D5AEF029C0FDCFD
03CF161BD304081B54325AF1029F0FDA
FD03BA171BD504081B54855AE1027C0F
CEFD037C171BD304081B54AC5AE80272
0FCCFD03AB161BD704081B549E5ADF02
7A0FCCFD03CB141BD904081A54BD5AE1
02780FCBFD034F161BDA04081A54A95A
F3027A0FC7FD0312181BDE04081A54DA
5AF502740FC7FD0348181BE004081B54
FF5AEF02840FC6FD0340181BE104081B
54365BF6028F0FC7FD0361181BE10408
1A54345B2103510FC7FD03AD181BE304
081A54385B2A034C0FC8FD0369191BE6
04081A54525B2103580FC7FD0397191B
E904081A548E5B27034F0FC8FD03CC1A
1BED04081A54815B0F03520FC6FD0356
1B1BF004081954DF5B1003570FC8FD03
131B1BF204081A54DA5B0C03550FCAFD
03ED1A1BF304081954FB5B1703500FCC
FD035E1B1BF504081A54095C1303470F
CBFD03D31B1BFD040819541E5CD5025C
0FCBFD036E1C1B0005081A54135CE002
630FCAFD03FA1C1B0205081B54315CEB
026D0FC8FD03301B1BFE04081C543B5C
DB026F0FCCFD0316181BFE04081C544B
5C1603790FCFFD0348181B0105081C54
855C1D03770FCFFD036E1C1B0705081C
54875C0B037A0FCEFD03111D1B0C0508
1C54AF5C11036D0FCCFD03D21C1B0D05
081B54C55CF5022B0FCEFD0360191B08
05081B54045DEB02330FD0FD0365151B
0905081B541A5DF602360FD3FD03FC15
1B0F05081C54215DF102340FD3FD03E8
1B1B1305081C544E5DDA023E0FD3FD03
041D1B1705081C54365DE202420FD3FD
03E71C1B1805081C54795DEF02470FD7
FD03D61C1B1D05081B54935DD3023E0F
DBFD031A1C1B2005081B54BF5DE20247
0FDFFD03421A1B2205081B54CE5DF302
3E0FDFFD031C1A1B2205081A54D85DE9
023C0FDDFD03651C1B2505081A54105E
F002490FE0FD03751D1B2805081A5416
5EE7023B0FE3FD039E1D1B2B05081A54
335E05033B0FE6FD03EF1D1B2E050819
54315E0D03400FE8FD03F31D1B320508
1A544A5E0203410FECFD03E71C1B3305
081A548A5E0A03440FF2FD03F51B1B35
05081A54CF5E0F030D0FF2FD03171B1B
3505081A54BB5E1C03F60EF4FD03ED1A
1B3705081954135F0703FE0EF5FD0332
1D1B3B05081A54265F1303000FF5FD03
DE1D1B3B050819540F5FFE028B0FF7FD
03171E1B3F050819544F5FFC02870FF8
FD03B41D1B41050819546B5FFA02870F
FAFD03DE1D1B4605081A546B5F04037F
0FFDFD03081E1B4B05081954895F0103
810FFEFD03081E1B4B05081954A45FE3
02750FFDFD03FB1D1B4A05081954AB5F
E602730FFDFD035C1D1B4C05081A54DB
5FE3027B0FFFFD03B01D1B5105081954
0D60D802780F02FE03361E1B56050819
542D60DE02380F03FE035B1E1B5A0508
1A542960EC02320F05FE031D1E1B5C05
081A545160E5023A0F06FE03C51D1B5E
050819542860EC02290F07FE03B91C1B
60050819545D60D602510F08FE03B51C
1B6405081A547260D902590F08FE0346
1E1B6705081A546360E802520F08FE03
AF1E1B6C05081A548360F102500F09FE
03BC1E1B6B05081B549560F602A00F07
FE037C1E1B6C05081A54C8600503A90F
0BFE03181E1B6B05081A54F9600603A8
0F0CFE03461E1B7005081A541E610203
9E0F0FFE03071F1B7605081A547E61FD
02AE0F0CFE03071F1B7B05081A548761
0B03860F10FE036C1E1B7D05081A54B9
610B03870F0FFE03E21D1B7A05081B54
BC610803820F13FE03B41D1B7805081A
54FA610803820F13FE03321E1B790508
1954416204033B0F12FE03081F1B7E05
0819541E6209033E0F11FE030F1F1B82
050819542262F8024B0F14FE03F21E1B
870508195437620E03380F13FE03D01E
1B8D05081954BA62F102410F14FE03F6
1E1B90050819547F62ED02440F15FE03
641E1B91050819547162ED02440F18FE
032D1E1B9205081954DA62FA02350F16
FE03FF1E1B9705081954CC62EB02200F
17FE03311F1B9905081A540863E40229
0F1AFE03181F1B9B050819542763E402
270F1CFE03E51E1B9D05081A540C63D3
02290F1EFE03891E1B9F05081A545D63
D8021C0F1EFE03201F1BA405081A547A
63E302580F20FE03521F1BAA05081954
AC63EA02580F23FE035F1F1BAD05081A
54AA63EA02530F24FE03741E1BAF0508
1A549763F502520F25FE03B71D1BB205
081A54E663EB02310F27FE03C41E1BB5
05081954DC63F3022D0F28FE034E1F1B
BC050819540464FC023E0F26FE03351F
1BC3050819544864F5022F0F28FE03C8
1E1BC505081A547A64ED024F0F25FE03
351F1BC205081A542964FC024B0F25FE
03031F1BC105081A547C64F502480F25
FE03C81E1BC505081A547C64F102550F
26FE03591F1BC705081A549364F1023C
0F24FE03741F1BCD05081A54E2641E03
250F24FE03801F1BD005081A540C6511
03190F22FE037C1F1BD505081A543165
13031C0F24FE038D1F1BD70508195444
650F03290F24FE03311F1BD605081954
7665EF024F0F24FE037C1F1BD8050819
54B465FD02570F25FE03801F1BDE0508
1954E365E2024D0F24FE03A21F1BE205
0819540F66FC02500F27FE039D1F1BE8
05081A547166EF02510F27FE03801F1B
EC050819547966EA02470F27FE03991F
1BEC050819543566E2024B0F28FE035B
1F1BEA050819549566DE02510F2AFE03
0F1F1BEC05081A54B966F902270F28FE
03841F1BEF05081A54B966FB022B0F2A
FE03A21F1BF305081A54D866EF022A0F
29FE03AE1F1BF905081A542167EA0235
0F2BFE03B21F1BFC05081A545067E602
260F2AFE03B21F1BFF05081B544B67E8
023C0F2DFE03BB1F1BFF05081A548767
EF023F0F2CFE03C71F1B0706081A54B8
67F102430F2AFE03B71F1B0F06081B54
1068F802480F2DFE03AE1F1B1406081B
54F267FF023E0F2AFE03631F1B150608
1B540A6804033E0F2CFE03701F1B1306
081B545D68FB02400F2DFE03B01E1B10
06081C5472680803400F2DFE03C81E1B
0F06081C546768F202300F2EFE03D51E
1B0F06081B54C768FE02360F2EFE035B
1F1B1406081B541769FE02280F2FFE03
B71F1B1E06081B543D69E602360F2DFE
03A61F1B2706081A5458693B03650F2E
FE03A21F1B2C06081A546A693503610F
32FE034E1F1B2D06081A545E69340361
0F33FE03351F1B2906081A546F693603
6B0F35FE03F21E1B2A06081A5497692F
03600F34FE03D01E1B3006081A54AD69
E3024F0F35FE03281F1B3306081B54B6
69EA02530F33FE03701F1B3806081B54
106ADE023C0F34FE03AE1F1B3D06081B
54206AE002490F35FE034A1F1B400608
1B54546A0E03420F35FE037C1F1B3F06
081A541C6A0F033F0F36FE03451F1B3D
06081B54C76A0B034E0F36FE03841F1B
4306081B54E36A1703440F36FE03C71F
1B4A06081B542A6B17034E0F38FE03C3
1F1B5306081B54666B0F033B0F39FE03
C71F1B5606081B543F6B16033C0F39FE
03C71F1B5606081B546A6B0B034A0F38
FE03991F1B5506081B546A6BE902730F
39FE03CC1F1B5706081C54796BF1026C
0F39FE03CA1F1B5C06081C54D36BF702
780F37FE03D81F1B6106081C54C46BEA
027B0F35FE03D81F1B6606081C54C96B
F402760F32FE03C31F1B6A06081C5429
6CD0027B0F31FE03D41F1B6A06081C54
F76BD002820F30FE03DC1F1B6C06081C
543D6CCC02850F2FFE03E11F1B710608
1D54406CD702820F2FFE03DC1F1B7706
081D54966F0A035B0F2FFE03D61F1B7A
06081D54496FF7024B0F32FE03AA1F1B
7A06081D54F66E0B034E0F34FE03BB1F
1B7806081D54FD6EF1024F0F34FE03D8
1F1B7706081D54D16EF002690F35FE03
E51F1B7A06081D54496EF202650F34FE
03DC1F1B8406081C54EA6DF802610F36
FE03E91F1B8A06081D546A6DF002620F
36FE03E51F1B8C06081C54146D2B0391
0F37FE03DE1F1B9006081D54616C1203
910F39FE03E91F1B9106081C54E66B21
039D0F39FE03F11F1B9206081C545D6B
2B03960F39FE03F51F1B9806081C54EE
6A24038F0F3BFE03F11F1B9806081C54
4E6AF5025C0F37FE03F11F1B9E06081C
54ED69F002670F37FE03E91F1BA30608
1C543969FA025E0F35FE03E91F1BA506
081C54D368EF02620F35FE03E21F1BA4
06081B5423680F033D0F34FE03E11F1B
A806081B54BF670A03510F33FE03E51F
1BAB06081B5423671303340F34FE03E9
1F1BB006081C54AE661303400F35FE03
ED1F1BB106081C540666FA02820F37FE
03E91F1BB606081C5490650B037C0F38
FE03E51F1BBB06081C54C264F902730F
3AFE03ED1F1BBA06081D545364000371
0F3EFE03E91F1BBC06081C54CE630B03
8C0F3FFE03E61F1BBC06081C548C6305
03830F42FE03F11F1BC006081D540A63
F702860F43FE03ED1F1BC506081D54AD
620003890F45FE03ED1F1BC806081D54
2362FD02810F44FE03E91F1BC806081C
54CD61FF024D0F42FE03ED1F1BCB0608
1C548F61ED02460F44FE03E91F1BD006
081D540C61F7024F0F45FE03E51F1BD5
06081D54A460F8024F0F47FE03DE1F1B
DB06081E542B60E402710F4AFE03D81F
1BDE06081D54D25FEC02770F4DFE03CC
1F1BE106081C54625FF2027B0F4EFE03
C71F1BE106081D54095FF102770F4FFE
03D01F1BE106081D54BB5EF502CF0F53
FE03E11F1BE406081D547F5EE202C80F
50FE03E11F1BEA06081C54195EEC02C7
0F51FE03DC1F1BEF06081C54CC5DF102
C90F52FE03CA1F1BF306081C547D5D04
03420F50FE03C31F1BF006081D54F85C
0003360F52FE03AE1F1BEE06081C54C0
5C05032B0F51FE03C71F1BEB06081C54
775C05032B0F50FE03E11F1BF006081C
54355CFE02300F4FFE03D01F1BF80608
1C54FD5B09036F0F51FE03C31F1BFF06
081B54D65B1003760F52FE03B21F1B00
07081B54235B09037A0F50FE03AD1F1B
FD06081A54F55A17036B0F50FE03CC1F
1BFC06081B54D65A0F03710F50FE03D8
1F1B0007081C547F5A0F035E0F50FE03
D41F1B0707081B542D5A13035C0F4DFE
03CC1F1B0E07081B54045A0803650F4D
FE03D81F1B0E07081B546C59F402750F
4CFE03D01F1B1007081B543759F80274
0F4BFE03C71F1B1107081B540E590403
710F4AFE03DA1F1B1007081A54AC5808
036F0F48FE03DC1F1B1407081B54B858
F802360F47FE03DC1F1B1B07081A5480
5804034B0F46FE03D41F1B2207081B54
645807033E0F45FE03C71F1B2507081B
541658FA02350F43FE03CC1F1B240708
1A54CC570803400F44FE03DC1F1B2607
081B548D57F002400F42FE03E11F1B29
07081B548A57ED02410F42FE03E21F1B
2E07081B54B857EF02420F40FE03E11F
1B3307081B54AB57EF02340F40FE03E1
1F1B3607081A547F571103840F40FE03
E51F1B3B07081A54F3561F03850F41FE
03E51F1B4007081A549F561003840F42
FE03E91F1B4207081B5428560F03820F
43FE03E51F1B4407081B54225613035E
0F42FE03E11F1B4807081B54D6551103
640F41FE03EA1F1B4807081B548B550F
03660F43FE03E91F1B4D07081B546255
15035C0F45FE03ED1F1B5407081B5426
55F1027F0F46FE03E91F1B5707081B54
ED54FB02870F46FE03E51F1B5907081B
54A454F502830F47FE03ED1F1B590708
1C548C54F4028F0F47FE03ED1F1B5C07
081C547754F3028D0F46FE03F11F1B61
07081B5424540D031D0F44FE03F21F1B
6A07081B5431540803270F41FE03E11F
1B7107081B544D54F802270F3FFE03B2
1F1B7307081C54C4530603240F3EFE03
9E1F1B7207081C54A753DC02480F3DFE
039E1F1B6C07081C545C53EA02420F3E
FE03C71F1B6F07081C545653F102480F
3CFE03E91F1B7507081C546F53DB024B
0F3EFE03E11F1B7B07081B54E952E502
850F3CFE03D21F1B7F07081B54E952E2
02890F3CFE03B21F1B7F07081B54AF52
E5028D0F3BFE03C71F1B7C07081B5466
52E802800F3DFE03ED1F1B7C07081B54
4252F302610F39FE03E51F1B8207081B
541B52F7024B0F36FE03E11F1B8C0708
1C54FE51F402510F36FE03D41F1B9207
081B54FB51F5025F0F34FE03E51F1B96
07081C546E51EF02500F34FE03E21F1B
9207081B547E51DB02400F33FE03D41F
1B9207081B543F51E202460F33FE03F1
1F1B9307081C547251E0024C0F32FE03
ED1F1B9707081C547351DB02420F32FE
03ED1F1B9D07081C543451FF02270F2F
FE03ED1F1BA207081B540551F702240F
30FE03F11F1BA707081B54C950E80225
0F30FE03E51F1BAC07081B54C550F502
190F30FE03E21F1BAC07081A546C50F5
02470F30FE03ED1F1BAC07081B543C50
0203510F2FFE03ED1F1BAC07081B5458
500D03580F31FE03FA1F1BB107081C54
7E500803580F31FE03FA1F1BB507081C
541C50F302400F30FE03FA1F1BB80708
1C540950F1023A0F2EFE03E91F1BBC07
081C544050E402440F2DFE03E91F1BBF
07081C54B74FE9024B0F2FFE03FA1F1B
BF07081C54804FF002360F2EFE03FE1F
1BC407081C54764FF5023A0F2FFE03FE
1F1BCA07081B54484FEB02490F32FE03
02201BCC07081B543B4FFC023B0F34FE
0302201BD107081B546B4FF302360F34
FE0302201BD707081B54354FFC02840F
38FE0302201BDC07081B54E34EEF0282
0F38FE030A201BDB07081C540C4FE802
820F38FE0302201BDF07081C54DD4EF4
02890F39FE0306201BDE07081C54E74E
FD02200F38FE030A201BE007081D54EE
4E0403330F38FE0306201BE307081C54
C84E0D03220F39FE030A201BE607081C
54B94E0403290F38FE0306201BEC0708
1C54F94EEC02890F39FE0302201BF207
081B54BB4EED02850F3BFE03F51F1BF4
07081B54D54EF602870F3AFE03EA1F1B
F607081B54874EEA02830F39FE03FE1F
1BF407081B546F4EE902800F3BFE0306
201BF607081C54A74E1803510F3CFE03
02201BFE07081C54854E0C03510F3EFE
03FE1F1B0408081C548D4E1103530F3E
FE03FA1F1B0B08081C54774E04034B0F
3EFE03E11F1B0E08081D54444EED0244
0F3FFE03D41F1B0C08081D54D64DF502
450F40FE03EA1F1B0A08081C549F4DF4
02470F3EFE03FE1F1B0F08081C54DA4D
F502360F41FE03FE1F1B1108081B5498
4D1B03090F41FE0302201B1808081B54
8F4D0C03180F43FE03FA1F1B2008081B
54914D16031A0F45FE03F51F1B250808
1B54784D0603190F48FE03FA1F1B2708
081C54514D06037D0F47FE0302201B2C
08081C54564D0203750F4AFE03E61F1B
2F08081C544B4D09036B0F4EFE03F51F
1B3208081C54624D0C03710F4DFE0302
201B3608081B54664DF802710F52FE03
06201B3B08081C54464DE302790F55FE
03F11F1B3C08081C54064DEA02790F57
FE030A201B3D08081C54134DEF02750F
5AFE0306201B4208081C541F4DED0278
0F5EFE03FA1F1B4708081C540A4DD202
800F63FE030A201B4908081C54DC4CED
026F0F66FE0302201B5008081C54094D
DC02780F6AFE03FE1F1B5708081C5429
4DD902790F6EFE03ED1F1B5908081C54
FE4C0203690F70FE03FE1F1B5A08081D
54ED4C0D03790F73FE03FA1F1B5D0808
1C54024D0203790F74FE03FE1F1B5D08
081C54D14C02036D0F74FE03FE1F1B5D
08081D54F24CF902F80F77FE0302201B
5F08081D54E44C0C03E80F77FE03FA1F
1B6808081D54004DF902F60F78FE03FA
1F1B6C08081D54AC4C0003EA0F78FE03
FE1F1B6E08081D54A74C0203F00F79FE
03FE1F1B6F08081D549C4CF502990F7C
FE03F51F1B7408081D547B4CED029B0F
7BFE03FE1F1B7708081D54734CFA0288
0F79FE03F51F1B7808081C547B4CF702
8F0F7AFE0302201B7808081C546B4C0E
03850F7BFE0302201B7508081C543E4C
0D03850F7BFE0306201B7608081C5433
4C1203890F7CFE03FE1F1B7D08081C54
3B4C1003860F7BFE03FA1F1B8208081C
541F4CF3025C107BFE03FA1F1B850808
1C540D4CF3025B107CFE03FA1F1B8808
081B54E84BF60267107CFE0302201B8A
08081B54CA4B000361107DFE03FE1F1B
8B08081B54074CF602A60F7CFE03F51F
1B9008081A54DD4B00039B0F7DFE03F1
1F1B8F08081A54C44B04039E0F7CFE03
F11F1B9108081A54F24B02039E0F7CFE
03FA1F1B9208081A54FD4B0403970F7C
FE03D81F1B9508081A54BF4CFF021410
7CFE03D01F1B9808081B54454CF5020F
107CFE03CC1F1B9708081B54F34BFB02
14107CFE03CA1F1B9708081B54E14BFE
0206107BFE03C71F1B9708081B54A74B
FE02F20F7AFE03D01F1B9808081B54AF
4BEF02EF0F7AFE03D41F1B9908081B54
A24BF202E80F7CFE03D01F1B9908081B
546F4BEA02F70F7CFE03DC1F1B990808
1B547A4BF902FE0F7AFE03E11F1B9B08
081B548E4B0103E50F7AFE03E11F1B9A
08081B547B4BF102F00F77FE03DE1F1B
9A08081B54054BFD02FA0F79FE03C71F
1B9E08081C54124B0003001078FE03BF
1F1B9D08081C540F4B07030C1078FE03
CC1F1B9C08081C54EC4A0103071078FE
03C71F1B9C08081C54C94A06030D1077
FE03E51F1B9A08081B54BC4AFC02FE0F
77FE03ED1F1B9C08081B54E04AF302CF
0F76FE03D81F1B9D08081B54B54AEA02
C70F75FE03CE1F1B9A08081C54994AE6
02CC0F76FE03CC1F1B9B08081C54734A
F402C50F76FE03DC1F1B9B08081C5474
4A2303CD0F76FE03D41F1B9B08081C54
534A2103BC0F74FE03D41F1B9A08081C
54504A2403C80F73FE03CC1F1B990808
1C542E4A2303BA0F75FE03D01F1B9A08
081D54344A0B03061072FE03C71F1B99
08081C542E4A19030B1073FE03CE1F1B
9708081C54284A0D03051072FE03CC1F
1B9708081C54364A15030A1071FE03C3
1F1B9608081C54084AF7021E1171FE03
CC1F1B9608081C54094AEB021F116FFE
03CC1F1B9508081C54034AFE020D1170
FE03D01F1B9708081C54F549ED021911
70FE03DC1F1B9508081C54D549F40214
116FFE03D81F1B9408081C54D7491103
FD0F6FFE03DE1F1B9508081C54B9490C
03FC0F71FE03E51F1B9508081C549D49
1B03F40F70FE03ED1F1B9608081B54A5
491A03F50F70FE03E51F1B9708081B54
BD490003F30F70FE03F51F1B9708081A
54AC490203E80F6EFE03FA1F1B970808
1A549C490603F00F6EFE03ED1F1B9908
081A548849FE02F60F70FE03E51F1B98
08081A549A490203461070FE03F61F1B
9B08081B544D49FC02511070FE03F11F
1B9908081C545749F80259106EFE03ED
1F1B9908081B5432490203521070FE03
E11F1B9808081B541749E6020F1072FE
03E11F1B9708081B54F348F902161073
FE03CC1F1B9608081B54EA48F6020D10
74FE03BB1F1B9008081B540D49F70216
1073FE03BB1F1B8508081B540E49E802
1E1071FE03751F1B7A08081C54384908
03E00F6EFE03411F1B6C08081C542A49
0403DA0F66FE031C1F1B5708081C544C
49FF02DE0F5DFE031C1F1B4708081C54
8149FE02E50F59FE03FF1E1B3A08081C
545B491703900F50FE03031F1B2B0808
1C5451491403920F47FE03031F1B2208
081D542B491C03930F43FE03E11E1B1B
08081C54084916038F0F3FFE03C41E1B
1008081B54D948ED02650F3CFE039C1E
1B0308081B54CD48FF02590F38FE0353
1E1BF807081B54C848F702620F36FE03
571E1BE607081B54C148F002640F32FE
033E1E1BDA07081B54DC480A037F0F2F
FE03141E1BD207081B54F248FB02850F
2BFE03EA1D1BC607081B54F448FF0285
0F29FE03E21D1BB707081B544C490A03
7D0F26FE03D51D1BAA07081B54334901
03870F25FE039E1D1B9B07081B540349
0F03590F1CFE03971D1B8C07081B5473
490003570F13FE03751D1B8307081B54
EC49F3025C0F0BFE03581D1B7C07081B
54D3490303560F04FE033F1D1B740708
1B54A3490B034D0FFFFD034B1D1B6707
081B548A491303510FFDFD03471D1B5A
07081C548B490D03490FFAFD03601D1B
4D07081C5463490F03480FF8FD03711D
1B3E07081C54B0491103780FF5FD03FA
1C1B3907081C54AC490E03760FF0FD03
CE1C1B3007081C548E490F036F0FEDFD
03B51C1B2407081C5475491503760FEB
FD037F1C1B1807081B54EE49F9023D0F
EAFD03DB1B1B0707081B54B94908034B
0FE6FD035A1B1BF706081B5462490A03
3C0FE3FD03FA1A1BEA06081B548C49FE
023A0FE1FD03A61A1BE006081A54B449
F8023C0FDDFD03201A1BD306081A54FB
49EF02500FD9FD0375191BC206081B54
754AD9024C0FD3FD03C6181BB406081A
54884ADA02520FCAFD03C3171BA30608
1A54574AE502560FB8FD0324171B9706
081A54AD4AEA02570F9BFD039A161B8D
06081A54914AE902640F75FD03E7151B
82060819544C4AD4025D0F61FD035F14
1B7306081954A04AE6025A0F55FD033C
121B6106081954BC4AE8026B0F43FD03
D30F1B4F06081A54884AFC025E0F2CFD
03F90D1B3F06081954FE4AFD02630F06
FD03610C1B3706081A54884BEE02590F
E7FC031C0B1B2E06081954C34BF3024E
0FDAFC0335091B2306081954874BFE02
480FD0FC034F071B1506081954164BF4
024F0FC1FC0333051B0406081954DD4A
F2024C0FB5FC0389041BF4050818543F
4BFE024D0F9BFC03B1031BE905081854
E14BE402560F77FC0372031BDE050818
544B4BDF024B0F60FC0369021BD50508
1854854FDA02540F55FC0380011BCA05
0818543C52D702580F47FC03F6FF1AB9
050818544550FB027C0F36FC039FFF1A
A705081854804F0703700F1EFC0316FF
1A9D0508185431500403760FFBFB03F5
FE1A97050818547150F702730FE9FB03
32FE1A8E050818542C51F502510FE2FB
03B1FC1A8305081854D951F502500FDC
FB03D5FA1A7105081754B352FA024D0F
D7FB03AEF81A60050817543153E90256
0FC9FB03EBF61A55050817545754F102
670F99FB03D2F61A4D050817540F55EF
02630F73FB0308F71A4705081854A855
F802620F69FB0325F61A4205081954D7
56F7025B0F6BFB0394F51A3705081954
0F57F902630F74FB03ACF21A27050818
548657EF02510F84FB032CF11A150508
1854D657EF02550F90FB035AEE1A0A05
0818549D58F6024E0F96FB03E2EE1A03
05081854E758ED025E0F9BFB031BF11A
FB040818546159FF025911A1FB0341F4
1AF304081854F459F7025311A6FB033D
F41AE704081854FE5906034A11AAFB03
28EF1AD604081854135AF3025611ADFB
0377EB1AC904081854105A07037C0FB4
FB03DBE91AC204081854945A0E03810F
C0FB0394EB1ABE04081854645A0E0380
0FC5FB0337EA1AB804081854B75A0D03
890FC9FB037DE81AB3040818549C5AE3
02720FC9FB0307E61AA404081854555A
E602730FCBFB038FDE1A91040818542B
5AE202710FC3FB0337DA1A8604081854
9E5AE502750F88FB03EBDA1A84040818
540B5BDB026C0F55FB03CAE01A810408
18546D5AF902850F4FFB03C5E11A7D04
0818548F5AED027E0F55FB0332DE1A72
04081854195AF602850F59FB0382D31A
60040819549B59EF02920F57FB03A5C2
1A4D04081854E959E102C20F2FFB038A
B91A4704081954295AF102BE0FE2FA03
2CBF1A4604081854ED59E602C10FAAFA
0326CD1A4604081854A559DA02CA0FA4
FA03A2C81A40040817547F593E03D115
B3FA03D7BC1A360408185410594003D9
15C3FA0362AD1A2B04081754E6584B03
DC15D8FA03599C1A2304081754BB584D
03E015CEFA0371971A1D040817546858
F7024A0FA7FA033A9C1A1D04081754C7
58EC023F0F85FA036DAF1A1E04081754
4358F102400F87FA03B8B31A19040817
541358F902470F95FA0385AA1A120408
1754BF57F402440FA2FA03BA9A1A1004
0817548F57DB02830FB2FA03199C1A0D
040817543157D402830FC6FA03F39A1A
0E040817541657C7028A0FD0FA03279F
1A1104081754D256C6027F0FD2FA03C3
A31A10040816540A5719038A0FD8FA03
3F9F1A0A04081654865722038F0FDEFA
03ED991AF803081754325A1E03960FE7
FA033F921AE20308175427652B03960F
F8FA03C88E1AD003081754DB69E40164
0D0FFB03438D1AC5030817549767E401
700D18FB037D9E1AC203081754EA65E5
01680D28FB03F42B11C2030818547764
E401660D0FFC036AE40DC303081854FE
67AF02C50303FE0395C20DC303081754
F968A302CA030B0004ED9F0DC3030817
54CD669B02CB03340104379C0DC20308
18542165AA02C50362010490750DC203
0817540963A402D003</Data>

   <DataCRC>c9511954</DataCRC>

   <BytesSent>12937</BytesSent>

</SBEDataUpload>
</InstrumentRawData>
</SBEDataUploadFile>
