<?xml version="1.0"?>
<!-- SCPlusV2_RS232 -->
<SBEDataUploadFile>
<ApplicationData>
<Seaterm232>
<SoftwareVersion>2.6.3.104</SoftwareVersion>
<BuildDate>30-Jun-2017</BuildDate>
</Seaterm232>
</ApplicationData>
<InstrumentState>
<HardwareData DeviceType='SBE19plus' SerialNumber='01906740'>

   <Manufacturer>Sea-Bird Electronics, Inc.</Manufacturer>

   <FirmwareVersion>2.2d</FirmwareVersion>

   <FirmwareDate>9 February 2011 08:30</FirmwareDate>

   <CommandSetVersion>1.1</CommandSetVersion>

   <PCBAssembly PCBSerialNum='25307' AssemblyNum='41054G'/>

   <PCBAssembly PCBSerialNum='25737' AssemblyNum='41580B'/>

   <PCBAssembly PCBSerialNum='24669' AssemblyNum='41606'/>

   <PCBAssembly PCBSerialNum='24372' AssemblyNum='41059D'/>

   <MfgDate>  08 DEC 2010</MfgDate>

   <InternalSensors>

      <Sensor id='Main Temperature'>

         <type>temperature0</type>

         <SerialNumber>01906740</SerialNumber>

      </Sensor>

      <Sensor id='Main Conductivity'>

         <type>conductivity-0</type>

         <SerialNumber>01906740</SerialNumber>

      </Sensor>

      <Sensor id='Main Pressure'>

         <type>strain-0</type>

         <SerialNumber>3220369</SerialNumber>

      </Sensor>

   </InternalSensors>

   <ExternalSensors>

      <Sensor id='volt 0'>

         <type>SBE 43 OXY</type>

         <SerialNumber>432005</SerialNumber>

      </Sensor>

      <Sensor id='volt 1'>

         <type>not assigned</type>

         <SerialNumber>not assigned</SerialNumber>

      </Sensor>

      <Sensor id='volt 2'>

         <type>ECO-FLNTURT CHL</type>

         <SerialNumber>FLNTURTD-2025</SerialNumber>

      </Sensor>

      <Sensor id='volt 3'>

         <type>ECO-FLNTURT TURB</type>

         <SerialNumber>FLNTURTD-2025</SerialNumber>

      </Sensor>

      <Sensor id='volt 4'>

         <type>not assigned</type>

         <SerialNumber>not assigned</SerialNumber>

      </Sensor>

      <Sensor id='volt 5'>

         <type>not assigned</type>

         <SerialNumber>not assigned</SerialNumber>

      </Sensor>

   </ExternalSensors>

</HardwareData>
<StatusData DeviceType='SBE19plus' SerialNumber='01906740'>

   <DateTime>2018-12-07T14:28:32</DateTime>

   <LoggingState>not logging</LoggingState>

   <EventSummary numEvents='241'/>

   <Power>

      <vMain>12.2</vMain>

      <vLith>5.4</vLith>

      <iMain>61.5</iMain>

      <iPump>36.4</iPump>

      <iExt01> 4.1</iExt01>

      <iExt2345>20.6</iExt2345>

   </Power>

   <MemorySummary>

      <Bytes>1492821</Bytes>

      <Samples>87813</Samples>

      <SamplesFree>3782666</SamplesFree>

      <SampleLength>17</SampleLength>

      <Profiles>111</Profiles>

   </MemorySummary>

</StatusData>
<ConfigurationData DeviceType='SBE19plus' SerialNumber='01906740'>

   <ProfileMode>

      <ScansToAverage>1</ScansToAverage>

      <MinimumCondFreq>3226</MinimumCondFreq>

      <PumpDelay>60</PumpDelay>

      <AutoRun>no</AutoRun>

      <IgnoreSwitch>no</IgnoreSwitch>

   </ProfileMode>

   <Battery>

      <Type>alkaline</Type>

      <CutOff>7.5</CutOff>

   </Battery>

   <DataChannels>

      <ExtVolt0>yes</ExtVolt0>

      <ExtVolt1>no</ExtVolt1>

      <ExtVolt2>yes</ExtVolt2>

      <ExtVolt3>yes</ExtVolt3>

      <ExtVolt4>no</ExtVolt4>

      <ExtVolt5>no</ExtVolt5>

      <SBE38>no</SBE38>

      <OPTODE>no</OPTODE>

      <GTD>no</GTD>

   </DataChannels>

   <EchoCharacters>yes</EchoCharacters>

   <OutputExecutedTag>yes</OutputExecutedTag>

   <OutputFormat>raw HEX</OutputFormat>

</ConfigurationData>
<CalibrationCoefficients DeviceType='SBE19plus' SerialNumber='01906740'>

   <Calibration format='TEMP1' id='Main Temperature'>

      <SerialNum>01906740</SerialNum>

      <CalDate>07-Jan-11 </CalDate>

      <TA0>1.255288e-03</TA0>

      <TA1>2.593288e-04</TA1>

      <TA2>-2.376104e-07</TA2>

      <TA3>1.449298e-07</TA3>

      <TOFFSET>0.000000e+00</TOFFSET>

   </Calibration>

   <Calibration format='WBCOND0' id='Main Conductivity'>

      <SerialNum>01906740</SerialNum>

      <CalDate>07-Jan-11</CalDate>

      <G>-1.033008e+00</G>

      <H>1.393941e-01</H>

      <I>-2.175401e-04</I>

      <J>3.475757e-05</J>

      <CPCOR>-9.570000e-08</CPCOR>

      <CTCOR>3.250000e-06</CTCOR>

      <CSLOPE>1.000000e+00</CSLOPE>

   </Calibration>

   <Calibration format='STRAIN0' id='Main Pressure'>

      <SerialNum>3220369</SerialNum>

      <CalDate>21-Dec-10</CalDate>

      <PA0>8.222195e-01</PA0>

      <PA1>1.566037e-02</PA1>

      <PA2>-6.194425e-10</PA2>

      <PTCA0>5.244452e+05</PTCA0>

      <PTCA1>4.417653e+00</PTCA1>

      <PTCA2>-9.798927e-02</PTCA2>

      <PTCB0>2.510725e+01</PTCB0>

      <PTCB1>-1.150000e-03</PTCB1>

      <PTCB2>0.000000e+00</PTCB2>

      <PTEMPA0>-5.917147e+01</PTEMPA0>

      <PTEMPA1>5.387460e+01</PTEMPA1>

      <PTEMPA2>-2.653169e-01</PTEMPA2>

      <POFFSET>0.000000e+00</POFFSET>

      <PRANGE>5.076000e+03</PRANGE>

   </Calibration>

   <Calibration format='VOLT0' id='Volt 0'>

      <OFFSET>-4.687158e-02</OFFSET>

      <SLOPE>1.247988e+00</SLOPE>

   </Calibration>

   <Calibration format='VOLT0' id='Volt 1'>

      <OFFSET>-4.719579e-02</OFFSET>

      <SLOPE>1.248132e+00</SLOPE>

   </Calibration>

   <Calibration format='VOLT0' id='Volt 2'>

      <OFFSET>-4.684526e-02</OFFSET>

      <SLOPE>1.248324e+00</SLOPE>

   </Calibration>

   <Calibration format='VOLT0' id='Volt 3'>

      <OFFSET>-4.678105e-02</OFFSET>

      <SLOPE>1.247145e+00</SLOPE>

   </Calibration>

   <Calibration format='VOLT0' id='Volt 4'>

      <OFFSET>-4.669684e-02</OFFSET>

      <SLOPE>1.248307e+00</SLOPE>

   </Calibration>

   <Calibration format='VOLT0' id='Volt 5'>

      <OFFSET>-4.709579e-02</OFFSET>

      <SLOPE>1.247697e+00</SLOPE>

   </Calibration>

   <Calibration format='FREQ0' id='external frequency channel'>

      <EXTFREQSF>9.999977e-01</EXTFREQSF>

   </Calibration>

</CalibrationCoefficients>
<EventCounters DeviceType='SBE19plus' SerialNumber='01906740'>

   <EventSummary numEvents='241'/>

   <Event type='ErrorFLASHUncorrectableError' count='241'/>

</EventCounters></InstrumentState>
<Headers>

cast 104 04 Dec 2018 10:09:32 samples 84324 to 85405, avg = 1, stop = mag switch

</Headers><InstrumentRawData>
<SBEDataUpload startAddr='1433491'>

   <Type>1</Type>

   <DataFormat>SEACATPLUS0</DataFormat>

   <Bytes>18394</Bytes>

   <Data>
B71F041DDF1AC10308E953944AA702C8
03291F0466071BC10308E953694AA902
C503741E0465A81AC10308E953864AAC
02C403C91B04D2D314C00308E953754A
9F02C8033B1204C64410C10308E9537E
4AA402C603030604A13C10C00308E853
994A9F02C10357FF03F1560EC00308E8
53A24AA502B603F0FB03A5230EC10308
E853E44AAC02BA03A2FA033AEF0FBF03
08E853954A3709C10127FA03934E0FC1
0308E953F04A3309C70178F70376220E
C30308EA53EF4A3309C701ADF3037374
0EC90308EA53CB4A3E09BC01BAF203BC
580DCD0308EA53094B07FC92018FF203
67060DD60308EA53004B05FC940106F3
03D00B11E20308EB53D74AF6FB9101B1
F603CC1715EF0308EC53F04AF8FB8D01
F1FA03183615FB0308EC53D94A04FC87
01D6FD036BEF15FF0308EC53E44A9000
D81DA6FF0358F317000408ED53EE4A8E
00E01DC60004CC1E1B000408EF53344B
9600EB1D790104A61F1B020408F05354
4B9700CF1DEA0104A81E1B040408F153
724B9002DD0F500204251E1B090408F3
533D4B9402CD0FB60204F31D1B0D0408
F3535C4B9702DE0F0E0304B81D1B1104
08F353734B9402D50F520304711D1B19
0408F3536B4B0003AD0E8C0304541D1B
1F0408F453A04B0203B60EB10304541D
1B270408F4539B4BFE02B30EC7030450
1D1B2A0408F553C14BFB02B50ED30304
421D1B2B0408F653E74BDA02150FE103
043B1D1B2F0408F653054CCF021C0FEB
0304221D1B340408F553C54CD502180F
F00304221D1B390408F653EA4CD90211
0FEE03042A1D1B400408F653C24CC502
170FE703043F1D1B450408F753E64CD4
02EB0EEC0304261D1B490408F853154D
D502E10EF903041D1D1B4C0408F85304
4DD202E30E0E0404FC1C1B4C0408F753
2E4DD302E40E210404E11C1B4D0408F7
533D4DCF02F10E330404CA1C1B4B0408
F7535A4DC402F90E490404A01C1B4F04
08F753734DDA02F20E6804046A1C1B4D
0408F7538D4DDB02F50E890404401C1B
4F0408F653BD4DC302390FA704041E1C
1B4C0408F653004EC702330FC6040401
1C1B4D0408F653424FBD022D0FDD0404
E41B1B4E0408F5535051C0022C0FED04
04CB1B1B4F0408F553D850F502C60EF3
0404B81B1B4E0408F6538D50F702C70E
FA04049D1B1B4E0408F553E64FF402B8
0E020504A11B1B4C0408F5539D4FF502
B10E0805049D1B1B4B0408F4534E4F00
03C20E120504901B1B4A0408F353A44F
9D02EB0E190504881B1B4D0408F3538F
4FA302E10E1D05047B1B1B4E0408F453
484FA602EB0E2005046B1B1B4D0408F4
53144FA902DE0E2605045E1B1B4F0408
F553554FA2021E0F2B0504471B1B4F04
08F553F04EA4021A0F2D0504491B1B4D
0408F553044FA002170F3105044D1B1B
4C0408F653AD4EA3020D0F380504451B
1B4C0408F6537D4E2203240F45050441
1B1B4D0408F653874E2403200F500504
451B1B4D0408F7530C4E2B032B0F5805
043D1B1B4E0408F653154D2D032B0F59
0504301B1B4F0408F653DC4CC002FA0E
580504241B1B4E0408F653944CC00211
0F5805040F1B1B4C0408F7536E4CC202
0B0F580504FF1A1B4D0408F753394CC9
02070F570504FA1A1B4E0408F853A64C
C8020A0F560504021B1B4D0408F853C3
4CA7022F0F550504FA1A1B4D0408F753
7D4CAA021F0F510504FA1A1B4C0408F6
53524CB502260F4D0504FE1A1B4D0408
F653154CBA02240F490504021B1B4F04
08F753814BB1020D0F3F0504061B1B4F
0408F653D64AC002180F3E0504061B1B
4F0408F653B14ACF020B0F3905040B1B
1B500408F653804ABD02130F2D050417
1B1B510408F653364ACE02FA0E1D0504
241B1B4F0408F653344ADB020F0F1005
04301B1B4F0408F753E549D502FA0EFF
04043D1B1B510408F7534C49DB020A0F
F00404491B1B500408F6532349DE029D
0FE60404561B1B510408F6530F49DE02
940FDC04045E1B1B500408F653DA48E6
02870FD20404731B1B4F0408F653C448
DA029C0FC90404841B1B4F0408F653CD
48DF02930FC00404881B1B4E0408F653
C548AC02D50EBC04048C1B1B4F0408F6
53B348AA02D80EB70404941B1B510408
F653C948AE02D40EB70404941B1B5104
08F653B948AF02DA0EB20404991B1B4E
0408F6539848DE023C0FAE04049D1B1B
520408F653A448D7024D0FAB0404A51B
1B4E0408F6537848CA023C0FA90404A5
1B1B4F0408F7539348D302480FAA0404
A51B1B4F0408F6537A48BC02510FA404
04A41B1B510408F7537F48C6024F0F9F
04049D1B1B510408F7539348C0025B0F
980404991B1B500408F7538148C10252
0F9204049D1B1B500408F7536948D402
DE0E8D0404A11B1B510408F7537F48C9
02F30E840404A51B1B510408F7536848
CA02EC0E7F0404A91B1B4F0408F8534A
48C302EF0E7E0404A51B1B500408F853
5448CE02D10E7D0404A11B1B520408F9
535348D202820F7E0404A01B1B510408
F8533C48D502830F810404901B1B5004
08F8531A48CA02800F820404901B1B4F
0408F8533548D302840F840404941B1B
4F0408F8532E48BB02EF0E830404941B
1B510408F9532A48BC02FB0E83040499
1B1B510408F853FA47B702F10E820404
941B1B530408F853F947BB02040F8504
048C1B1B520408F853EC47CA02090F8A
04047F1B1B520408F853D947D702FC0E
8E04045A1B1B520408F753E847DB02FB
0E9804043F1B1B510408F753D547D102
040FA70404241B1B510408F753CC47B8
02FA0EB304041B1B1B520408F753CC47
B202FC0EBD04041F1B1B500408F753B3
47B502030FC40404131B1B500408F653
C447AC02040FC90404021B1B500408F6
53B547BD02120FCF0404F61A1B500408
F753A447D002110FD50404F11A1B5104
08F7538D47C4021E0FDC0404E91A1B51
0408F7536947B802160FE10404DF1A1B
520408F7535047BF02150FE80404D41A
1B520408F7536B47CC02E90EED0404C8
1A1B510408F7536347BC02E80EF20404
BF1A1B500408F7534C47C002F70EF904
04B31A1B510408F8535947BD02FE0EFF
0404A21A1B510408F8533947C502FE0E
050504911A1B500408F9530C47D102F6
0E0D0504851A1B520408F953EE46D902
030F130504811A1B520408F953ED46D1
02F60E1A0504781A1B520408F953C346
D302120F210504761A1B510408F95390
46D302180F270504701A1B4F0408F953
DD46D102220F2D05046C1A1B530408F9
53D446C402110F330504671A1B520408
F953A146DE02200F3B05045F1A1B5404
08F9532046F202CB0E400504571A1B54
0408F9533E46E002C90E4405044E1A1B
520408F9532B46E602D60E490504421A
1B520408F953EF45E202CF0E50050435
1A1B510408F953E945D0021E0F560504
261A1B510408F9530B46D1021C0F5E05
04201A1B520408F9532646D702180F66
0504201A1B500408F953EF45D302240F
6B05041C1A1B510408F953BC45BD0223
0F710504181A1B510408F9537D45C002
190F770504141A1B520408F8538245B6
022D0F7D05040C1A1B510408F9537E45
C002300F830504031A1B550408F9533F
45BB02010F890504031A1B530408F853
B345C702000F910504FF191B530408F8
533B45BF02F60E960504FA191B530408
F8532745B802F10E980504F2191B5304
08F953F944C602F80E9E0504E6191B53
0408F9532B45E702000FA50504DE191B
520408F9531245E002FE0EA80504D919
1B520408F9538545E602FA0EB20504D5
191B500408F9537045E102FC0EB70504
D1191B520408FA533E45C302F30EBE05
04CD191B530408FA533545BD02F80EC2
0504C9191B520408FA535E45BC02F80E
C90504C4191B500408F953BB44CE02FE
0ECE0504C2191B510408F953C144E202
CC0ED10504C0191B520408FA53B544DE
02D50ED60504BC191B510408FA53AA44
E602D50EDC0504B8191B520408FA53A8
44EB02CB0EE10504B0191B540408FA53
AC44C002020FE40504AB191B530408FA
539444CA02080FEA0504A7191B530408
FA53AC44C202F80EF005049F191B5204
08FA539944BE020C0FF505049B191B51
0408FA538544B902000FFC050497191B
520408FA537F44D802F70E0006049519
1B510408FA53A344E702F70E04060492
191B510408FA538344DE02F90E0A0604
8A191B500408FA537844E402ED0E0F06
0486191B520408FA537444DE02FF0E14
060486191B500408FA535044CF02FB0E
19060482191B510408FB532C44D702FC
0E1D060486191B520408FB533D44D402
070F2106047D191B530408FC535B44C4
02CB0E23060479191B530408FB531444
C202DC0E28060479191B510408FB5342
44B902D20E2B060475191B510408FB53
1A44C002DE0E3006046D191B530408FB
530944E6020D0F34060469191B520408
FB530A44DB02070F37060464191B5404
08FA53F443E202110F3C060460191B53
0408FB53CF43DE020A0F41060460191B
520408FB53E543DE02070F4606046019
1B520408FB53BF43D1021E0F4A06045C
191B540408FB53CE43CD02120F4E0604
58191B550408FB53BC43D1021E0F5106
045C191B540408FB53B143CA02190F54
060489191B5C0408FB53DC43D1023C0F
500604A7191B5F0408FA53DA43CD0237
0F420604B4191B600408FA53BE43D002
3B0F360604AB191B600408FA53AF43D1
02330F3106049F191B640408FA539443
D602DA0E350604B0191B680408FA53B2
43D202E00E2B0604A7191B6C0408FA53
7143CD02DC0E150604AB191B6E0408FA
535343C902D90EF70504AB191B700408
FA536043C202E30EE00504A3191B7304
08FA536B43C002E00ED6050495191B74
0408F9536243C402E60ED9050492191B
760408F9533343C402DE0EDD05049219
1B7A0408F9534F43C302E00EDD050492
191B7D0408F9535D430203DC0ED90504
97191B820408F8533943F002E40ECD05
0492191B800408F8534D43F502E40EC4
05048A191B820408F8533A43E402E20E
C4050482191B860408F9533843D002F6
0EC7050492191B8B0408F9532043D602
F70EBD0504C4191B950408F9532543CF
02F50EA60504E2191B9F0408F953E042
D302F10E950504031A1BA40408F953CE
42E202020F900504181A1BA40408F953
BB42DB02FD0EA005041C1A1BA40408F9
539742DC02020FB505041C1A1BA80408
FA538442E1020E0FC80504291A1BA904
08FA538442D502CF0ED405042D1A1BAA
0408FA539342C802D00EDE05042D1A1B
AA0408FA538E42D302D10EE305042D1A
1BAB0408FA53A642D402D80EEB050425
1A1BAD0408FA53A042C202D10EF20504
161A1BAC0408FB53A042DC02040FF705
04101A1BAF0408FB53AC42D702030FFD
0504FB191BB40408FB53A842E402FC0E
020604FB191BB40408FB53A942DA0205
0F070604F2191BB80408FB53E042E802
320F0A0604F2191BB90408FB53AC42DB
022A0F0E0604F7191BBC0408FB53B142
DB021C0F110604FB191BBB0408FA539A
42E402290F110604F7191BBE0408FB53
7B42EA02E30E130604F7191BBE0408FA
536A42F202DE0E150604EA191BBF0408
FA537542F902EB0E170604D9191BC304
08FA537A42EE02F00E1C0604D9191BC5
0408FA535B42F902FA0E1F0604DE191B
C60408FA533F42F502F20E210604D119
1BC90408FA535642EB02FA0E220604D9
191BC90408FA535C42F702EF0E240604
DE191BCF0408FA538A42F502F80E2606
04D5191BD20408FB536842E202D90E27
0604EE191BD30408FB536942E202CE0E
240604FB191BD50408FB538742E802D5
0E220604621A1BD50408FB539B42E002
C70E2D06045B1A1BD80408FB539242CF
020F0F2F0604701A1BDC0408FB53BA42
D302150F2A06047C1A1BE10408FB53B5
42D502110F250604421A1BE40408FB53
9A42DE02080F2E06043E1A1BE60408FB
537642A502E20E3B0604571A1BE90408
FB53C0429F02E80E3706045B1A1BEA04
08FB53C142A602E50E320604531A1BEB
0408FB53F542A302ED0E300604531A1B
EE0408FB531343D102E00E2F0604421A
1BEF0408FB534343B502EF0E3606042D
1A1BEE0408FA537643BE02E00E3E0604
2D1A1BEF0408F953A943C802F00E4506
042D1A1BEF0408F953BA43BD02E50E48
06044E1A1BEE0408F953FF43CA02F30E
3F06045F1A1BF20408F953C943C202FE
0E330604571A1BF20408FA530744CC02
EF0E2D0604461A1BF60408FA535744BB
02FC0E340604EE191BF80408F9535F44
E002820F4A0604DE191BFB0408F953A4
44E802910F600604B0191B010508FA53
D944E5027E0F85060461181B080508FA
53F044DA027F0FF70604C7171B0D0508
FA531B45D1023A0F710704F1171B0E05
08FA532045D902320FB0070416181B12
0508FA534445CC02380FC20704A1171B
160508FA537345CC02320FE70704A117
1B170508FA53A445CB02D60E04080488
171B1A0508FB53BF45D102D40E160804
7C171B1D0508FB53EA45D502DC0E2208
0488171B200508FB53E045CE02E10E23
080497171B230508FB530B46D402E20E
1D080495171B260508FB530146CE0221
0F1D08046F171B290508FA532A46D402
200F24080478171B270508FB532F46D6
02150F240804C3171B290508FB535E46
DA02170F1308043C181B2B0508FC5383
46CF02E60EE70704F1171B2E0508FB53
9C46CF02EA0EDB070412181B330508FB
53BF46D502DA0ECF070444181B380508
FB530847CC02E40EC5070495171B3905
08FA53F546CC02000FE20704F5171B3B
0508FA53EF46D402060FDF070414181B
3A0508FA53F446C602000FD107043318
1B3A0508F953EE46D202FF0EBD070451
181B3E0508FA530D47DD02F70EA90704
61181B3F0508FA533747DD02E70E9707
046E181B3F0508FA534E47E202F50E8F
070472181B410508F9533F47EF02F20E
88070483181B460508FA533F47E902F5
0E81070461181B480508FA533C47DA02
0A0F82070466181B4F0508F9533B47C8
020E0F7F07048B181B530508FA536A47
D7020F0F78070418181B570508FA537B
47D6020E0F920704CB171B5A0508FA53
7D47EA02710FC0070480171B5F0508FA
534E47EA027A0FF307045F171B620508
FB536F47F602710F17080495171B6605
08FB539047EF026A0F1F080491171B69
0508FB539047EC02E00E1C080480171B
6C0508FB539147E802D90E1F08047317
1B700508FC537547E202DF0E2408047C
171B720508FC536E47E502E40E270804
8C171B730508FC536D47E402DE0E2108
0488171B730508FC537A47EF02CB0E1D
080487171B720508FC537947E202D10E
1B08049D171B710508FC539647EF02DA
0E160804B6171B740508FC537747E502
CB0E0E0804AE171B780508FC53F846D7
02BA0E0A080480171B780508FB53FA46
CC02C40E1108047C171B7A0508FB53EC
46C902C30E1A080491171B7B0508FC53
DE46CC02C40E1A08049D171B7B0508FB
53E246BE02560F16080499171B7C0508
FC53F646BF02510F130804BA171B8105
08FC530347C002530F0C080499171B85
0508FC531447BD02570F0E08048B171B
870508FC530247D402050F1408048C17
1B8D0508FC530D47CC02040F1808044A
171B910508FC531747C802130F2A0804
45171B930508FD532547CE02040F3B08
043D171B940508FC532C47F402030F42
08044E171B940508FC533947F402050F
45080452171B950508FD534847F102FE
0E4208044A171B990508FD533E47F302
060F42080445171B9D0508FD535B47F5
02FE0E4408042F171BA00508FD536447
D802E30E4A080432171BA10508FD536A
47E202DB0E5108042B171BA10508FC53
4647E302E70E52080441171BA20508FC
536347DD02DB0E53080439171BA40508
FC536047D502050F52080420171BA505
08FC538E47E0020A0F5D080407171BAA
0508FC538F47D902080F6A0804E5161B
AF0508FB538747E402010F7C08049E16
1BB70508FB537A47CE02B50E9C08048E
161BBB0508FB538D47D902B50EAE0804
8A161BBC0508FB537547CC02B90EBB08
046C161BC00508FC53AA47C702B30ECA
080464161BC00508FC53AE47BB02100F
D308046A161BC20508FB53B147B4021A
0FD8080471161BC30508FB53A447B702
1A0FDA080481161BC30508FC53A647AE
02140FD20804CC161BC30508FB539C47
A602140FBE0804F6161BC10508FB53B1
47D202D40EA30804EA161BC30508FB53
AA47D102D30E940804F6161BC10508FC
53B547CF02D50E8A080407171BC30508
FC53BE47D902CE0E7E08040B171BC305
08FC53D347CF02250F78080418171BC8
0508FD53CC47CF02280F7008040B171B
CA0508FD53C447CF02220F7308048116
1BCE0508FD53CC47CF02230F960804AB
161BCE0508FC53D447F602620FAA0804
8A161BD20508FD53CC47ED025C0FB708
048A161BD80508FC53EF47F502600FC2
08049A161BDB0508FB53CF47F902610F
C308049A161BD80508FC53DD47F502D3
0EC008049E161BD80508FC53D547DE02
D40EBC0804B8161BD70508FC53CF47D6
02DB0EB40804DD161BD60508FC53CF47
DB02DB0EA30804EA161BD70508FC53CF
47DE02DB0E940804F2161BDB0508FD53
C547DF02CE0E8A0804EA161BDF0508FD
53CC47DE02CF0E870804DB161BE10508
FD53D347E002D80E8C0804D9161BE305
08FD53D747EB02DA0E920804D5161BE1
0508FD53F347BE02D60E930804D5161B
E10508FD53F047CC02E20E930804D916
1BE70508FD53DB47BF02E10E950804C0
161BE90508FE53D747BB02E40E9F0804
B3161BEA0508FD53CE47B902FC0EA808
04B3161BEC0508FE53C747C202EB0EAB
0804AF161BEF0508FE53D347C002F60E
AF0804B3161BF10508FE53E147C402FE
0EB008048A161BF30508FE53DE47CC02
010FB708046A161BF20508FD53DE47BA
02040FC10804A3161BF60508FE53CF47
CE02070FBF080475161BF80508FE53ED
47C802000FC60804A7161BF90508FE53
E647BE02FC0EC408047D161BFC0508FE
53D847DB021A0FCE0804B9151BFE0508
FD53D647D502200F0709044C151B0206
08FD53EA47CF021E0F4F090444151B04
0608FC53ED47D102260F8209047A151B
050608FC53E447D0021A0F9109044015
1B070608FB53EA47D702190FA7090427
151B060608FC53F147D102270FB40904
38151B070608FC53E847D102270FB509
045D151B0A0608FC53DB47D002F10EAB
09043C151B0C0608FC53F747D802FB0E
B00904E4141B0F0608FC53ED47C802F5
0ECD090499141B140608FC53FD47CB02
FE0EF70904FA131B1B0608FD530B48D9
02E80E3C0A0471131B220608FC531148
D302E10E910A0479131B220608FC530A
48D102DF0EC50A0482131B220608FC53
F647D202D90ED90A047D131B250608FD
53FF47DB02E20EE40A0486131B260608
FD531948C202AF0FE50A0486131B2706
08FE530B48C102AB0FE20A04A3131B28
0608FE531748BD02B40FDA0A04C4131B
2C0608FE53E347C502AD0FBA0A040414
1B2B0608FE53F747F702F60F990A04F2
131B2E0608FE53FC47FB02FE0F910A04
EE131B2F0608FD530448F002F60F950A
0403141B320608FE530848ED02F50F9B
0A042D141B380608FD530448D702DA0E
8F0A0488141B3B0608FD534D48E502E9
0E5F0A0488141B3F0608FD533A48DB02
DE0E380A046B141B440608FC532C48D9
02DD0E330A0495141B460608FC534248
DB02DF0E2B0A04BF141B450608FC532E
48D102FE0E1C0A04A1141B4A0608FC53
2248CE02ED0E260A0424141B4B0608FC
531748CE02FE0E470A0408141B4E0608
FC531748D302F10E630A04DD131B5106
08FC531948E202FC0E7B0A040B141B50
0608FC531948DE02030F760A0452141B
4E0608FC530D48DF02050F630A046714
1B4D0608FC531948E002FE0E530A0478
141B4B0608FC531348DA02E00E470A04
7C141B4D0608FD531648D502DB0E3C0A
0478141B4F0608FD531A48CC02E50E39
0A04FF131B550608FD530248D702E30E
5E0A04E6131B5C0608FD531A48DF024B
0F810A04AA141B5F0608FE530248E702
4B0F5D0A042B151B600608FE531548E0
02580F0C0A0459151B650608FE530048
E802540FC30904BB161B6A0608FF5331
48E3024C0F470904D5161B6A0608FF53
4248CE02EF0EE00804E5161B6C0608FE
533E48CD02E70EAE0804FA161B6B0608
FE535148CC02F80E910804F6161B6E06
08FE532248CA02ED0E7F08041C171B70
0608FE532D48E702C30E6808049D171B
730608FF535A48E002C90E3D08046B17
1B740608FF534648DF02C00E2B08046B
171B72060800543448DE02C40E250804
7F171B73060800542D48D302E90E2608
04B9171B760608FF532F48DA02E40E0E
0804EC171B79060800544948E402DC0E
FA0704D3171B7B060800545548E802EB
0EF00704DC171B7D0608FF533C480003
B00EE80704D8171B800608FF535F48EE
02B20EE107045D181B840608FE533D48
F402B50EB707048F181B860608FE5339
48F402B20E9D070476181B870608FE53
4048ED02B20E980704AD181B890608FE
533D48DE02E20E8607048F181B8B0608
FE533948E302E20E8C07049D171B8D06
08FF535148E802EB0EC50704D8171B8B
0608FF535148E602E40EE707043C181B
8B0608FF533E48C902CD0ED107042F18
1B8D0608FF534648CC02D00EC3070428
171B8F0608FF533A48C802D60E040804
7C171B8E0608FF534448CE02D20E2D08
04F2161B930608FF534848C002020F67
080408161B970608FF535648BF02EB0E
CE0804EB151B9B0608FF535548BF02FC
0E1D090455151B9C0608FF534948C802
F40E6A09047E151BA0060800544D48D7
02CC0E85090400161BA5060800545648
C802D50E60090425161BA9060800543D
48D302DC0E660904FE151BA906080054
4C48D502D20E58090464161BAD060800
544C48C802D10E2D090408161BAE0608
00544348F1023F0F2909042E161BAC06
08FF533648E002310F2709043A161BB0
0608FF533C48DB022D0F1C09043A161B
B00608FF532948E0022A0F1609043616
1BB10608FF531B48DE027A0F1209043E
161BB20608FF534048DC027D0F0E0904
43161BAF0608FF534448DD028C0F0809
0458161BAE0608FF535248E8027E0F01
09045C161BAC0608FF533C48D402010F
F9080462161BAD0608FF533C48D00204
0FF1080471161BB00608FF533E48D302
FF0EEE08042A161BB50608FF535448CD
02030F030904A8151BBB0608FE532E48
0403FC0E270904DC141BBC0608FF5349
480203FF0E82090401151BBE0608FF53
46480203F10EB60904FD141BBF0608FF
532148FC02EB0ED609046B141BC10608
005441480603E40E060A049D141BC506
0800544448E5023A0F280A0498121BC9
060800545248DC02450FBF0A0481111B
C8060800545248EB02390F790B04E911
1BCB060800544E48DF023C0FD30B04E5
111BCC060800544C48E202C20EF10B04
47121BCD0608FF533448E902C20EE60B
040E121BD20608FE535748E402C00EEB
0B047D111BD60608FF534D48DD02BF0E
1B0C0485111BD60608FF534648E802CF
0E3C0C0453111BD70608FE534B48E402
CB0E530C0453111BD90608FE534948E8
02CF0E610C0478111BD90608FE534A48
E202D30E580C049A111BD90608FE5336
48E602CA0E470C04BF111BD90608FE53
2D48E002CB0E360C04C3111BDB0608FE
532548E002D60E2A0C04D4111BDD0608
FD532148E302D10E1C0C04D0111BDE06
08FD532748DC02D80E1A0C04AA111BE1
0608FC531148E402360F260C044F111B
E20608FC530D48DE02360F430C047D11
1BE30608FC53FE47E502360F4E0C0463
111BE80608FC531048DE02320F580C04
3A111BEA0608FD5310480B03190F6C0C
0442111BEB0608FD530F481403120F75
0C0464111BEC0608FD530E481703150F
6F0C046C111BEE0608FD5306481D031F
0F640C045B111BED0608FD5313480603
FE0E610C0457111BEF0608FD53004808
03020F630C0457111BF00608FF531248
0203010F610C04AA111BF40608FE5310
480703020F4B0C042C121BF80608FF53
2F48F1020D0F1C0C042C121BF80608FE
532048FC02110FF90B042C121BFA0608
FF531D48F702F80EE90B043C121BFA06
08FE531248F602080FDE0B0445121BFB
0608FE531A48ED02050FD00B0443121B
FD0608FE532F48FC020D0FC90B042712
1B000708FF5306480C03000FCC0B0427
121B070708FF531C48FE02050FD40B04
40121B080708FF531B48F902000FCD0B
0449121B080708FF531348DB02020FC9
0B041B121B0B0708FF531748F302060F
D30B0413121B0C0708FF530E48E20200
0FDD0B0434121B110708FF532248E002
040FD80B0438121B12070800541C48E8
023D0FCF0B0423121B15070800541448
E302360FD30B040A121B180708005404
48E202460FD80B04FC121B1D07080054
0948DE02480F9D0B0468131B23070801
541248BC02040F560B04F4121B250708
0254FC47C002010F480B04E4121B2707
0802540648C702020F4B0B04DB121B27
07080254F947BD02010F4D0B04CA121B
2A070802543D48BC02060F570B049C12
1B30070802544F48FD02F50E670B04A0
121B33070802548048FD02FE0E670B04
F5111B36070801545348FD02F70E930B
0449121B37070802545E480003F20EA1
0B04A5121B38070802545E48DB020F0F
960B04A0121B39070802545F48CC0214
0F8A0B049C121B3A070802547F48D102
100F8B0B0487121B3E070802548148D6
02140F930B046E121B43070802548248
F402FA0E9E0B0449121B48070802549A
48E602F90EC00B0412101B4A07080154
7C48F502F00E5D0C04320F1B4B070801
545D48F202EC0EF30C048F101B490708
01545C480B031C0FFF0C04C9101B4B07
08015459481303220FEA0C0493101B4D
070800545F481703250FE70C04A10F1B
50070800545A481203220F330D049B0E
1B51070800547D481603260FAB0D04B4
0E1B52070800547648FE020A0FF40D04
860E1B530708FF5355480003070F230E
040D0E1B540708FF5372480D03010F64
0E04350D1B590708FF538A4806030B0F
C50E04EE0C1B590708FF537348ED0278
0F1A0F049F0C1B5E0708FE535E48ED02
730F5A0F042B0C1B620708FE536C48EF
02710F9F0F042B0C1B630708FE536F48
EC02710FC80F043B0C1B670708FE536D
48F902ED0ED60F04370C1B670708FE53
6C48FF02F30EDA0F045C0C1B6B0708FE
538948F202EE0ED00F048E0C1B6D0708
FE538A48EF02ED0EBE0F045C0C1B7107
08FE538948F402430FB90F047D0C1B76
0708FF536748F202420FB20F04580C1B
780708FF536D48E802400FB50F04580C
1B7B0708FF536948F202420FBD0F0433
0C1B7C0708FF533C48F702430FCD0F04
120C1B7D0708FF534048F202FB0EE00F
04050C1B810708FF533D48FB02060FEF
0F040D0C1B85070800544448F302050F
F70F04120C1B870708FF531C48F302FE
0EF50F041A0C1B890708FF531648EC02
1A0FF20F041A0C1B8B0708FF532048E8
02270FF00F041E0C1B8A070800541E48
EF021F0FEC0F04160C1B8B07080054F4
47E902280FED0F04120C1B8E07080154
FC47F5023C0FEE0F04F90B1B91070801
54E8470403300FF80F04AA0B1B950708
0054DC470E032F0F151004880B1B9707
080154FD4708032B0F3310047C0B1B99
07080154E147E602360F4710047C0B1B
9D07080154CD47DD023A0F541004390B
1B9C07080154EB47E202350F6810044E
0B1BA107080154EF47EF023C0F651004
220C1BA407080154CC47E302300F3210
041E0C1BA707080154C847F602170F0D
1004E50B1BA807080154E847F0021E0F
0A1004BA0B1BA707080254EA47F50211
0F1C1004910B1BA507080354DF47F002
140F2F10046F0B1BA307080354EB472A
03000F431004560B1BA307080354E847
22030B0F561004560B1BA80708035407
481D03FD0E661004C50A1BAB07080254
F84714030D0F9410047E0A1BAD070802
54F747EF021A0FC81004720A1BAE0708
0354E547F9022A0FEE1004500A1BB007
080354FF47F302210F071104440A1BB0
070803540B48F102240F1A1104500A1B
B2070803542048F902EA0E201104480A
1BB507080454FF47F702F60E2011049F
0A1BB807080454EC47F202EF0E061104
D50A1BBA07080554F847F102EE0EE610
04F70A1BBC07080554F147F402F00ECA
10040B0B1BBE07080554EC47F402D90F
B41004F20A1BBF07080454FE47ED02D4
0FA41004240B1BC1070804540148F002
DD0F981004290B1BC1070804540448F7
02D30F9110042D0B1BC4070804540648
FC024D0F8A1004290B1BC6070804540E
48FE02440F8D1004F20A1BCB07080454
18480D03400F9B1004F90A1BCC070804
54FD470503410FA51004C50A1BD00708
04544F481C03870FB91004B80A1BD207
08045442481803800FC910049B0A1BD4
07080454454813038D0FD810047E0A1B
D60708045426481A03800FE910048F0A
1BD90708055435480F03460FF2100493
0A1BDD0708045440480F03470FF21004
B80A1BDE0708045432480F03440FE810
04B00A1BDE070804540F481103410FE2
10049F0A1BDD070804540B481103490F
E210049F0A1BDF070804545E48EA0213
0FE41004AC0A1BE2070804548348F302
150FE11004B80A1BE707080354C948F5
02150FDE10047E0A1BEE070803548648
F302180FEB10047E0A1BEF070804547E
48FB02180FF01004930A1BF207080554
6648FE02190FEB1004030B1BF1070804
547748FE02180FCE1004DE0A1BF20708
055462480A03150FC010040B0B1BF307
08045464480D03FB0EAF10040B0B1BF7
0708045466481C03000FA310042D0B1B
F9070803545E481103040F961004200B
1BFC070802545C480803000F90100467
0B1B040808025466480803030F771004
BE0B1B03080802546F480803030F5110
04B50B1B040808025478480803020F37
1004AA0B1B0A0808015473480D03040F
311004B60B1B0C080801545548030307
0F2B1004BE0B1B11080801548548FE02
660F261004A10B1B15080802547D480A
036B0F281004C30B1B1A080801548748
FE02740F231004E00B1B1B0808015462
48FE02710F181004E80B1B1C08080054
83481103150F0C1004010C1B1C080800
546D481003120F0010041A0C1B1E0808
005457481303180FF30F041E0C1B2208
0801545E480D031C0FE60F04330C1B23
0808005456481E03180FDF0F04260C1B
260808005436481803130FDE0F04260C
1B2E0808015433481A03150FE20F04D3
0B1B3008080154674819030F0FF20F04
BA0B1B36080801546B48F302120F0710
04D30B1B39080801547A48F302170F0D
1004E80B1B39080801548248F602160F
0B1004D70B1B3E080801546F48F00216
0F201004C3091B43080801547648F202
150FB3100491091B45080801549148FE
02220F411104DA081B48080801547C48
FC022A0FB21104D9081B4C08080254D9
480B03220FF011040C091B4E08080254
03490303290FF811043E091B54080803
544249E4028B0FF71104A0081B580808
03540E49DA02950F30120456061B5C08
0802541049DC028E0FF212045C051B5F
080803540749E802910FB41304FE051B
6108080454E94819032312FB13045606
1B6308080454ED481103251201140473
061B6808080454B54815032E12EE1304
61051B6908080454A74812031F123E14
04EB031B6F0808045486481003240F04
15041C001B7708080454B4481203260F
6F160485FE1A7A08080454CB48110320
0FE717049EFE1A7E08080454E4481B03
270FB4180468FE1A8008080454F84813
03220F24190415FE1A8308080454F348
1E03A00F6D1904F8FD1A8608080354F8
481503A30F9C1904F0FD1A8808080354
184916039E0FB71904F0FD1A8C080803
54FF481603A00FC21904FDFD1A8D0808
035447490603300FC51904DBFD1A9008
0803543C4906033D0FCC1904CFFD1A95
08080354EE480303350FD31904BEFD1A
97080803543D490303390FDD19049DFD
1A9A0808025432491B03440FEC1904AA
FD1A9A08080254104917035A0FF31904
A1FD1A9C0808025405491F03580FF619
047CFD1A9F080802541A491F034C0F03
1A0474FD1A9D080802540B491503380F
0F1A048DFD1AA008080354404913033C
0F101A0404FD1AA3080803540B491203
3A0F2D1A0436FD1AA6080804540B4906
03360F381A043EFD1AAB080803541649
1703360F3B1A0432FD1AAE0808035439
490503560F3F1A0419FD1AB308080354
49490D035C0F471A04FCFC1AB5080803
5435490F035C0F581A04DFFC1ABB0808
03542C491703520F681A04C2FC1ABF08
08035432492503780F7A1A04B1FC1AC2
080803545B492003610F8E1A047FFC1A
C80808035446491B03710FA51A0453FC
1ACD08080354304926036C0FC61A0403
FC1AD108080354354915032D0FEB1A04
FFFB1AD208080354054912031F0F071B
04FBFB1AD60808035418491403240F16
1B04D1FB1ADD0808035412491703290F
251B04ACFB1AE00808035456490B03BF
0F3C1B0493FB1AE6080803545E491103
C00F4F1B049CFB1AEA08080354654916
03C80F591B0493FB1AED080803544349
0B03BE0F601B0483FB1AEF0808035441
491E03C70F681B0476FB1AF008080454
324910033C0F6E1B045DFB1AF3080804
545D491803450F7D1B043CFB1AF60808
0454574915034B0F8B1B043CFB1AF908
0803544A491103400F961B043CFB1AFF
080803545B491903490F9F1B040BFB1A
020908045458491103440FAE1B04FAFA
1A090908045476491003380FBD1B04EE
FA1A0D0908045477491403430FC91B04
E9FA1A10090804546A492003540FD11B
04D5FA1A130908045471492603460FDA
1B04DDFA1A16090804546A492103510F
DF1B04C0FA1A1C090804547D49290357
0FE91B049BFA1A1F0908045486493403
4D0FFB1B049BFA1A23090804547E4929
034E0F071C049BFA1A24090804549D49
34035C0F0C1C048EFA1A26090803547B
493503550F0E1C049BFA1A2B09080354
B74933035D0F0F1C0482FA1A31090803
5468490003440F161C0471FA1A360908
03547B490303420F211C0465FA1A3D09
0803549449FB02440F2A1C0458FA1A43
0908035489490C033C0F331C0458FA1A
46090802548E490F03760F3A1C0458FA
1A4609080254914910036D0F391C0461
FA1A4409080254C9491303770F371C04
7AFA1A4509080254B2490903710F2E1C
047EFA1A4C09080254A74911033B0F27
1C0471FA1A5009080154AD490A033A0F
281C047EFA1A54090801548949120349
0F261C047AFA1A570908015465491803
460F241C047EFA1A5E09080154444924
035C0F231C0492FA1A60090801545049
1D035A0F1D1C048EFA1A630908015442
4922035E0F191C048EFA1A6709080154
7D492303570F1B1C047AFA1A6C090801
5436492803600F1E1C0454FA1A720908
01542E491E03CA102C1C042BFA1A7909
08015434492103D110431C04F9F91A7E
0908025443492203C9105F1C04EDF91A
830908035484491D03CD10731C04FDF9
1A840908035489491103580F7A1C04F7
F91A8709080254864911035C0F811C04
F5F91A880908025480491403560F811C
04F1F91A8E090803546F490D03620F82
1C04F1F91A92090803545F492303820F
821C04FDF91A97090804545D49180382
0F801C0402FA1AA00908045449492303
800F821C04E4F81AA209080454564929
03850FE41C0474F71AA6090805545249
2003760F7B1D04F4F71AA7090805544C
491F036E0FBC1D0468F81AAB09080554
61491A03720FC51D0408F71AB0090804
5465491D03680F221E04E7F51AB30908
04546C492303750FC31E0428F51AB509
080554424920039F0F521F04F3F41AB6
09080654724924039C0FB71F04C9F41A
B909080554B2492003A50FFA1F04B9F4
1AB90908055487492303A70F1F2004DE
F41ABA0908055447491903530F262004
E6F41ABF090805545B490B03500F2120
0439F51AC5090805546A491B03560F04
20046FF51AC90908055462491703560F
E21F0473F51ACD090805548C493103C0
0FCC1F0483F51AD20908045493493B03
C00FBA1F0490F51AD4090804547A4935
03C50FAF1F04A4F51AD8090804549449
3103C10FA11F04B5F51AD90908045463
491E03560F941F04A9F51ADC09080554
7B4917034D0F8E1F04A0F51AE0090806
54744920034D0F921F045EF51AE40908
0654564921034F0FA81F042FF51AE609
08055464492203490FC61F04FFF41AE7
0908045474490F03710FE51F0441F51A
EC090804545A491103690FE31F0456F5
1AEF0908055441491603760FD31F047F
F51AF0090805545F491003760FBF1F04
83F51AF60908065481491B03A90FB21F
0445F51AF70908065471491D03A50FBD
1F0420F51AF80908065470491D03A50F
D11F0420F51AFD0908075462491D039D
0FE01F0449F51A010A0807544C491E03
3F0FDB1F0466F51A040A08075442491E
034D0FCE1F045AF51A0A0A0806545B49
1E03490FC91F0483F51A090A08075418
491703460FBA1F0488F51A0C0A080754
4E492903AF0FA91F04B1F51A100A0807
5471492003B10F971F049CF51A130A08
075457491A03AB0F931F04A0F51A140A
080754A1492603B60F8E1F04A9F51A1B
0A080754AC492903B30F991F0434F31A
1B0A080854C1492C035C0F4B2004D1F1
1A200A080754F2493103650F52210428
F01A210A080754BE492F03620F652204
51EF1A220A080654A74930035D0F3F23
0444EF1A280A08065472491203490FA0
230449F11A2B0A08065488491503560F
48230493F21A300A08075466490E034A
0F862204D2F41A310A0806547F491803
4B0F772104A8F41A370A0807545D4914
03A10FD420044DF41A3C0A0807546749
0C03A10F9D20043DF41A400A08065484
4908039F0F9E200417F31A440A080654
724913039F0FE62004DAF31A460A0806
544F491403980FED2004EAF31A490A08
065447490D03910FD72004DAF31A4B0A
0806547A4917038D0FD92004A0F21A4D
0A080754584913038F0F2821040FF11A
520A0806546B491103930FD32104B8EF
1A530A08065463493403A00FBD220472
EF1A570A08065477493103A80F682304
17EF1A570A08075458492F039F0FD923
041BEF1A5A0A0806546D4933039A0F0D
2404FFEE1A5C0A08065454492203B10F
302404EAEE1A5E0A08065463491F03B3
0F44240413EF1A620A0805545F491A03
BC0F3F24047FEF1A660A080554944916
03AA0F1D24046AEF1A6A0A0805545D49
4003850F0E2404DEEE1A6E0A08055453
494403820F3224048FEE1A710A080454
94494303810F602404C5EE1A750A0804
546C4947037B0F6C240424EF1A760A08
04549B491603431051240451EF1A780A
0803548A49170340102F24047FEF1A7C
0A0803546649090347100E24049BEF1A
7F0A080354794912035210F223049BEF
1A7E0A0804542F4914033E10E02304AC
EF1A7F0A08045457492003780FD32304
C1EF1A7F0A080454514920036F0FC723
04A4EF1A810A08045484492403670FC6
230496EF1A850A08045483491A03720F
C92304B8EF1A8E0A0804543C49240365
0FCE230417EF1A930A08045436491E03
5C0FF8230413EF1A980A080554474926
03580F16240428EF1A9B0A0805545149
1C035E0F1F24042CEF1A9E0A0806544A
4911038F0F23240407EF1AA20A080654
51492503960F2F240428EF1AA30A0806
544F492003960F2B240449EF1AA60A08
06545F492903950F1E240417EF1AAA0A
08065469493003F80F282404A8EE1AAF
0A08055444492B03EE0F4F2404D5EE1A
B20A0805544A492F03E80F612404F2EE
1AB50A0805541F493303EE0F59240459
EF1AB60A0806545A493B03F10F312404
03F01AB70A08065439493203C70FE223
041BF01AB90A0807545C493303BE0FA9
2304F0EF1ABA0A0806547D492A03C00F
9D23047FEF1ABE0A08065489493703C3
0FBC230466EF1AC10A080654B9494203
C00FD8230459EF1AC40A0806548A493C
03C40FF223044DEF1AC60A0805548149
4603C00F03240476EE1AC90A08055474
494403C50F4F240451ED1ACB0A080554
6C493703E10FD7240414ED1ACC0A0805
5479493303E60F4225048CEC1ACD0A08
055484493003E30F99250431EC1AD20A
0805549B493303E50FEB2504E2EB1AD4
0A0805549D491A03EB0F3626041DEB1A
D80A08055470492903F10F9A2604ADEA
1AD80A0805547B492003E80FF6260489
EA1ADC0A08045459491E03EF0F372704
67EA1ADD0A08045456491703EF0F6227
0442EA1ADE0A0804549A4935034F1081
27045FEA1AE20A08055473492F035010
8B27043EEA1AE70A0805547B49320349
1093270446EA1AEA0A0805547D493303
49109627041DEA1AEC0A080554A84931
03EC10A6270411EA1AEE0A0807548B49
3303E610B3270415EA1AEB0A08065446
493503F010B7270442EA1AEB0A080654
45493003E410AB270446EA1AEB0A0807
541D49300371119F27044AEA1AEE0A08
07541A492903781198270478EA1AEB0A
080854F24838037D118627049DEA1AEC
0A080954DD482E0374116D2704EBEA1A
ED0A080854194935033A114F2704BAEA
1AEE0A080754364928033A11452704B1
EA1AEC0A0807544749330339113C2704
A1EA1AEC0A08065445492B032B114127
048CEA1AEC0A0807541649370330114B
27048CEA1AEE0A080654154917035C11
55270457EA1AED0A08065412491E0362
116B270421EA1AED0A080554E2482003
59118327043EEA1AEE0A080654DF4820
034E118E27045BEA1AED0A0804540649
33032B1189270440EA1AED0A080454E3
48340329118F27041DEA1AED0A080454
FA482F032B119D27043AEA1AED0A0803
54E5482B032F119D27043EEA1AED0A08
0354D74846035A119827043EEA1AED0A
080354D448480344119627043EEA1AEC
0A080254DA48450354119427044AEA1A
EB0A080254E548420349118D270453EA
1AED0A080254F348370356118727045F
EA1AEE0A080354FA4846036A117B2704
8CEA1AED0A080554FF48420360116C27
048CEA1AEE0A080554F8484403631161
27049DEA1AEC0A080554DC483E036811
56270451EA1AEC0A080654E7484F0398
115D270436EA1AEE0A080754EB485303
99117127043AEA1AEE0A080654D84856
039C117E27044AEA1AED0A0806541049
54039A1180270488EA1AED0A08055402
495103F5107427042EEA1AED0A080654
34494D03FC1081270421EA1AEE0A0806
541C495603FB108F27043AEA1AEC0A08
055428495703F81090270478EA1AED0A
080554124926032D117E2704ADEA1AEC
0A080554214922033711602704E7EA1A
EE0A080654FA4822033311412704B1EA
1AEC0A080554E74825033A113A270485
EA1AEE0A080454FF481C0341114A2704
CEEA1AEF0A080354194937038B113F27
0418EB1AEE0A080354144931038F111F
2704E3EA1AEE0A0803542D4934038711
1B270463EA1AED0A08035423493A0383
1141270415EA1AEF0A0802541C492503
0B1170270425EA1AED0A080254DB481D
030B1189270463EA1AEE0A080354D848
2B0301117F270490EA1AF00A080354DC
481B030D116E270442EA1AED0A080254
E148220310117B270488EA1AED0A0802
5418491E030E11742704FCEA1AEE0A08
03541C4928030E114627040AEB1AF00A
0802541A4926030B112327040CEB1AEF
0A08035418493403E8100D270418EB1A
EE0A08045426493203E510FD260429EB
1AED0A0804543B493303E210F1260429
EB1AED0A0805542D493303E410E92604
29EB1AEE0A08045407492F03DF10E326
0439EB1AEB0A080454164928032D11DB
2604B9EB1ADC0A080454364924032511
B1260466EC1ACC0A0804540C4925032B
115A260439ED1ABF0A08045420492603
1F11EC25048FED1AAE0A08045420490C
0333107B2504EEEE1A9A0A0803541A49
13033410E2240403F01A850A08035416
49190331102A240426F11A740A080354
16490B033210682304B8F11A600A0804
5439492003D10FC5220472F21A4D0A08
035434491A03D60F3B22045DF21A370A
08035423492803D40FED2104B4F21A1E
0A08035433491C03D80FB62104CDF21A
040A0802543C491103700F8C2104E2F2
1AEF090803544F491903760F702104E2
F21ADD09080354904911037E0F652104
D1F21ACB09080454DD491303700F6221
04D5F21AB209080454FD4917036E0F5B
2104B0F31A9809080454394A2F033E0F
0E210414F51A83090804543D4A3A0336
0F7F20045EF51A7309080554254A3A03
310FFB1F0431F61A5F090805542E4A36
032B0F7C1F04C6F61A4609080554124A
22033C0FF71E0478F81A2F090806547B
4A1E03470F301E0471F91A1909080654
A84A2403420F6D1D04D0F91A09090807
548A4A2403470FE51C04E0F91AF80808
07547D4A1E030710941C0433FA1AE408
0807547A4A16030010561C047AFA1ACA
08080754834A0B0302101A1C042CFB1A
B508080754774A0B030110C61B047FFB
1AA508080654464A13035E0F791B04DE
FB1A9508080654334A1A03600F371B04
0FFC1A8208080654514A1103590FFE1A
046FFC1A68080806542A4A1203630FB9
1A0489FD1A5308080654314A0D03600F
3D1A0485FE1A4408080654684AEE025A
0FAB1904DCFE1A3508080654304AEF02
5E0F3F1904C8FE1A2108080654384AEF
02670F02190493FF1A0908080654624A
F702640F99180412021BF20708065448
4A0703300F9C17041E051BE207080554
314A0203300F2816040F061BD8070805
545F4A0203400FEE1404BB071BCD0708
0554464AFE02350FC31304BF071BB807
080654194A0903430F181304A6071BA0
070807540C4A0B03440FC91204E6081B
9307080854E64904033E0F541204BB09
1B8E07080754C249FF02400FC811041E
0A1B8907080754C949F1022A0F561104
3B0A1B7507080754C649F702330F0E11
04270A1B5807080754C649F502310FF0
1004C10A1B4607080654C649F302320F
BA10049B0C1B3F07080654D949EF0235
0F1110047C0D1B3A07080654CB49E402
0C0F670F04F20C1B3607080754AE49DC
02150F260F04030D1B2007080654AA49
E1020E0F0D0F04180D1B0407080454C6
49DF020F0FFB0E045F0D1BF406080554
DA490003180FE20E04FD0D1BED060804
54E3490003180FAD0E04260E1BEE0608
0554FB490303110F7D0E04160E1BE806
080454EE490203150F650E04050E1BD0
06080254EA49F2024E0F5C0E04FD0D1B
B506080254EA49F7024F0F590E044E0E
1BA506080354074AF302510F490E04C5
0E1B9F06080354084AEE02590F1F0E04
D10E1B9F06080354194AF102F80E000E
049B0E1B9606080354EB49EF02F50EF7
0D048A0E1B7A06080354F749F502F80E
F60D04A80E1B6206080354FD49F002F8
0EEE0D04D30F1B5C060802541B4AF702
EF0EA40D04AA0F1B5D06080154014AE2
021E0F720D04520F1B5B06080054E849
DC02150F710D04880F1B5506080154D3
49D902110F6D0D04740F1B3C06080154
C249E602130F6A0D049D0F1B22060802
54C849CC02010F550D0457111B180608
0054A649D302FE0EC20C045A141B1306
080054A549CF02060F9D0B048A131B13
06080154A349D202000FFF0A0452141B
1406080154AC49F202070F9C0A04A114
1B0A06080054B049ED02050F420A0467
141BEE050801548449EF02040F260A04
DD131BD6050800549949F002020F3B0A
0452141BCC05080154D549C902F00E3D
0A04F6131BC905080154D649BA02F80E
400A043C151BC805080154A849BD02EF
0EFA090483151BC8050802548D49C402
F50EA7090483151BBF050802549F49BB
02F10E7609044C151BA705080354A549
E302160F6D090440151B9A05080254DE
49E6020A0F75090472151B9205080254
D249DD02130F7409047E151B90050802
54DA49DE02120F660904FE151B8F0508
0354BC49D502110F3B090425161B9105
080254E249D002110F0E09044B161B92
05080354E049D502190FEE08043E161B
84050803549449D602150FDC08040816
1B6405080354CA49DA02040FE30804EB
151B4F05080254E849E502040FF70804
EF151B4705080354134AE002020F0609
0415161B4605080254FF49DF02020F06
0904FC151B4905080154E849CD02020F
050904FC151B4705080154DC49D40209
0F03090419161B3505080154EC49CF02
090FFB0804E7151B1605080254E249D5
02000F030904E6151B03050802544B4A
D102060F0D090458161BFB040803544B
4AD1021E0FF7080460161BFD04080454
044AD302210FE0080458161BFE040804
54D549CD02220FD908044F161BFF0408
0454E849D502230FD408044F161BF404
080454E449E202130FD008043A161BD8
04080454024AE4020C0FD308042E161B
C4040804543F4AE402140FD908046816
1BBA04080454824ADB02120FD3080492
161BB804080454554AD002F10EC00804
85161BBA040803546E4ACF02FB0EB908
047E161BBA04080454504ACE02F50EB4
080485161BAA040804543E4AD002F20E
AD080468161B8904080554304AC302F3
0EAF080485161B70040805540C4AC802
EF0EA9080463171B6604080554084AC5
02F40E6408042F181B6304080454EB49
BD02000FF80704F4181B6704080454DD
49BB02EC0E7D0704101A1B6704080354
A449CF02220FEA0604BC191B61040803
54D149CF021A0F9E060497191B480408
0354084AE3021E0F84060458191B3304
080354144ADB021E0F940604DD181B2B
04080454354AC402F30EBF0604F2191B
25040804543A4ABA02ED0E8B0604771B
1B2A04080454444AC002F10EF40504F9
1B1B23040804546F4AC102F60E720504
A11B1B1404080454934ABE02F50E4205
04D81A1B0A04080454B34ABB02F10E66
0504241B1B07040803547C4BC202F50E
7605041F1B1B04040803540D4CC302F5
0E7B0504E51A1B0604080254014CDD02
010F850504271B1B0904080354084CD0
02040F820504E51A1B0F04080354E44B
D702050F900504851A1B1104080454DE
4BD502020FB30504201A1B1304080454
CF4BCC02FE0EE70504DE191B10040805
54A14BD602260F1C0604B4191B0E0408
0554744BCE02270F4B060497191B0C04
080554A54BD102220F6906048A191B0E
040803547F4BD502300F7E060447191B
0F04080354924BD902000F9C06041919
1B1004080254884BD702080FBA060415
191B1004080254834BE202FE0ECE0604
1D191B1204080354924BE202030FD506
0436191B10040803548C4BA002420FD1
060454191B1104080454894BA102450F
C8060479191B0F04080354A94BA00240
0FB606049B191B0F04080354C54B9D02
410F890604881B1B0B04080354CE4BBC
02F50EFF05046F1B1B0504080254764B
BB02ED0EA805045F1A1BF70308025476
4BC302F70EC70504F7191BE103080154
3D4CC202F10EEF05042B1B1BCE030800
54144CC002EA0EB40504DB121BC20308
00540C4CE307CB4C5205046F7A11C003
080154744CE607D64C1E0504064C0FC0
03080154E84CE207BB4C5F05043BD30E
BF03080154494EE107D54C03060415DD
0EC203080154464F4E049515E60604B0
BF0EC003080154244F4D04A615BF0704
CDB10EC2030801548A4F50049C157808
04FF5E0EC103080154E14F4F049E151E
090412F20EC0030801543251DA03C511
CF0904049D0EC1030802546F50DC03C5
113F0A04A4600EC203080254594FDC03
CC11770A04FD220FC203080454B54EE4
03C5118A0A0491060EC4030804540C4E
89027E097A0A049E9A0DC30308045492
4D82027709640A0439670DC403080454
554D8C0278095D0A04448E0DC4030806
54FF4C86028109550A04CFF60DC30308
06548B4C82027509450A0401680EC303
080554504CA202C303320A0457760DC2
03080654FF4BA202C803</Data>

   <DataCRC>faef873d</DataCRC>

   <BytesSent>18394</BytesSent>

</SBEDataUpload>
</InstrumentRawData>
</SBEDataUploadFile>
