<?xml version="1.0"?>
<!-- SCPlusV2_RS232 -->
<SBEDataUploadFile>
<ApplicationData>
<Seaterm232>
<SoftwareVersion>2.6.3.104</SoftwareVersion>
<BuildDate>30-Jun-2017</BuildDate>
</Seaterm232>
</ApplicationData>
<InstrumentState>
<HardwareData DeviceType='SBE19plus' SerialNumber='01906740'>

   <Manufacturer>Sea-Bird Electronics, Inc.</Manufacturer>

   <FirmwareVersion>2.2d</FirmwareVersion>

   <FirmwareDate>9 February 2011 08:30</FirmwareDate>

   <CommandSetVersion>1.1</CommandSetVersion>

   <PCBAssembly PCBSerialNum='25307' AssemblyNum='41054G'/>

   <PCBAssembly PCBSerialNum='25737' AssemblyNum='41580B'/>

   <PCBAssembly PCBSerialNum='24669' AssemblyNum='41606'/>

   <PCBAssembly PCBSerialNum='24372' AssemblyNum='41059D'/>

   <MfgDate>  08 DEC 2010</MfgDate>

   <InternalSensors>

      <Sensor id='Main Temperature'>

         <type>temperature0</type>

         <SerialNumber>01906740</SerialNumber>

      </Sensor>

      <Sensor id='Main Conductivity'>

         <type>conductivity-0</type>

         <SerialNumber>01906740</SerialNumber>

      </Sensor>

      <Sensor id='Main Pressure'>

         <type>strain-0</type>

         <SerialNumber>3220369</SerialNumber>

      </Sensor>

   </InternalSensors>

   <ExternalSensors>

      <Sensor id='volt 0'>

         <type>SBE 43 OXY</type>

         <SerialNumber>432005</SerialNumber>

      </Sensor>

      <Sensor id='volt 1'>

         <type>not assigned</type>

         <SerialNumber>not assigned</SerialNumber>

      </Sensor>

      <Sensor id='volt 2'>

         <type>ECO-FLNTURT CHL</type>

         <SerialNumber>FLNTURTD-2025</SerialNumber>

      </Sensor>

      <Sensor id='volt 3'>

         <type>ECO-FLNTURT TURB</type>

         <SerialNumber>FLNTURTD-2025</SerialNumber>

      </Sensor>

      <Sensor id='volt 4'>

         <type>not assigned</type>

         <SerialNumber>not assigned</SerialNumber>

      </Sensor>

      <Sensor id='volt 5'>

         <type>not assigned</type>

         <SerialNumber>not assigned</SerialNumber>

      </Sensor>

   </ExternalSensors>

</HardwareData>
<StatusData DeviceType='SBE19plus' SerialNumber='01906740'>

   <DateTime>2018-12-07T14:28:32</DateTime>

   <LoggingState>not logging</LoggingState>

   <EventSummary numEvents='241'/>

   <Power>

      <vMain>12.2</vMain>

      <vLith>5.4</vLith>

      <iMain>61.5</iMain>

      <iPump>36.4</iPump>

      <iExt01> 4.1</iExt01>

      <iExt2345>20.6</iExt2345>

   </Power>

   <MemorySummary>

      <Bytes>1492821</Bytes>

      <Samples>87813</Samples>

      <SamplesFree>3782666</SamplesFree>

      <SampleLength>17</SampleLength>

      <Profiles>111</Profiles>

   </MemorySummary>

</StatusData>
<ConfigurationData DeviceType='SBE19plus' SerialNumber='01906740'>

   <ProfileMode>

      <ScansToAverage>1</ScansToAverage>

      <MinimumCondFreq>3226</MinimumCondFreq>

      <PumpDelay>60</PumpDelay>

      <AutoRun>no</AutoRun>

      <IgnoreSwitch>no</IgnoreSwitch>

   </ProfileMode>

   <Battery>

      <Type>alkaline</Type>

      <CutOff>7.5</CutOff>

   </Battery>

   <DataChannels>

      <ExtVolt0>yes</ExtVolt0>

      <ExtVolt1>no</ExtVolt1>

      <ExtVolt2>yes</ExtVolt2>

      <ExtVolt3>yes</ExtVolt3>

      <ExtVolt4>no</ExtVolt4>

      <ExtVolt5>no</ExtVolt5>

      <SBE38>no</SBE38>

      <OPTODE>no</OPTODE>

      <GTD>no</GTD>

   </DataChannels>

   <EchoCharacters>yes</EchoCharacters>

   <OutputExecutedTag>yes</OutputExecutedTag>

   <OutputFormat>raw HEX</OutputFormat>

</ConfigurationData>
<CalibrationCoefficients DeviceType='SBE19plus' SerialNumber='01906740'>

   <Calibration format='TEMP1' id='Main Temperature'>

      <SerialNum>01906740</SerialNum>

      <CalDate>07-Jan-11 </CalDate>

      <TA0>1.255288e-03</TA0>

      <TA1>2.593288e-04</TA1>

      <TA2>-2.376104e-07</TA2>

      <TA3>1.449298e-07</TA3>

      <TOFFSET>0.000000e+00</TOFFSET>

   </Calibration>

   <Calibration format='WBCOND0' id='Main Conductivity'>

      <SerialNum>01906740</SerialNum>

      <CalDate>07-Jan-11</CalDate>

      <G>-1.033008e+00</G>

      <H>1.393941e-01</H>

      <I>-2.175401e-04</I>

      <J>3.475757e-05</J>

      <CPCOR>-9.570000e-08</CPCOR>

      <CTCOR>3.250000e-06</CTCOR>

      <CSLOPE>1.000000e+00</CSLOPE>

   </Calibration>

   <Calibration format='STRAIN0' id='Main Pressure'>

      <SerialNum>3220369</SerialNum>

      <CalDate>21-Dec-10</CalDate>

      <PA0>8.222195e-01</PA0>

      <PA1>1.566037e-02</PA1>

      <PA2>-6.194425e-10</PA2>

      <PTCA0>5.244452e+05</PTCA0>

      <PTCA1>4.417653e+00</PTCA1>

      <PTCA2>-9.798927e-02</PTCA2>

      <PTCB0>2.510725e+01</PTCB0>

      <PTCB1>-1.150000e-03</PTCB1>

      <PTCB2>0.000000e+00</PTCB2>

      <PTEMPA0>-5.917147e+01</PTEMPA0>

      <PTEMPA1>5.387460e+01</PTEMPA1>

      <PTEMPA2>-2.653169e-01</PTEMPA2>

      <POFFSET>0.000000e+00</POFFSET>

      <PRANGE>5.076000e+03</PRANGE>

   </Calibration>

   <Calibration format='VOLT0' id='Volt 0'>

      <OFFSET>-4.687158e-02</OFFSET>

      <SLOPE>1.247988e+00</SLOPE>

   </Calibration>

   <Calibration format='VOLT0' id='Volt 1'>

      <OFFSET>-4.719579e-02</OFFSET>

      <SLOPE>1.248132e+00</SLOPE>

   </Calibration>

   <Calibration format='VOLT0' id='Volt 2'>

      <OFFSET>-4.684526e-02</OFFSET>

      <SLOPE>1.248324e+00</SLOPE>

   </Calibration>

   <Calibration format='VOLT0' id='Volt 3'>

      <OFFSET>-4.678105e-02</OFFSET>

      <SLOPE>1.247145e+00</SLOPE>

   </Calibration>

   <Calibration format='VOLT0' id='Volt 4'>

      <OFFSET>-4.669684e-02</OFFSET>

      <SLOPE>1.248307e+00</SLOPE>

   </Calibration>

   <Calibration format='VOLT0' id='Volt 5'>

      <OFFSET>-4.709579e-02</OFFSET>

      <SLOPE>1.247697e+00</SLOPE>

   </Calibration>

   <Calibration format='FREQ0' id='external frequency channel'>

      <EXTFREQSF>9.999977e-01</EXTFREQSF>

   </Calibration>

</CalibrationCoefficients>
<EventCounters DeviceType='SBE19plus' SerialNumber='01906740'>

   <EventSummary numEvents='241'/>

   <Event type='ErrorFLASHUncorrectableError' count='241'/>

</EventCounters></InstrumentState>
<Headers>

cast  95 04 Dec 2018 08:38:29 samples 78520 to 78864, avg = 1, stop = mag switch

</Headers><InstrumentRawData>
<SBEDataUpload startAddr='1334823'>

   <Type>1</Type>

   <DataFormat>SEACATPLUS0</DataFormat>

   <Bytes>5865</Bytes>

   <Data>
EFC6033CF20ECC0308EF53EE4ACB02AF
023FC103F0580DD00308F053D14AC202
A70268BF03B23A0DD20308F153AE4AC7
02B00266C1036CDE0CD60308F253EC4B
C802B60268CA0380500CDD0308F3531B
4CF2FBF4FB12D80328D217E40308F353
D44BFFFBF2FBE1E303711A19EB0308F4
53FE4BF3FBF2FB63EB03293915EE0308
F553A14BF3FBF3FB18F003574E16F203
08F6537E4B52048110D7F2034C421AF3
0308F753664B51047E1044F403841F1B
F90308F753674B53048A101AF503A233
1BFF0308F8536F4B4C047F10FDF50349
301B010408FA53524BA702710E04F703
042D1B050408FB534F4BA002770E12F8
03642A1B040408FB534D4BA802770E0F
F90325281B050408FB53624B9E02740E
FDF903D1261B060408FE53924B990269
0ED9FA0321261B080408FF53924B2103
30108AFB0394251B08040800549D4B1E
032B1010FC031D251B0A040800548D4B
2603331073FC03B4241B0B040800549A
4B1E033C10BBFC0358241B0A04080254
964BCC023410EFFC0350241B0B040804
54964BCF0237101DFD0336241B0B0408
0554A84BCF0232103FFD031D241B0D04
080654B64BCB02311059FD03AE241B10
04080654B44B1103121065FD03A0231B
1304080854B94B1703151071FD03AC23
1B1204080854C94B1403111079FD03D2
231B1404080754C94B1303111082FD03
EF231B1504080554CA4BF602141087FD
03B4231B1404080754C64BF50213108E
FD036D231B1604080754EE4BED021410
8FFD035C231B1304080654F84BF10215
1092FD0358231B1404080654034CF002
121095FD034C231B15040805540E4C00
03FF0F9EFD0348231B1604080554144C
04030910A3FD0343231B170408055414
4C07030210A7FD0348231B1404080554
FD4D00030510A8FD0348231B15040803
54634DDD021110A8FD0348231B150408
0154CD4CC8021510AAFD0348231B1504
0800546F4CD6020F10ACFD0348231B15
04080154384CD5020F10ABFD0343231B
16040800540C4C13033510A7FD034823
1B1704080054E94B15032F10A6FD034C
231B1904080154B64B1F033610A5FD03
54231B1604080254974B1A033110A1FD
0354231B18040802547D4BDF020F10A0
FD034C231B1704080354644BDE020F10
A1FD033F231B16040804543A4BDC0218
10A1FD0319231B16040803541C4BD902
1310A4FD03FC221B1504080354004BDE
021210A2FD03F0221B1404080354DD4A
F502101098FD03F0221B1504080354B3
4AF30216108EFD030D231B1604080354
984AEF02181084FD0327231B18040803
546A4AF4020D107CFD0343231B190408
04544B4A690316107EFD0350231B1904
080454334A6D0313107FFD0358231B16
040804541D4A6703121080FD0365231B
1704080554044A69030C1081FD036123
1B1304080454FC490003201084FD0348
231B1204080554E8490603271084FD03
2F231B1604080554D14902032A1085FD
0322231B1804080554C64907031E1086
FD031E231B1B04080454AA49DD026310
88FD0315231B1B040804549D49E00265
1088FD0319231B1B040805548749DC02
671088FD0315231B19040806548149D7
02611086FD0309231B17040805545D49
D7025B1084FD03F8221B17040806545E
491A032D1084FD03F3221B1604080654
32490B03271080FD03F4221B16040806
541B490F03341083FD03F4221B190408
06541A4913032E1084FD03FC221B1A04
0807540249DC024F1084FD03FC221B1A
04080854E948E202511081FD03FC221B
1904080754CD48DE024F107FFD03F822
1B1704080754BF48E60258107CFD03F3
221B1504080654AB48FE0223107BFD03
F0221B1704080754914801031E1079FD
03F0221B17040808548F480803211075
FD03F0221B1A040808547F4801032210
74FD03F4221B1A040807546048110318
1070FD03F4221B1B040806546C481703
08106AFD03F8221B18040806546A4815
03171067FD03FB221B18040806545448
0B03121063FD03FC221B170408055447
4814030D1062FD03FC221B1704080554
4648F9023E1063FD03FC221B1A040805
544048F302381065FD03FC221B1A0408
05542848EE0243106CFD03FC221B1804
0805543548EE02401071FD03FC221B18
0408045424483603431077FD03FB221B
190408055416483A033A107DFD030023
1B190408055404482E033C1080FD03FC
221B18040805540D483703471086FD03
FC221B1904080454F447F302A11088FD
0304231B1904080354FE47ED02AD1089
FD0315231B1C04080354ED47EA02AA10
8AFD034C231B1A04080354F147EF02A3
1088FD0376231B1D04080454EA472903
181087FD03AC231B1E04080454DD472B
03271085FD03C1231B1F04080554D347
2603271081FD038B231B2204080554D1
472D03231082FD038B231B2404080554
C6472003231082FD037A231B2A040805
54BB470003611082FD0376231B2C0408
0554B147FA02601081FD036D231B2C04
080654A847FD02601082FD039C231B2D
04080554AA47FA02601080FD03B9231B
30040805549647F80278107FFD03D623
1B31040805548E47060389107EFD03BD
231B3304080554814704038D107EFD03
C5231B3304080554844703038D1080FD
03B9231B34040806546A470D0336107C
FD03AC231B35040806546C4700033410
7DFD0398231B36040806544E47040332
107FFD037A231B380408065433470603
39107DFD037E231B3904080654234722
0349107BFD03A4231B3A040806542147
1E034F107FFD03E7231B3B040805540C
4731034F107CFD0300241B3B04080654
FD461D0354107DFD03F3231B3A040807
54E74626035A107CFD03E1231B3C0408
0754E246170361107AFD03D2231B3E04
080754D5461C035A107BFD03C9231B3E
04080754C24613035F107BFD03C1231B
4004080754A5460903691079FD03D623
1B4404080754B746130338107AFD03A0
231B44040807549946150336107AFD03
9B231B44040808546B46150335107BFD
03B0231B47040808546C460F0334107B
FD03A4231B4504080754744615033A10
7BFD039B231B44040808545B4617033A
107BFD038F231B4904080854A7460F03
3B107FFD0369231B4D04080854854611
0345107FFD0376231B4A040808545B46
3103821081FD03A0231B4D040808543E
462E037C1081FD0382231B4E04080754
2946450389107FFD036C231B52040807
5419463A037D1080FD035C231B540408
0754FC4529037E107EFD0350231B5504
080754E7450B03111081FD0371231B57
04080754E245FE02201080FD0350231B
5C04080754D04500032F1081FD033323
1B6004080754B145FD02181084FD033B
231B6304080754A9451303721085FD03
33231B6404080654A1451903691088FD
0337231B6A04080654934511036F1089
FD0322231B6D0408065486450F037A10
8CFD0319231B70040806546C45060328
1092FD0348231B71040806545345FD02
1A1090FD038F231B71040806543C450A
0321108FFD0397231B73040805542D45
000324108CFD0388231B730408065424
45E20249108DFD0382231B7504080654
0A45CC0247108BFD038F231B73040806
54EF44EB0245108BFD039B231B740408
0654DA44F10241108AFD03B0231B7504
080654D044E3023F1088FD03A8231B78
04080654BB44F302371087FD0397231B
7B04080554AE44EC02271086FD038423
1B80040805549F44EB02321088FD0369
231B8304080654A244EF02271089FD03
3F231B87040806548B4410036D1089FD
0354231B88040806547644170376108B
FD0350231B89040807547D4408037310
8CFD0358231B8C040806546244130378
108DFD0343231B8E040807547144F502
0D108EFD0333231B91040807544E44FF
0211108FFD032B231B93040807545444
08030B1090FD034C231B920408075436
44F902091092FD034C231B9604080754
30441603671092FD0371231B97040807
5425442403611091FD0369231B990408
06540A441303661091FD0369231B9C04
0806540B440F0369108FFD0386231B9E
04080754FC430F036A108DFD038C231B
A204080754F343170376108DFD038F23
1BA604080754D843110370108BFD0382
231BA704080854DC43150371108BFD03
76231BA804080854D2430E03761088FD
0376231BAB04080854CD4306039E1088
FD0386231BAB04080854C343F8029810
87FD0386231BAD04080854B443FF029A
1087FD03A4231BAF04080854C2430003
A51087FD03A4231BB404080854AD4311
03831087FD0393231BB4040808549F43
1203891086FD038F231BB804080854A0
430F038A1085FD036D231BBB04080854
774317037C1085FD0361231BBC040809
547C43FA024F1085FD0369231BC00408
095478430203491086FD0370231BC204
0809546F430203531085FD0386231BC6
040808545E43F6024A1086FD038B231B
C9040809545343F602511084FD038F23
1BCC040809544C432B03381084FD0365
231BCE040809543E433C03351084FD03
71231BD00408095438433703351085FD
0371231BD0040809542A433403361083
FD039B231BD4040809541E43F702BB10
83FD0374231BD5040809541143F702C2
1083FD0371231BD9040808542143E802
B61083FD0369231BDD040808542043ED
02BF1084FD037A231BDD040808541C43
1003761084FD036D231BDF0408085402
430E03651085FD037E231BE204080854
EB4215036B1084FD0371231BE3040808
54D3421303741082FD0358231BE50408
0754D7421103521184FD0361231BE904
080754C84215034B1183FD034C231BEC
04080754E2420B03531183FD0343231B
ED04080754CB421703561185FD034823
1BF204080854BA420803591185FD032E
231BF304080754B1420603431087FD03
2A231BF504080854AB42FF0238108AFD
0333231BF904080854994206033D108A
FD0322231BF904080754B74204033610
8AFD0322231BFB040807549E42070398
108DFD031E231BFD040807548B420203
98108CFD0326231BFE040807549F42FE
029E108CFD032A231B01050807549542
03038B108CFD0322231B03050808547E
4211035C108DFD0313231B0205080854
7D42180362108CFD0304231B04050809
546A4209035A108FFD0304231B020508
0A545B4215035B1090FD03FC221B0105
080A545E42F2020D1092FD0300231B00
05080B544F42FC020C1092FD0309231B
0105080A544442EF020D1093FD030D23
1B0305080A544342F302151091FD030D
231B0405080A543942F9020C1091FD03
1B231B0605080954304235032E118FFD
0319231B08050809542C422F032C118F
FD0309231B0A05080A5427423E032811
91FD0309231B0B050809541B422B032D
118FFD0304231B10050809541A422D03
77108FFD03F4221B13050809540D421D
03791090FD03F0221B13050809540542
20036C1092FD03E3221B1405080854E6
412B036A1095FD03E3221B1405080854
E8410803741098FD03F0221B17050808
54E1410503751099FD03F0221B170508
0754E541F702681097FD03FC221B1905
080754D641FC02761096FD03FC221B1C
05080654CE412003A31096FD03F8221B
1C05080654CC4122038D1095FD03FF22
1B1E05080754CB412403961096FD03F0
221B2105080754B34125039F1093FD03
E7221B2005080854CC412203991095FD
03E7221B2405080854AB41FE02A51096
FD03DF221B23050807549F410903B010
98FD03E3221B2505080854AF410903AB
1098FD03CE221B2705080854A241F802
A7109CFD032F221B28050809549D410C
039D10A3FD0319221B2C050809549041
1B039610ACFD032B221B31050809547B
410D03A510ABFD034C221B3405080854
7D410C039B10A0FD035D221B36050809
545F410303961092FD0383221B3B0508
09547241FD02A21082FD0365221B3E05
080A5469410603A31079FD0383221B40
05080B548E4101039E1072FD038E221B
4305080B5497414D03E2106BFD039C22
1B4405080A54CE414403DA1065FD039C
221B4405080A54FD414303D81060FD03
98221B4505080A544A424103D1105EFD
0393221B4405080A548B424603D3105C
FD038F221B4205080A54CC422403C910
5DFD0393221B4205080A5411431D03CA
105DFD038F221B4405080A5449432103
C6105EFD0396221B430508095496432B
03D4105EFD0398221B4305080954CB43
4303D1105CFD0393221B45050808541A
443903D4105CFD0398221B4405080954
6B444B03C81059FD03A4221B45050809
5498444403D01058FD03A0221B440508
0954D6441B030E1154FD03A4221B4405
0809540D4526030F1150FD03A6221B43
050808543F45220315114DFD03AD221B
470508085463451E0321114DFD03A422
1B44050808549C454E030D114CFD03A0
221B4405080854DA45470315114BFD03
9C221B4505080854F64548031A114CFD
039C221B3B05080854204640031C1151
FD038B221B24050808544A463E031F11
59FD038E221B050508095475465203E1
105DFD037A221BEB04080954B8465103
D71064FD0355221BE104080954D04655
03D61076FD033B221BDB04080954E346
5C03C51089FD0333221BE004080A54FC
461A03431095FD0333221BE504080A54
2F472F033D109DFD0337221BE704080A
543E472D0346109DFD0337221BE30408
09545B472B033D109DFD0332221BC904
0809545A47F7024B109DFD032F221BA1
040809548647FA0249109FFD0322221B
7D04080954C04701034F10A3FD031A22
1B6804080854DD4708035610A9FD03FD
211B5D04080954E14746036710B7FD03
E3211B5D04080954FA473F036010C7FD
03DF211B6004080954204845036910D1
FD03E5211B6404080954194840036110
D6FD03E3211B660408095431483E0365
10D6FD03DF211B5B0408095421482303
7910D9FD03DF211B3C040809542D4817
037010D9FD03E3211B17040809543348
22036F10D6FD03EC211BF703080954F2
482A036610D1FD03F4211BF003080854
F248DF05E20CC9FD03F4211BEF030808
54D248D805E70CCAFD03F5211BF30308
0954CF48DF05E50CC5FD03F0211BF703
080854BA48E505E20CC8FD0309221BFC
03080954BE486B0C9D0EBCFD0348221B
0204080954BC486D0CA40EAAFD030522
1B0704080954B548680C9F0EB1FD03FD
211B0704080854D448780CA00EB8FD03
FD211B0104080954E3480E0A9B0DBDFD
03FD211BFC03080754DE481802950DC0
FD0301221BFB03080754D6480A02910D
C0FD03FD211BFB03080854D648110296
0DBFFD03F8211BFE03080754CC480B02
990DC0FD03F4211BFD03080754C248BE
04FE10C4FD03F8211BFB03080754C748
C3040111C3FD03FD211BFC03080754E1
48BD04FA10C2FD0305221BF603080754
EA48B804FC10BDFD0311221BEB030807
54DC48D001BC0FB8FD0309221BDE0308
0754E848BF01B40FB5FD0316221BD203
080854B348D201AA0FAEFD0326221BC6
03080754D448C201B40FA6FD0326221B
C1030807543949FCFBF0FB9CFD03F631
16C1030807542749F6FBFAFB9BFD03AD
6B0FC3030808543449F7FBF2FBC0FD03
61F60EC1030808543649FCFBEDFB17FE
0337B60EC2030808543249F8FBE82675
FE0368BD0EC1030808543749AC02BF03
C4FE03EF410FC0030808543049AB02C0
03FEFE0387160FC1030809544349AD02
BF032FFF03FAE80EC2030808547E49AD
02BC0386FF03EA0E0FC103080954DA49
A002CA03DBFF0324560EC00308085413
4AA802CA031800042C2E0EC203080854
0E4AA802BB035B00046E000EC1030809
54DE49A602BC038D00046CFC0DC20308
0954EB4A9B02C403A40004426E0EC103
080954204BA002CD039E0004C74D0EC2
03080954C94AA102CD037C00049FBA0E
C003080954634AA902CD035100045C0B
10C1030809545D4AA702C20326000496
330EC1030809544D4AA802CC032B0004
C1620EC1030809542F4AA202CA039200
0443220EC203080954FC499802BF03E1
0004F2980EC303080954DA499F02CA03
00010456900DBF03080954B749A302D0
030B01040D820EC103080954B149A402
C1031A01046AD80EBF03080854E1499B
02C8031A010454F20DC103080854F749
A402C5030C010423B20FC0030808541B
4AA702C503EA0004C5F40DC103080854
F649A802C103B00004B0300DC0030808
54BB49AE02C8036F0004D59E0CC00308
07548B49B302D6032D00042DFD0CC103
0807543E49AE02C503</Data>

   <DataCRC>72d5104e</DataCRC>

   <BytesSent>5865</BytesSent>

</SBEDataUpload>
</InstrumentRawData>
</SBEDataUploadFile>
