<?xml version="1.0"?>
<!-- SCPlusV2_RS232 -->
<SBEDataUploadFile>
<ApplicationData>
<Seaterm232>
<SoftwareVersion>2.6.3.104</SoftwareVersion>
<BuildDate>30-Jun-2017</BuildDate>
</Seaterm232>
</ApplicationData>
<InstrumentState>
<HardwareData DeviceType='SBE19plus' SerialNumber='01906740'>

   <Manufacturer>Sea-Bird Electronics, Inc.</Manufacturer>

   <FirmwareVersion>2.2d</FirmwareVersion>

   <FirmwareDate>9 February 2011 08:30</FirmwareDate>

   <CommandSetVersion>1.1</CommandSetVersion>

   <PCBAssembly PCBSerialNum='25307' AssemblyNum='41054G'/>

   <PCBAssembly PCBSerialNum='25737' AssemblyNum='41580B'/>

   <PCBAssembly PCBSerialNum='24669' AssemblyNum='41606'/>

   <PCBAssembly PCBSerialNum='24372' AssemblyNum='41059D'/>

   <MfgDate>  08 DEC 2010</MfgDate>

   <InternalSensors>

      <Sensor id='Main Temperature'>

         <type>temperature0</type>

         <SerialNumber>01906740</SerialNumber>

      </Sensor>

      <Sensor id='Main Conductivity'>

         <type>conductivity-0</type>

         <SerialNumber>01906740</SerialNumber>

      </Sensor>

      <Sensor id='Main Pressure'>

         <type>strain-0</type>

         <SerialNumber>3220369</SerialNumber>

      </Sensor>

   </InternalSensors>

   <ExternalSensors>

      <Sensor id='volt 0'>

         <type>SBE 43 OXY</type>

         <SerialNumber>432005</SerialNumber>

      </Sensor>

      <Sensor id='volt 1'>

         <type>not assigned</type>

         <SerialNumber>not assigned</SerialNumber>

      </Sensor>

      <Sensor id='volt 2'>

         <type>ECO-FLNTURT CHL</type>

         <SerialNumber>FLNTURTD-2025</SerialNumber>

      </Sensor>

      <Sensor id='volt 3'>

         <type>ECO-FLNTURT TURB</type>

         <SerialNumber>FLNTURTD-2025</SerialNumber>

      </Sensor>

      <Sensor id='volt 4'>

         <type>not assigned</type>

         <SerialNumber>not assigned</SerialNumber>

      </Sensor>

      <Sensor id='volt 5'>

         <type>not assigned</type>

         <SerialNumber>not assigned</SerialNumber>

      </Sensor>

   </ExternalSensors>

</HardwareData>
<StatusData DeviceType='SBE19plus' SerialNumber='01906740'>

   <DateTime>2018-12-07T14:28:32</DateTime>

   <LoggingState>not logging</LoggingState>

   <EventSummary numEvents='241'/>

   <Power>

      <vMain>12.2</vMain>

      <vLith>5.4</vLith>

      <iMain>61.5</iMain>

      <iPump>36.4</iPump>

      <iExt01> 4.1</iExt01>

      <iExt2345>20.6</iExt2345>

   </Power>

   <MemorySummary>

      <Bytes>1492821</Bytes>

      <Samples>87813</Samples>

      <SamplesFree>3782666</SamplesFree>

      <SampleLength>17</SampleLength>

      <Profiles>111</Profiles>

   </MemorySummary>

</StatusData>
<ConfigurationData DeviceType='SBE19plus' SerialNumber='01906740'>

   <ProfileMode>

      <ScansToAverage>1</ScansToAverage>

      <MinimumCondFreq>3226</MinimumCondFreq>

      <PumpDelay>60</PumpDelay>

      <AutoRun>no</AutoRun>

      <IgnoreSwitch>no</IgnoreSwitch>

   </ProfileMode>

   <Battery>

      <Type>alkaline</Type>

      <CutOff>7.5</CutOff>

   </Battery>

   <DataChannels>

      <ExtVolt0>yes</ExtVolt0>

      <ExtVolt1>no</ExtVolt1>

      <ExtVolt2>yes</ExtVolt2>

      <ExtVolt3>yes</ExtVolt3>

      <ExtVolt4>no</ExtVolt4>

      <ExtVolt5>no</ExtVolt5>

      <SBE38>no</SBE38>

      <OPTODE>no</OPTODE>

      <GTD>no</GTD>

   </DataChannels>

   <EchoCharacters>yes</EchoCharacters>

   <OutputExecutedTag>yes</OutputExecutedTag>

   <OutputFormat>raw HEX</OutputFormat>

</ConfigurationData>
<CalibrationCoefficients DeviceType='SBE19plus' SerialNumber='01906740'>

   <Calibration format='TEMP1' id='Main Temperature'>

      <SerialNum>01906740</SerialNum>

      <CalDate>07-Jan-11 </CalDate>

      <TA0>1.255288e-03</TA0>

      <TA1>2.593288e-04</TA1>

      <TA2>-2.376104e-07</TA2>

      <TA3>1.449298e-07</TA3>

      <TOFFSET>0.000000e+00</TOFFSET>

   </Calibration>

   <Calibration format='WBCOND0' id='Main Conductivity'>

      <SerialNum>01906740</SerialNum>

      <CalDate>07-Jan-11</CalDate>

      <G>-1.033008e+00</G>

      <H>1.393941e-01</H>

      <I>-2.175401e-04</I>

      <J>3.475757e-05</J>

      <CPCOR>-9.570000e-08</CPCOR>

      <CTCOR>3.250000e-06</CTCOR>

      <CSLOPE>1.000000e+00</CSLOPE>

   </Calibration>

   <Calibration format='STRAIN0' id='Main Pressure'>

      <SerialNum>3220369</SerialNum>

      <CalDate>21-Dec-10</CalDate>

      <PA0>8.222195e-01</PA0>

      <PA1>1.566037e-02</PA1>

      <PA2>-6.194425e-10</PA2>

      <PTCA0>5.244452e+05</PTCA0>

      <PTCA1>4.417653e+00</PTCA1>

      <PTCA2>-9.798927e-02</PTCA2>

      <PTCB0>2.510725e+01</PTCB0>

      <PTCB1>-1.150000e-03</PTCB1>

      <PTCB2>0.000000e+00</PTCB2>

      <PTEMPA0>-5.917147e+01</PTEMPA0>

      <PTEMPA1>5.387460e+01</PTEMPA1>

      <PTEMPA2>-2.653169e-01</PTEMPA2>

      <POFFSET>0.000000e+00</POFFSET>

      <PRANGE>5.076000e+03</PRANGE>

   </Calibration>

   <Calibration format='VOLT0' id='Volt 0'>

      <OFFSET>-4.687158e-02</OFFSET>

      <SLOPE>1.247988e+00</SLOPE>

   </Calibration>

   <Calibration format='VOLT0' id='Volt 1'>

      <OFFSET>-4.719579e-02</OFFSET>

      <SLOPE>1.248132e+00</SLOPE>

   </Calibration>

   <Calibration format='VOLT0' id='Volt 2'>

      <OFFSET>-4.684526e-02</OFFSET>

      <SLOPE>1.248324e+00</SLOPE>

   </Calibration>

   <Calibration format='VOLT0' id='Volt 3'>

      <OFFSET>-4.678105e-02</OFFSET>

      <SLOPE>1.247145e+00</SLOPE>

   </Calibration>

   <Calibration format='VOLT0' id='Volt 4'>

      <OFFSET>-4.669684e-02</OFFSET>

      <SLOPE>1.248307e+00</SLOPE>

   </Calibration>

   <Calibration format='VOLT0' id='Volt 5'>

      <OFFSET>-4.709579e-02</OFFSET>

      <SLOPE>1.247697e+00</SLOPE>

   </Calibration>

   <Calibration format='FREQ0' id='external frequency channel'>

      <EXTFREQSF>9.999977e-01</EXTFREQSF>

   </Calibration>

</CalibrationCoefficients>
<EventCounters DeviceType='SBE19plus' SerialNumber='01906740'>

   <EventSummary numEvents='241'/>

   <Event type='ErrorFLASHUncorrectableError' count='241'/>

</EventCounters></InstrumentState>
<Headers>

cast  74 03 Dec 2018 07:52:32 samples 66517 to 67444, avg = 1, stop = mag switch

</Headers><InstrumentRawData>
<SBEDataUpload startAddr='1130772'>

   <Type>1</Type>

   <DataFormat>SEACATPLUS0</DataFormat>

   <Bytes>15776</Bytes>

   <Data>
2C290494020BC30308C853174FA502C1
032D29046C010BC30308C953424FA502
CA032D290475010BC20308C953384FA8
02C8032D290479010BC30308C853A250
A402CC032B29040CFD0AC20308C753AF
4F9E02CA03252904BFFA0AC20308C853
894FA202C6031B290450FB0AC00308C8
53944FA202C70311290419FE0AC00308
C853AC51A502C1030B29041B010BC103
08C953E150AB02C703072904DF090BC2
0308C9535952AA02C9030029047B0F0B
C00308C9532452A402C503FD2804DD10
0BC10308C9530352A102C803FC280474
170BC00308CB53775143022004FD2804
57220BC00308CC534B5142021F040329
04BD2E0BC20308CD53E7504A02300405
2904722D0BC10308CE53CE5044022804
092904A7280BC00308D053AA50460227
04082904B61F0BC00308D1534D508402
800A002904B0200BC00308D153CB4F8E
027E0AF62804A12E0BC00308D453D652
7F027F0AE82804F2470BC20308D6539F
5D8A02810ADA2804AC4A0BC20308D653
F25B9F02C903CB280469430BC20308D8
53215AAE02C903BF2804253A0BC10308
D853CB58A302C503AE2804303B0BC203
08D7532557A602C703A02804A6790BC2
0308D9533658A402C803932804DC820B
C30308DA534E57A502BF038528041154
0BC20308DB53A656A602C5037728047C
3B0BC10308D9537C55A402C503662804
3D310BC20308D853A154A202CB035828
04602E0BC00308D8539254AA02BF034E
2804322F0BC10308D753E353B002C503
4028040D320BC30308D6530854AA02C9
03352804E0290BC10308D553FC53A102
C70329280493200BC10308D6538053A9
02C3032028049D170BC00308D453A353
A402CC0316280426110BC20308D353E7
52AB02C9030E28041C0D0BC30308D353
FA52AD02C803072804480C0BC10308D2
53CF52A402C303002804370D0BC10308
D253C452A302BE03F92704880D0BC203
08D3537852AE02BE03F52704C40C0BC3
0308D253B152A202C803EF27049D0B0B
C20308D2538F53A502CB03ED27040D0A
0BC20308D153FC52A402C803E9270492
050BC00308D153EC52A602C503E52704
15030BC00308D1537452AA02C503E127
04FA260BC00308D0530D55A602C803DD
27048C260BC10308D153B555A702D003
D92704BB1A0BC00308D1535C54A802C3
03D9270403120BC20308D253BC53A402
CC03D327049C110BC10308D253A153A2
02C303C8270447120BC20308D353D452
AB02C103BB270463100BC10308D453F6
51A202C603AB2704560D0BC20308D453
9D51A702C5039D2704AE0A0BBF0308D4
531651AA02C3039627042E170BC00308
D453F650A502C203972704DA140BC203
08D3538D50A902CA03822704A3110BC1
0308D353A850A102B903762704BA0E0B
C20308D453B950AA02C303E42604607E
0FC70308D4531051A202C303621D0427
4F0ED30308D4538D52A602CE03261104
E6360CD80308D45393529E02C603300B
04C9320CD90308D553D3549D02BD039A
08043D1E14DD0308D65343581801A612
9C060490C70CE90308D65399561E01A8
12350504376613EF0308D653D4551E01
A712D2040460EF17F50308D55304551B
019F12B60304EF151BF90308D5534455
1401AB129401046E1C1BF70308D65329
55ED04B70F95FF034B1E1BF30308D653
F354EF04B80F5AFE03461F1BF30308D6
536654EE04BA0FAEFD03FA1F1BF80308
D6532F55EF04AE0F3AFD0373201BF903
08D6532E56A101E60DEDFC038C201BF9
0308D6538655A201E60DBFFC03F11F1B
F50308D653D6549E01E80DB8FC03241F
1BF40308D5536254A001EC0DBAFC03E6
1D1BF60308D6530254C101490FC3FC03
501D1BF60308D6536553BF01470FDBFC
03751D1BFA0308D6531E53B601450FEA
FC03781E1BFA0308D6535F53B4013E0F
EEFC03181F1BFD0308D45320532603E1
0CDAFC03521F1BFF0308D453F2522403
E30CCAFC032D1F1BFE0308D453C35222
03DB0CC2FC03CD1D1BFF0308D4539152
1D03DF0CC8FC03281B1BFC0308D45361
522003E20CD9FC03661B1BFF0308D453
885238024F0EFCFC03BB1A1B020408D4
53555241025B0E10FD034B191B050408
D453BC514002590E18FD0364181B0604
08D453BD514802550E9AFD03DB181B09
0408D35303510B03900E14FF037A181B
0A0408D353D8501303870E4700047A18
1B0D0408D353F0500D03950EF7000463
171B110408D253D7501103950E100104
6A181B150408D353D650A703BE0E8B00
04E0171B160408D2539350AB03AB0ED0
FF03A8151B160408D2537050AF03B80E
51FF03F1141B140408D2538550B603C0
0E69FF035F141B140408D25332508D03
3D0EE5FF03EA131B160408D25306508D
03290E550004A3131B160408D253E04F
89032F0EF80004C9141B190408D153D1
4F89032D0E1E0204CE151B180408D253
AD4F8903350E50030443161B190408D2
53854F2B03ED0EC1030483151B190408
D253694F1F03E60EFB0304CB141B1904
08D3531F4F2303F50E6504041D161B1A
0408D453E84E2303F80EC504046B171B
180408D353D44E2C02350E6804048017
1B160408D353A54E2502340E990304F6
161B1B0408D353A44E3502360EF00204
5C161B1E0408D253CA4E2802330E8E02
04BD151B1F0408D3536C4EA6020D0F60
020431151B1E0408D353654EAA02FF0E
2202046D131B1A0408D3537D4EA20208
0FA50104FA111B130408D3533C4E9F02
000F51010414111B150408D353214E02
03A80E6D01047D111B180408D353104E
FC02980EC101046A121B1B0408D253E3
4D0403A90EB501040E121B1C0408D253
C74D02039C0E700104AF111B1C0408D2
53C44DFC02A60E1E0104F5111B1A0408
D153AD4DE002710EBB000481111B1D04
08D153874DE4026D0E6B0004240F1B1E
0408D053A54DE202740E970004DE0E1B
1C0408D153764DE202750E250204970E
1B190408D053814DA702690E550304DE
0E1B160408D053924DA302640EF80304
B60F1B170408D0537A4DA402610E5404
04780F1B1A0408CF534B4DA402670E5A
0404720E1B1C0408CF533C4DCF02320F
2D0404520D1B1B0408CF53114DB90230
0F010404D10C1B230408CF53024DC002
370FD903049B0C1B250408CF531B4DC7
02310FF903042B0C1B240408D053F14C
9902930E960404CB0B1B1F0408D053D8
4CA8029A0E5105041A0C1B160408D053
CB4CA402950ED10504E60C1B100408CF
53C94CA3029A0EDF0504D90C1B130408
D053BF4CA4028D0EBC0504D50C1B1604
08D0530A4D1403E30E2B0504C50C1B21
0408D053F64C1203E80E5A04045F0B1B
250408D053E04C0703EB0EF603047A0A
1B280408D053E64C1103EE0EEA030412
0A1B260408D053D74C7702E10EC60404
E4091B210408D153CF4C8602E10E9B05
04480A1B180408D053114D8502E40E14
0604820A1B100408D0530F4D8202E10E
2F06049B0A1B0D0408D153D14CE702CA
0E1606047C0B1B150408D153EE4CF502
C50EBB0504050E1B210408D153C64CEF
02C40EA60404E80D1B2B0408D053D24C
ED02BC0E3C03042D0A1B2E0408D153B9
4CD502C10E5C02047C091B2B0408D153
BF4CCF02B10E000304B6091B200408D1
53BA4CDB02C90E9604040E0A1B1B0408
D053C44CD002C00E8F05047E0A1B1A04
08D053E14CCF02BC0ED905047C0B1B23
0408D0539C4C0003410F850504AC0C1B
2C0408D053AA4C0203460F490404C709
1B310408D053B34C0203420F2F03041C
091B2E0408D053B34C0003460F0E0404
2D091B280408D153B44CD102D70EA605
04F1091B220408D1538F4CD002CD0E8A
06044C0A1B1D0408D1537D4CCD02CD0E
D00604270A1B1E0408D153974CDB02DE
0EAA0604E4091B250408D053794C1E03
840E5A06047C091B2C0408D153994C22
037B0E0206049C081B300408D053554C
27037D0ECD050440081B300408D05355
4C26038C0EFB050406081B300408D053
634CE002F20E9A06040A081B2B0408D0
53694CE802EF0E3A0704B9081B290408
D053644CE802F50E8D070467091B2904
08D053794CE502F10E76070442091B30
0408D053524CE602EB0EF006042F081B
320408D053394CF702AF0E740604D007
1B390408D0534A4C0403BA0E4F060496
071B370408D153584C0003B40ED40604
9A071B350408D153524C0203BA0E8F07
040E081B380408D153454CB102D60EF4
07045D081B3A0408D153454CA702D80E
DB07043D081B3C0408D053694CB002D5
0EA90704B3071B3F0408D1537F4CB302
DB0EA2070443071B3F0408D053974CD8
02140F9F070419071B420408D1539A4C
E802100FCF0704DC071B430408D1538C
4CE602190F0208049C081B450408D253
8C4CDC02040FDB07044D081B480408D2
53194CD002960E66070453071B4A0408
D353F84BDF02900EE10604DF061B4E04
08D253114CD202960EE30604A9061B4D
0408D253194CDC02910E6C070473061B
4D0408D253C94BCC02910ECE07048806
1B4C0408D353A54BCB02D30EFA070447
071B4F0408D253D24BD002DA0E080804
DC071B4F0408D253364CCF02CC0ED607
044D081B540408D2534E4CCA02D40E21
07042A071B590408D253154CF002170F
9E0604A5061B5D0408D353534CFA0204
0F57060483061B600408D4530E4CEF02
1C0F6C060452061B630408D453FC4BF6
02090FF406040F061B640408D3533B4C
B002C30EA207040F061B610408D35339
4CA602C10E1F08040D071B5E0408D353
034CB102C60E66080466081B610408D3
53454CB702BF0EF90704C3091B650408
D353324CDC02B60E06060459081B6C04
08D2531E4CDB02C80E060404C2061B72
0408D253DB4BD802C20E3203046A061B
730408D253B64BE302C00EEB04042308
1B760408D253BD4BDE02C10EB006046E
081B790408D253BA4B3A031A0F7B0704
0A081B750408D253B84B3503150FBB07
0412081B760408D253C04B4003120FAE
070476081B740408D253E04B3603170F
000704B5081B750408D253BB4BF802AB
0E430604A0081B7A0408D253C04BFF02
A40EB90504DD071B7F0408D253D44B07
03A40E56050425071B820408D353E54B
0603AE0EEA0404A5061B850408D353E6
4BEF02CE0E8C0504DB061B880408D353
964BED02C90E9D060479071B870408D2
536D4BED02CA0E210704D0071B870408
D353724BEB02BD0E22070417081B8404
08D3536D4BCB02D50EF8060472081B85
0408D453654BC202D50EA206046B091B
860408D453564BC102E10EB805045D0A
1B8C0408D453434BC802EA0EAA0404B7
071B900408D4533A4BC802D60E230404
62061B920408D453484BE702F50E4705
0443071B950408D353FA4AE402F20EC7
060493081B960408D353AF4ADD02F60E
5A070442091B980408D353D54AE802ED
0E0707043A091B990408D253E84A0603
D10E04060466081B980408D2536A4A08
03D20E6505046C071B980408D2539C4A
0603CC0E15050460071B970408D253B5
4AFB02D50E4D05046B091B980408D253
734A9302CD0E9A0504800B1B9D0408D2
537D4AA902C60E070504B40A1BA40408
D253684AAA02CB0E13040434081BA904
08D153D84AA502C90E77030443071BAA
0408D153ED4AD302D10E8A040425071B
AC0408D053E94ACE02C40E3D06041708
1BAD0408D1531A4BCF02C80E680704F1
091BAA0408D0532B4BC802C60EA40704
070B1BAC0408D053374BCC02CB0E7506
04F30E1BB10408D053524B0503D80E9B
0404D60D1BB50408D0535E4BFC02E70E
38030421091BB80408CF53524BFE02DA
0ECE0204B9081BBA0408D053584BFA02
D70E660404D50A1BBD0408D053624BF9
02A70EC605045A0B1BBF0408D0537B4B
F002B00E3F06045A0B1BBD0408D05393
4BE902B10E280604F40B1BBE0408D053
AC4BF102AD0EBC0504FF0C1BBE0408D0
53BA4BEF02A20ED60404930E1BC40408
D0539D4BE602AD0EAB0304E80B1BC904
08D053884BE102A40E95020470091BCA
0408D0539B4BE502AF0EDB020467091B
CB0408D0539A4B0103D30E220404CF09
1BCE0408CF53AD4BF902D40E310504FF
0A1BCF0408D053C24BEF02D80ED50504
A10B1BD10408D053B34BEA02CD0EEB05
04E80B1BD40408D153B14BF102D10E6D
0504C50A1BD60408D053894BEA02C90E
EB0404C3091BD70408D053784BE502C0
0E100504AE091BD60408D0538F4BF602
BA0EDC05047E0A1BD40408D053CE4BE8
02BE0E5E0604C30B1BD70408D153DD4B
FB029E0E5006040F0D1BDA0408D153D8
4BFC02890EBB0504E80D1BE10408D153
394C0403930E9C0404350B1BE50408D0
53454C0903970E6B0304E8091BE60408
D053304CE402D20EF103046D0A1BE704
08D153414CE402CB0E630504840B1BE8
0408D0534C4CE402D20E240604220C1B
E60408D0534C4CE802DD0E600604A30C
1BE70408D053674C3303D10E2E060493
0C1BEB0408CF536E4C2203D80E4C0504
8E0C1BF00408CF53694C1F03D20E5C04
044A0B1BF70408CF537B4C2B03CF0EB6
0304930A1BFA0408D053714C1F03C20E
B20304440A1BFB0408D053634CE602BA
0EC60404E20A1BF90408D0536C4CE602
B00EDA05042F0C1BFA0408D0538C4CEF
02B10E5D06045C0C1BFB0408CF53954C
E002B50E4F0604820C1BFE0408CF53AE
4C0003CB0E980504860C1B000508D053
C54CF502DA0E820404F00B1B060508D0
537A4CFE02D80EDD03045A0B1B0D0508
D0539F4C0803D00E700304FF0A1B1305
08D053BF4CF302BE0EC80304EA0A1B12
0508D1539E4CF902BC0E1B0504D30B1B
120508D153884CED02BA0E1C0604970C
1B0F0508D1538C4CF102C30E43060456
0F1B160508D153874CF502A20EBB0404
1A151B1C0508D153AE4CEF029E0EB402
0476101B210508D2535D4CF202A60E3E
0104180D1B260508D2534E4CE902A20E
FE0004B80C1B2A0508D253574CF602A9
0E5B02046D0C1B2E0508D2533D4CD502
A00EB903044C0C1B2E0508D2533F4CE4
02A50EA90404C10E1B2F0508D2537F4C
D802AB0E2305042F101B300508D15359
4CED029C0E2F0504E00F1B350508D153
454C1103B10E960404DC0F1B3B0508D1
53544C1503AA0E7E0304740F1B420508
D1534E4C0903AD0EA70204650E1B4805
08D153534C1703A40E0402041C0D1B4C
0508D053704CCD020F0FED0104C90C1B
4D0508D0534C4CD302190F330304F00D
1B500508D0536A4CDA021A0F3C0404B0
0E1B540508D0537D4CD6020F0F910404
F70E1B560508D153774CFA02A90E6604
04B3171B580508D053654CFC02B30EA7
0204D7201B5D0508D153B44CFC02AF0E
EAFF03AD211B630508D153844C0003AF
0E18FE03D3211B680508D153884C0303
B80E26FD0305221B6A0508D153784CE8
02C20EA2FC031E221B6B0508D1538E4C
ED02CF0E58FC0333221B700508D253AF
4C0003CA0E33FC032E221B750508D253
C84CF102C10E1EFC0337221B760508D2
53BA4CF802B90E15FC0344221B750508
D253E44CFD02C60E11FC0365221B7305
08D253F74C0403C10E0DFC035D221B74
0508D253284DFE02D00E0DFC0372221B
7A0508D253394D2203A3110EFC037A22
1B7E0508D253664D2203A0110AFC038B
221B880508D2539C4D1C03A71106FC03
7E221B8D0508D153944D2B03A61101FC
0376221B900508D1537A4DEC02A90E00
FC038B221B900508D253D14DF102A40E
04FC039C221B900508D153A74DF102A0
0E02FC039C221B900508D153D74DF702
A60E02FC03A0221B920508D053FE4DF0
02A50E01FC03A8221B980508D2533C4E
DF025C0F01FC039E221B9F0508D05329
4EE402600F00FC03A8221BA40508D053
414EE1025B0FFEFB03B5221BA50508D0
53514EE702670FF7FB03C1221BA50508
D053714E0703890EF3FB03CE221BA505
08D153864E0403870EF3FB03D2221BA8
0508D153B84E09038D0EF3FB03CA221B
AB0508D153924E0E03830EF2FB03D222
1BAF0508D253AA4E0B03CF0EF2FB03CB
221BB20508D153B94E0803C60EF3FB03
BD221BB80508D253D04E0403BD0EFBFB
0398221BBD0508D253C44EF702BE0E01
FC0398221BBE0508D253DF4EF402A60E
06FC0398221BBE0508D253F64EED029C
0E0CFC03AD221BBF0508D353154FEC02
9E0E0DFC03B9221BC00508D353FB4EEC
02940E0BFC03BB221BC40508D253114F
ED02950E07FC03CE221BCA0508D3530C
4FCE02CB0E03FC03C6221BCD0508D353
284FD302DC0EFDFB03D2221BD00508D3
53564FCA02C90EF8FB03DB221BD10508
D353644FD202CE0EF5FB03D6221BD505
08D353634FD102D50EFDFB03BD221BDB
0508D353624FD102DC0E00FC03D3221B
DF0508D353314FC402C70EFFFB03D222
1BE30508D353604FC802D10E02FC03CE
221BE80508D353784F0703BF0E03FC03
B1221BEC0508D353734F0B03B60E0CFC
03A0221BED0508D2536B4F0703B80E14
FC03A4221BEC0508D2537B4F0303BC0E
19FC03B1221BED0508D253774FEF02CD
0E19FC03B1221BF00508D253864FF602
C70E19FC03AA221BF60508D253B04FF8
02D80E1CFC03C6221BFE0508D253C24F
EE02CA0E15FC03BD221B060608D153BC
4FFA02CF0E13FC03B9221B0B0608D153
B34FDE02F80E15FC03AD221B080608D1
53E64FE802F60E19FC03AD221B090608
D0532D50E402FE0E1BFC03B5221B0906
08D0535B50DB02050F1BFC03AE221B0C
0608CF531C50F802C70E1CFC03A8221B
100608D0530D50EB02BA0E1FFC039C22
1B140608D0531E500003BC0E24FC039C
221B150608D1531550ED02B50E28FC03
87221B160608D053DB4FCF02CA0E30FC
0387221B1C0608D0530250D102C60E35
FC0393221B230608D053F84FD702C30E
34FC0372221B2A0608D0530D50D302BA
0E3EFC0336221B300608D053DB4FFC02
B00E53FC0344221B330608D0533C50FE
02A90E5DFC0344221B360608D0533850
F702A30E60FC0355221B360608D05347
50F802960E5FFC0350221B360608D053
0750F902AE0E5BFC0365221B370608D0
530550E802C60E57FC0359221B390608
D053E44FEF02CF0E5AFC033A221B3C06
08D1530450F302D40E66FC031E221B41
0608D1531850EF02D00E78FC03CA211B
470608D0530D50E602F40E96FC03AD21
1B4E0608D053FB4FD802F20EB7FC0362
211B560608D0532950EB02F00ED8FC03
59211B570608D0530650D902EE0EF2FC
0359211B560608D0532950ED02E90EFE
FC036E211B550608D0533A50EE02E00E
FDFC0380211B540608CF530950F402D6
0EF8FC0387211B550608CF530950EF02
D30EF3FC0372211B5E0608D0531C5002
03CD0EF4FC0351211B660608D0531850
0703BD0E00FD0340211B6B0608D15310
50FE02C70E0EFD033C211B6D0608D153
17500203C20E18FD033C211B720608D1
531A500103B80E1BFD0338211B770608
D1534250F502CB0E1DFD0338211B7306
08D1535750EA02BC0E1EFD0338211B71
0608D1531B50F702C60E20FD034D211B
720608D0535B50F102BD0E1BFD035121
1B770608D0534050F902DA0E18FD033C
211B7D0608D1533E50F702E10E17FD03
38211B800608D0531B50F102EF0E1DFD
0338211B820608D0531750E602DE0E20
FD0338211B870608D1533750E102D50E
20FD032F211B880608D153F34FE402CB
0E22FD0334211B8A0608D153E64FD602
DF0E23FD0334211B870608D153DA4FD1
02E00E25FD0334211B860608D0535C50
F002F30E25FD0338211B8A0608D15356
500F03E00E24FD0334211B960608D153
4E501403EB0E23FD0340211BA00608D1
5355501803EA0E1FFD0340211BA80608
D15338500803E80E1EFD0340211BA906
08D15332501503DB0E1CFD0340211BAA
0608D153E34F0803CB0E1CFD0340211B
A70608D15303500F03D10E1DFD034021
1BA50608D153F44F1603C70E1DFD0340
211BA90608D1532850E602E30E1CFD03
44211BB00608D2531150DE02E20E1BFD
0340211BB90608D2532C50DB02E30E1F
FD0338211BC10608D2532250DD02F10E
1EFD033C211BC70608D2532350F702E4
0E22FD033C211BCE0608D2536250FF02
FA0E20FD0340211BCB0608D3532B50FE
02F90E21FD0338211BCA0608D3533B50
E602F30E21FD033C211BC70608D2533C
50F502F80E21FD0338211BCA0608D253
04502403F80E21FD0338211BD40608D2
5366502C03EF0E22FD0338211BDC0608
D35380502103F80E24FD0334211BE106
08D3534B502003FA0E26FD0334211BE6
0608D2531150EF02D80E27FD0334211B
E40608D3533C50F202E40E27FD033821
1BE00608D2536250FB02D80E26FD0334
211BDF0608D2533C50F402DD0E26FD03
34211BE30608D2535F500F03C00E28FD
0338211BEA0608D1533950FE02C50E26
FD0338211BEF0608D1532C50F602C50E
27FD033C211BF80608D0530050FE02C0
0E26FD03E8201BFB0608D0532050D502
F60E24FD0301211BFC0608D1533850D5
02EA0E26FD033C211BF80608D1533650
CC02F30E25FD0334211BF80608D0532C
50D902F10E26FD0334211BF80608D153
2350CB02F00E28FD0334211BFE0608D1
5320500803D80E2BFD0334211B090708
D1532A500803D60E2AFD032F211B1107
08D05329500603CE0E2BFD032F211B17
0708D15327500703CF0E29FD032F211B
170708D1532450CE025F0F2BFD033421
1B130708D1532050D402690F2BFD032F
211B110708D1533650CA02570F29FD03
34211B140708D1531550CE02630F2BFD
0338211B170708D1534250D802AD0E28
FD0340211B200708D1532350D402B90E
26FD034D211B290708D1531850CE02AE
0E1FFD0355211B2D0708D1531150D702
B40E16FD0362211B2F0708D0531C50EF
02B90E11FD036A211B2E0708D0532850
F302B80E0BFD0366211B2B0708D0531D
50F402BE0E08FD0368211B2D0708D053
1950F902C50E07FD036A211B340708D0
533350EA02C60E09FD0372211B3C0708
D0531850FE02F30E05FD036A211B4307
08D0532B50FA02FC0E02FD0398211B49
0708D0532750FA02F60EF9FC037F211B
4F0708D05315500403E90EF9FC035D21
1B4D0708D0530B500803D80E02FD036E
211B490708D053F44FF502E70E03FD03
78211B4A0708D153F34F0603D80EFFFC
037B211B4A0708D15304500403E60EFE
FC0387211B4D0708D1532B501503D50E
F9FC039C211B530708D15333501003D1
0EEFFC039C211B590708D15311500C03
CB0EE8FC039C211B5E0708D253205011
03D00EE5FC0398211B650708D1533150
0D03A90EE3FC03A1211B6E0708D1533E
50FE02B70EE4FC039C211B750708D153
34500F03B50EE7FC039C211B770708D1
533E50FE02AF0EE6FC0398211B760708
D15313500A03AD0EE4FC0398211B7507
08D1531E50F302FC0EE5FC039C211B73
0708D1532E50F102EE0EE5FC039C211B
710708D1533450F202F50EE6FC039C21
1B750708D1537550FE02F80EE6FC0399
211B7A0708D25356500003E40EE5FC03
98211B810708D2539250EF02EB0EE7FC
0394211B840708D2535A500803F10EE8
FC0390211B870708D2531B500503D60E
EFFC0390211B8A0708D2532150ED024C
0FEFFC0390211B8D0708D2534F50FB02
4B0FEEFC0394211B900708D2536A50EE
024F0FEDFC039C211B940708D3536250
F602490FEAFC03A9211B980708D35376
50CF02DA0EE6FC03A5211B970708D453
7350CB02E20EE3FC03AD211B9A0708D3
535650D302DC0EDFFC03B1211B9D0708
D3536B50C802D80EDDFC03B5211BA007
08D3537F50D502E40ED9FC03B5211BA5
0708D353AB501303F80ED9FC03BE211B
AE0708D353BC500103FA0ED7FC03C521
1BB50708D253CB50FE02FE0ED4FC03B1
211BBB0708D253F1500B03F90ED7FC03
9C211BBA0708D253B750F1022B0FDCFC
039C211BB80708D253A250F9021E0FE1
FC03A5211BB70708D2539A50F2021A0F
E2FC03B5211BB60708D353A150F20227
0FDFFC03BA211BB80708D353A5500F03
010FDBFC03B5211BBA0708D353055111
03080FD8FC03B1211BC40708D2532851
1E03070FDAFC03A9211BCF0708D25359
511503FA0EDCFC03AD211BD30708D153
1651FA02040FDFFC03AD211BD30708D2
530A51E4020B0FDFFC03AD211BD00708
D253B050F902F80EDFFC03AD211BD007
08D253C350F402050FDEFC03AD211BCE
0708D3538050F202F80EDEFC03AD211B
D20708D353B850FC02C60EDEFC03AD21
1BD70708D3530851F002C30EDEFC03AD
211BDE0708D3531A51E802CA0EDDFC03
AD211BE40708D3530451ED02C30EDDFC
03AD211BE80708D353A550FC02590FDE
FC03AD211BEA0708D353BF500D03530F
DFFC03AD211BE80708D253855004034F
0FDEFC03B1211BE70708D25383500203
530FDEFC03AD211BE80708D253A7500D
03670FDFFC03AD211BEB0708D253D050
FE025D0FE0FC03B1211BF30708D253AE
500803660FDEFC03B1211BFD0708D353
B9500003600FDDFC03B5211B010808D3
53CA5000031E0FD9FC03B1211B040808
D35398500B03220FDBFC03B5211B0408
08D3539E50FD022B0FDAFC03B5211B03
0808D2537150F902150FD9FC03B1211B
040808D2539450F302250FD9FC03B521
1B040808D253AB500B03D30EDAFC03B5
211B080808D25318511003D40EDBFC03
B5211B130808D3536A510F03D70ED9FC
03C2211B170808D3539B510F03C80ED6
FC03C6211B1B0808D2532E51F1024F0F
D2FC03C6211B1E0808D3530951F1024F
0FCCFC03C5211B1D0808D353DF50EE02
4E0FD0FC03C6211B1B0808D353DD50F7
02480FCCFC03C2211B190808D4530C51
0203100FCFFC03C2211B1F0808D45392
51FC02060FCEFC03C6211B290808D453
6F520D03100FCDFC03CA211B2F0808D3
53BC52F402070FCEFC03CF211B340808
D3537C520703360FCBFC03CF211B3908
08D353E4511303360FCCFC03CD211B38
0808D353E4511303340FCBFC03CF211B
3A0808D353CA510F03340FCAFC03CF21
1B3F0808D35388521303320FCAFC03CA
211B440808D4536B530F03880FCAFC03
CF211B4A0808D353B1531403840FC9FC
03D3211B4E0808D353055308038C0FC9
FC03D3211B4F0808D3539A521803800F
C9FC03D3211B560808D2534953EF0234
0FC8FC03D1211B570808D2531A53EE02
360FC7FC03CF211B580808D153A452EA
02360FC9FC03CF211B5B0808D153F152
E502360FCBFC03CF211B5D0808D153FD
52ED024E0FC9FC03D3211B620808D153
ED5202034F0FCBFC03CF211B690808D1
536152F6024F0FCAFC03D3211B6C0808
D153EB51F102560FC9FC03D9211B6C08
08D153CC5101031C0FC9FC03D7211B6D
0808D153AE510D030B0FC7FC03D3211B
6D0808D1539651FB020F0FC8FC03D321
1B720808D053CA51F9021E0FC8FC03DB
211B760808D0538151FE021A0FC6FC03
DB211B7B0808D0536651FE02B30FC4FC
03DF211B800808D153BD51FA02AB0FC2
FC03DF211B860808D1530F52FF02B40F
C3FC03DD211B880808D15372520603B2
0FC1FC03DF211B8D0808D253C852E902
870FC3FC03DF211B8C0808D253B252E6
02800FC2FC03DF211B8A0808D2532F55
DF02870FC2FC03DF211B8A0808D25396
54F202870FC3FC03DF211B8F0808D153
F5531103890FC3FC03DF211B930808D1
53855309038B0FC2FC03E5211B950808
D25316530B038F0FC1FC03E8211B9608
08D25347531003900FBFFC03E8211B98
0808D253E5520003DB0FBDFC03E3211B
9B0808D2538352F702DA0FBFFC03E821
1B9C0808D35380520303D90FBCFC03F0
211B9B0808D35368520D03D80FB8FC03
F4211B9F0808D3536C52F702D60FB6FC
03F4211BA00808D35316520F03DF0FB4
FC03F5211B9D0808D353F451F902D80F
B5FC03F4211B9E0808D353A6510503E0
0FB4FC03F4211B9E0808D2539251FC02
E30FB4FC03F4211B9E0808D2538151EE
020210B4FC03F4211B9B0808D2537751
FC02F70FB4FC03F4211B9C0808D253AD
51F0020010B3FC03F4211B9A0808D353
A551F1020310B4FC03F5211B9A0808D3
5392510103C70FB2FC03F4211B990808
D4535F51F902D00FB2FC03F4211B9808
08D35368510203C10FB3FC03F0211B98
0808D35320510403C70FB2FC03F0211B
9A0808D25355511503B60FB6FC03F021
1B9A0808D25302511C03AF0FB8FC03F4
211B9B0808D253EC501103B30FB4FC03
F4211B9C0808D25398501303B80FB5FC
03ED211B9C0808D25393500F03AA0FB8
FC03F0211B9B0808D253F650DE020210
B7FC03F0211B9B0808D253BC50DC02F7
0FB7FC03F4211B9A0808D353F050D602
0910B5FC03F4211B9A0808D3538750DE
02F80FB7FC03F8211B9C0808D453C750
D2021210B5FC03F8211B9C0808D453BC
50D5021810B2FC03F9211B9F0808D353
6550CA020C10B1FC03F8211B9E0808D3
537A50CC020310B1FC03F4211B9F0808
D353BE50ED026110B3FC03EC211B9F08
08D3536750EC026210B8FC03F4211B9F
0808D453D950FC025410B8FC03F0211B
A10808D4538950F8025C10B6FC03F021
1BA00808D553A75008030610B6FC03F0
211BA20808D453A65013030010B5FC03
F1211BA10808D453945006030910B6FC
03F0211BA30808D353A2501303FC0FB6
FC03F8211BA30808D353C4500D03FE0F
B5FC0305221BA30808D353A150F50205
10AEFC0301221BA30808D353B650FA02
F80FADFC03F0211BA20808D453A750ED
02FC0FAEFC03FD211BA40808D353A750
F302FC0FAFFC0301221BA30808D453E8
50E2021610B0FC0301221BA20808D453
BF50E8022510ACFC0301221BA30808D4
538A50DE022810ACFC03FD211BA20808
D453E250DB022010ADFC03F4211BA108
08D453C3502303F60FAFFC03F8211BA1
0808D35387502903FC0FB2FC03F4211B
A10808D3537A501503FC0FB4FC03F421
1BA00808D3537D5029030810B6FC03F1
211B9F0808D353C9500803F20FB7FC03
F0211BA00808D353F850FA02EB0FB6FC
03F0211BA00808D453B3500003F60FB8
FC03F4211B9E0808D453BE500503F30F
B6FC03F8211B9E0808D45383500403E5
0FB6FC03F8211B9C0808D4536450F802
F60FB4FC03F8211B9B0808D4537F50F3
020010B1FC03F8211B9D0808D4536F50
E202FA0FB1FC03FD211B9D0808D4537A
50FF020510B0FC03FD211B9F0808D453
6550FB022B10B1FC03FD211B9D0808D3
535850F2021D10B0FC0305221B9D0808
D453695001031A10AEFC0305221B9D08
08D453965005031910AAFC0305221B9F
0808D453C7500E03ED0FA9FC0301221B
9E0808D553DA500903EB0FABFC030122
1B9F0808D5538B500C03F90FACFC03FD
211BA00808D5536F501203FA0FAEFC03
FD211B9D0808D4536750F7021E10AEFC
03F8211B9F0808D4535E5006031810AE
FC03F8211B9E0808D453515006032910
AEFC03F0211BA00808D4537A50FC021A
10B5FC03F0211BA00808D4539250FF02
2010B5FC03F8211B9E0808D453D250E9
023910B4FC03F5211B9F0808D453BF50
E6023410B4FC03F8211BA20808D453C5
50ED022510B1FC03F8211BA20808D453
7E50F7023610B2FC03FD211BA20808D4
539E50F5020B10B0FC03F8211BA30808
D453BA50F5020310B1FC03F8211BA208
08D5530051F0020F10B2FC03FD211BA4
0808D4532351F1020B10B0FC03FD211B
A10808D453615109036710AEFC030122
1B9F0808D453F65003036410AEFC03FD
211BA00808D553E55002036310AEFC03
FD211BA20808D553EE5004036510AEFC
0301221BA20808D553BF50E9029A10AF
FC0301221BA40808D5535051F102A510
ACFC0301221BA30808D5536051E7029A
10AAFC0305221BA40808D5530C51EC02
9910ABFC0301221BA40808D553F650E9
028B10ABFC0301221BA40808D453CC50
F7027610ABFC0301221BA30808D553B0
50E6027210AAFC0305221BA20808D453
AB50EA027510ABFC0301221BA30808D4
539250F7027210AAFC0305221BA40808
D453C150FB022410ABFC0301221BA408
08D3532951FA023510ABFC0305221BA3
0808D4535451EC023510AAFC0309221B
A30808D4534351F2023310A9FC030522
1B9F0808D4532551DD025210A8FC0309
221BA10808D453E550DD024310A9FC03
09221BA10808D453F850EE024910A7FC
0309221BA30808D353ED4FDB024D10A8
FC0305221BA30808D3536A50F102E410
A7FC0309221BA30808D4537F50EC02E4
10A7FC030D221BA10808D4531B51F702
E310A8FC0309221BA20808D453EC50EF
02E510A7FC030D221BA00808D353C950
0103E110A5FC03F8211B9F0808D353BE
500D037811ACFC03F4211B9E0808D353
C75008037611AFFC03F0211BA30808D4
53D250F4027C11B4FC03F8211BA10808
D453F85013038011B5FC03E5211BA208
08D553DD5000034813B9FC03F0211BA2
0808D45336510C033D13BAFC03F8211B
A50808D553FD5007033713B6FC03F421
1BA40808D553F650F8024913B7FC03D7
211BA60808D553FD5011039912BDFC03
DF211BA50808D55355511703A212C3FC
03E3211BA60808D653F55022039712C5
FC03DB211BA70808D653E65008039412
C3FC03F1211BA90808D553D5501C0338
13BFFC03EC211BAA0808D65345512603
4113BCFC03F4211BA80808D653E55022
034A13B8FC0301221BAA0808D653B350
1D034413B2FC0309221BAB0808D55372
511E034C13AEFC030D221BAB0808D553
EA51F3020013AAFC03EC211BA90808D5
537F51F102FB12B2FC03E1211BA90808
D4532851F202FC12BCFC03E3211BA908
08D553F9500103F212BFFC03EC211BA9
0808D553E7500F03BD10BEFC03F0211B
A70808D45389501303D510BBFC03F421
1BA60808D45391501603C710B7FC03EC
211BA50808D45364501203C410B8FC03
DF211BA60808D4537A50F3021A11BFFC
03E3211BA40808D453A550F3022411BF
FC03ED211BA30808D5538150FA023011
BEFC03F0211BA50808D5539550F20227
11BCFC03EC211BA50808D553A9500F03
1F12BCFC03E8211BA40808D553EF501D
031212BCFC03F0211BA40808D553CF50
18031012BCFC03F0211BA30808D653B0
511C031412BAFC03EC211BA10808D653
36510F031112BAFC03EC211BA30808D6
53E150FF02B912B9FC03F1211BA20808
D753BA500403C812B9FC03F4211BA208
08D75366500503BC12B8FC03F8211BA1
0808D6534D500203BB12B5FC03F8211B
A20808D7531A50FD020E15B4FC03F821
1BA30808D753445015031215B4FC03F8
211BA10808D7537F50F9020E15B3FC03
F8211BA10808D65333510C030615B3FC
03F5211BA20808D5538A5100038812B1
FC03FD211BA20808D4534451F5028612
B1FC03F8211BA30808D5535751EF0282
12B2FC03E8211BA30808D5532551E702
7F12B6FC03EC211BA40808D553FD5105
03C512B9FC03F4211BA20808D553BE51
F902D312B9FC03F4211BA30808D553F9
510803CA12B7FC03F0211BA30808D553
B751FB02D012B8FC03E9211BA40808D5
5358510003D112BAFC03F0211BA60808
D553925108038D10BAFC03F4211BA808
08D45318500F039010B9FC03F8211BAA
0808D5534B5011038B10B2FC03FD211B
A80808D553FD4F14038B10B2FC030522
1BA70808D553CB4FF302EA10ACFC03FD
211BA60808D553E94FF102EF10ADFC03
ED211BA40808D553B44FEF02E910AFFC
03F4211BA30808D553FA53F102E910B4
FC03F4211BA30808D653835604036F10
B6FC03F8211BA80808D65362560C0371
10B3FC03EC211BA40808D6539B55FA02
7C10B8FC03E8211BA50808D6538C54FE
027710BCFC03EC211BA00808D653BB53
08031C11BAFC03F0211B9B0808D65372
530A031011B7FC03F1211B980808D653
E9520D031D11B8FC03EC211B940808D6
53FC5216031F11B8FC03F0211B8F0808
D653A4520B030D11B7FC03F0211B9308
08D653EC510B03B90FB9FC03F4211B95
0808D65348511E03BC0FB3FC03FD211B
990808D6539E511103C60FB1FC03FD21
1B960808D65313561503BA0FAFFC03F9
211B9C0808D753A656FF02E90FAEFC03
01221B9A0808D753D6560803EA0FB0FC
03FD211B9B0808D8531C5B0503E80FAF
FC03FD211B9A0808D753E35FFE020010
B0FC03F8211B980808D7531E601C03E6
0FAEFC03F8211B970808D853595E0D03
E30FAFFC03FD211B940808D853B55B0F
03E30FAEFC03F8211B920808D753F95A
1403E50FAFFC03F9211B8E0808D853A1
590603BD0FB1FC03F4211B870808D853
6D580903C00FB3FC03F8211B810808D9
532957FC02C00FB2FC03F4211B7E0808
D8531F56F602CC0FB4FC03F0211B7B08
08D8534A550603C50FB5FC03EC211B7B
0808D95352540D03550FB8FC03E8211B
790808D9536953F902590FBBFC03E521
1B770808D85307530D03620FBFFC03DB
211B750808D7538E520903600FC4FC03
D7211B6C0808D85302521D033E0FC8FC
03CF211B620808D85380512903380FCC
FC03CF211B5A0808D853F0502003310F
CCFC03CF211B550808D8538750230334
0FCDFC03CA211B4D0808D75332501403
7F0FD0FC03CA211B440808D653E64F15
03810FCFFC03CD211B400808D6539C4F
15037E0FD0FC03CA211B3B0808D5536F
4F16037C0FD1FC03C6211B350808D553
374FFC02FE0ED1FC03C6211B2B0808D4
53E44EF502000FD0FC03C6211B1D0808
D553BE4EFF02000FD4FC03C2211B1508
08D553854E0403020FD2FC03C6211B0B
0808D553564E0603010FD2FC03C6211B
010808D453324EE502FE0ED1FC03C121
1BF80708D553244EEA020C0FD0FC03C6
211BF20708D553F14DF502000FD3FC03
BE211BED0708D553834DEE020F0FD6FC
03BE211BE70708D553F34CFC02EE0ED3
FC03BE211BDD0708D4530E4DF802F50E
D6FC03BE211BD00708D5538C4C0603F1
0ED5FC03BA211BBE0708D553434C0F03
F50ED5FC03B9211BB20708D653214C04
031E0FD5FC03B5211BA90708D753094C
0003290FD8FC03B5211BA20708D75339
4C06031E0FD8FC03B5211B9E0708D853
194C0003180FD8FC03B5211B950708D8
53024C1603000FD9FC03B5211B900708
D853244C1903040FD8FC03B5211B8C07
08D853E74B1303020FDAFC03B1211B83
0708D753CE4B0D03010FDAFC03B1211B
770708D753B84B0D03FF0ED9FC03B121
1B6C0708D753904BDE02F30ED8FC03B1
211B650708D7537E4BE402F10EDAFC03
AD211B5E0708D753744BE102F10ED9FC
03AD211B540708D7535E4BE402E20EDA
FC03A9211B460708D8534F4B0403D50E
DCFC03AD211B390708D753804B1203D9
0EDAFC03AD211B340708D853734B0D03
C80EDAFC03B5211B2F0708D853634BFA
02CF0ED5FC03C2211B2B0708D8537C4B
E402F40ED0FC03C6211B220708D7538F
4BE502F30EC9FC03CF211B1A0708D753
4A4BE202E90EC3FC03DB211B090708D7
539B4BE302ED0EBFFC03D7211BF60608
D753D04B0403EE0EBDFC03D3211BEA06
08D8533F4CFA02EB0EC1FC03C9211BE3
0608D853D14CFC02E80EC3FC03C6211B
E40608D853DA4C0703EF0EC6FC03BE21
1BE30608D853C94CFD02F10ECEFC03B1
211BE20608D753A64CD802EF0ED4FC03
A9211BE10608D853C84CE002F50ED9FC
03A5211BD90608D853854CE402F30EDC
FC039C211BCA0608D853794CE602F40E
E0FC039C211BB90608D853394C0603F1
0EE4FC0399211BA90608D8532A4C0803
F50EE4FC0398211B9C0608D853764CFF
02EF0EE1FC039C211B950608D753244C
FF02E50EE0FC03A9211B970608D8531D
4CD902D80EDDFC03AD211B980608D753
BB4BE502D50EDAFC03B1211B930608D7
53DA4BD902D30ED5FC03BA211B820608
D853C04BE402CB0ED2FC03B9211B6F06
08D7536C4BF302E10ED0FC03BA211B63
0608D7531F4BE802DE0ECDFC03BA211B
620608D753934BFD02DA0ECEFC03B521
1B640608D753104DF102DD0ECCFC03BA
211B670608D753954EEF02E00EC9FC03
CF211B650608D753FC4FDE02D50EC3FC
03D3211B620608D7531551D702D50EC0
FC03CA211B5E0608D7533552ED02DB0E
C0FC03C9211B560608D753FD52D902DC
0EBEFC03CF211B450608D753E3530003
D70EBDFC03CF211B2F0608D7533B54F9
02CF0EBCFC03CA211B180608D7539754
FD02D80EBEFC03CF211B120608D753BC
550203D40EBDFC03CF211B110608D853
E756FA02E40EBCFC03CF211B150608D8
53C5570103E20EBAFC03BD211B160608
D853A5580803E00EC2FC03B5211B1406
08D85343590103DB0EC6FC03BA211B12
0608D853BA590403C70ECAFC03BA211B
050608D853625A0403BF0ECBFC03B521
1BEE0508D753C85B0A03C60ECBFC03B1
211BD60508D753A45D1003C60ECCFC03
B1211BC10508D853095F0803C00ECDFC
03B1211BB90508D753B55FEE02E40ECE
FC03A9211BB70508D753985FED02DB0E
D3FC0398211BB90508D753745FF702E5
0ED8FC0394211BB80508D953445FEB02
DD0EDCFC0398211BB40508D953695FFC
02F10EDFFC0394211BB00508D953495F
0103EF0EDDFC0394211BA30508DA537C
5F0E03F40EDEFC0394211B8B0508DA53
4960F902F30EDDFC0398211B700508DA
53AD61FE02DC0EDAFC0395211B5B0508
DA5325630603E00EDBFC0398211B5505
08DA530F630D03D80EDBFC039C211B53
0508DA53AA62FE02DE0ED9FC03A9211B
520508DA53CD621103F00ED4FC03B521
1B4F0508DB5390620803FE0ECEFC03B1
211B4C0508DB532F621E03FA0ECBFC03
B1211B4A0508DB53FC611403F30EC9FC
03B5211B3E0508DB5399610D03EB0EC8
FC03B1211B2B0508DC53B161F302D20E
C8FC03B1211B170508DB53A562F702DE
0EC7FC03AD211B010508DA538F63EC02
CB0EC4FC03B5211BFA0408DA532864ED
02CB0EC3FC03C2211BF70408DB53F863
F702C50EBEFC03DB211BF30408DB53D3
630D03BD0EB4FC03E3211BEF0408DB53
AA630003C60EABFC0388211BEC0408DB
5357630903C00EA1FC0301221BE90408
DB531263F102E60E99FC03FD211BDC04
08DA536963F702E40E95FC03F8211BC8
0408DB53CB63F702E30E94FC03F4211B
B40408DA53E264ED02DE0E96FC03E821
1BA40408DB530F661C03F60E98FC03DF
211B9A0408DB53C8662103F00E9CFC03
E5211B960408DA5390671803FE0E9BFC
03EC211B940408DB5378672603F10E98
FC03F4211B970408DA530D671B03EF0E
94FC03FD211B960408DA53F666E002D2
0E90FC0305221B8D0408DA530068E202
DA0E8AFC0305221B760408DB534F69DC
02D40E89FC0301221B5A0408DA53BC6A
DA02CA0E88FC03F8211B440408D95329
6CF402D10E8AFC03F5211B370408D853
F46CEC02CD0E89FC03DF211B350408D8
534C6DED02D10E85FC0309221B370408
D953BD6DFA02D70E79FC0326221B3904
08D9531A6ED902D10E6EFC033B221B39
0408D9535B6EDC02D30E61FC0344221B
2D0408D9537E6EE502D60E57FC035022
1B150408DA53D06EDC02D80E4EFC0352
221BFD0308DA53B16F7302C60A46FC03
5D221BF60308DA53366F2F02C40A40FC
036A221BF60308DA53F26E2D02D90A36
FC037E221BFA0308DA53AA6E3702C10A
25FC03A0221BFE0308D953996E1F02CC
0A17FC03A8221BFB0308D953FD6E4B01
791013FC0398221BFA0308D9539E6E49
017F1013FC0393221BF80308D9538F6E
50017C1010FC03A2221BF60308D95382
6E51016F1009FC03BD221BF60308DA53
146EDF04750902FC03CA221BFC0308DA
53226DD5047909FBFB03E7221BFF0308
DA53316CDC047E09EBFB0311231BF903
08DA532F6CD8047809DAFB0304231BEA
0308DA533E6D8301CA10D2FB0300231B
D40308DA53AE6D7C01D010D0FB03EF22
1BC30308D953AC6E7B01D710D4FB03BD
221BC20308D953966F7E01CD10D6FB03
516418C30308D9536470C501DB03D5FB
03DCFD0EC30308D953916FC303DD03F8
FB0344700EC30308D953806EC003D403
82FC0345650EC30308DA535B6ECA03E0
03D5FD03F5FF0DC30308DA53226CC203
D603CAFF03A4A30DC10308DA531369A6
02C703D001041AC20DC10308DA53D566
A202C4039E0304E3740EC30308DB5386
649F02CC0342050472660EC30308DB53
B562A902C3030A070447FA0DC20308DB
53FA60A202BF038B0804E32C0EC30308
DC53555FA302CB03D209047CF10CC503
08DB53835EA402C403AB0B04DC270DC3
0308DC53D65CA402C503DD0D045ECA0D
C20308DC53145CA202C1039010049CA6
0EC40308DD53915A9B02CA03BB1104A7
5A0FC50308DD538D59A302C803EF1004
3A700FC20308DD539258AA02C103780F
04B4760FC20308DE5369589902CD03FB
0D04AAC30EC30308DE535A57A402C003</Data>

   <DataCRC>5b51f4ba</DataCRC>

   <BytesSent>15776</BytesSent>

</SBEDataUpload>
</InstrumentRawData>
</SBEDataUploadFile>
