<?xml version="1.0"?>
<!-- SCPlusV2_RS232 -->
<SBEDataUploadFile>
<ApplicationData>
<Seaterm232>
<SoftwareVersion>2.6.3.104</SoftwareVersion>
<BuildDate>30-Jun-2017</BuildDate>
</Seaterm232>
</ApplicationData>
<InstrumentState>
<HardwareData DeviceType='SBE19plus' SerialNumber='01906740'>

   <Manufacturer>Sea-Bird Electronics, Inc.</Manufacturer>

   <FirmwareVersion>2.2d</FirmwareVersion>

   <FirmwareDate>9 February 2011 08:30</FirmwareDate>

   <CommandSetVersion>1.1</CommandSetVersion>

   <PCBAssembly PCBSerialNum='25307' AssemblyNum='41054G'/>

   <PCBAssembly PCBSerialNum='25737' AssemblyNum='41580B'/>

   <PCBAssembly PCBSerialNum='24669' AssemblyNum='41606'/>

   <PCBAssembly PCBSerialNum='24372' AssemblyNum='41059D'/>

   <MfgDate>  08 DEC 2010</MfgDate>

   <InternalSensors>

      <Sensor id='Main Temperature'>

         <type>temperature0</type>

         <SerialNumber>01906740</SerialNumber>

      </Sensor>

      <Sensor id='Main Conductivity'>

         <type>conductivity-0</type>

         <SerialNumber>01906740</SerialNumber>

      </Sensor>

      <Sensor id='Main Pressure'>

         <type>strain-0</type>

         <SerialNumber>3220369</SerialNumber>

      </Sensor>

   </InternalSensors>

   <ExternalSensors>

      <Sensor id='volt 0'>

         <type>SBE 43 OXY</type>

         <SerialNumber>432005</SerialNumber>

      </Sensor>

      <Sensor id='volt 1'>

         <type>not assigned</type>

         <SerialNumber>not assigned</SerialNumber>

      </Sensor>

      <Sensor id='volt 2'>

         <type>ECO-FLNTURT CHL</type>

         <SerialNumber>FLNTURTD-2025</SerialNumber>

      </Sensor>

      <Sensor id='volt 3'>

         <type>ECO-FLNTURT TURB</type>

         <SerialNumber>FLNTURTD-2025</SerialNumber>

      </Sensor>

      <Sensor id='volt 4'>

         <type>not assigned</type>

         <SerialNumber>not assigned</SerialNumber>

      </Sensor>

      <Sensor id='volt 5'>

         <type>not assigned</type>

         <SerialNumber>not assigned</SerialNumber>

      </Sensor>

   </ExternalSensors>

</HardwareData>
<StatusData DeviceType='SBE19plus' SerialNumber='01906740'>

   <DateTime>2018-12-07T14:28:32</DateTime>

   <LoggingState>not logging</LoggingState>

   <EventSummary numEvents='241'/>

   <Power>

      <vMain>12.2</vMain>

      <vLith>5.4</vLith>

      <iMain>61.5</iMain>

      <iPump>36.4</iPump>

      <iExt01> 4.1</iExt01>

      <iExt2345>20.6</iExt2345>

   </Power>

   <MemorySummary>

      <Bytes>1492821</Bytes>

      <Samples>87813</Samples>

      <SamplesFree>3782666</SamplesFree>

      <SampleLength>17</SampleLength>

      <Profiles>111</Profiles>

   </MemorySummary>

</StatusData>
<ConfigurationData DeviceType='SBE19plus' SerialNumber='01906740'>

   <ProfileMode>

      <ScansToAverage>1</ScansToAverage>

      <MinimumCondFreq>3226</MinimumCondFreq>

      <PumpDelay>60</PumpDelay>

      <AutoRun>no</AutoRun>

      <IgnoreSwitch>no</IgnoreSwitch>

   </ProfileMode>

   <Battery>

      <Type>alkaline</Type>

      <CutOff>7.5</CutOff>

   </Battery>

   <DataChannels>

      <ExtVolt0>yes</ExtVolt0>

      <ExtVolt1>no</ExtVolt1>

      <ExtVolt2>yes</ExtVolt2>

      <ExtVolt3>yes</ExtVolt3>

      <ExtVolt4>no</ExtVolt4>

      <ExtVolt5>no</ExtVolt5>

      <SBE38>no</SBE38>

      <OPTODE>no</OPTODE>

      <GTD>no</GTD>

   </DataChannels>

   <EchoCharacters>yes</EchoCharacters>

   <OutputExecutedTag>yes</OutputExecutedTag>

   <OutputFormat>raw HEX</OutputFormat>

</ConfigurationData>
<CalibrationCoefficients DeviceType='SBE19plus' SerialNumber='01906740'>

   <Calibration format='TEMP1' id='Main Temperature'>

      <SerialNum>01906740</SerialNum>

      <CalDate>07-Jan-11 </CalDate>

      <TA0>1.255288e-03</TA0>

      <TA1>2.593288e-04</TA1>

      <TA2>-2.376104e-07</TA2>

      <TA3>1.449298e-07</TA3>

      <TOFFSET>0.000000e+00</TOFFSET>

   </Calibration>

   <Calibration format='WBCOND0' id='Main Conductivity'>

      <SerialNum>01906740</SerialNum>

      <CalDate>07-Jan-11</CalDate>

      <G>-1.033008e+00</G>

      <H>1.393941e-01</H>

      <I>-2.175401e-04</I>

      <J>3.475757e-05</J>

      <CPCOR>-9.570000e-08</CPCOR>

      <CTCOR>3.250000e-06</CTCOR>

      <CSLOPE>1.000000e+00</CSLOPE>

   </Calibration>

   <Calibration format='STRAIN0' id='Main Pressure'>

      <SerialNum>3220369</SerialNum>

      <CalDate>21-Dec-10</CalDate>

      <PA0>8.222195e-01</PA0>

      <PA1>1.566037e-02</PA1>

      <PA2>-6.194425e-10</PA2>

      <PTCA0>5.244452e+05</PTCA0>

      <PTCA1>4.417653e+00</PTCA1>

      <PTCA2>-9.798927e-02</PTCA2>

      <PTCB0>2.510725e+01</PTCB0>

      <PTCB1>-1.150000e-03</PTCB1>

      <PTCB2>0.000000e+00</PTCB2>

      <PTEMPA0>-5.917147e+01</PTEMPA0>

      <PTEMPA1>5.387460e+01</PTEMPA1>

      <PTEMPA2>-2.653169e-01</PTEMPA2>

      <POFFSET>0.000000e+00</POFFSET>

      <PRANGE>5.076000e+03</PRANGE>

   </Calibration>

   <Calibration format='VOLT0' id='Volt 0'>

      <OFFSET>-4.687158e-02</OFFSET>

      <SLOPE>1.247988e+00</SLOPE>

   </Calibration>

   <Calibration format='VOLT0' id='Volt 1'>

      <OFFSET>-4.719579e-02</OFFSET>

      <SLOPE>1.248132e+00</SLOPE>

   </Calibration>

   <Calibration format='VOLT0' id='Volt 2'>

      <OFFSET>-4.684526e-02</OFFSET>

      <SLOPE>1.248324e+00</SLOPE>

   </Calibration>

   <Calibration format='VOLT0' id='Volt 3'>

      <OFFSET>-4.678105e-02</OFFSET>

      <SLOPE>1.247145e+00</SLOPE>

   </Calibration>

   <Calibration format='VOLT0' id='Volt 4'>

      <OFFSET>-4.669684e-02</OFFSET>

      <SLOPE>1.248307e+00</SLOPE>

   </Calibration>

   <Calibration format='VOLT0' id='Volt 5'>

      <OFFSET>-4.709579e-02</OFFSET>

      <SLOPE>1.247697e+00</SLOPE>

   </Calibration>

   <Calibration format='FREQ0' id='external frequency channel'>

      <EXTFREQSF>9.999977e-01</EXTFREQSF>

   </Calibration>

</CalibrationCoefficients>
<EventCounters DeviceType='SBE19plus' SerialNumber='01906740'>

   <EventSummary numEvents='241'/>

   <Event type='ErrorFLASHUncorrectableError' count='241'/>

</EventCounters></InstrumentState>
<Headers>

cast  85 03 Dec 2018 10:12:08 samples 73767 to 74575, avg = 1, stop = mag switch

</Headers><InstrumentRawData>
<SBEDataUpload startAddr='1254022'>

   <Type>1</Type>

   <DataFormat>SEACATPLUS0</DataFormat>

   <Bytes>13753</Bytes>

   <Data>
09F7037EF10BC40308EC53C24D9E01EE
0445F7035DB50BC30308EC530E4EA501
EC047CF70338A50BC50308EA53E44DA6
01EE04BDF703C8A00BC30308E8532B4E
A101F00419F8039AA60BC40308E9530B
4FF200220681F803D8AA0BC30308E953
244FEF002506E6F80385DA0BC30308E8
53634EEA001E0642F903ABDA0BC30308
E853DD4DF700200696F903440A0CC503
08E753B84DDD02EB02E3F90320180CC3
0308E753A24DEA02F30226FA03460A0C
C30308E6537A4DE002F00268FA0341FB
0BC10308E5535F4DDD02F102A6FA0315
E40BC30308E653394DC107320AE9FA03
B6D70BC70308E553404EC607420AF8FB
03C8E70CCF0308E353F44DBE073E0A3C
FF0302A90DCC0308E453424EBE073F0A
BA02044CB80BC60308E3530551C40739
0A810404A0C00DC90308E3530351E509
30093B0504569C17DB0308E5531850E7
092809280604FC181BEE0308E8533E4F
E9093609FD0604676B19FB0308E653A7
4EE7093009BF0604C56D0E030408E553
564E1109FB0E8C04042FD712090408E6
537D4E1909040F1A0304695513030408
E753CE4E1809020F8B02040FAC12FF03
08E953604F1909010F5302043EDC1402
0408E853F74E5904EC0B330204CE401B
0F0408EA5300506104EA0BB20204D119
1B200408EB53C94F5E04E80B4E0404F8
1C1B290408EA53064F5D04E90B940504
F51F1B2D0408EA53C14E82001B0F6906
04991F1B300408EC53B94E7F00160FF2
0604E11A1B300408EA53D04E8600140F
76070413171B330408EA53DC4E82000A
0F0C08046A151B380408EA53BF4E8500
090F8C08042B151B3D0408E953834EC5
026F0FE608044C151B3F0408E853CA4E
BB02680F1D0904EF151B3D0408E9536A
4FC6026D0F41090443161B370408E953
A050B7027E0F550904AC151B320408E9
53F35071037A0F6709041A151B2F0408
E853B6505E03760F75090484141B3004
08E7537B506503710F7A09042D141B34
0408E753035069036D0F73090414141B
3D0408E653C84FBB02320F650904AE14
1B410408E553974FC0022F0F5609041F
171B430408E653B34FCF02280F480904
C7171B3B0408E753D74FBB022D0F3D09
0496161B330408E753DB4FFF02DB0F35
0904A6141B2D0408E853944FFB02C40F
360904F2131B2E0408E853944FEE02CF
0F3D0904CD131B320408E8535B4FEF02
CE0F3C0904BC131B390408E853334FE9
02C70F3E0904DD131B3E0408E853FF4E
C902AD0F49090439141B3F0408E853BA
4ED302A80F5A09048C141B3C0408E853
584ECA02B60F64090478141B370408E8
53284ECB02AD0F6F0904AB131B2E0408
E853074EB1024D0F76090454131B3004
08E953EB4DB702560F78090460131B35
0408EA53A74DAD024F0F71090492131B
3B0408EA53954DAC02490F6909040B14
1B3F0408EA538D4D1503900F6609049D
141B3F0408EA53864D1603960F640904
1A151B390408EA53974D15038C0F6509
04F5141B320408E953584D18039C0F66
0904BF141B300408E9533E4DF5029C0F
670904BA141B310408EA53264DF10297
0F6A090467141B340408EA53F34CE302
8E0F6B090431141B390408EA53F34CEF
028C0F6C090495141B400408EB53D94C
FD02870F6809045A171B430408EB53B4
4C32034710660904EF1A1B3E0408EB53
6C4C39033F10650904901B1B380408EB
53374C2D03401063090432191B300408
EA531B4C31033A105F0904DD161B3004
08EA53234CFA026E0F600904D5161B32
0408E953AD4B0603740F5C090499171B
340408E953A54B0203760F5D0904D317
1B330408EA53754B05037C0F5B0904EE
161B350408EA53494B8F02730F5A0904
98151B380408EA53674B9302730F5909
04CB141B3D0408EB53804B8A02760F5A
09046D151B400408EC536A4B8602750F
570904AD181B420408EB53184B13036B
0F540904A51B1B3B0408EB530E4B0F03
720F4109042B1C1B320408EB53C74A0F
03800FD10804CD191B290408EB539E4A
1403700F8808049A161B2B0408EA538E
4A1503760F81080483151B330408EB53
654A6703390FA3080483151B380408EB
53464A5A033D0FC60804EF151B3E0408
EB53374A69033A0FDE080415161B4004
08EB530A4A6503380FEF080460161B40
0408EB53CD49E602750FF50804AB161B
3D0408EB53AD49E202710FFC08040F17
1B3C0408EB53D349DB02730F010904E5
161B350408EB53D049E4027A0F040904
36161B2F0408EA53D049CD02880F0609
0461151B2F0408E8537649CE027C0F06
09040E151B300408E8536249CC027A0F
090904EC141B330408E9532549CA0283
0F110904BA141B380408E8532849EC02
400F1B09047C141B3B0408E8535649EA
02470F200904B2141B3F0408E8530249
F7023B0F23090445171B3D0408E853F2
48F202440F230904C4191B3B0408E853
C548F202440F220904C71A1B330408E8
53C748D102770F00090450191B2F0408
E853AE48E0026C0FB50804BC161B2E04
08E853BA48DD02760FA208041A151B36
0408E7538748E802730FAE08041A151B
3D0408E653AF480B034D10C608043917
1B420408E753A048FE024E10D908046D
191B410408E75370480A034910E40804
ED1A1B390408E8536848FE024B10EE08
04C31A1B320408E8538B48D202710FC7
0804F1171B300408E8536948D302780F
93080498151B320408E953A048C4026C
0F8108043D151B3B0408E9536448D902
6A0F8E080479161B400408E9534848CA
021A11A1080448181B3E0408E9535848
B7021811B10804391A1B3B0408E95364
48C2021811C10804D81A1B370408E953
4F48C9021311CD08044B191B340408E9
532848C4021C11D3080478171B330408
E953FE472203960FD80804D9161B3504
08E953F3472A03920FE1080441171B37
0408E953FA473703800FE70804D6181B
370408E953D34732038E0FEB0804C017
1B370408E953CA470303610FF10804E7
151B3A0408E853ED470003530FFF0804
EB151B3F0408E953BD47FF02610F0A09
0431171B420408E953A647F7025E0F13
0904DF181B3E0408E953A44703036D0F
190904391A1B350408E8538847FE0273
0F1D09041B1B1B2B0408E953A447FF02
6F0F1D09048A191B270408E853AA4707
036F0F1F090419161B2D0408E853BF47
2B03610F2209044A141B390408E853AE
472E035B0F2E09040F141B450408E953
A4473703630F38090445151B490408E9
538D473003730F3F0904AA171B4B0408
E953624736035E0F46090458191B3F04
08E9535B47EC02760F4A09043E1A1B33
0408E9535747F202760F420904BA1B1B
270408E9533447F702760FF40804391A
1B240408EA533B47F6027E0FC40804AF
161B280408EA532747E802B60FBF0804
D8141B390408EA532C47E402A30FD108
0483151B450408EA537147E002B80FED
080415161B480408EA536E47E002B40F
050904D3171B460408EA534E47060398
0F13090431191B3D0408E95354470003
930F200904CD191B360408EA535547F9
02870F1F0904031A1B320408EB532247
FE02870FFB0804FB191B2F0408EB532D
47C702530FC30804461A1B2D0408EB53
2147D302630F990804D41A1B2F0408EB
53D146D7025B0F7E08040F1B1B370408
EB53E746DB025C0F6D0804B71A1B3D04
08EB53CC46C802600F6D0804461A1B42
0408EC53AA46F702710F8308045B1A1B
3F0408EC53BA4603036E0F8F0804C31A
1B3A0408EC53F246FE02710F8B080462
1B1B350408EC53D446FC02770F720804
D31B1B330408EC53BA46C002A40F5A08
04171B1B350408ED53CE46C202990F5A
08045B1A1B380408ED53AC46C002A30F
6F0804531A1B3C0408EC53AC46BA029A
0F8208046C1A1B390408ED53A5462003
530F8C0804131B1B390408ED53BE462D
034C0F9108046F1B1B380408EC53BD46
1D034D0F8F0804881B1B390408ED53D6
4628034D0F8F08046B1B1B380408EC53
D346E0028111920804661B1B3A0408EC
53C346DC028711940804841B1B380408
EC53B446DF028C11980804B61B1B3904
08ED53B646DB028811980804E41B1B39
0408EC539046E4027C11980804E81B1B
360408EC53BB46D602AD0F980804F51B
1B310408EC53C246D302B10F9608041B
1B1B300408EC53C946D002AB0F990804
88171B330408EC53A746CB02A90FA708
049A151B3E0408EB536D46DB02850FC0
080451151B440408EB537D46DB02780F
E108045D151B460408EB539D46E8027F
0FFA080483151B3E0408EB536646D802
800F0B09044B161B370408EB535146DD
02800F110904C7171B2D0408EB533046
C902830F130904CE181B2B0408EA5346
46C802780F140904C6181B2E0408EA53
6346CA027F0F15090459181B350408EB
533246F502DA0F19090407171B3C0408
EB531A46EF02D80F1D09042A161B4404
08EB530546EF02E40F2209041E161B48
0408EB530246F702E30F2709042E161B
460408EA530D46F302D50F2A09044A17
1B410408EA530946C002760F2B090423
181B390408EA53EE45C402760F290904
45171B2F0408EA53EC45BD02780F2D09
0435171B290408EA530D46C102760F2E
0904A4151B290408EB5308461103EA0E
2B090422131B360408EB530C460603DA
0E25090404131B450408EB5329460E03
DF0E1D090443131B4B0408EB533A460B
03DE0E12090464131B480408EB532B46
F702C00F0B090486131B400408EB5324
46EC02CA0F02090435141B340408EB53
0446F902B10F01090438151B2C0408EB
531A46EA02C20F00090498151B2B0408
EB532946E202290FFF0804F1141B3004
08EA530046D8022E0FFD080435141B3B
0408EA530D46E2023C0FFB0804D1131B
470408EA530F46EA022F0FF80804D513
1B4A0408EB532646DC022A0FF608049F
131B440408EB532F46BD02630FF40804
BC131B390408EB532546BD025A0FF208
044E141B2F0408EC533C46C9025C0FF2
0804B6141B2C0408EB535E46B802570F
F20804AA141B2F0408EA533246D7023A
0FF2080410141B370408EB534446DF02
420FF10804AF131B3F0408EB535446D5
024C0FF008048E131B470408EB535146
EB023F0FEE08049F131B480408EC535C
46F102680FF0080439141B440408EB53
7946EA02620FF00804C7141B3C0408EB
536146EA02620FF2080420141B330408
EB535C46F002610FF10804DD131B2A04
08EB536246DB02470FF10804B4131B29
0408EB536A46DE023F0FF20804D7121B
320408EC535E46DB02420FFB08047F12
1B3C0408EC539846D3023B0F06090494
121B480408EB539D46E002390F100904
B5121B4B0408EB5361460403800F1309
04E7121B450408EB535C460403870F18
0904E4121B3A0408EB53494612037A0F
1A090458131B330408EB531546080381
0F1B0904AF131B2E0408EA531E46DD02
760F1B090492131B320408EA533446D5
02730F1F09044B131B380408EA533F46
DF02780F1D090419131B3E0408EA5353
46DE02760F1809041D131B420408EA53
4046DB02420F15090419131B410408EA
532546DE024D0F1509047D131B3F0408
EB532146E302380F150904F6131B3D04
08EB533546E402510F16090446141B38
0408EA535B46D3024F0F1709044A141B
360408EA534146E102500F170904FF13
1B330408EA534546D902560F1809048C
131B310408EA533646D902510F180904
47131B360408EA532846EB02530F1609
0419131B3C0408EA5345460F032B0F12
0904EB121B420408EA5358461303350F
0E0904EB121B490408EA5349461A0333
0F08090454131B450408EA5354461703
330F070904E6131B3E0408EA535146D0
02730F050904CD131B320408EA532146
C602750F06090426131B2C0408E95327
46D402760F0209042E131B2E0408EA53
3246CA02820FFA080419131B350408EA
535746F6020B10F40804DB121B3D0408
EA535C460103F80FED0804C2121B4504
08EA536B46F7020010E60804AC121B44
0408EA534B46F002FF0FDF0804B5121B
420408EA534246B2025F0FDA0804BE12
1B3B0408EA531846BD025E0FD50804E3
121B370408EA53F645B802600FD50804
19131B350408EA532146B7025D0FD408
043B131B350408EB531446C002600FD6
080400131B3C0408EB530246AB024D0F
D408040A121B3F0408EB532B46B00251
0FD30804D8111B3D0408EC531346B002
540FD60804A2111B370408EC53DE45AB
024B0FE0080496111B310408EC53B145
C8023A0FE308049A111B320408EC53BA
45D302370FE308049E111B3B0408ED53
B345D102410FE008049E111B450408EC
539E45C802430FDE080497111B460408
EC538A45E102790FE2080478111B4204
08EB535145E6026C0FE7080474111B39
0408EC53A945E002690FEA080474111B
320408EC53B345E402730FEA08047D11
1B320408EC53A245E2029C0FE5080489
111B320408EC53EA45DB02A50FE20804
89111B360408EC53FC45E802980FE008
0485111B3B0408EB530046DC02950FDC
080489111B430408EB535246D9029C0F
DC080485111B440408EC532C4604034B
0FDC080478111B420408EC532B46FC02
540FE2080468111B3E0408EC535F4604
03600FE7080468111B380408ED538E46
01034F0FEB08046C111B350408ED53B9
4605037B0FE8080478111B330408EC53
BB4608037F0FE0080483111B370408EC
53B6460703850FDB080489111B3A0408
ED53D6460B037C0FD5080496111B3F04
08ED53F646E502700FD0080496111B3E
0408ED53FD46E8026B0FCF080478111B
390408ED53FD46D3027A0FD308047811
1B380408ED53F046E502750FD5080489
111B370408ED533947F802410FD10804
8D111B3D0408EE535E47E802380FCE08
048D111B410408EE536647E6024A0FCC
080491111B400408EE536647EC02490F
C40804AF111B3E0408ED536847F3023D
0FB90804BF111B3B0408ED53A747E802
420FB10804B7111B360408ED53BE47DA
02440FAE0804A6111B360408EC53C347
D502380FAF0804A3111B370408EC53BF
47EB02340FB10804A2111B390408EC53
B547E802560FB20804AA111B390408EC
53B547EA02620FB00804AA111B3A0408
EC53BF47E802640FAE0804B3111B3A04
08EC53E647ED02530FAA0804B7111B3D
0408ED53EC47E5028E0FA80804B7111B
3E0408EC530048D802960FA20804BB11
1B3F0408EC530848E102900F9D0804CC
111B3F0408EC53F847E202950F900804
E9111B3B0408EC533348E602620F8508
04ED111B3B0408EC532548F7025E0F81
0804E1111B390408EC533248EC025C0F
800804E1111B370408EC532A48EA0262
0F7E0804E1111B370408ED532848F902
670F7F0804E1111B330408ED536648DE
02C00F800804DB111B370408ED538048
D802AB0F830804D8111B3B0408EE535E
48DB02AF0F850804E5111B3E0408ED53
7A48E002A00F7C0804FE111B420408EE
536F48EF02860F7008040A121B420408
EE538748E802850F67080417121B4104
08EE539F48FB02890F5C08041F121B3C
0408EE539148EB027F0F58080417121B
360408EE5385480503520F5808041312
1B300408EE53A6480A03500F5608040A
121B310408EE53CF4806034B0F5A0804
06121B360408EE53DB48F5024B0F5E08
04FE111B3C0408EE53BB48F402750F64
0804FA111B430408EE53C348CF02740F
62080413121B430408EE53DB48CA0275
0F5A080427121B420408EE53B648CB02
7C0F52080427121B3E0408EE53F848CA
02710F4F080423121B390408EE53E248
EE024C0F4F08041B121B330408EE53E7
48E702590F52080413121B300408EE53
C048F5024E0F55080406121B320408EE
53C748F402550F590804FE111B3C0408
ED53BB48ED02760F5E0804FE111B4604
08EE53CB48ED02780F61080406121B47
0408EE53DB48F202770F5F080413121B
440408EE53DE48E602760F5B08041712
1B390408EE53EF48D9029A0F58080417
121B350408ED53E948DF02A90F590804
13121B320408EE530349E202A40F5908
040E121B380408EE53CB48D302970F58
08040F121B3B0408EE53C448D402B40F
5708040E121B3E0408EE53CD48D702AA
0F57080417121B3D0408EE53CD48D202
AF0F54080423121B3C0408EE53F848C8
02A70F4E080427121B3B0408EE53E048
D702BE0F4708042C121B3D0408ED53F6
48DB02560F44080430121B400408ED53
F248DC024F0F4308042C121B3F0408EE
53D848E302530F4308042C121B3D0408
EE53FA48E402500F40080438121B3904
08EE53F548BA02680F3D080438121B35
0408ED530C49B502740F3908043C121B
330408ED530A49B502780F3808043812
1B380408EE531249B302730F3B080434
121B420408EE533649F502810F380804
3F121B440408EE530149F102770F3308
044D121B440408EE530949E702820F2B
080462121B3F0408EE531F49F102820F
1F08046E121B3C0408EE534549F3026B
0F1B08046A121B3C0408EE533049F302
440F17080466121B3C0408EE533849F3
02400F15080466121B3A0408EE532549
F402440F16080462121B390408EE53FF
48F702410F1908045E121B380408EE53
0D49F3024B0F1D080451121B3A0408EE
530E49ED023A0F20080451121B400408
EE53EC48ED023E0F21080459121B4204
08EE53DA48E9024C0F24080459121B43
0408EE53D64809034B0F2108045E121B
3E0408EE5305490003590F2108045B12
1B370408EE531A490003490F1E08045E
121B340408EF531D4908035A0F1E0804
5E121B350408EF533749EC02620F1E08
0455121B370408EE532B49D702600F22
080455121B3E0408EE531949D3025E0F
25080445121B430408EE534749DE0263
0F2E080434121B470408EE533449DB02
560F38080423121B420408EE535349EA
02400F42080417121B3B0408EE534549
FC024D0F4B080417121B380408EE5345
49E502500F4F080413121B3A0408EE53
3A49ED024D0F54080406121B3D0408EE
53F448E002800F600804E5111B450408
EF533849EB02810F760804A6111B4D04
08EF532449DB02800F9D080446111B58
0408EF534749DE02860FD70804E7101B
640408EF53DB49EA02850F100904C910
1B6A0408EF53D049D3027F0F2F0904CD
101B660408EE53E849D5028F0F440904
C5101B660408EF53B949DE028D0F4F09
04C5101B680408EF539B49DC027D0F54
0904C5101B6B0408EF536A49D202800F
560904C9101B6D0408EF537D49E4027E
0F540904D2101B710408EF533D49E402
7C0F520904C5101B730408EF53AD49EA
027E0F520904C9101B750408EF538249
E1029E0F4F0904D6101B7B0408F0539F
49DA02A20F480904E6101B800408F053
8E49DB029C0F400904EB101B870408F0
53B449D902950F3D0904DE101B860408
F053B449F902890F3F0904DA101B8704
08F053E3490303910F400904D7101B86
0408F053B049FB02960F400904D6101B
850408EF53B7490203940F400904DA10
1B890408EF539D49F302450F420904CD
101B900408EF53CE49FA024F0F4C0904
B0101B960408EF539B49F302440F5D09
0497101B9B0408EF538649F102490F6E
09048F101BA00408EF53BB49DF026D0F
7609048F101BA30408F0539449DB0276
0F7E090487101BA20408F0539849E802
6A0F8309047A101B9D0408F0539049E2
02730F89090472101B940408F1536A49
E7027B0F8D09047E101B920408F05346
49E502730F8909048F101B8E0408F053
3D49FB027A0F82090497101B8F0408F0
534949E902710F7909049B101B940408
F0534949EF02710F7509049F101BA204
08F0537549E802B10F6F0904A4101BB0
0408EF534149F902B50F7309047A101B
B70408F0537249F302B40F8009046E10
1BB90408F053D949E802B20F8D09045D
101BB80408F053C149E2025F0F990904
50101BB00408F0536149CF02620FA309
0459101BAD0408EF538649E6025D0FA5
090461101BB00408EF53C049E502630F
A3090465101BB30408EF537049E6024D
0FA2090461101BBC0408EE536449EB02
4C0FA2090455101BC50408EF538249E9
02510FA6090448101BD20408EE53CD49
E602530FAC090448101BD90408EF53C5
49D4023F0FAB09045D101BDC0408EF53
F649EF02850FA6090472101BD90408EF
538149F902800F9909047A101BD40408
EF536349F8027F0F93090472101BD004
08EF53E449EE027F0F91090469101BCF
0408EF53A849FE02470F92090469101B
D20408EE53B249FD02460F9309046E10
1BD60408EE53BE490103370F94090469
101BDE0408EE53E649F7023A0F980904
61101BE30408EE53CA49EA02C00F9A09
0465101BE60408EE53A949F302BE0F9A
090469101BE10408EF539949F102BE0F
96090469101BDB0408EF53B649EF02C5
0F96090469101BDC0408EF539949DD02
460F9809045D101BE00408EF53BC49D6
02490F9C090459101BE60408EF53F649
ED02440F9C090455101BEF0408EF5382
49E802360FA1090450101BF50408EE53
A649E102400FA9090444101BFD0408EE
53EE49F802800FAB09044C101B000508
EE53E6490203820FA609045E101BFF04
08EE53BC49ED02840FA109045D101BFF
0408EE53B949E802850F9E09045D101B
020508EF539C49EB02630F9D09046110
1B080508EE539A49F7026F0F9C090461
101B120508EF53A849EE026B0F9C0904
5D101B1A0508EF53CF49FA02690F9A09
0461101B1B0508EF535149D9029C0F97
090469101B1B0508EE533249E402A20F
94090469101B190508EE534C49DB02A6
0F92090465101B1C0508EE533049D702
A30F94090461101B270508EE53734908
03420F93090469101B2F0508EE53BB49
09034D0F93090469101B3C0508EE533B
4A0403440F93090465101B430508EE53
104A0C03470F93090465101B4C0508EE
53064A0A03510F95090466101B550508
EE53664A0203780F95090461101B5905
08EE53C04A00036D0F9709045D101B5A
0508EE53774AF902760F9A090459101B
540508EE535B4AF5026B0F9C09045D10
1B530508EE531F4AE202840F9D09045D
101B5C0508ED53FF49EB027D0F9D0904
65101B6A0508ED53B949E2028A0F9909
0465101B770508ED537649E3028B0F98
090465101B790508EE538249D1027F0F
95090476101B740508EE538249DF026D
0F92090469101B6B0508ED538949E002
710F92090476101B630508EE539049D9
026F0F8D09047A101B620508EE539949
D302950F8A090476101B670508EE5375
49DE02980F8A090476101B6B0508EF53
5F49DB028F0F89090476101B710508EE
534949DF02870F8809047A101B760508
EF538049D302960F88090476101B7F05
08EF533649E8028B0F90090455101B87
0508EF537E49DD028F0F9F09044C101B
950508EF537549DB028D0FA209047210
1BA20508EF53C849E7029B0F9E090461
101BAE0508F053B949D502530FAA0904
2F101BBB0508EF53B949D102560FBF09
041E101BC60508F053A449CA024B0FCF
09041E101BD30508F0538E49D5025C0F
D709041E101BE20508F053CC49D70280
0FE1090412101BEC0508F0539149D502
800FE8090412101BF30508EF534E49D5
02820FE9090416101BF90508EF537649
D702800FEC090416101BFA0508EF5326
49F502860FED09041A101BF30508EF53
3D49ED027B0FEB09041E101BED0508EF
531F49F8027C0FE809041A101BE70508
EF533D49F302880FE809041A101BE605
08EF532549F4027E0FE809041E101BED
0508EF533949E602820FE709041E101B
FA0508EF538E49F9027D0FE309042310
1B010608EF535749FF027E0FE109041E
101B0A0608EF536A49F802780FE20904
1A101B190608EF538749EA02500FE509
0416101B260608EE53F749E502550FE8
09040E101B300608EE53244AD8024D0F
EB090412101B320608EE530E4AEA024E
0FED090416101B310608EE53B049EC02
710FEC090416101B310608EE538549F5
026D0FEA090416101B3E0608EF53AA49
E602690FED090416101B4B0608EE5392
49E602690FEB090416101B510608EE53
5149DB02510FEB090412101B4E0608ED
534949E0024E0FED090416101B460608
EE532949DF02540FEC090412101B4006
08ED534449E402510FEB090412101B3D
0608ED537049E302510FEC09041A101B
450608ED536149ED028710E909041E10
1B4B0608EE534849F7028110E509041E
101B570608EE533F49F1028910E90904
16101B5C0608EE533249F7028110E709
0416101B610608EF533049F7023D0FEA
09041A101B600608EF534549E802420F
EC090416101B630608EF535949ED0245
0FEC090412101B670608F0538249F602
400FEE09040E101B6A0608F053AA4905
035D0FF0090405101B6C0608EF535449
0603650FF80904F50F1B700608EF531C
4910035F0F000A04EC0F1B790608F053
654912035E0F060A04EC0F1B830608F0
535749F102800F0D0A04E60F1B8C0608
F1537049E902890F100A04E80F1B9006
08F1534E49F402810F110A04EC0F1B92
0608F2536949F7027C0F110A04E40F1B
940608F253B149F0027A0F110A04E40F
1B960608F1537449F6022910110A04EC
0F1B970608F1537949FA021810110A04
EC0F1BA10608F1535F49FB021E100F0A
04EC0F1BB10608F153A149F2022D1010
0A04F10F1BBE0608F1533A490903A20F
0F0A04EC0F1BC60608F153F6480203A0
0F0E0A04E80F1BC70608F053F0480403
A70F130A04E40F1BC50608F053F24806
039E0F140A04E80F1BC50608F0534B49
E8028D0F150A04E80F1BCB0608F05324
49DC02870F150A04F10F1BD20608F053
4749DF02780F110A04EC0F1BDA0608F0
530D49D702800F130A04EA0F1BDF0608
F0530D4901037E0F120A04EC0F1BE306
08EF53FA48F7027F0F100A04EC0F1BE6
0608EE53E4480403810F110A04EC0F1B
F10608EE530649FB02820F110A04EC0F
1BFF0608EF530B490A037B0F0E0A04F1
0F1B110708EE5323490E03AF0F0E0A04
EC0F1B1F0708EE5349491003C50F110A
04F50F1B250708EE5383490803CA0F11
0A04F50F1B2B0708EE539B490903C70F
120A04EC0F1B2C0708EE53B849D20277
0F130A04E80F1B2D0708EF537949D802
730F130A04EC0F1B2E0708EF535E49DB
026B0F130A04F10F1B370708EF535A49
E202690F0E0A04F90F1B440708EF5333
49D902270F0F0A04F90F1B570708EF53
9049E5022B0F0E0A04FD0F1B600708F0
537449D2023F0F070A0406101B650708
F0534C49D902300F050A040A101B6D07
08F0538A490303530F040A0405101B75
0708F053B849FF024C0F030A04FD0F1B
790708F053C0491103580F090A04F10F
1B7E0708F0538E491103490F0E0A04F1
0F1B810708EF5374491003460F150A04
EC0F1B890708F0536C49CC023A0F160A
04F50F1B950708F0535049D502380F17
0A04EC0F1BA50708F0535C49D302490F
190A04E80F1BB50708F1537B49D20240
0F1B0A04E00F1BC00708F0537449F502
7F0F220A04E00F1BC30708F0537049EF
02810F240A04E00F1BC10708EF534F49
E802800F280A04E00F1BBF0708F05329
49ED02850F280A04E00F1BC50708EF53
29490003760F280A04E40F1BCC0708EE
5346490703790F280A04EA0F1BD80708
EF531A49FB026E0F260A04E40F1BE207
08EF53FB48FC027B0F250A04E40F1BEE
0708F053154914038A0F280A04E00F1B
F60708F053F94809039F0F280A04E00F
1BFC0708F053F2481303960F290A04E0
0F1B030808F053F6481003940F2B0A04
E00F1B0F0808F053F9480903990F2D0A
04E00F1B1B0808F0532349EB02350F2D
0A04E00F1B280808F0534549F402420F
2C0A04E40F1B370808F0535049EA023C
0F2A0A04EC0F1B420808F0532149F102
3C0F240A04EC0F1B4E0808F053194912
03600F210A04EC0F1B550808F1530149
0B03670F210A04EC0F1B5D0808F15330
490F035E0F220A04EC0F1B5D0808F153
FC481303560F200A04F10F1B5B0808F1
532149FF02410F210A04F20F1B5F0808
F1533E49F902380F1F0A04F10F1B6808
08F0535C4903034B0F1F0A04F10F1B70
0808F0536C49FD023A0F1F0A04F10F1B
7E0808F1537A49F3024B0F1D0A04F90F
1B8C0808F15312490B03570F1D0A04F9
0F1B9D0808F1531F490A03580F1B0A04
F90F1BB20808F1534B49F802570F1B0A
04F90F1BC40808F053EC48FF02460F1A
0A04FD0F1BD80808F053FA4809039010
1A0A04FD0F1BEB0808F053EC480D0391
101A0A04FD0F1BFE0808F05307491503
8A10180A0401101B0E0908F0532B490D
0385101B0A04FD0F1B200908EF530F49
0B03B90F1C0A04FD0F1B310908EF5325
490203A90F1D0A04FD0F1B450908F053
4B491303B30F1D0A0401101B5A0908F0
5322490F03A60F1C0A040A101B6A0908
F0531E490203AB0F170A0412101B7609
08F1534C490403A60F110A0416101B7E
0908F2533749F702A10F0D0A041A101B
790908F0537949F402B20F0A0A041A10
1B700908F15348490703910F070A041A
101B680908F15344490703840F060A04
16101B6C0908F1533B490503890F080A
041A101B760908F1530D49F9028C0F07
0A041A101B870908F2531149FA02930F
090A041A101B9D0908F3530D49F80299
0F090A041A101BAD0908F3531249EE02
A00F060A041E101BBA0908F253144906
039E0F040A041E101BC20908F3531F49
F5029D0F060A041E101BC60908F25332
491703710F040A0423101BC80908F253
17490F03690F030A041E101BD30908F1
5301491303720F030A0422101BE00908
F1532B490B03750F020A0423101BE909
08F153DE48F802AB0F030A041E101BEE
0908F05304490403B00F040A041E101B
EB0908F153FB48FE02B10F050A041E10
1BE20908F053CD48FE02AF0F050A0423
101BDA0908F153E348F302730F030A04
23101BDF0908F153C54807036A0F030A
0423101BE80908F15303490603710F02
0A0427101BF40908F1530149F0026B0F
020A0427101B040A08F0530E49FE026B
0F020A0427101B100A08F0533F49F902
6F0F010A0427101B170A08F1532B4902
036C0F000A0427101B200A08F1534949
FE02780FFF09042B101B270A08F1535D
490403720F000A042F101B310A08F153
724903037F0FFD09042F101B390A08F2
535349FD027A0FFF09042A101B410A08
F2533D49FF027B0F000A042B101B480A
08F25354490803810F000A0433101B4E
0A08F25336492E034F0F000A0437101B
550A08F253364933035E0FFE09043C10
1B5D0A08F353FE4832034D0FFC09043C
101B680A08F253184928034E0FFB0904
37101B730A08F353F84809037A0FFC09
0433101B790A08F3530A490603850FFF
090433101B790A08F35310490003870F
FE090433101B740A08F3533449FC0285
0F000A0433101B6D0A08F2532949F902
850F000A0433101B6B0A08F25331491A
03470FFF090437101B6A0A08F3532049
15034F0FFB09043C101B770A08F2534C
4917034D0FFB090440101B870A08F353
1C490603460FF8090440101B960A08F3
53EE480A038F0FF609043A101B9B0A08
F3533749FA02960FFB090437101B960A
08F353EA480F038A0FFD090433101B8D
0A08F45323490203940FFF090437101B
8A0A08F453F2480B03600F000A044010
1B910A08F3531E490003540FFE090440
101BA00A08F253FD48F3025A0FFB0904
44101BB10A08F253FB4809035F0FFB09
043C101BBF0A08F2530D4902039B0FFB
09043C101BCF0A08F25327491103A20F
FB090440101BE00A08F253FF48F6029E
0FFB090448101BF00A08F253E348FB02
9E0FF4090450101B030B08F153234900
039D0FF209044C101B100B08F1532549
FB02780FF1090450101B210B08F15323
49EA026F0FEE090455101B350B08F053
DF48E8026D0FEA090461101B450B08F0
530949EF02700FE4090466101B570B08
F053E4480903910FDE09046E101B610B
08F053354A0A03920FD9090476101B63
0B08F053AB49FA02900FD1090482101B
640B08EF53B4491103930FCD09048210
1B630B08EF537F4949030210C8090487
101B640B08EF5344494103FB0FC30904
8B101B640B08EF5353494403FF0FC409
048F101B660B08EF5326494603FF0FC1
09048B101B650B08EF5354490D03E510
C009048F101B670B08EF5300490F03E5
10BE09048B101B640B08EF531B490F03
DA10BE09048F101B670B08EF53424910
03EE10BD09048F101B660B08EF531A49
0203DC10BA09048F101B650B08EF533F
492D031610BB09048F101B650B08EF53
6D492F031810BB090496101B640B08F0
53614931031E10B8090497101B640B08
F0535B4932032410B6090497101B610B
08F05369493903EE0FB6090497101B5E
0B08F05367493B03EB0FB7090493101B
570B08F1535C493903E40FB909048B10
1B400B08F0535D494203EC0FB909048B
101B280B08F15318491E03930FBE0904
82101B1A0B08F15352492B038D0FBF09
0482101B180B08F1533D491C038A0FC4
09047A101B1C0B08F2535B4917038D0F
CB090469101B1B0B08F2536D4924036A
0FD109045D101B110B08F2535A491E03
700FD7090459101BF30A08F3538C4920
03700FDD090455101BDA0A08F3539B49
24036D0FDF09045D101BCB0A08F45392
492703730FE2090455101BC40A08F453
B0490403A90FE2090452101BC30A08F3
53C449F4029C0FE8090448101BC20A08
F453B5490C039B0FEC090444101BBD0A
08F453A5490103A00FF0090440101BAE
0A08F453B0490A039D0FF309043C101B
920A08F453BB4909039E0FF609043C10
1B790A08F35384490403A00FF509043C
101B6F0A08F35391490D039E0FF80904
40101B630A08F3536C492603CF0FF709
0437101B4D0A08F25349492603C80FF8
090433101B2A0A08F25363491C03BD0F
FA090433101B0E0A08F25397491A03C0
0FFC090433101BF70908F1538F49ED02
960FFA09042F101BDF0908F1535449ED
02990FFE090427101BBF0908F1536F49
EE029E0FFE090423101B9B0908F053BB
49E902A70F000A041E101B860908F053
7749EA029E0F000A041E101B730908F0
5395490403CC0F010A0416101B510908
F05392490903D30F030A0416101B2B09
08EF5361490B03CA0F040A040E101B09
0908EE537A490203DA0F040A040E101B
ED0808EE536A49EF02930F060A040A10
1BCB0808EF537949F902960F090A0401
101BA90808F0536C49E902920F0B0A04
FD0F1B940808F0538A49F402980F0E0A
04FD0F1B7E0808F05383490603BE0F10
0A04F90F1B5E0808F0538349FA02C00F
120A04F50F1B3A0808F0538349FB02C0
0F120A04F10F1B1B0808F0537649F702
C70F130A04EC0F1BFF0708F053744918
03780F170A04E80F1BDB0708EF537949
13036E0F180A04E40F1BB80708F05328
491103730F1C0A04E00F1B9E0708F053
4D490F03760F1D0A04DA0F1B7C0708F0
5303491403760F200A04D80F1B540708
F05330490403AF0F210A04D30F1B3707
08F0530749FC02B50F240A04D80F1B1F
0708F05327490203AC0F220A04D80F1B
010708F0530749F702BB0F210A04D80F
1BE00608EF530D490103510F1D0A04DC
0F1BC40608EF53454900035B0F190A04
DC0F1BA80608EE534F49FE02530F160A
04DC0F1B800608ED535C49FE024D0F12
0A04E00F1B5D0608ED5336490603B00F
100A04E00F1B4B0608ED5345491303AC
0F0B0A04E80F1B370608ED5325491A03
AF0F010A04F50F1B1C0608EC535B4917
03B20FFA0904FD0F1B000608EC534B49
FD02A10FF1090401101BE00508EC531E
491103A20FEC090401101BC00508EC53
3849F7029F0FE409040A101BA50508EB
537F4905039E0FDB09041A101B8B0508
EB5338490003A90FCE090427101B7705
08EB531449DD029F0FC6090433101B6B
0508EB530E49D5029E0FBB09043C101B
590508EB534E49E802A00FB409043C10
1B440508EB533F49EA02A10FB0090437
101B320508EB533249E102C90FAD0904
37101B160508EB535B49F002CD0FAB09
0433101BF30408EC53A249EA02D00FAC
090433101BD70408EC535949F202CD0F
AB09042F101BC00408EC533549060382
0FAC09042B101BAD0408ED5370490403
7D0FAF09042B101B970408EC53404900
03840FAE09042B101B830408EC530E49
FB027C0FAE090437101B730408EB5340
49E802470FA709044C101B670408EB53
4249E202470F9C09045E101B570408EC
531C49DE02490F90090469101B3C0408
EC533149DC02440F8109047A101B1F04
08EC531049E002480F7509048B101B04
0408EC534A490003590F600904C1101B
FA0308ED538C4C0B035D0F420904FB10
1BFB0308ED53D04B1003580F19090431
111BFE0308ED530C4B0F03610FF70804
4A111BFD0308ED53AD4A0801570ADF08
044A111BF80308EE53734AFA005B0AD7
080431111BF00308EE53684AF1005D0A
D808042D111BEA0308ED53D149FF005A
0AD7080431111BEB0308EE53D9492C08
D735DA08043A111BF30308EE53C1493C
08DC35D408044A111BFB0308EF53B549
4E08DC35CA080468111B030408EF5398
494108DA35B708049B111B020408EF53
9B49B102890BA10804AF111B040408EE
53A149B102890B910804B3111B020408
EF53AB49B102830B830804C3111BFD03
08EE538649B5028D0B7A0804CC111BFB
0308EE536649B902910B710804C8111B
FE0308EF535E49F502CF0E6F0804C311
1B040408EF537649EC02C00E710804C3
111B080408EF538549FA02B70E6F0804
C8111B020408EE539449EA02B70E6D08
04D0111BF20308EE53714A6E047D0E68
0804D0111BDE0308EE53FD497F047E0E
6B0804C3111BC90308EE53D0497B047F
0E720804BF111BC20308EE53F1497404
850E6D080482CE18C30308EE53FE498F
05B3406E0804AA080FC30308EF53F749
9305AA407008045B5E0EC30308EF53F3
499605B140880804904A0EC40308EF53
C0499205AF40B10804A0820EC30308EF
53B9499602BF03DA08046EBE0EC20308
EF53D6499F02C403FC0804E3B00EC303
08EF53C649A802C8031B0904C48F0EC3
0308EF53C949A202C20330090400F10E
C30308EE53644AA102BD034809049AB3
0EC30308EE533E4B9B02C3035909040E
650FC50308EE53DB4AA602BF03660904
36800FC30308EE53A94AAD02C5038309
04D1D80EC30308EE536A4AA002BC03A3
0904D4980EC40308EE532B4AA602D103
C709046E9E0FC30308EE53154AA602CA
03EC0904DBDC0DC60308EE53064AA202
C0030D0A0424670EC50308ED53F449A4
02C503270A04974C0EC40308ED53D049
A502CA03310A04D6CE0DC30308ED53D5
49A402C403390A0484D20DC50308EE53
B249A302C203490A0406540EC40308EE
539B499D02C503640A04A3DA0EC40308
EE53B049A202D303830A047AD40DC303
08EE5345499D02C003</Data>

   <DataCRC>8ff6d153</DataCRC>

   <BytesSent>13753</BytesSent>

</SBEDataUpload>
</InstrumentRawData>
</SBEDataUploadFile>
