<?xml version="1.0"?>
<!-- SCPlusV2_RS232 -->
<SBEDataUploadFile>
<ApplicationData>
<Seaterm232>
<SoftwareVersion>2.6.3.104</SoftwareVersion>
<BuildDate>30-Jun-2017</BuildDate>
</Seaterm232>
</ApplicationData>
<InstrumentState>
<HardwareData DeviceType='SBE19plus' SerialNumber='01906740'>

   <Manufacturer>Sea-Bird Electronics, Inc.</Manufacturer>

   <FirmwareVersion>2.2d</FirmwareVersion>

   <FirmwareDate>9 February 2011 08:30</FirmwareDate>

   <CommandSetVersion>1.1</CommandSetVersion>

   <PCBAssembly PCBSerialNum='25307' AssemblyNum='41054G'/>

   <PCBAssembly PCBSerialNum='25737' AssemblyNum='41580B'/>

   <PCBAssembly PCBSerialNum='24669' AssemblyNum='41606'/>

   <PCBAssembly PCBSerialNum='24372' AssemblyNum='41059D'/>

   <MfgDate>  08 DEC 2010</MfgDate>

   <InternalSensors>

      <Sensor id='Main Temperature'>

         <type>temperature0</type>

         <SerialNumber>01906740</SerialNumber>

      </Sensor>

      <Sensor id='Main Conductivity'>

         <type>conductivity-0</type>

         <SerialNumber>01906740</SerialNumber>

      </Sensor>

      <Sensor id='Main Pressure'>

         <type>strain-0</type>

         <SerialNumber>3220369</SerialNumber>

      </Sensor>

   </InternalSensors>

   <ExternalSensors>

      <Sensor id='volt 0'>

         <type>SBE 43 OXY</type>

         <SerialNumber>432005</SerialNumber>

      </Sensor>

      <Sensor id='volt 1'>

         <type>not assigned</type>

         <SerialNumber>not assigned</SerialNumber>

      </Sensor>

      <Sensor id='volt 2'>

         <type>ECO-FLNTURT CHL</type>

         <SerialNumber>FLNTURTD-2025</SerialNumber>

      </Sensor>

      <Sensor id='volt 3'>

         <type>ECO-FLNTURT TURB</type>

         <SerialNumber>FLNTURTD-2025</SerialNumber>

      </Sensor>

      <Sensor id='volt 4'>

         <type>not assigned</type>

         <SerialNumber>not assigned</SerialNumber>

      </Sensor>

      <Sensor id='volt 5'>

         <type>not assigned</type>

         <SerialNumber>not assigned</SerialNumber>

      </Sensor>

   </ExternalSensors>

</HardwareData>
<StatusData DeviceType='SBE19plus' SerialNumber='01906740'>

   <DateTime>2018-12-07T14:28:32</DateTime>

   <LoggingState>not logging</LoggingState>

   <EventSummary numEvents='241'/>

   <Power>

      <vMain>12.2</vMain>

      <vLith>5.4</vLith>

      <iMain>61.5</iMain>

      <iPump>36.4</iPump>

      <iExt01> 4.1</iExt01>

      <iExt2345>20.6</iExt2345>

   </Power>

   <MemorySummary>

      <Bytes>1492821</Bytes>

      <Samples>87813</Samples>

      <SamplesFree>3782666</SamplesFree>

      <SampleLength>17</SampleLength>

      <Profiles>111</Profiles>

   </MemorySummary>

</StatusData>
<ConfigurationData DeviceType='SBE19plus' SerialNumber='01906740'>

   <ProfileMode>

      <ScansToAverage>1</ScansToAverage>

      <MinimumCondFreq>3226</MinimumCondFreq>

      <PumpDelay>60</PumpDelay>

      <AutoRun>no</AutoRun>

      <IgnoreSwitch>no</IgnoreSwitch>

   </ProfileMode>

   <Battery>

      <Type>alkaline</Type>

      <CutOff>7.5</CutOff>

   </Battery>

   <DataChannels>

      <ExtVolt0>yes</ExtVolt0>

      <ExtVolt1>no</ExtVolt1>

      <ExtVolt2>yes</ExtVolt2>

      <ExtVolt3>yes</ExtVolt3>

      <ExtVolt4>no</ExtVolt4>

      <ExtVolt5>no</ExtVolt5>

      <SBE38>no</SBE38>

      <OPTODE>no</OPTODE>

      <GTD>no</GTD>

   </DataChannels>

   <EchoCharacters>yes</EchoCharacters>

   <OutputExecutedTag>yes</OutputExecutedTag>

   <OutputFormat>raw HEX</OutputFormat>

</ConfigurationData>
<CalibrationCoefficients DeviceType='SBE19plus' SerialNumber='01906740'>

   <Calibration format='TEMP1' id='Main Temperature'>

      <SerialNum>01906740</SerialNum>

      <CalDate>07-Jan-11 </CalDate>

      <TA0>1.255288e-03</TA0>

      <TA1>2.593288e-04</TA1>

      <TA2>-2.376104e-07</TA2>

      <TA3>1.449298e-07</TA3>

      <TOFFSET>0.000000e+00</TOFFSET>

   </Calibration>

   <Calibration format='WBCOND0' id='Main Conductivity'>

      <SerialNum>01906740</SerialNum>

      <CalDate>07-Jan-11</CalDate>

      <G>-1.033008e+00</G>

      <H>1.393941e-01</H>

      <I>-2.175401e-04</I>

      <J>3.475757e-05</J>

      <CPCOR>-9.570000e-08</CPCOR>

      <CTCOR>3.250000e-06</CTCOR>

      <CSLOPE>1.000000e+00</CSLOPE>

   </Calibration>

   <Calibration format='STRAIN0' id='Main Pressure'>

      <SerialNum>3220369</SerialNum>

      <CalDate>21-Dec-10</CalDate>

      <PA0>8.222195e-01</PA0>

      <PA1>1.566037e-02</PA1>

      <PA2>-6.194425e-10</PA2>

      <PTCA0>5.244452e+05</PTCA0>

      <PTCA1>4.417653e+00</PTCA1>

      <PTCA2>-9.798927e-02</PTCA2>

      <PTCB0>2.510725e+01</PTCB0>

      <PTCB1>-1.150000e-03</PTCB1>

      <PTCB2>0.000000e+00</PTCB2>

      <PTEMPA0>-5.917147e+01</PTEMPA0>

      <PTEMPA1>5.387460e+01</PTEMPA1>

      <PTEMPA2>-2.653169e-01</PTEMPA2>

      <POFFSET>0.000000e+00</POFFSET>

      <PRANGE>5.076000e+03</PRANGE>

   </Calibration>

   <Calibration format='VOLT0' id='Volt 0'>

      <OFFSET>-4.687158e-02</OFFSET>

      <SLOPE>1.247988e+00</SLOPE>

   </Calibration>

   <Calibration format='VOLT0' id='Volt 1'>

      <OFFSET>-4.719579e-02</OFFSET>

      <SLOPE>1.248132e+00</SLOPE>

   </Calibration>

   <Calibration format='VOLT0' id='Volt 2'>

      <OFFSET>-4.684526e-02</OFFSET>

      <SLOPE>1.248324e+00</SLOPE>

   </Calibration>

   <Calibration format='VOLT0' id='Volt 3'>

      <OFFSET>-4.678105e-02</OFFSET>

      <SLOPE>1.247145e+00</SLOPE>

   </Calibration>

   <Calibration format='VOLT0' id='Volt 4'>

      <OFFSET>-4.669684e-02</OFFSET>

      <SLOPE>1.248307e+00</SLOPE>

   </Calibration>

   <Calibration format='VOLT0' id='Volt 5'>

      <OFFSET>-4.709579e-02</OFFSET>

      <SLOPE>1.247697e+00</SLOPE>

   </Calibration>

   <Calibration format='FREQ0' id='external frequency channel'>

      <EXTFREQSF>9.999977e-01</EXTFREQSF>

   </Calibration>

</CalibrationCoefficients>
<EventCounters DeviceType='SBE19plus' SerialNumber='01906740'>

   <EventSummary numEvents='241'/>

   <Event type='ErrorFLASHUncorrectableError' count='241'/>

</EventCounters></InstrumentState>
<Headers>

cast  90 03 Dec 2018 10:58:28 samples 76361 to 76534, avg = 1, stop = mag switch

</Headers><InstrumentRawData>
<SBEDataUpload startAddr='1298120'>

   <Type>1</Type>

   <DataFormat>SEACATPLUS0</DataFormat>

   <Bytes>2958</Bytes>

   <Data>
30C203C2F111C403086454C447560D6D
0A02BC030DBB11C303086354E447610D
6E0A46B90320B80FC40308625432485A
0D690AD3B8035B4915C403086254194A
640D6D0A04B803EF4D0FC403086354A4
49FEFB1310FCB5032D3B13C403086354
4149FCFB12106FB50374F00DC4030863
54014904FC12109AB203B1FE0CC80308
6354614900FC121058B003F2010DCB03
086454404AFDFBB80247B0037E120DCF
03086454D34901FCBA02E3B003FEE30C
D2030865549B49FFFBBB0290B10389A5
0CD103086554454901FCBF0230B203F2
710CCF030866543049A1030007CFB203
7B4B0CCB030866540549A103FD0679B3
03D4260CCC03086654D448A103020719
B403EC040CCF03086754A149A1030107
8AB503C3020CDD03086854A14CA303FE
06F3B803F72B15E603086954314C0BFC
C5130EC103633116ED03086B54444C05
FCC513C0C703D9A814EF03086B54B44B
03FCC413A0CB03B4AE12ED03086C5479
4B00FCB9136ECD03147015EC03086D54
244B7A03B41F60CE0368FD18EE03086D
54AB4A6A03B31F0CCF0339701BF10308
6F54C64A6B03BD1F94CF0341701BF303
086F54A54A6C03B81FF3CF03816F1BF5
03086F54594A6803333552D003CB6D1B
F103086F54514A68032D35B3D003136B
1BF1030870545A4A64032D3513D10397
681BF2030870541A4A70032D355FD103
EF661BF2030871542A4AFA0261139DD1
0395661BF203087254F54903035E13CA
D10385661BF2030872540F4A02036113
ECD10322661BF303087254014A020366
1307D203A3651BF103087254154AFD02
59131BD20388651BF403087254CE490F
03021225D2031D651BF503087354ED49
1603041231D203B1641BF703087354D0
491103FF113ED20355641BF503087354
D5491703FF1149D2036B641BF5030874
54B949EE02E51150D20355641BF20308
73548E49F002EA1154D20362641BF303
0873545E49EF02E01159D203E0631BF4
030874547949F402E9115ED203F3631B
F7030874544E491203F01161D2034464
1BFA0308745416491503E4115BD2039A
631BF80308745461491103EE115BD203
11641BF9030874541C491403DB115BD2
03D9621BF903087554E9481403C11159
D20308631BFC03087554E7481203C511
54D20326631B0004087454DC481503C5
114BD2038E631B070408755403490F03
C91143D20348631B0604087554BA490C
03CA113BD2030A631B0804087554B149
0903141231D20315631B0A040874541F
491D030C122BD20322631B0B04087454
EF480303161228D203EA621B0E040873
549C48130318122AD20308631B100408
735461481F034A1231D20310631B1404
08735467480C0345123BD203B3631B1A
0408735431480D033F1242D20395631B
1C04087354FB4717034C1247D203E863
1B1E0408715422480B038A1250D203B7
631B1A040871541C481A03851255D203
BF631B1B0408715417480A038D1254D2
03BB631B1904087154054809038B1251
D203AE631B1B040871543448E502F411
4ED203AA631B1D040871544248DD02F6
1150D203D1631B1D040871547348E802
031251D203F7631B1F040871549B48D1
02FB115CD20309641B1E040872547B48
DB02F01163D20319641B1D0408735433
4819034F1265D2035F641B1E04087354
64481E0359126AD20399641B1D040873
546F481403561274D2036A641B1C0408
74544A48070351127CD20326641B1C04
0874545348FC02541280D203AE631B1F
040874546348FE0257128AD20305641B
21040875545C480403591295D2030864
1B21040876545348F9025E129CD203D5
631B25040876544848FE0219129ED203
86631B29040876544C4806031612A3D2
0359631B2C04087654454806031112AC
D203AA631B2E04087654A04804031D12
B2D20366651B2E040876546748F50224
12B8D20340661B2D040877546648F502
2512B2D20324651B2D04087654A048ED
022C12AFD203CC631B31040876548648
F1022112AFD203D5621B3604087554A7
48E9022C12A0D20302631B4004087554
E348FE025B1287D20300651B42040876
54D8480B035A126CD203C4651B400408
7654E5480403651257D203BB651B3C04
087654D548000367124AD203C4641B3B
04087654BD48FE02BF1247D203AF631B
3E04087554DE480503B21242D2032663
1B4404087454CB480603B5123BD20305
641B4C04087454D2480B03BB122BD203
55651B4D04087454A6483203D5121ED2
03D5651B4B04087454BA483E03CA121D
D203E1651B4B04087554D2483803CB12
1CD203A6651B4A04087554D1483703CE
121DD20321641B4C04087454EB480E03
AA1218D20399641B4E04087454A94811
03BD1213D203BB631B5104087454C848
1503AA120DD203F4631B5404087454B4
480F03B41206D20351641B5804087454
C0481903B21202D203C7631B5C040874
54D9481503BB12FBD10344641B5E0408
7554A5480403CA12F9D10304651B5C04
087554C9481A03C212F9D10326641B5B
04087554EF481803BA12FDD10311641B
5C040875541949FD02B51208D203BB63
1B5D04087654E2480303B7120ED20350
631B6204087654F0480003B1120AD203
D9631B6804087654F8480403B9120BD2
0305641B6704087554CB483303D71213
D2037B641B6804087554D2483503DA12
18D20391641B6904087554D4483303D7
121DD203B5641B6904087654D2482903
CE121FD203EF641B6804087654CD4838
03991222D20328651B6604087754D448
3103911228D20340651B6604087654BA
482B0396122ED20311651B6304087654
AE483103921232D20378641B64040876
54914834038C1234D20333641B640408
7654B4482D03CB1233D2039E631B6804
08765480483703B81232D20377641B6A
0408755486484003C51235D2038C651B
690408755464482F03B91239D203D965
1B6C040876546B4833037B1238D2030D
661B6D04087654874822037C1239D203
68661B6E04087654BA482C0379122DD2
0388661B6E04087654BC482A03811225
D203B7661B6D04087754D84838032213
20D203DB661B6E04087654B74839031F
131CD203E6661B6A04087654CD483503
1E1319D20350661B6904087654A54833
032A131FD203CD651B6504087654B348
4903A1122CD20351651B6004087754A5
483F03941233D2034D651B6004087754
9A4845039B123ED2031D641B63040877
54BE483603A7123FD2035C631B650408
775474485103A6123CD203FF621B6604
08765490487103A21231D2031D631B66
04087754784878039A122ED2033C631B
640408775460487503A81229D203F762
1B660408775462487603A1121AD203D9
621B66040876545148E40285120AD203
A4621B67040877544748E9027F12FDD1
0373621B66040877549248E4027912F3
D10383621B6304087654BA48F1027F12
EAD10304631B590408775481483803DD
12E4D103D5621B4A040877547E482E03
E612DDD10344631B4304087654854828
03E012DAD10326631B35040876548548
3603E812D9D103F6621B260408765497
480E03FD12DAD1032A631B1904087654
B4481303FC12DBD103EA621B0F040876
548B481403EC12DDD103A4621B050408
765416480D03FB12D7D10390621B0404
087754E8471403F912D5D10377621B02
04087654E84732038E12D7D1035E621B
0304087654D74734039012D9D1036262
1B0404087654E44730039612DAD1036A
621B0804087754D24741039512DAD103
6E621B0704087654064811033112D6D1
03D5621BFD03087754E2470F033912DD
D10306631BEE03087654F24710033312
DED1037B631BE003087754E6471A0325
12DBD10396631BDA03087654FB472106
B43CEBD103AA631BD003087754D84725
06B63CF1D103F7631BC4030877540148
2806B03CF2D10323631BC40308775408
481B06AD3CECD1039CD819C103087654
184809FC310FF4D103546615C3030876
54344804FC2F0F19D2039F600EC50308
77542848FBFB360F3AD20343550EC403
0877545B4800FC310F4CD203EDB70FC5
030877545548FFFB240F2ED2033B1710
C403087654D648F4FBF90B09D2037706
0FC303087654CD48FAFBF90B0ED20362
2212C5030876542149FFFBFB0B11D203
05880FC203087654244900FCF20B</Data>

   <DataCRC>d786d071</DataCRC>

   <BytesSent>2958</BytesSent>

</SBEDataUpload>
</InstrumentRawData>
</SBEDataUploadFile>
