<?xml version="1.0"?>
<!-- SCPlusV2_RS232 -->
<SBEDataUploadFile>
<ApplicationData>
<Seaterm232>
<SoftwareVersion>2.6.3.104</SoftwareVersion>
<BuildDate>30-Jun-2017</BuildDate>
</Seaterm232>
</ApplicationData>
<InstrumentState>
<HardwareData DeviceType='SBE19plus' SerialNumber='01906740'>

   <Manufacturer>Sea-Bird Electronics, Inc.</Manufacturer>

   <FirmwareVersion>2.2d</FirmwareVersion>

   <FirmwareDate>9 February 2011 08:30</FirmwareDate>

   <CommandSetVersion>1.1</CommandSetVersion>

   <PCBAssembly PCBSerialNum='25307' AssemblyNum='41054G'/>

   <PCBAssembly PCBSerialNum='25737' AssemblyNum='41580B'/>

   <PCBAssembly PCBSerialNum='24669' AssemblyNum='41606'/>

   <PCBAssembly PCBSerialNum='24372' AssemblyNum='41059D'/>

   <MfgDate>  08 DEC 2010</MfgDate>

   <InternalSensors>

      <Sensor id='Main Temperature'>

         <type>temperature0</type>

         <SerialNumber>01906740</SerialNumber>

      </Sensor>

      <Sensor id='Main Conductivity'>

         <type>conductivity-0</type>

         <SerialNumber>01906740</SerialNumber>

      </Sensor>

      <Sensor id='Main Pressure'>

         <type>strain-0</type>

         <SerialNumber>3220369</SerialNumber>

      </Sensor>

   </InternalSensors>

   <ExternalSensors>

      <Sensor id='volt 0'>

         <type>SBE 43 OXY</type>

         <SerialNumber>432005</SerialNumber>

      </Sensor>

      <Sensor id='volt 1'>

         <type>not assigned</type>

         <SerialNumber>not assigned</SerialNumber>

      </Sensor>

      <Sensor id='volt 2'>

         <type>ECO-FLNTURT CHL</type>

         <SerialNumber>FLNTURTD-2025</SerialNumber>

      </Sensor>

      <Sensor id='volt 3'>

         <type>ECO-FLNTURT TURB</type>

         <SerialNumber>FLNTURTD-2025</SerialNumber>

      </Sensor>

      <Sensor id='volt 4'>

         <type>not assigned</type>

         <SerialNumber>not assigned</SerialNumber>

      </Sensor>

      <Sensor id='volt 5'>

         <type>not assigned</type>

         <SerialNumber>not assigned</SerialNumber>

      </Sensor>

   </ExternalSensors>

</HardwareData>
<StatusData DeviceType='SBE19plus' SerialNumber='01906740'>

   <DateTime>2018-12-07T14:28:32</DateTime>

   <LoggingState>not logging</LoggingState>

   <EventSummary numEvents='241'/>

   <Power>

      <vMain>12.2</vMain>

      <vLith>5.4</vLith>

      <iMain>61.5</iMain>

      <iPump>36.4</iPump>

      <iExt01> 4.1</iExt01>

      <iExt2345>20.6</iExt2345>

   </Power>

   <MemorySummary>

      <Bytes>1492821</Bytes>

      <Samples>87813</Samples>

      <SamplesFree>3782666</SamplesFree>

      <SampleLength>17</SampleLength>

      <Profiles>111</Profiles>

   </MemorySummary>

</StatusData>
<ConfigurationData DeviceType='SBE19plus' SerialNumber='01906740'>

   <ProfileMode>

      <ScansToAverage>1</ScansToAverage>

      <MinimumCondFreq>3226</MinimumCondFreq>

      <PumpDelay>60</PumpDelay>

      <AutoRun>no</AutoRun>

      <IgnoreSwitch>no</IgnoreSwitch>

   </ProfileMode>

   <Battery>

      <Type>alkaline</Type>

      <CutOff>7.5</CutOff>

   </Battery>

   <DataChannels>

      <ExtVolt0>yes</ExtVolt0>

      <ExtVolt1>no</ExtVolt1>

      <ExtVolt2>yes</ExtVolt2>

      <ExtVolt3>yes</ExtVolt3>

      <ExtVolt4>no</ExtVolt4>

      <ExtVolt5>no</ExtVolt5>

      <SBE38>no</SBE38>

      <OPTODE>no</OPTODE>

      <GTD>no</GTD>

   </DataChannels>

   <EchoCharacters>yes</EchoCharacters>

   <OutputExecutedTag>yes</OutputExecutedTag>

   <OutputFormat>raw HEX</OutputFormat>

</ConfigurationData>
<CalibrationCoefficients DeviceType='SBE19plus' SerialNumber='01906740'>

   <Calibration format='TEMP1' id='Main Temperature'>

      <SerialNum>01906740</SerialNum>

      <CalDate>07-Jan-11 </CalDate>

      <TA0>1.255288e-03</TA0>

      <TA1>2.593288e-04</TA1>

      <TA2>-2.376104e-07</TA2>

      <TA3>1.449298e-07</TA3>

      <TOFFSET>0.000000e+00</TOFFSET>

   </Calibration>

   <Calibration format='WBCOND0' id='Main Conductivity'>

      <SerialNum>01906740</SerialNum>

      <CalDate>07-Jan-11</CalDate>

      <G>-1.033008e+00</G>

      <H>1.393941e-01</H>

      <I>-2.175401e-04</I>

      <J>3.475757e-05</J>

      <CPCOR>-9.570000e-08</CPCOR>

      <CTCOR>3.250000e-06</CTCOR>

      <CSLOPE>1.000000e+00</CSLOPE>

   </Calibration>

   <Calibration format='STRAIN0' id='Main Pressure'>

      <SerialNum>3220369</SerialNum>

      <CalDate>21-Dec-10</CalDate>

      <PA0>8.222195e-01</PA0>

      <PA1>1.566037e-02</PA1>

      <PA2>-6.194425e-10</PA2>

      <PTCA0>5.244452e+05</PTCA0>

      <PTCA1>4.417653e+00</PTCA1>

      <PTCA2>-9.798927e-02</PTCA2>

      <PTCB0>2.510725e+01</PTCB0>

      <PTCB1>-1.150000e-03</PTCB1>

      <PTCB2>0.000000e+00</PTCB2>

      <PTEMPA0>-5.917147e+01</PTEMPA0>

      <PTEMPA1>5.387460e+01</PTEMPA1>

      <PTEMPA2>-2.653169e-01</PTEMPA2>

      <POFFSET>0.000000e+00</POFFSET>

      <PRANGE>5.076000e+03</PRANGE>

   </Calibration>

   <Calibration format='VOLT0' id='Volt 0'>

      <OFFSET>-4.687158e-02</OFFSET>

      <SLOPE>1.247988e+00</SLOPE>

   </Calibration>

   <Calibration format='VOLT0' id='Volt 1'>

      <OFFSET>-4.719579e-02</OFFSET>

      <SLOPE>1.248132e+00</SLOPE>

   </Calibration>

   <Calibration format='VOLT0' id='Volt 2'>

      <OFFSET>-4.684526e-02</OFFSET>

      <SLOPE>1.248324e+00</SLOPE>

   </Calibration>

   <Calibration format='VOLT0' id='Volt 3'>

      <OFFSET>-4.678105e-02</OFFSET>

      <SLOPE>1.247145e+00</SLOPE>

   </Calibration>

   <Calibration format='VOLT0' id='Volt 4'>

      <OFFSET>-4.669684e-02</OFFSET>

      <SLOPE>1.248307e+00</SLOPE>

   </Calibration>

   <Calibration format='VOLT0' id='Volt 5'>

      <OFFSET>-4.709579e-02</OFFSET>

      <SLOPE>1.247697e+00</SLOPE>

   </Calibration>

   <Calibration format='FREQ0' id='external frequency channel'>

      <EXTFREQSF>9.999977e-01</EXTFREQSF>

   </Calibration>

</CalibrationCoefficients>
<EventCounters DeviceType='SBE19plus' SerialNumber='01906740'>

   <EventSummary numEvents='241'/>

   <Event type='ErrorFLASHUncorrectableError' count='241'/>

</EventCounters></InstrumentState>
<Headers>

cast  78 03 Dec 2018 08:41:01 samples 69522 to 70330, avg = 1, stop = mag switch

</Headers><InstrumentRawData>
<SBEDataUpload startAddr='1181857'>

   <Type>1</Type>

   <DataFormat>SEACATPLUS0</DataFormat>

   <Bytes>13753</Bytes>

   <Data>
731604FA0E16C303085554E94BA602CB
032E11047D4A12C403085554534BA602
CC03710A04262F0DC303085554194BA4
02BD03430704BA890CC403085454D94A
AD02C90348060441960CC303085454B8
4A9D02C603200604D2010EC303085254
9A4AA702C103580604BC9E10C1030852
54CD4BA202BC038F06043F0D12C20308
51544B4DA602C3030E0604A1CA18C503
085154A24C70027612560204019111C6
030851544D4C6C027812F3F70363450E
CC03085154C24C7702731246F00380B2
0EDA03085154684F76027B12F4EE03A5
D010E1030852545850320CD50BC1F103
295F15E503085254E64F320CD70B1EF6
030F6119E4030852540450340CD80B57
F903B7D71AE803085154424F2C0CDC0B
F2FB0373D319ED03085054E24E290CD4
0BBDFD039B191BF503085154554E3402
7423EBFE0364191BF703085154F84D32
026F23E7FF0358191BF903085254D04D
25026B23C50004AC151BF903085254A0
4D2E0275237E010419191BF803085454
6B4D1603300FF301040D191BF9030854
546D4D0703360F3B020411191BF90308
5554594D0C03310F670204F4181BF903
085554D84F1A03360F840204D6181BFC
03085554BE506C02490F9A020478181B
0004085554F8507502550FAA0204F818
1B0504085454275070025A0FB0020415
191B0E04085454244F65024F0FB50204
F4181B1404085554944EA202A90EBD02
04CE181B1304085454034E9B02A70EC3
020472181B1204085554D14DA502A90E
C502047F181B1104085654754D9702A3
0ED5020469191B1204085654644DA202
970EEC02042C1B1B1404085654404D06
03040F040304251A1B1B04085754114D
FD02000F17030468181B1E04085854CA
4C0403020F210304F1171B1E04085854
AC4C0303040F1B030412181B1B040859
547B4C0803C00E180304A7191B160408
59547A4CFF02C00E1C0304FE1A1B1704
085954794C0B03C20EE802046C1A1B1A
04085B546A4C0803BE0ECA02046E181B
1D04085B543B4CB902CB0EDB02045118
1B2204085B54044CB802D20EED020438
181B2104085B54BF4BBE02CD0EEA0204
E4171B1F04085C54B34BBB02DC0EE902
04E8171B1904085C548A4BEB02CE0EEC
02044D191B1D04085D547F4BF102CB0E
020304141A1B1E04085D546B4BF302D0
0EE50204B31A1B1E04085D54364BF302
CE0EB50204B8191B2104085D54154BEF
02C80E8D0204D3171B2104085D54FA4A
DF02E90E970204B6171B2204085C54F3
4AE002E70EB7020440181B2704085C54
C84ADE02E60ECE0204B5181B2B04085C
54AF4AE502E50EDA0204B6171B2A0408
5C54864AE602D30EDE020467171B2C04
085C54774AE802C80EDF02047B171B2D
04085C54564AE002D00EDE0204A5171B
2C04085B54484ADF02C90EDF02044B19
1B2C04085C543A4AF202E20EFF0204F2
191B2B04085C54374AE802EE0E100304
AB191B2D04085C54194AF002F50EEF02
0494181B2E04085C541F4AEF02E10EE1
020480171B3004085C54084A0603D10E
FC020484171B3204085B54F3490203CD
0E1F03047A181B3004085B54FF490403
D00E3E030438181B2C04085C54FD49FF
02E20E600304CF171B2D04085C54EC49
0003DE0E8103044C181B3104085C54C0
49E6020E0F9D03046A181B3404085D54
AF49EF02020FB10304F2161B3504085C
549549E8021A0FC3030492161B360408
5C549249EC02130FD3030475161B3404
085C547C491303BE0ECF03049A161B31
04085C5473491503C00EA8030413171B
2F04085C5456491703CA0E7203043917
1B3304085B543F491A03C60E4303044A
171B3704085B543C49DF02130F250304
DB181B3804085A543149E0020F0F1D03
04891A1B3704085B540F49E0020D0FFB
0204BF1A1B3804085B54FA48E802060F
9F0204701A1B3704085C54E548B702BE
0E540204AB191B3504085C54DB48AC02
C30E31020472181B3204085B54CD48AC
02C70E480204AA171B3204085B54BC48
B502C10E6F02045F171B3304085B54A5
48B902C30E86020452171B3504085A54
A948EA02C20E9D02048C171B3804085B
548F48D102CF0EAF02048C171B3E0408
5B548848E902B80EC50204CF171B4004
085B547248E002CF0ED80204CE191B3B
04085B546048D902DB0E0603047A181B
3804085B545148E902DA0E4103049117
1B3504085C545A48E202DB0E5A030495
171B3704085C543A48DE02E70E4C0304
38181B4004085C543048C902FA0E2603
0494181B4504085C543248C502F20E05
0304D71B1B4804085C543048C402F00E
F70204F01B1B4304085B542F48C202EF
0E940204E91A1B3B04085B542C48D802
DC0E2A02040C1A1B3804085A542748D3
02E40EEE01043A1A1B3704085A541A48
EA02D40EF10104C0191B4004085A5408
48E002EB0E220204A3191B4404085B54
F947DE02E10E4F0204CC1A1B4304085B
54FE47CA02E10E720204241B1B420408
5B54F947D402D80E750204201A1B3D04
085B540D48C902E40E63020450191B3F
04085A541548CF02E40E660204FC181B
4104085A5420480603BD0E7A02040819
1B4204085A5411480603BF0E8F0204DE
191B4404085A541D48FE02C20EA40204
131B1B3F04085A541C48FA02C80E9502
04491B1B3B04085A541E48E702CB0E43
0204DC1A1B3704085A541E48E702C80E
FF0104201A1B3E04085B543348DD02D1
0EFA0104031A1B4604085A543A48EA02
D40E1D02042C1B1B4804085A542548CE
02CE0E400204321D1B4804085B541D48
D102C80EF30104751D1B3E04085A5420
48CA02CE0E7F01046F1B1B3B04085A54
1E48C802C80E380104321A1B3904085A
542648C802D60E2E0104C9191B3D0408
5A542748F502DB0E4E0104DE191B4004
085A542948F302D10E8001041C1A1B44
04085B542748F202D30EAA01040A1B1B
4504085B542D48F902CF0EC401046A1C
1B4604085B542748CD02C20EDE010422
1D1B4604085B542948D702C00EA10104
DF1C1B4404085B543748CC02C30E5401
04561B1B4104085B543148C002C00E53
01044A1A1B4004085B542A48CF02BB0E
740104EA191B3D04085B542A48D402CA
0E9901048E191B4004085C542748D702
CF0EB9010469191B4704085C540D48D5
02B50ED4010486191B4D04085B541E48
C902BE0EED0104621B1B4F04085C540E
48CA02CD0E020204EF1D1B4B04085C54
FC47CB02CB0E1D0204091D1B4204085C
54F147C702B50E120204171B1B3C0408
5D54DE47C802CB0E220204531A1B3E04
085C54C547DC02AD0E370204A1191B42
04085C54C647E702B40E470204D9191B
4904085C54B147F302B20E520204341B
1B4804085B548E47DF02AD0E5802043C
1C1B4604085C548847D8020C0F620204
9D1B1B4204085C547947E002180F7302
045B1A1B3F04085C546D47E4021B0F7E
0204CD191B4104085C547947ED02150F
80020479191B4504085C545F47E802D9
0E8002042A191B4604085C546647E402
CD0E7E02048E191B4C04085C547747E8
02D80E7E0204F71A1B4C04085C546B47
DB02C20E830204401C1B4704085C5461
47C202DF0E970204011C1B4204085C54
4E47CA02EB0EA702049A1A1B3F04085C
545247D002F30EAC0204C0191B3D0408
5B544947CF02D80EAC020454191B4604
085B544C47C502E20EB2020404191B4D
04085C544847E602BC0EB2020482191B
4F04085D544B47DF02CA0EB60204A21A
1B4D04085D544A47F102CB0EBB020456
1B1B4904085D544647EC02B80EC00204
F31A1B4404085D543947EA02B30ED302
04A7191B4104085D543947EA02B20EE1
0204FC181B4304085D543D47E002A70E
E30204B9181B4804085D543747E402AE
0ED502041D191B5004085D541147D602
C30EC902047F1B1B5204085D540F47CC
02D70EBD02048A1D1B4C04085D54FF46
D302D80EB50204871C1B4604085D54F9
46CC02D10E7B0204911A1B4104085D54
EA46D802AD0E790204FE191B4004085D
54D346DA02BB0E8A020479191B420408
5D54FB46C702B10E95020422191B4A04
085D54ED46D102B80E9C02042E191B50
04085D54DF46CE02B20EA102049E1A1B
5204085D54CF46D902B50EA80204CA1C
1B5104085D54C946D402C60EB40204E7
1C1B4B04085D54CD46EC02C20E900204
C81A1B4704085C54C846D702C90E7202
04F7191B4504085D54C5460203C60E80
02045C191B4A04085D54B5461303C80E
9102043D191B5504085D54AE46F902B8
0E9C020454191B5F04085E54B8460D03
C50E9C0204181A1B6704085D54AC46EB
02CD0EA00204231C1B6904085D549046
ED02DE0E9F0204AD1C1B6704085D54B7
46F502E60E860204161C1B6504085D54
9546F902DA0E280204CC1A1B6204085E
54B546DA02C80E0B02046C1A1B650408
5D54AD46D502BF0E150204311A1B6A04
085D54A046C302C20E340204F2191B72
04085D549246C902C20E510204BE191B
7704085D54BC46CB02C20E630204391A
1B7D04085D54B246EA02D70E6F0204D0
1A1B7F04085D54BA46DB02EA0E760204
F11A1B8304085E54BA46E302E30E7E02
04A61A1B8204085E54C346E002E00E83
0204101A1B8104085E54D246E802CD0E
870204A7191B8504085E54CB46E902C1
0E89020479191B8504085D54C546E202
CB0E8B020458191B8504085E54B646E6
02CA0E8C020458191B8C04085E54B346
EA02B50E8B02045D191B9404085E54B2
46E402C10E8E02049F191B9904085E54
A546E002C80E930204951A1B9B04085D
54A546D702C80E950204571A1B9A0408
5D549E46F902CD0EA0020497191B9B04
085D54AB46F302D10EA2020450191B9D
04085D549E46F002CD0EA2020458191B
9E04085D549046F202CF0EA40204FF19
1BA204085C54A646F502D80EA502041C
1A1BA204085C5498460103DA0EA40204
89191BA304085C54B4461003E40EA602
0432191BA804085C5487460003E30EA8
020443191BB004085B5496460103F10E
AE02049F191BB604085B548A46F502F6
0EB302045F1A1BB504085C547C46F302
000FB70204891A1BB204085C548D46F4
02FA0EC60204EA191BB204085C547046
F302F30ED5020464191BB204085C5483
46E802E60ED702042E191BB904085C54
6646D802E30ED7020436191BC004085D
548146E102EF0EDE020445191BC50408
5D546E46EA02DF0EE60204101A1BC904
085D546346F702DE0EEC0204B71A1BC7
04085D546746F702DE0EF00204021B1B
C804085D546446E902E00EEF0204E51A
1BC604085E546946FD02E70EDC020478
1A1BC804085E546B46F502E40ED20204
B0191BC904085E546D46E002960FDA02
043B191BD404085F546946D9029B0FE8
020422191BDD04085F547046DE028F0F
F0020422191BE604085F547246DB0298
0FF80204D6191BEC04085E546146F302
B70EFF02045E1B1BEB04085E545C46EF
02C90EE10204561B1BE604085E545F46
F302C30E740204F11A1BDF04085E546D
46F502C20E280204251A1BDF04085E54
8346F302B10E1D0204C9191BE604085D
547A46F302B50E330204BC191BEF0408
5D546946E802A90E67020464191BF804
085D54B046EA02A90E9B02043B191B01
05085D549946E202CF0EC10204071A1B
0605085E548B46DA02DA0ED70204F71A
1B0305085D549346E202D30EDE0204CC
1A1BFF04085D54A846E602D40ED30204
571A1BFE04085D549446E702D10ECF02
040C1A1BFF04085D54A746CF02FA0ECB
0204C0191B0205085D54C246D202FA0E
D3020492191B0705085D54CC46D202EF
0EDE0204C9191B0905085D54DD46D302
F80EE80204BC191B0A05085D54D446F9
02F20EED020422191B0A05085D54FB46
F502F50EF7020419191B0B05085D5430
47EB02ED0E03030411191B0C05085D54
1647F602F80E0A030411191B0C05085D
540F47EA02E10E0E03040D191B0E0508
5D543747E402E10E11030404191B1305
085E540E47F102DE0E13030408191B16
05085E541D47FC02E40E17030408191B
1A05085E543847E602C90E1703040819
1B1F05085E544147EC02CF0E17030408
191B2505085E545747F302CF0E180304
0D191B2905085F547A47FB02CB0E1503
0415191B2A05085E548747F902CC0E15
03040D191B2A05085F54AC47D902D10E
1503041D191B2A05085E54B547CF02D9
0E1003042E191B2805085F54E047D202
D80E08030436191B2805085E54EF47CB
02C80EFE02043B191B2705085F540448
FE02D00EF8020419191B3005085F5403
48F702C50EFE02040D191B3A05085F54
1148FC02CF0E0A030411191B4405085F
543148FD02CD0E10030411191B470508
5F545048E9027A0F12030419191B4405
085E545348F702770F12030421191B3F
05085E546748F102710F0E03042E191B
4105085E545548FB02730F0703042E19
1B4105085F546E48D302C00E04030419
191B46050860548548D802CD0E060304
15191B4F05085F549F48DD02C90E0D03
0415191B5805085F54AF48DB02C30E10
030411191B5D05085F54BC48E502C00E
13030415191B5D05085F54CA48EE02DA
0E15030419191B5E05085E54D748F302
DE0E11030422191B5D05085F54D048F0
02E00E0D03042A191B6005085F54DE48
EF02E60E0A03041D191B6305086054E1
48F902DA0E0B030415191B6A05085F54
09490103D30E0F030411191B6E050860
541749F902CC0E12030411191B6F0508
60540D49F702CE0E13030419191B7005
08605442490603CC0E11030426191B75
050861543B490803D70E0E030415191B
7A0508605428490803D50E1003040D19
1B800508605445490803D50E1503040D
191B8205085F543F49D702180F150304
15191B83050860547949D9021B0F1403
041D191B83050860544F49E202140F14
030422191B86050861545A49D902260F
0F030419191B8B050862546849EE020B
0F10030411191B91050862546C49FE02
C00E1403040D191B97050862548C49F7
02C60E15030411191B9B050862547949
0A03C50E17030415191B9F0508615476
490603BC0E16030415191BA005086254
8349CC022B0F16030415191BA0050862
548249CC02320F16030419191B9E0508
62547449CB02310F14030421191B9F05
086254A549CA023A0F12030426191BA4
050861548E49EA02B70E0D03041D191B
AE050862548A49F702AF0E0F03041919
1BB5050862548D49ED02B00E12030419
191BB9050862547F49EF02AA0E110304
19191BB705086154A249ED02090F1203
042A191BB405086154AF49E202030F0E
03042E191BB405086054A449E802000F
0A030432191BB705086054BA49E60208
0F04030432191BBA05085F54C349DD02
040F03030425191BC505085F54C449EB
02CF0E06030422191BCA05085F54B249
E402CF0E0B03041D191BCE05085F54BC
49DF02DA0E0B030426191BCD05085E54
AC49DA02D50E0C03042E191BCB05085D
54AB49F302C50E09030432191BCA0508
5D54C149F302BF0E0303043B191BCC05
085D54BE49F702BE0E0103043F191BCE
05085D54D449F102C80EFE020432191B
D105085D54E549E502EE0EFE02041519
1BD905085E54BD49DF02F30E0903040D
191BDC05085E54E749E202ED0E130304
0D191BDE05085D54C749DE02F30E1B03
0415191BDC05085D54D149F302E40E1B
030422191BDD05085E54EE49F502DE0E
1703042E191BDD05085E54E149FC02E2
0E10030426191BE205085E54F749FC02
DA0E0E03041D191BE805085E54EE4903
03DC0E11030411191BED05085E54D649
F402DA0E15030415191BF205085E54F4
49F702D50E1A030415191BF205085F54
D7490403E40E1A030411191BF205085F
54FA49F702E10E1B03041D191BF40508
5F54E749FA02DA0E1703041D191BF405
085E54FE490203D80E17030419191BF4
05085E54004A0D03E10E1203041D191B
F805085E54044A0403E60E1503042219
1BFE05085E54134AF902DC0E14030419
191B0206085E54004AEF02E40E160304
08191B0506085F54DB49EF02E90E1903
0408191B0A06085F54F249F202DD0E1F
030408191B0B06085F54F449EF02E90E
22030400191B1106086054F749E402D9
0E24030405191B1506086054DF49D602
DE0E27030404191B1706086054F349DE
02E00E28030404191B1506086154F249
E402E10E28030411191B1406086054F4
491003D10E24030415191B1506086054
FC49FD02D50E20030415191B19060860
54F849FD02D00E1C030411191B1F0608
6054D549F302D50E1B030408191B2506
086154E6490F03B40E1F030408191B26
06086254EC491003AE0E22030408191B
2806086254F6490E03B40E2403040D19
1B2706086254F0491303B40E23030411
191B2806086254ED49F502E40E1F0304
15191B2B06086154194A0303DE0E1E03
041D191B3206086154264A0103DD0E1C
03040D191B3906086054F4490803E00E
1D030411191B3F06086054EB49FB02D8
0E1F030411191B4106086054E349E402
D10E21030411191B4006086054F549E0
02C60E21030419191B3F06086054064A
E002DA0E20030422191B3F060861540C
4AD702D10E1903041D191B4206086154
F949E202F70E17030419191B4C060861
54D949DE02F50E19030411191B510608
6154174ADE02FA0E1C030415191B5406
086054F649E802EF0E1D030419191B58
06086054104AD702D80E1D030419191B
5806086054004AE102E10E1D03041519
1B5706086054104AE102E40E1E030419
191B5C06086054054AE602E30E1A0304
22191B6206086054F649E202A3101903
0419191B68060860541A4AED02A01019
030419191B6E060860541F4AEE029E10
1B03041D191B6E06086154FB49EF029E
1019030419191B6D06086154FE49EB02
54101903042A191B6E06086154D649F3
02F60E17030422191B7106086154FF49
E802EB0E14030422191B7806086054CC
49F102F30E15030426191B7B06086054
D749EF02F80E16030426191B7C060860
54DC49F302EB0E14030422191B810608
6054D949E802EF0E15030426191B8306
0860540E4AF102F30E13030426191B85
06086054024AF302F10E13030429191B
8806086154F849E502C40E1303042619
1B89060860542C4ADE02C30E1403042A
191B8906086054164ADE02C80E140304
2A191B8C060860540E4AEB02C40E1103
042A191B9006085F54164AF002B70E12
030426191B9706085F54494AF302BB0E
13030422191B9B06085F54844AF302BA
0E16030419191B9D06085F547B4AF902
B50E17030422191BA006085E54404AEE
02B00E19030422191B9E06085F54364A
0203BA0E1A030429191BA106085E5454
4A0803C10E1703042A191BA406085D54
7C4AF902BA0E1403041D191BAC06085E
545E4A0403C30E1703041D191BB20608
5D543C4AFA02C90E1B030419191BB506
085D54264AEE02BA0E1C03041D191BB6
06085E544F4AF702C30E1E030426191B
B106085E54194AF502C50E1B03042E19
1BAF06085F54464A0803C80E1603042E
191BB006085F54404A0D03C40E130304
2A191BB506085F54574A0103BE0E1603
0421191BBB060860545E4A0503C00E15
03041D191BC306085F54504AED02E90E
1903041D191BC606085F544F4AF802DE
0E1C03041D191BCA06085F54514AF902
E20E1C03041D191BCB06085F547E4AEB
02E20E1B030422191BCC06085F54904A
F802E00E1A030422191BCE06085F5480
4AFF02260F19030426191BCD06086054
694AFF021F0F1903042A191BD1060860
54794A06031D0F17030426191BD20608
6054754A00031B0F16030429191BDA06
086054534AFE02D30E16030426191BDE
06086154424A0603D50E18030422191B
E106086054404AFA02D70E1A03042619
1BE606086054314A0003D80E1A030426
191BEC06086054314AE602F10E1A0304
2A191BF106086054274AEC02ED0E1A03
0426191BF206085F54384ADE02F30E19
03042A191BEF06086054444AE102F50E
19030432191BEC06086054654A0403FC
0E17030432191BF1060861546C4AF302
0B0F1303042E191BF806086254794AFA
02FD0E1303042D191BFF06086154954A
FE02FA0E1403042A191B030708615460
4AFC02040F1403042A191B0407086054
8D4A0403380F16030432191B03070861
54874AFB023E0F16030436191B020708
6054844A0103280F1503043B191B0607
086054794A08032F0F13030436191B09
07086054514A2203D70E0F030436191B
0E070860547A4A2203C90E0E03042E19
1B1607086054824A1A03CC0E1203042A
191B1C07086054B94A2203D40E130304
2D191B2007086054BA4A0D03C20E1403
042E191B1D070860548A4A0A03CD0E17
030432191B1B07086054C44A1A03BC0E
1603043B191B1907086054C54A0A03C0
0E11030436191B1F07086054A64A0803
CC0E10030432191B27070860549E4AFA
02BE0E1303042E191B3007086054D14A
0F03BC0E1303042A191B3407086154D2
4A0203C10E1803042E191B3607086154
8D4AFE02BE0E1603042E191B35070860
54974A0203030F16030435191B330708
6054804A0103070F1603043B191B3407
0860548F4AF602010F1203043F191B34
070860546D4AFF02000F0F030432191B
35070860543F4AF102B00E0E03043619
1B3A070860545E4AED02AF0E0E030432
191B4107086154424AED02B50E110304
32191B45070860545E4AF002B30E1503
0436191B4807086054554AFF02E20E14
03043B191B4D07086054564A0203DE0E
13030443191B4C07086054534A0D03DD
0E0E030441191B4B070860542E4A0B03
DC0E0D03043B191B4A07086154424A0C
031E0F0D03043F191B4B07086054734A
0B03230F0F03043B191B4F0708605461
4AFD022B0F0D030447191B5807086154
404A0403250F0B030450191B5E070861
54554A0403200F0903044B191B6A0708
62543E4AFF02FC0E06030450191B6F07
086254584AF302FF0E03030450191B6E
07086154214AEF02000F02030450191B
6A07086254144AE602020F0303045519
1B6507086254134AFC02C60E01030458
191B66070861541A4AF902C90EFD0204
58191B6A07086154394AFC02C00EFD02
0454191B6E07086254244AF302C00EFD
020450191B76070862541A4AE802FF0E
FE020450191B7907086254304AE40200
0F00030454191B7D070862544D4AE102
F90E00030454191B7907086154464ADA
02030F00030458191B7807086254654A
1803F20EFD02045C191B780708625468
4A1803F20EFD020455191B8007086254
524A1603F10EFC020454191B8A070862
54484A1C03EF0EFE020458191B910708
62544A4A0903EF0EFE02045C191B8E07
0862544F4ADB02DC0EFD02045C191B89
07086354554AD902E70EFC020458191B
87070863542C4AE802DA0EFC02045C19
1B8907086254F649E002DC0EFD020458
191B8E070862541F4AEA02DE0EFD0204
54191B94070863542E4AF502E90EFE02
0454191B9B07086354144AF102DB0EFE
020454191B9F07086354164AF302E00E
01030455191B9E070863540E4A3303D3
0EFE020458191B9D07086354044A3503
D40EFE02045C191B9E07086354014A30
03D20EFD02045C191BA1070863540A4A
3A03DE0EFD020458191BA30708625427
4AFC02350FFD020458191BA807086254
3E4A0603220FFF020460191BB2070861
54DB4905033D0FFE02045C191BB60708
6154DF4906032F0FFC020460191BBC07
086254F849FE02340FFB020460191BBF
07086254F349F102150FFA020461191B
C007086154FC49EE021F0FFA02046419
1BC307086154DF49F402100FF9020464
191BC407086154F849EA020E0FF80204
64191BC707086154DD49FE02AF0EF802
0469191BCE07086254FA49E802AC0EF5
020464191BD707086254FF49E902B00E
F5020469191BDA07086254F649FA02AE
0EF6020469191BDB07086154CA491803
F80EF5020469191BDA07086154DF4906
03000FF4020469191BDA07086254D649
1103000FF402046D191BDB07086254BF
491503FF0EF4020471191BE107086254
C1490003D10EF102046D191BE9070863
54F5490803CE0EF202046D191BEA0708
6254F0490303D00EF1020471191BEC07
086154C6490203CF0EF1020471191BED
07086254C3490703CF0EF2020471191B
F407086154D049F002DC0EF102047119
1BFA07086254D749F302DD0EF1020471
191BFD07086254CB49F502E40EF00204
71191BFE07086154E349F202E00EEF02
0471191BFE07086254FF490303F10EF1
020475191B00080862540A4AFF02F60E
F0020471191B0808086154F5490003F1
0EEF020471191B0C08086154DF49F602
ED0EF2020475191B0F08086054B4490F
03030FEE020475191B1008086054D249
1303070FF0020475191B1108086054C2
491A03FB0EF1020471191B1508085F54
AA490B03FE0EF002046D191B1D08085F
54BE490903DE0EF202046D191B240808
5F54C6490003DE0EF4020471191B2A08
086054D2490403DC0EF3020471191B2D
08086054A7490203DD0EF4020471191B
2F08086054CE49FA02D90EF202046919
1B2D08086154C3491303FB0EF4020471
191B2C08086054DB491003060FF30204
71191B2E08086154BA491C03080FF202
0475191B3208086054DD490803FC0EF1
020475191B3B08086054CD490103100F
F1020475191B4508086054C049F80210
0FEF020471191B4E08086154CE490203
0D0FF1020471191B4F08086254C849FE
02130FF3020471191B4F08086154C349
F802FF0EF2020479191B48080861549F
490403E60EF002047D191B4708086254
9D490403F20EED020479191B4F080863
54A3490003F00EED020471191B580808
64548D49E502DD0EF0020471191B5C08
0864546F49E702DB0EF002046D191B5C
080864549249E502E20EF5020471191B
5E08086554A249D802DE0EF302047519
1B61080864547F49D802DD0EF3020471
191B65080864548B49DA02D70EF10204
71191B69080864548549DE02D80EF102
046D191B6E080864549449DC02CD0EF4
020469191B6E080864547E49E302CF0E
F802046D191B6D08086554BB490803F5
0EFA020471191B6E08086454B049FC02
FE0EFA020471191B7408086454994906
03060FF702046D191B7A08086554BB49
FE02FF0EF8020469191B7E08086454A3
490B03170FF802046D191B8008086454
B64914030D0FF702046D191B83080864
54994904030D0FF7020471191B840808
6354BB491303130FF7020475191B8108
08635494491503D30EF5020479191B84
080862549C490F03D50EF202047D191B
8708086154BC491C03DD0EF102047919
1B8D08086254A0491003D30EF0020471
191B9308086354BB490D03D00EF30204
6D191B9808086354B9490303C60EF702
046D191B9A08086354A3490703C00EF7
02046D191B9908086254B7490003C20E
F8020475191B99080862549C49FE02C4
0EF9020479191B9B08086254A3491403
BB0EF5020475191B9E08086154654910
03B90EF4020471191BA1080861547649
1903C00EF5020475191BA40808625486
491003C40EF402046D191BA708086154
6249F302060FF3020471191BAD080861
545449E8020D0FF5020471191BB40808
61546149E902FC0EF702047D191BB908
0861547B49E202070FF302048A191BBE
0808625465491703310FEF020485191B
C208086254454913032E0FED02048619
1BC10808625471491503270FEC02048A
191BC1080862545C4913033A0FEA0204
8A191BC00808625467491103310FE902
048A191BC4080862544549ED02FA0EE9
02048A191BCD080863547149E402050F
E802048A191BD408086354A349E60202
0FE702047D191BD7080862548049F702
070FEB020482191BDA080862549549FA
021E0FEE020482191BDC08086254A149
FD02230FEF020481191BDD080862547D
4902031E0FEF020482191BDF08086254
5C4906031F0FEE020486191BE3080862
544E492803E40EED020486191BE70808
61544F492003E30EED02047D191BEB08
0863544B491E03E00EEE02047D191BF1
080862546C491C03E20EEF020486191B
F20808615450490403530FEF02048219
1BF50808625454490003560FF0020486
191BF9080862545F490003590FEC0204
92191BFC080861547249FF02490FE902
0495191B04090862545F4900034D0FE5
02049B191B090908615454491B03FE0E
E4020497191B0A090862545D491D03F9
0EE302049B191B0E0908635458491903
070FE2020497191B0D09086354444915
03040FE002049B191B10090863544949
EF02010FDF020497191B130908635447
49F002040FDF02048E191B1B09086454
4649EE02FC0EE4020486191B22090864
544749F002110FE8020482191B250908
645441490003FD0EED020481191B2809
0862544E49F802FB0EF1020486191B26
090863547D49FC02040FED02048A191B
290908635465490903FF0EEC02048A19
1B330908635452490103F50FED020486
191B3B0908635462490603F10FED0204
8E191B3D090864545649FE02EC0FED02
048A191B3A090863544549FC02F00FEC
02048A191B37090864544A49FF02EB0F
EA020492191B380908645434491103DF
0EE8020492191B41090864544A491503
DE0EE702048D191B490908635441490F
03E00EE902049F191B4A090862545749
1503E30EE4020497191B4B0908625466
490203DA0EE3020497191B4B09086254
52490803DA0EE20204A3191B51090861
5475490403EA0EE20204A3191B580908
61548E490803DE0EDF0204B0191B5F09
0861547549EF026B0FD80204B4191B63
090860546649F5026B0FD30204B0191B
66090862544649F802740FD20204BC19
1B6A090862543A49F3026D0FCF0204BE
191B6D09086154494902034B0FCB0204
C0191B6C090861542E490003450FCA02
04B4191B6B090860542F490003420FCD
0204B4191B6809085F543E490403480F
D10204B4191B6B09085E542949FF0242
0FD10204BC191B7309085F543449F102
A10FCE0204C0191B77090860544049F2
02A20FCA0204C0191B78090862542A49
EE029E0FC80204C4191B75090862544A
49EF02A60FC90204C0191B7409086354
2749F3023410C60204C6191B72090863
543C49EA022710C70204C9191B730908
63544649ED022F10C30204C4191B7309
0863543E49F3023410C40204C4191B72
09086354094901037F0FC20204C9191B
72090862541A49FE02800FC20204C919
1B70090862543F49FC02850FC00204C9
191B6E090861540D490603810FC10204
C4191B6D0908625441490003890FC102
04C9191B6E090862546949FE02910FC0
0204CD191B6D0908635492490003920F
BE0204CE191B6B090863547649FA028D
0FC00204C9191B6C090863547F490603
930FC00204C9191B6D090863546C4900
03730FC00204C9191B6F090862547149
0003690FC10204CD191B6E090862546E
4908036B0FBF0204C9191B6F09086254
4C49FC02750FC00204C9191B6D090862
54454911037F0FC10204C9191B6D0908
62541D490B03820FC10204C4191B6F09
0862543A4913037E0FC10204BC191B6F
0908615441490C03800FC50204A1191B
71090861545649E102AC0FD002049F19
1B70090861544749E702AD0FDB02049B
191B72090862544A49DE02AD0FDF0204
9B191B6F090861544749E402B20FDF02
04A3191B70090861543D492303980FDE
02049F191B700908615456491903940F
DC0204A7191B7209086154324921038C
0FDD0204A3191B7209085F5447492003
910FDB0204AB191B7009085E544F491E
03930FD90204B4191B7009085E543A49
1C03820FD50204B6191B7009085E5443
491E037F0FD30204B4191B6F09085D54
3F491F03850FD00204B8191B6F09085D
541C491C037D0FCF0204B4191B710908
5D5438490C03990FCE0204A3191B6E09
085D543A490103910FD40204A3191B6F
09085E542E490C03910FD80204B0191B
6F09085D541749FE028F0FD80204B019
1B6E09085E5449491E039F0FD70204B0
191B7109085E544C492403A00FD50204
B0191B6E09085E5426491A039E0FD402
04B6191B7009085F5420492603A20FD1
0204B0191B7109085F541A49FC02A70F
D10204B8191B7109085F541449FE02AB
0FCF0204B8191B720908605447490503
B50FD00204B8191B7209086154674902
03AF0FCE0204B8191B72090861542149
FE02AD0FCE0204BC191B6F09086254C7
481303B20FCB0204B8191B6D09086354
A0481503AF0FCB0204BC191B6B090863
54A0481403AE0FCB0204BC191B650908
645490481903A10FCB0204BE191B5C09
08645484481B035E0FCA0204B8191B55
0908645479481C03590FC90204B0191B
5509086554A94819035C0FCC0204B019
1B5A0908645497481603690FD00204A7
191B6009086254A148F502370FD30204
AB191B6609086254AD48F102340FD702
04A7191B6B09086354A248E9022E0FD6
0204B4191B6F090864549048F602330F
D40204B8191B7209086454A748F60259
0FD00204B8191B72090865549948F102
650FCE0204B2191B7109086554AB48F1
025A0FCF0204B0191B71090864549C48
F6025C0FD10204B4191B7609086554B1
48EF025C0FD20204B8191B7809086454
A2482B030D10D00204C4191B73090863
548D4835031110CA0204C4191B640908
6354814838031710C70204BC191B4A09
086254724829031110C70204B8191B2D
090863546448EA02A90FC80204B0191B
1C090863545748F502AD0FCC0204A719
1B17090863546448F002AC0FD20204A1
191B15090864548148EC02B20FD50204
9F191B0C090864546F48EF02ED0ED702
049F191BFC080863547148F002F30EDA
02049F191BEA080862546648EF02F30E
DA02049B191BDA080863544B48EE02F1
0EDB020497191BCD080862544F48EA02
ED0EDC020497191BB4080861544248F4
02E50EDB020497191B91080862543248
EE02EF0EDE020492191B710808605429
48F002ED0EDF02048E191B5808086154
2448F202E80EDF020489191B51080860
545348FE02F50EE0020482191B4A0808
605451480A03EE0EE4020479191B3E08
0861543C480403F50EE602047D191B2A
0808615435480403EF0EE902047D191B
14080860541148E802DC0EE902047919
1B02080861541148ED02E10EEA020479
191BF5070861540D48F102E00EE90204
75191BDE070861541E48EF02E40EEA02
0471191BBC070860541048E702F10EEC
020471191B9907085F541048E702ED0E
EC02046D191B7A07085E540648EF02EF
0EEC02046D191B6B07085F54FF47F302
EC0EED02046D191B6807085F543A4805
03040FED020469191B6707085D545E48
0503020FED020464191B5A07085D541C
480003070FEF020469191B4507085C54
0B48FC02040FEF020469191B2B07085E
54F947FF02030FEE020464191B120708
5F54F0470003E00EEF020460191BF206
085F54F1470703DC0EEF02045C191BCB
06085F54DB470203E00EEF020451191B
A706085F54CE470703E20EF202045419
1B9606085D54EA47E5020C0FF5020450
191B9206085D54E647E502110FF50204
3F191B9406085E54DB47E202170FFB02
043F191B8C06085E54E247E002170F01
03043B191B7806085F54D347F902DC0E
0203043F191B6206086054BE47F102E0
0E0203043F191B4E06086054BA47EA02
DC0E0003043B191B3206085F54C447F8
02DE0E0203043B191B0F06086054C247
F502D90E02030432191BEA05086154B3
47F102E10E0103042D191BC605086254
B247F302E20E01030432191BB6050861
54BA47F102E00E02030436191BA70508
6054A047F402E30E00030432191B9405
085F549E47E002E20E00030432191B80
050860549847E002DD0E01030432191B
6A050860549C47D902E70EFF02043219
1B5805086154CC47E202E50EFE02042E
191B3905086054E847D302E40EFE0204
32191B14050860540248CF02E00EFA02
043F191BF204085F54E747D502DE0EF2
020449191BDF04085F54D147CC02E10E
ED020450191BCF04085E54C447E702EF
0EE7020447191BBA04085E54B347E502
EF0EE5020447191B9F04085D549C47DE
02EF0EE5020443191B8504085D549347
E302EF0EE402043F191B7704085C5490
47DC02DE0EE602043F191B6A04085B54
9147D602DF0EE802043B191B5304085C
547D47D602E10EE902043B191B2E0408
5C548547DC02E50EE902043B191B1004
085C548147CC02E10EE9020439191BF9
03085A54C4478E034F0EEA020447191B
ED03085B54C8478B03530EE202048219
1BF203085B54BD479103550ED0020492
191BF803085C54994790034F0EBC0204
92191BFC03085C549547A804600EB602
0450191BFF03085E549B47BF04610EC5
02043B191BFF03085D54AE47BF04590E
D5020436191BFD03085E54C247BB0459
0EE2020443191BFA03085D54CF47F601
370CE4020454191BF503085D54D747FF
013E0CDF020451191BF303085C54CF47
FD013A0CDB020454191BF503085D54C1
47FB013D0CDA020447191BF903085D54
D6475D04520EDC02043B191B0104085D
54C54755044B0EE102043F191B070408
5D54BD4762044F0EE5020436191B0704
085D54C3476104530EE9020443191BFE
03085D54C2475804510EE802044B191B
F103085D54C3482F03E50EE302044B19
1BE203085C5417483803EE0EDF02044B
191BDA03085C5412483303F50ED80204
61191BC903085C5475483503F50ECF02
04FE111BC203085C54DA4809FC3F19C8
02045FCE12C503085C54A748FBFB3919
D2020468950EC403085B54E54802FC48
19F50204D7770FC403085C540C49FAFB
3D1921030484E90EC503085C54F64817
04A40769030495100FC503085C547449
1B04A207C3030400EB0EC403085C5448
492104A4070F0404B38F0EC403085C54
414C20049D074C04045EF20EC303085C
54014C4E014F176F0404FDD70EC50308
5B54054F500156178C0404731C0FC503
085C54F85251014F17B00404AE150FC3
03085B54AC534D015A17D504049A540E
C603085B540F534B015117EC04041B64
0FC303085C544B51DA026B1229050414
F20FC503085B54FE4FE4026A12900504
054E0FC503085B54ED4EE2026112E705
04776A0EC503085B54474EE4025F122A
060469940EC403085C544B4D6C008006
72060407000FC503085D54AA4C660080
06C806045DC60DC403085C54324C6400
830610070419C70DC403085D54A94B6C
008406430704D9090EC403085E54524B
2804F10D760704588E0DC403085F54FD
4A2D04EF0DB10704148A0DC503085F54
954A2B04F50DE607042B9A0DC3030860
54584A2404F30D160804B2CD0DC40308
6054214A2F02291144080437C30DC403
086054D24923022E11</Data>

   <DataCRC>27c2599</DataCRC>

   <BytesSent>13753</BytesSent>

</SBEDataUpload>
</InstrumentRawData>
</SBEDataUploadFile>
