<?xml version="1.0"?>
<!-- SCPlusV2_RS232 -->
<SBEDataUploadFile>
<ApplicationData>
<Seaterm232>
<SoftwareVersion>2.6.3.104</SoftwareVersion>
<BuildDate>30-Jun-2017</BuildDate>
</Seaterm232>
</ApplicationData>
<InstrumentState>
<HardwareData DeviceType='SBE19plus' SerialNumber='01906740'>

   <Manufacturer>Sea-Bird Electronics, Inc.</Manufacturer>

   <FirmwareVersion>2.2d</FirmwareVersion>

   <FirmwareDate>9 February 2011 08:30</FirmwareDate>

   <CommandSetVersion>1.1</CommandSetVersion>

   <PCBAssembly PCBSerialNum='25307' AssemblyNum='41054G'/>

   <PCBAssembly PCBSerialNum='25737' AssemblyNum='41580B'/>

   <PCBAssembly PCBSerialNum='24669' AssemblyNum='41606'/>

   <PCBAssembly PCBSerialNum='24372' AssemblyNum='41059D'/>

   <MfgDate>  08 DEC 2010</MfgDate>

   <InternalSensors>

      <Sensor id='Main Temperature'>

         <type>temperature0</type>

         <SerialNumber>01906740</SerialNumber>

      </Sensor>

      <Sensor id='Main Conductivity'>

         <type>conductivity-0</type>

         <SerialNumber>01906740</SerialNumber>

      </Sensor>

      <Sensor id='Main Pressure'>

         <type>strain-0</type>

         <SerialNumber>3220369</SerialNumber>

      </Sensor>

   </InternalSensors>

   <ExternalSensors>

      <Sensor id='volt 0'>

         <type>SBE 43 OXY</type>

         <SerialNumber>432005</SerialNumber>

      </Sensor>

      <Sensor id='volt 1'>

         <type>not assigned</type>

         <SerialNumber>not assigned</SerialNumber>

      </Sensor>

      <Sensor id='volt 2'>

         <type>ECO-FLNTURT CHL</type>

         <SerialNumber>FLNTURTD-2025</SerialNumber>

      </Sensor>

      <Sensor id='volt 3'>

         <type>ECO-FLNTURT TURB</type>

         <SerialNumber>FLNTURTD-2025</SerialNumber>

      </Sensor>

      <Sensor id='volt 4'>

         <type>not assigned</type>

         <SerialNumber>not assigned</SerialNumber>

      </Sensor>

      <Sensor id='volt 5'>

         <type>not assigned</type>

         <SerialNumber>not assigned</SerialNumber>

      </Sensor>

   </ExternalSensors>

</HardwareData>
<StatusData DeviceType='SBE19plus' SerialNumber='01906740'>

   <DateTime>2018-12-07T14:28:32</DateTime>

   <LoggingState>not logging</LoggingState>

   <EventSummary numEvents='241'/>

   <Power>

      <vMain>12.2</vMain>

      <vLith>5.4</vLith>

      <iMain>61.5</iMain>

      <iPump>36.4</iPump>

      <iExt01> 4.1</iExt01>

      <iExt2345>20.6</iExt2345>

   </Power>

   <MemorySummary>

      <Bytes>1492821</Bytes>

      <Samples>87813</Samples>

      <SamplesFree>3782666</SamplesFree>

      <SampleLength>17</SampleLength>

      <Profiles>111</Profiles>

   </MemorySummary>

</StatusData>
<ConfigurationData DeviceType='SBE19plus' SerialNumber='01906740'>

   <ProfileMode>

      <ScansToAverage>1</ScansToAverage>

      <MinimumCondFreq>3226</MinimumCondFreq>

      <PumpDelay>60</PumpDelay>

      <AutoRun>no</AutoRun>

      <IgnoreSwitch>no</IgnoreSwitch>

   </ProfileMode>

   <Battery>

      <Type>alkaline</Type>

      <CutOff>7.5</CutOff>

   </Battery>

   <DataChannels>

      <ExtVolt0>yes</ExtVolt0>

      <ExtVolt1>no</ExtVolt1>

      <ExtVolt2>yes</ExtVolt2>

      <ExtVolt3>yes</ExtVolt3>

      <ExtVolt4>no</ExtVolt4>

      <ExtVolt5>no</ExtVolt5>

      <SBE38>no</SBE38>

      <OPTODE>no</OPTODE>

      <GTD>no</GTD>

   </DataChannels>

   <EchoCharacters>yes</EchoCharacters>

   <OutputExecutedTag>yes</OutputExecutedTag>

   <OutputFormat>raw HEX</OutputFormat>

</ConfigurationData>
<CalibrationCoefficients DeviceType='SBE19plus' SerialNumber='01906740'>

   <Calibration format='TEMP1' id='Main Temperature'>

      <SerialNum>01906740</SerialNum>

      <CalDate>07-Jan-11 </CalDate>

      <TA0>1.255288e-03</TA0>

      <TA1>2.593288e-04</TA1>

      <TA2>-2.376104e-07</TA2>

      <TA3>1.449298e-07</TA3>

      <TOFFSET>0.000000e+00</TOFFSET>

   </Calibration>

   <Calibration format='WBCOND0' id='Main Conductivity'>

      <SerialNum>01906740</SerialNum>

      <CalDate>07-Jan-11</CalDate>

      <G>-1.033008e+00</G>

      <H>1.393941e-01</H>

      <I>-2.175401e-04</I>

      <J>3.475757e-05</J>

      <CPCOR>-9.570000e-08</CPCOR>

      <CTCOR>3.250000e-06</CTCOR>

      <CSLOPE>1.000000e+00</CSLOPE>

   </Calibration>

   <Calibration format='STRAIN0' id='Main Pressure'>

      <SerialNum>3220369</SerialNum>

      <CalDate>21-Dec-10</CalDate>

      <PA0>8.222195e-01</PA0>

      <PA1>1.566037e-02</PA1>

      <PA2>-6.194425e-10</PA2>

      <PTCA0>5.244452e+05</PTCA0>

      <PTCA1>4.417653e+00</PTCA1>

      <PTCA2>-9.798927e-02</PTCA2>

      <PTCB0>2.510725e+01</PTCB0>

      <PTCB1>-1.150000e-03</PTCB1>

      <PTCB2>0.000000e+00</PTCB2>

      <PTEMPA0>-5.917147e+01</PTEMPA0>

      <PTEMPA1>5.387460e+01</PTEMPA1>

      <PTEMPA2>-2.653169e-01</PTEMPA2>

      <POFFSET>0.000000e+00</POFFSET>

      <PRANGE>5.076000e+03</PRANGE>

   </Calibration>

   <Calibration format='VOLT0' id='Volt 0'>

      <OFFSET>-4.687158e-02</OFFSET>

      <SLOPE>1.247988e+00</SLOPE>

   </Calibration>

   <Calibration format='VOLT0' id='Volt 1'>

      <OFFSET>-4.719579e-02</OFFSET>

      <SLOPE>1.248132e+00</SLOPE>

   </Calibration>

   <Calibration format='VOLT0' id='Volt 2'>

      <OFFSET>-4.684526e-02</OFFSET>

      <SLOPE>1.248324e+00</SLOPE>

   </Calibration>

   <Calibration format='VOLT0' id='Volt 3'>

      <OFFSET>-4.678105e-02</OFFSET>

      <SLOPE>1.247145e+00</SLOPE>

   </Calibration>

   <Calibration format='VOLT0' id='Volt 4'>

      <OFFSET>-4.669684e-02</OFFSET>

      <SLOPE>1.248307e+00</SLOPE>

   </Calibration>

   <Calibration format='VOLT0' id='Volt 5'>

      <OFFSET>-4.709579e-02</OFFSET>

      <SLOPE>1.247697e+00</SLOPE>

   </Calibration>

   <Calibration format='FREQ0' id='external frequency channel'>

      <EXTFREQSF>9.999977e-01</EXTFREQSF>

   </Calibration>

</CalibrationCoefficients>
<EventCounters DeviceType='SBE19plus' SerialNumber='01906740'>

   <EventSummary numEvents='241'/>

   <Event type='ErrorFLASHUncorrectableError' count='241'/>

</EventCounters></InstrumentState>
<Headers>

cast  88 03 Dec 2018 10:44:57 samples 75776 to 76160, avg = 1, stop = mag switch

</Headers><InstrumentRawData>
<SBEDataUpload startAddr='1288175'>

   <Type>1</Type>

   <DataFormat>SEACATPLUS0</DataFormat>

   <Bytes>6545</Bytes>

   <Data>
2FDA03265D0BC503082954B6474417CA
0B2BDA032B700BC403082B54DC474817
CE0B41DA039B7C0BC203082C54C44748
17CA0B74DA0358700BC503082C54EE47
4A17C60B9FDA03D5610BC603082E5400
48F1FBF6FBA0DA038B570BC303082E54
ED47EFFBFCFB92DA03FA4E0BC203082F
54D94703FCEFFB2FDB0319490BC40308
3054D047F3FBEAFB0EDD0376490BC303
0832542148130F0F0A8FDE0330480BC4
030833543848080F0E0A2EDF039F450B
C60308355442480A0F070A64DF034441
0BC9030836541648190F0D0A64DF037C
370BCB030838540E488107AB1048DF03
852D0BCF030838542B488A07B0105ADF
03B3290BD303083954A64A8A07A31081
E303142C0BDE03083B54924E8907AD10
A8EA03691517EE03083D547F4E8207AD
1026F10321C51AF803083D54D34D290F
890459F503727C1AFA03083C54134D2E
0F880472F7034B131BFC03083E54714C
220F7C0472F803DB3F1AFC03083E54EA
4B200F7B0410F903CEDD1AF903084054
A54B2C063A117BF903F22A1BF6030840
546D4B2F063011D9F903FD291BF90308
41544E4B2E063C1148FA0370291BF803
0841542D4B28063911BCFA0310291BFA
03084054224B3002E20F23FB030C281B
FA03084054104B3D02E80F9AFB037927
1BFD03084154EF4A2B02E10F08FC0342
271BFC03084154D54A2602E30F5DFC03
7D261B0104084254AD4A5F048410A9FC
03DC251B0104084354A34A60048410DB
FC03BC251B04040843545E4A6E048D10
FCFC0336251B06040844544F4A660482
1015FD0319251B0604084454664A6804
851012FD03C9241B0804084454774AA8
02820F0AFD03DA241B05040844544A4A
9D02820F0DFD0376241B070408445424
4AA002850F25FD0369241B0904084454
0B4A9A028A0F4CFD03B9231B0A040844
54224A1603E60F7FFD038B231B0C0408
4354314A0B03EB0FBDFD036D231B0C04
084354384A1603F10FEFFD03A4231B0F
040844542C4A0B03E80F0EFE037E241B
13040844540C4AE602A90F22FE037A23
1B16040844543D4AE802960F33FE0390
231B1904084554574ADF029D0F32FE03
3F231B1A04084554404ADF02940F35FE
0348231B1B040846542D4AD9028D0F31
FE03F4221B1904084554464AE2029E0F
45FE03BD221B1A040845544F4AE70299
0F54FE0383221B1C04084554574AE102
8D0F60FE0312221B1F04084654B74CEA
028E0F6CFE03A9211B22040846540A4E
AD029C0F94FE036A211B2204084654A4
4DA3028C0FCBFE037B211B1F04084754
404D9D02970F02FF039C211B1C040847
54814C9B029A0F26FF030A211B1C0408
48542F4CEA028D0F2EFF03E0201B1E04
084854DA4BF502900F0CFF0323211B21
04084854C94BF402960FE5FE038C211B
2204084854864BFA028F0FC8FE03E121
1B2004084854EA4A6602740FB1FE0309
221B2004084754C54A6902770F9EFE03
44221B1D04084754934A7702800F98FE
0365221B1D04084654A44A7502840F9D
FE036A221B1C040847546C4AE202880F
AFFE036E221B1B04084854184ADE0291
0FC5FE0333221B1D04084854E249DF02
8C0FEEFE03E9211B2404084854B449D0
02870F29FF03D3211B2D040848548749
ED02950F68FF03BE211B2F040848544B
49AC02A50F9DFF0319231B3204084754
2A49AB02BA0FBAFF0372221B32040847
54ED48B002B30FD5FF0312221B330408
47549148A802B20FF3FF0305221B3104
0847544648DA02A50F0C00048F231B31
040847540248E302A30F100004DD231B
2F04084754D447E502990F080004DB22
1B2E04084754C347E602A00F030004F4
211B2E040847547B47AE02DB0F120004
8C211B33040848548A47AC02D00F2F00
0477211B36040848546C47AB02D60F4A
00046A211B38040848542747B102E20F
590004DB211B39040847542D47DD027E
0F5000046A221B38040847545247D302
7D0F2A0004EC211B33040846540A47DE
02830F18000466211B3604084654F246
E302830F1900040A211B3404084654FC
46DB027C0F250004DC201B3604084754
C246C8029C0F310004FD201B39040847
54EC46D102A50F3000042F211B3C0408
4754CF46DD029D0F25000434211B3B04
084754AF46CE02A00F2000047E221B3A
04084754B046C202A70F090004CA211B
3504084754B246BB02B60FFEFF03FD20
1B34040847549146C202AB0F230004CB
201B35040848548D46C202B10F5E0004
E8201B39040848543646F102B80F8600
040E211B39040848543A46E302A90F98
000412211B3D040848545846ED02B40F
B10004FC201B38040848543B46DC02B9
0FD10004E4201B39040848543E46AE02
B80FF00004C3201B38040849547846AE
02B40F12010477201B37040849545746
B702AB0F3A010445201B350408495422
46BD02AB0F6601041B201B3A04084954
4146AA02AF0F86010406201B39040849
546C46CB02B40F9C010445201B3D0408
49542946C802AE0F9A01045F201B3D04
0849541846BE02BA0F89010413201B3C
04084954D145C202BA0F850104ED1F1B
3B04084A54A345D5029C0F900104FA1F
1B3C04084A54AA45D4029E0F9C010428
201B3A04084954A145DD029E0FA10104
1A221B3904084954A945E0029D0F8F01
04C1221B39040849546845D302910F8A
010423211B3C040849549D45DD029C0F
9001040A201B3D040849542A45D5028E
0FA10104D81F1B40040849544745CD02
930FBC0104CB201B46040849542945D5
02AD0FB6010459221B4704084954EE44
DB02AA0F9F01049B231B4604084954D7
44E802AB0F9B01048B231B4704084954
B744E602B10FA001041F211B4804084B
54AC44E402B70FA00104E51F1B4F0408
4A548F44E202B60FAF010446201B5504
084B548F44E502C00FB401044D211B57
04084A547F44EB02BE0FAE0104F8221B
5904084A549F44DB02CE0FC301046424
1B58040849547644E2022F10E001040C
251B5C04084A545744DC023110F10104
86251B5F040849542C44E0022210B901
04CD251B5E04084A543844E3022A1058
01047C251B6404084A540E44B3029F0F
110104EB221B6704084A540944B502A7
0F090104D3211B6C04084B54F243A602
AA0F19010412221B7004084B54DC43BA
029E0F1C010498221B7404084C54A943
DD02F40F0F0104D2231B7404084B5492
43D702EC0F0F010460241B7504084C54
7E43DF02E60F1F0104C7221B7404084C
545B43E602F40F310104BE211B780408
4C545543D702EE0F4901041E221B7B04
084B545843F102B60F5A0104BD221B7F
04084C544C43F302BF0F59010471231B
8304084C542643ED02BA0F510104A823
1B8504084D542D43EF02BE0F4C010448
231B8804084D542143C5026E0F490104
A4221B8D04084D541F43B902750F4D01
04C3221B8D04084C545A43C4026D0F4F
010461231B8E04084C547343BC02760F
490104C1221B8F04084C542D43B902A1
0F460104AD211B8F04084B541543CC02
A60F5701046A211B9204084B54F542BB
02A20F7C010401221B9304084B54DE42
BF02A30F930104D2221B9804084B54C8
42DD02D00F90010478231B9904084B54
B142CA02CF0F8A0104D6231B9A04084A
54AA42D302C90F860104E3231B9C0408
4A54B142CC02DD0F83010454241B9D04
084A54A242C602CF0F80010475241B9E
04084A547942C602F10F7B01048A241B
A004084A547842B902FC0F7601047E24
1BA304084A544D42C002F10F6C010439
241BA604084B541F42C502EB0F5F0104
2E241BA904084B54F841D502FB0F5101
04AC231BAB04084B54FA41D702061046
0104F4211BAF04084C54D441DF02F80F
4F0104DB211BB504084C54F041C80208
10650104F4211BB804084B54F941D302
2910720104EC211BBA04084C541A42E2
0239107D010448221BB904084C541D42
ED0227107F0104DB221BB704084D54E8
41D6022A107701047A221BB804084C54
D741D9020A10750104DF221BB804084C
540142D4020F1077010465231BBB0408
4C54CF41C802051072010482231BC104
084C54C741D1020D106B01042E231BC1
04084C54B941D1021210630104D6221B
C304084C54AF41CF021D106101043B23
1BC104084C54AD41D0021C105A010408
241BC304084C54B241C6021D10530104
B0241BC204084C549A41D1022D104C01
0419251BC104084D546241E802E00F48
010468251BC104084D546741E502E20F
460104C1241BC404084D547641EC02D9
0F3D0104F3231BC704084E545341E202
D80F2F01047C231BC904084D544341DE
02E90F2401044C231BCA04084E541C41
DE02E40F1801044C231BCB04084D54FF
40DE02ED0F0F01046D231BCA04084D54
1C41D702EF0F070104BD231BC704084D
541E41F802A90FFD000400241BC80408
4E541A41EF02A90FF2000411241BC704
084E54E340F102AF0FE40004BF221BC9
04084E54FC40F102AF0FE000043C211B
CE04084E54EA40F702AE0F130104A920
1BD304084E543241DB0237105F010484
201BD904084E540A41E6022F10950104
8C201BDE04084E54D840EF023810A901
0466201BE004084D54DA40D9024610B8
01047B201BDF04084D54DE40DE02E70F
C80104D7201BD904084D54F140CD02F4
0FC4010408211BD804084E54ED40D502
F70FB6010490201BD904084E541C41CB
02E90FB50104841F1BE204084E54C040
FC02B80FDF0104921E1BED04084E54C2
401003C50F180204C91D1BF704084E54
AE400603C30F4A0204691D1B0105084E
54A640FA02C20F6A0204691D1B060508
4E54CD40E4022A107C0204971D1B0905
084E54B140E4023610800204D31D1B06
05084D54B840DE0225107A02044F1E1B
0305084D54A440E6022410710204E51F
1B0605084D54CF40EC023E106F02045E
201B0D05084D54C440E702BA0F7C0204
E11E1B1505084D54D140DF02BF0F8902
04F71D1B1C05084E54DE40DE02C00F96
0204E21D1B2105084D54F640E102BF0F
AD02040C1E1B2305084D54D64006031E
10B70204251E1B2505084D54E040FF02
2410BB0204F71D1B2E05084D54F84006
032310BD0204DA1D1B2F05084D540D41
00032710CA0204CD1D1B3105084E54EC
40CA022B10DA0204DE1D1B3505084E54
2041CC022810E702043A1E1B3805084F
543C41CE022410E902040C1E1B3F0508
4E542641C6022C10E40204C11D1B4305
084F545741BD024510E802047E1D1B49
05084F544E41BE023A10F00204721D1B
4B05084F546341B7023C10F50204A31D
1B4E05084F546B41C6024110F00204D1
1D1B4F05084F545441C1024310E40204
EF1D1B5105084F546741FE021010DA02
04D11D1B5805084F547841F5020810D2
0204C91D1B5B05084F546941F5021210
D00204971D1B6105084F547041030312
10DA0204B01D1B65050850548941E202
0610E50204791D1B6A05084F549F41E8
020510F20204321D1B70050850546441
E0020010040304151D1B7005084F54C3
41E0020710180304651D1B7605085054
CC41FA02F10F1D0304151D1B7D050850
54AC41F702F10F1E0304C11C1B890508
50549141F602E90F2D03046E1C1B8C05
0850547041F602ED0F3C03044C1C1B90
050850548C41F3022E10480304931C1B
9105085154A641F1022D10480304F41C
1B95050851549241F7022D10380304B9
1C1B9C050851549241F7022F10310304
831C1BA3050852549C41F00223103203
04871C1BA7050852549741D902231039
0304871C1BA9050852548541DB022410
4003046E1C1BB305085254B041E20220
104E03045D1C1BB505085254A041E202
23105C0304551C1BB905085254B841EF
0240106703047A1C1BBD05085354A441
F1024F106A03049C1C1BC2050854549D
41F4024C10660304811C1BCC05085354
6A41F9024F10640304591C1BD5050852
547841CE028110690304271C1BDB0508
5354AE41D1028A10750304F91B1BDC05
0853546841CD028510810304C61C1BDD
050853545441CB028910800304FB1D1B
DC050853546B41EA02C7107A0304461E
1BDB050854545C41E602D0107C030470
1E1BD9050855545A41F102CB10660304
681E1BDB050854545C41DE02D2103003
04271E1BDC050854546541E102CD100E
0304F31D1BDB050853546A41FE02AC10
FE02048E1D1BDA0508535454410003AB
10020304C31A1BDB05085354EB41FA02
AD101F0304181A1BDB05085354C14107
03AC103703040C1A1BDB05085254AC41
DD0287104B0304E6191BDC05085254A9
41E0028D10630304C4191BDA05085254
B741E0028510770304B8191BDB050853
547D41E40287107E0304D2191BDC0508
52549441F00291107D0304E6191BDA05
085354A141F30288107A0304EA191BDA
05085254BF41F1028A10750304EA191B
DA05085254E541F1028C106B0304EE19
1BDA05085254DD410B0386106303040C
1A1BD9050851540A4208037A10570304
141A1BDA05085254FE41170383104A03
04201A1BD9050852541E4213037E103F
03041C1A1BDA050852541D4209038210
3C0304141A1BDB050853546642D30286
103A0304121A1BD9050853546342DA02
8910360304101A1BDB050853549442CD
027A103A0304F2191BDD05085454DA42
C7027D10470304D1191BDD05085454DA
42E40219104E0304F2191BDC05085454
0843DB021D104703041C1A1BDF050854
544743E1022510360304351A1BE00508
55542E43EC022910240304531A1BE305
0854543143DB023B10130304531A1BE2
050855545E43C8024710090304531A1B
E3050855547643D50239100603044A1A
1BDF05085654AB43C90236100603044E
1A1BE105085654AB43D3021810FB0204
6C1A1BE105085754DA4302031310EF02
04851A1BDF05085754FD4305030E10E0
02049A1A1BE005085754134408030E10
D00204AF1A1BE105085654FF43040312
10C40204B71A1BE2050856541A44F302
4D10C80204781A1BE2050856540244EB
025210E50204181A1BE0050856540B44
FD025010050304FE191BE00508565440
44E4025310280304C9191BDF05085654
7F44B1022E10450304C4191BDE050856
549944AC022F10590304A3191BDF0508
56547744AC0225106D03049F191BDF05
085554A144AB02321081030492191BDD
05085554B044BB02D10F96030469191B
DC05085554DF44AC02CF0FAA03044719
1BDC05085554DB44B102D60FBD030436
191BDB05085454D944AD02CF0FCB0304
2E191BDB05085454D744A8025210D503
0429191BDE05085454EE44CC024D10CE
030469191BE005085454EB44CC025310
C003046D191BE0050854540345CC024F
10B6030469191BE2050854542C45D502
5410AC030486191BE305085454EC44EB
0226109F03048E191BE205085354FB44
F3021810940304A3191BE105085454EA
44ED021C10890304A3191BE205085454
FF44F7021E107E0304B8191BE1050854
54E844EC02941078030492191BE20508
5454EE44F7029B108B030441191BDE05
0855541745EA02A010A3030436191BD7
050856543945ED02A110B8030436191B
CB050856544645DA022710BA03046019
1BBC050856543345DC021F10AF030479
191BAE050856542045DC022010A70304
60191BA6050856542445E3022310AD03
0443191B9C050856547E45E7021510B8
030422191B95050856546045E602FE0F
CE0304F8181B8C050857546545DE02FD
0FEB0304D2181B81050857544F45DE02
FE0F050404AD181B75050857549345D9
0203101A04049C181B5C05085854A345
DE02CF0F2B04048F181B4305085754E2
45E002CE0F36040487181B2D05085854
C645DE02D80F3E04048B181B21050858
541546DE02CF0F4204048B181B170508
5754E245DE02BB0F4404048B181B0A05
085754C645D502C20F43040487181BFA
04085654BE45E302BA0F4404048B181B
F204085654A245E002BB0F4204048B18
1BEF04085654B845E502C20F4404048F
181BE704085654B345ED02BE0F430404
8C181BD404085654C445F502C40F4204
0487181BC104085654ED45F902BB0F43
040487181BAF04085654D645EA02C20F
4104048B181B9F04085654DC45E602E3
0F4004048F181B8F04085654CB45E602
DA0F3E04048B181B8204085654B945DB
02DE0F3B04048F181B7404085654B445
D802DC0F3A040498181B6904085554B5
45C1020810330404A4181B5E04085554
AF45C00200102A0404B1181B55040855
54BE45C202FF0F210404B9181B4F0408
55549B45BD020310170404CD181B4D04
085654B145CD02FE0F0D0404CE181B4D
040855549F45CC020410030404DF181B
4C040856549C45CE020010F80304F418
1B4704085654C445D302FE0FE803040D
191B36040856548E45DE02C10FD90304
11191B22040856548D45D602C50FD503
0408191B1304085654BC45D502C50FD1
030415191B0C04085754B245DB02C70F
C103044B191B05040857548B45D702C1
0FAA030475191B02040857549745F402
9F0F820304E2191B03040856548845F9
02A40F4D0304421A1B0A040857547445
F202A00F090304C31A1B10040857547A
45F002A20F9C0204A51B1B1204085754
7545CC02D60F4002048C1B1B14040857
548345CA02D00F240204131B1B120408
58545D45D102D30F280204021B1B0F04
0858544C45D002D90F380204E11A1B0D
040859543745C202D90F450204F11A1B
0F040859543845CD02E40F4002044F1B
1B11040858545045CE02E30F170204BA
1B1B11040857543945D302DA0FE50104
011C1B0F040857546645E002B40FB701
041A1C1B0F040857546445E202AB0F99
01041A1C1B0C040856546C45E502AD0F
8601041E1C1B05040855543345E002AF
0F7D01041A1C1BF9030855543F45DD02
AC0F7601041A1C1BEA030855544C45D0
024F0F7301042F1C1BDB030856548545
BD024F0F7101042D1C1BCB0308565478
45C1025F0F790104FD1B1BC403085654
5345C302540F80010462A219C3030855
544E45FEFB9D398D010499DE0FC40308
55544745FBFB9939C3010418870EC403
0855547145FBFB9C39000204707A0FC3
030855545E4502FC953943020408C70E
C303085554E54501FC340E7202040BEF
0FC4030856545D48FDFB360EC202040C
3C0EC303085654D14802FC3E0E0A0304
63530FC503085754694804FC2C0E7003
042EBD0FC403085754FF48A902C303D3
0304CA580EC5030858547E48A002BF03
380404E4430EC403085854EA479B02B9
03</Data>

   <DataCRC>5279993f</DataCRC>

   <BytesSent>6545</BytesSent>

</SBEDataUpload>
</InstrumentRawData>
</SBEDataUploadFile>
