<?xml version="1.0"?>
<!-- SCPlusV2_RS232 -->
<SBEDataUploadFile>
<ApplicationData>
<Seaterm232>
<SoftwareVersion>2.6.3.104</SoftwareVersion>
<BuildDate>30-Jun-2017</BuildDate>
</Seaterm232>
</ApplicationData>
<InstrumentState>
<HardwareData DeviceType='SBE19plus' SerialNumber='01906740'>

   <Manufacturer>Sea-Bird Electronics, Inc.</Manufacturer>

   <FirmwareVersion>2.2d</FirmwareVersion>

   <FirmwareDate>9 February 2011 08:30</FirmwareDate>

   <CommandSetVersion>1.1</CommandSetVersion>

   <PCBAssembly PCBSerialNum='25307' AssemblyNum='41054G'/>

   <PCBAssembly PCBSerialNum='25737' AssemblyNum='41580B'/>

   <PCBAssembly PCBSerialNum='24669' AssemblyNum='41606'/>

   <PCBAssembly PCBSerialNum='24372' AssemblyNum='41059D'/>

   <MfgDate>  08 DEC 2010</MfgDate>

   <InternalSensors>

      <Sensor id='Main Temperature'>

         <type>temperature0</type>

         <SerialNumber>01906740</SerialNumber>

      </Sensor>

      <Sensor id='Main Conductivity'>

         <type>conductivity-0</type>

         <SerialNumber>01906740</SerialNumber>

      </Sensor>

      <Sensor id='Main Pressure'>

         <type>strain-0</type>

         <SerialNumber>3220369</SerialNumber>

      </Sensor>

   </InternalSensors>

   <ExternalSensors>

      <Sensor id='volt 0'>

         <type>SBE 43 OXY</type>

         <SerialNumber>432005</SerialNumber>

      </Sensor>

      <Sensor id='volt 1'>

         <type>not assigned</type>

         <SerialNumber>not assigned</SerialNumber>

      </Sensor>

      <Sensor id='volt 2'>

         <type>ECO-FLNTURT CHL</type>

         <SerialNumber>FLNTURTD-2025</SerialNumber>

      </Sensor>

      <Sensor id='volt 3'>

         <type>ECO-FLNTURT TURB</type>

         <SerialNumber>FLNTURTD-2025</SerialNumber>

      </Sensor>

      <Sensor id='volt 4'>

         <type>not assigned</type>

         <SerialNumber>not assigned</SerialNumber>

      </Sensor>

      <Sensor id='volt 5'>

         <type>not assigned</type>

         <SerialNumber>not assigned</SerialNumber>

      </Sensor>

   </ExternalSensors>

</HardwareData>
<StatusData DeviceType='SBE19plus' SerialNumber='01906740'>

   <DateTime>2018-12-07T14:28:32</DateTime>

   <LoggingState>not logging</LoggingState>

   <EventSummary numEvents='241'/>

   <Power>

      <vMain>12.2</vMain>

      <vLith>5.4</vLith>

      <iMain>61.5</iMain>

      <iPump>36.4</iPump>

      <iExt01> 4.1</iExt01>

      <iExt2345>20.6</iExt2345>

   </Power>

   <MemorySummary>

      <Bytes>1492821</Bytes>

      <Samples>87813</Samples>

      <SamplesFree>3782666</SamplesFree>

      <SampleLength>17</SampleLength>

      <Profiles>111</Profiles>

   </MemorySummary>

</StatusData>
<ConfigurationData DeviceType='SBE19plus' SerialNumber='01906740'>

   <ProfileMode>

      <ScansToAverage>1</ScansToAverage>

      <MinimumCondFreq>3226</MinimumCondFreq>

      <PumpDelay>60</PumpDelay>

      <AutoRun>no</AutoRun>

      <IgnoreSwitch>no</IgnoreSwitch>

   </ProfileMode>

   <Battery>

      <Type>alkaline</Type>

      <CutOff>7.5</CutOff>

   </Battery>

   <DataChannels>

      <ExtVolt0>yes</ExtVolt0>

      <ExtVolt1>no</ExtVolt1>

      <ExtVolt2>yes</ExtVolt2>

      <ExtVolt3>yes</ExtVolt3>

      <ExtVolt4>no</ExtVolt4>

      <ExtVolt5>no</ExtVolt5>

      <SBE38>no</SBE38>

      <OPTODE>no</OPTODE>

      <GTD>no</GTD>

   </DataChannels>

   <EchoCharacters>yes</EchoCharacters>

   <OutputExecutedTag>yes</OutputExecutedTag>

   <OutputFormat>raw HEX</OutputFormat>

</ConfigurationData>
<CalibrationCoefficients DeviceType='SBE19plus' SerialNumber='01906740'>

   <Calibration format='TEMP1' id='Main Temperature'>

      <SerialNum>01906740</SerialNum>

      <CalDate>07-Jan-11 </CalDate>

      <TA0>1.255288e-03</TA0>

      <TA1>2.593288e-04</TA1>

      <TA2>-2.376104e-07</TA2>

      <TA3>1.449298e-07</TA3>

      <TOFFSET>0.000000e+00</TOFFSET>

   </Calibration>

   <Calibration format='WBCOND0' id='Main Conductivity'>

      <SerialNum>01906740</SerialNum>

      <CalDate>07-Jan-11</CalDate>

      <G>-1.033008e+00</G>

      <H>1.393941e-01</H>

      <I>-2.175401e-04</I>

      <J>3.475757e-05</J>

      <CPCOR>-9.570000e-08</CPCOR>

      <CTCOR>3.250000e-06</CTCOR>

      <CSLOPE>1.000000e+00</CSLOPE>

   </Calibration>

   <Calibration format='STRAIN0' id='Main Pressure'>

      <SerialNum>3220369</SerialNum>

      <CalDate>21-Dec-10</CalDate>

      <PA0>8.222195e-01</PA0>

      <PA1>1.566037e-02</PA1>

      <PA2>-6.194425e-10</PA2>

      <PTCA0>5.244452e+05</PTCA0>

      <PTCA1>4.417653e+00</PTCA1>

      <PTCA2>-9.798927e-02</PTCA2>

      <PTCB0>2.510725e+01</PTCB0>

      <PTCB1>-1.150000e-03</PTCB1>

      <PTCB2>0.000000e+00</PTCB2>

      <PTEMPA0>-5.917147e+01</PTEMPA0>

      <PTEMPA1>5.387460e+01</PTEMPA1>

      <PTEMPA2>-2.653169e-01</PTEMPA2>

      <POFFSET>0.000000e+00</POFFSET>

      <PRANGE>5.076000e+03</PRANGE>

   </Calibration>

   <Calibration format='VOLT0' id='Volt 0'>

      <OFFSET>-4.687158e-02</OFFSET>

      <SLOPE>1.247988e+00</SLOPE>

   </Calibration>

   <Calibration format='VOLT0' id='Volt 1'>

      <OFFSET>-4.719579e-02</OFFSET>

      <SLOPE>1.248132e+00</SLOPE>

   </Calibration>

   <Calibration format='VOLT0' id='Volt 2'>

      <OFFSET>-4.684526e-02</OFFSET>

      <SLOPE>1.248324e+00</SLOPE>

   </Calibration>

   <Calibration format='VOLT0' id='Volt 3'>

      <OFFSET>-4.678105e-02</OFFSET>

      <SLOPE>1.247145e+00</SLOPE>

   </Calibration>

   <Calibration format='VOLT0' id='Volt 4'>

      <OFFSET>-4.669684e-02</OFFSET>

      <SLOPE>1.248307e+00</SLOPE>

   </Calibration>

   <Calibration format='VOLT0' id='Volt 5'>

      <OFFSET>-4.709579e-02</OFFSET>

      <SLOPE>1.247697e+00</SLOPE>

   </Calibration>

   <Calibration format='FREQ0' id='external frequency channel'>

      <EXTFREQSF>9.999977e-01</EXTFREQSF>

   </Calibration>

</CalibrationCoefficients>
<EventCounters DeviceType='SBE19plus' SerialNumber='01906740'>

   <EventSummary numEvents='241'/>

   <Event type='ErrorFLASHUncorrectableError' count='241'/>

</EventCounters></InstrumentState>
<Headers>

cast 107 04 Dec 2018 10:43:48 samples 86589 to 86968, avg = 1, stop = mag switch

</Headers><InstrumentRawData>
<SBEDataUpload startAddr='1471996'>

   <Type>1</Type>

   <DataFormat>SEACATPLUS0</DataFormat>

   <Bytes>6460</Bytes>

   <Data>
232704D29D0BD703089C531A55D20214
11941604EB6010E503089C53B653D802
0911980904756515EC03089B534753E0
0209117D0204797816F403089953C152
DB02051128FF03795615F9030898536A
52DB020A1B7EFD037C6115FE03089853
FD51D002081BA1FC0374861701040897
53C651CF02F81A1AFC03F8121B020408
96537D51CC02021BC9FB03CC1A1B0704
0894534E5113031210B0FB03691D1B07
04089453705113031310DDFB039A1E1B
0E040893533F5114031A1079FC03101E
1B0F04089253565106031A102CFD0337
1D1B1404089153315117030310B2FD03
D51D1B16040890533D51180306100FFE
030B1E1B1904088F5336510F03031058
FE03211E1B1904088E53485116030510
8DFE03921E1B1B04088D532B51100303
10B9FE037D1E1B1C04088E5334510203
1F10E5FE03AB1E1B1D04088F53315107
0320100BFF03571E1B1E04088F535751
0503241028FF03291E1B1F04088F534D
51050326103DFF03EF1D1B2004088E53
4C51ED02D60F47FF03D11D1B2104088E
537F51F402D80F3FFF03F31D1B230408
8E538151F302D60F26FF03821D1B2004
0890538C51F102CE0FFDFE03B51C1B20
04088F538A51F502C00FD1FE03481C1B
2004088E539251F102CC0FA1FE032E1D
1B2004088F53B951EA02C40F6CFE038E
1E1B2104089053B751FB02BF0F41FE03
E51E1B2204088F53CF510003F10F1DFE
035F1F1B2104088F53CC51FE02EB0FE9
FD03A91F1B2104089053D8510403EF0F
ABFD03D41F1B2004089153FD510903ED
0F72FD0317201B2204088F535852F902
E90F48FD03FE1F1B2204088F536855F1
029E0F2EFD03E51F1B23040890530C55
FB02AB0F15FD030F201B2204088F5362
54EF029F0F06FD03E91F1B2204089053
F553F702A60FF3FC03BB1F1B21040891
539D530503BE0FE2FC03911F1B220408
91536A530303C40FD0FC034E1F1B2304
0890532553F802C60FC0FC031C1F1B22
04089153D5520903C90FB7FC03EA1E1B
2304089153A5520203CC0FB0FC03C41E
1B220408925366520403CB0FABFC03E1
1E1B2404088F5345520703D50FB7FC03
BB1F1B23040890531B520203CE0FCFFC
038C201B2404089053E851FB020F10F7
FC03E3201B2304088F53A25104031210
4AFD03F9201B2404088E535F51040312
10A7FD03CF201B2404088E534C510303
1310DFFD035A201B2504088D53255105
03121006FE03C71F1B2504088D53C350
F502FE0F25FE033D1F1B2404088E537A
50F302031033FE039E1E1B2504088F53
4B50F00201103FFE03FF1D1B2404088E
530950F802041046FE03971D1B250408
8E53FC4FC202910F4FFE032E1D1B2504
089053BB4FC802910F53FE032E1D1B25
04088F53864FC4029A0F54FE039F1D1B
2704088F53594FC802970F53FE030C1E
1B2504088E532D4F1703E70F49FE034F
1E1B2404088F53184F1103E00F2EFE03
811E1B2404088F53DF4E1303E50F07FE
03AB1E1B2504088D53D34E1603E50FDE
FD03D91E1B2604088E53944E0003D60F
AAFD030D1F1B2604088E53784EFF02D0
0F71FD034E1F1B2504088D53674E0403
CE0F3FFD03A21F1B2504088E53494E09
03D10F0DFD03ED1F1B2604088E53204E
0403CD0FE0FC0328201B2504088E53F8
4DF302DD0FBFFC0352201B2704088D53
E34DF202E70FA5FC036F201B2604088C
53C44DF302E20F95FC0388201B260408
8C53AC4DF502E60F83FC039B201B2804
088B53954DEF0203107AFC03B2201B27
04088B53874DEF020A107FFC03C3201B
2504088B53674DF702FF0F9BFC03CB20
1B2504088D53484DF6020010C7FC03C3
201B2604088D53334D1C03FE0FEBFC03
B2201B2604088D53254D160307100AFD
0390201B2704088E530F4D1103031022
FD0373201B2404088E53FB4C14030710
37FD0352201B2604088E53EE4C040315
1048FD0330201B2704088E53E44C0903
1C1061FD0306201B2504088D53D54C00
03101084FD03E51F1B2604088C53BB4C
04031010A3FD03D81F1B2504088C538F
4C02030C10B8FD03B71F1B2404088C53
884C04031810C7FD03891F1B2604088E
53854C02031210D2FD034E1F1B260408
8E537B4C06030E10E6FD031D1F1B2804
088E53704C07031910F5FD03F21E1B26
04088D53544C1E03DE0F00FE03D01E1B
2704088D53444C1703EA0F08FE03B31E
1B2804088C53334C1403E60F10FE0396
1E1B2604088C532C4C0903E60F17FE03
8E1E1B2804088B531D4C0603CF0F1BFE
03811E1B2604088A53014C0603D10F1E
FE03791E1B2804088B53E54B0503CD0F
23FE03701E1B2904088B53DD4B0103D6
0F26FE03601E1B2904088C53C74B1103
05102EFE03211E1B2804088C53CE4B17
03FF0F33FE03791D1B2604088C53BD4B
100301103FFE03CE1C1B2804088C53A5
4B0B03FF0F59FE03651C1B2704088B53
9D4B1803011073FE033C1C1B2604088B
53884B150363108BFE03E81B1B270408
8A53754B17036510A0FE03621B1B2704
088A53654B1F036610B4FE03E31A1B27
04088A53574B16035C10C8FE03911A1B
2704088A53454B1703F40FD9FE034E1A
1B2704088A53304B1603EF0FEAFE0314
1A1B2704088B53204B1603FA0FF9FE03
B8191B2804088C53064B1103F00F0AFF
0350191B2904088C53FC4AF80205101C
FF0308191B2804088B53E54AF502FC0F
27FF03F8181B2804088B53C24AF7020A
1039FF03BD181B2704088B53AB4AF102
06104AFF0383181B2604088A53994A00
03F90F5BFF0338181B2804088A537E4A
02030B106AFF03E0171B2704088C5373
4A040302107AFF03A1171B2704088B53
674A0603FE0F88FF037C171B2704088B
53464A0003051099FF0341171B290408
8B53374A06030610A9FF030B171B2704
088A531D4A08030510BAFF03CC161B28
04088A53144AFE020210C9FF039A161B
2804088A53084A0003FF0FDAFF035C16
1B2A04088A53EC490203F00FE9FF0343
161B2A04088A53CE490803EE0FFAFF03
3A161B2B04088A53C4490003F40F0A00
0443161B2E04088B53B2490703F80F19
0004D2151B2F04088B53A8492603D10F
27000483151B2F04088C5385492D03D2
0F3800044C151B3104088C536E492403
D90F470004F9141B3304088D535D491A
03D10F590004F5141B3504088C533749
0603F50F6A000472151B3904088C5331
490403EC0F7600047A151B3D04088C53
1249FE02ED0F83000433151B3E04088B
5305490003F60F8E0004E0141B3D0408
8D53EF480503ED0F9D0004BF141B3E04
088E53CB48FD020B10AB00046B141B41
04088E53BE48F1020F10BA000480141B
4204088D53A548F6020E10CA0004A914
1B4304088E53A048F3021510D50004B2
141B4504088E5394480D031F10E20004
D3141B4704088E53694811031B10E900
0491141B4604088E5358480F031E10F1
000414141B4A04088E53314814031C10
FE0004E1131B4D04088E532848010398
100F01042D141B4D04088E531E480003
94101A01044A141B4E04088D531848FD
02981023010420141B5404088C53F647
080399102D010446141B5504088C53E9
47D4026F103601040B141B5704088D53
D347CB026A104201040B141B5704088D
53B747C9026D104B0104F4131B5A0408
8C53A747CB02771057010439141B5A04
088C53AA47C4026E106001047C141B5D
04088C538747FF02471060010478141B
5F04088C536E47040345105E01045614
1B5F04088B535547FE02481060010403
141B6204088C53484704034010690104
F2131B6404088B532A47EF0203107301
0414141B6404088A532C47F302FD0F7F
0104F2131B6804088B530B47EC020310
880104D1131B6A04088B530147EF0208
10920104F2131B6B04088B53F5460203
2F109A01040F141B6D04088B53DB4604
032E10A1010439141B6F04088C53CB46
FF022F10A4010489141B7204088C53C1
4600032810A20104B2141B7304088C53
A246DB0243109B010491141B7504088D
53A646E1023E1098010499141B790408
8D539046DD024210970104F5141B7D04
088D538146E6024010900104C3141B7F
04088C536646E2023E108B010478141B
8104088C535A46010382108D01049514
1B8304088C534E4607037C109301044E
141B8704088C533046060374109A0104
28141B8704088D532B46FB028310A501
045F141B8604088C532146E0025A10AB
01042D141B8904088B530A46E6025210
B20104BC131B8B04088B530646E00265
10C00104D0131B8E04088B53DF45E402
6110CE010428141B9304088C53E0450E
038910D101045A141B9704088C53D345
12038E10CF010446141B9904088C53D2
450C038610CC010467141B9A04088C53
AF4517038910C9010407141B9D04088B
53A64528030B10C9010492131BA10408
8B53A0452B030C10D50104D9131BA404
088B53864524030F10E1010435141BA7
04088B538F4520031410DE010407141B
AB04088C5378452D031310DC01040714
1BAD04088C537745E6023F10DE01046B
141BB004088C535B45E9024310D70104
E1141BB304088B534C45E5024110C301
042F151BB804088B535445E2024410A3
010440151BBA04088B533945E2020910
87010438151BBF04088B532A45D7020C
10720104A8151BC104088B531B45EA02
0D105C01043A161BC704088A531C45DB
020D1033010475161BC904088A530C45
14039010090104E1161BCC04088B5302
4511038F10DE000428171BD104088B53
F04411037D10B8000428171BD404088B
53EE4408039110A200044E171BD80408
8A53DB44060350109C000456171BDA04
088A53D844FA024D10A00004E3161BDD
04088A53CA44F8025C10AC0004D1161B
E104088953BF4400034F10C000048E16
1BE404088953B244FD024F10D2000411
161BE604088953BB441E039910E90004
D2151BEA04088953A2441C0398100401
04A8151BEB040889539F44210392101B
010493151BF204088953B6442603A110
2D0104B9151BF204088A539C44FB0279
103A0104B5151BF304088A539E440203
811045010451151BF704088A538E4404
038110520104FD141BF904088B538C44
FC027F105E0104C3141BFE04088A537B
4406034B106C0104CD141B0405088A53
79440203531079010416151B0705088A
538244020353108301047E151B0A0508
8B536E44FC02521085010460161B0B05
088B536A4422032E1080010481161B0D
05088C53554422032C1077010443161B
0F05088C5346441C0336107401043A16
1B1305088C5333442A03321078010411
161B1705088C53364423032F10800104
15161B1A05088C534044220366108A01
041D161B1E05088D5332442803671093
0104E7151B2105088D5326442F036510
9C010416161B2605088D532244230360
10A201043A161B2705088C531D442703
AD10A6010411161B2905088C5316441C
03AC10AA0104D2151B2B05088B530644
2A03AD10B00104A0151B2F05088C53FA
432903A110BB0104AC151B3205088B53
0244FF024E11C4010465151B3405088B
53EA43FD024011CF010459151B360508
8A53FA4302033B11DD010421161B3605
088B53054400034511D901048E161B35
05088A53E7431703A511D20104B3161B
3605088A53DD431503A811CE0104A316
1B3505088A53C9431103A611C80104A2
161B3505088A53C3430903A911C90104
B8161B3605088A53CA431203A911CC01
04AB161B3705088A53BC432603D711CE
0104B8161B3605088A53B6432803D411
CC0104D1161B3605088B53B8432403D5
11CD010478171B3505088B53AF433103
DA11C2010456201B3805088A53CF432C
03BD1173010409221B3705088B53D843
3303B811F600044C221B3605088B53CA
433D03AE119500045E221B3505088B53
E1432F03B4115D00046A221B3505088B
53DD430303741140000472221B360508
8C530044FE026F1131000472221B3605
088B532344010365112B00047A221B36
05088A536144080368112600047E221B
3605088B539D44FE02B3112400047E22
1B3705088A53E5440003A11121000487
221B360508895314450003AA11210004
8A221B3605088A5389450103A9111D00
048F221B3705088953B8450203A3111A
00049C221B36050889531546DE02EB11
160004A0221B36050889535246E202E3
11130004A4221B3705088953B046DF02
ED110F0004AD221B3705088A53E846DF
02E7110D0004B1221B37050889532847
390341110A0004AE221B360508895366
473A034A110B0004B5221B3605088953
A24734034C110A0004B1221B35050889
53D3472B034B11090004B9221B350508
8A53184815036311090004A8221B3505
088A533B48170360110C0004A4221B35
05088B537448130363111300048F221B
3505088C53D4480F0374111B00047A22
1B3605088D53E84851039B112800047A
221B3405088D530D494F039811330004
72221B3305088C53284956039A113800
0472221B3305088D536849570393113C
00046A221B3405088D5385494F039C11
4100045D221B3405088D53A649F20298
1145000465221B3605088D53CF49F702
901148000461221B3505088D53D749F3
029E114B00044E221B3405088D53174A
F30298115000044C221B3405088C5337
4A0503F61154000459221B3605088C53
554AFE02FB115500045D221B3505088B
53884A0203F6115500045D221B340508
8A53974A0803F2115200045D221B3405
088A53A44A3203A81151000459221B31
05088A53B24A3903B61150000455221B
2C05088953B34A3C03B2115300044222
1B2405088953BB4A3803BB1158000440
221B1C05088853BD4A1703BE105E0004
33221B1105088853BC4A0B03C4106200
043B221B0705088853E34A0F03B21062
00044C221BFD04088953FB4A1503B510
5B00045D221BF904088953F34A1103C1
105100047A221BF804088953ED4AF002
72104600046E221BFC04088853074BED
02771042000483221B0205088853FD4A
F102681037000493221B01050889531F
4BE40278102C00048F221BFB04088953
3E4BF4027A102700048B221BE504088A
538A4BF5028C102900047E221BC60408
8A539F4BEB027C102A00047E221BA504
088B539F4BEE0283102F00047E221B8E
04088B53AA4B38034D103100046E221B
7C04088B53BC4B3E0358103400047A22
1B7904088B53D84B3A034F10340004D6
221B7304088B53C74B2D034D101E0004
DF221B6904088C53B84B1D0319100600
04FC221B5704088C53B24BF1021810EF
FF0311231B4704088B53B44BF9021010
DEFF031E231B3604088B53B84BEF0212
10D0FF0354231B2D04088A53BD4BF702
0710B3FF03D2231B2C04088A53C74B1C
0315107FFF0300241B2904088A53BE4B
0F03FF0F55FF0386231B2304088A53B3
4B0F030D1058FF03DE231B1904088A53
CC4B16031E104BFF03DA231B1204088A
53B44BFD02C50F40FF03E3231B0C0408
8953B94B0003D30F39FF03E1231B0704
088753C74B0203CA0F33FF0304241B07
04088753C34B0403D00F2AFF03FC231B
0704088653B54BEC0246101FFF033F24
1B0404088753B64BF60252100DFF0354
241B0604088753BF4BEC025510F7FE03
58241B0604088653BF4BE7024710EAFE
0360241B0504088653C44BEA02C60FE0
FE037E241B0404088653CA4B1503BE0F
D2FE037E241B0204088653BC4B1303C6
0FC8FE0386241B0404088753BF4B0D03
C30FC3FE039B241B0204088753C34B18
03C00FB9FE03C1241B0404088653C54B
F402D60FA5FE03F7241B0204088753B8
4BFD02C70F8AFE0329251BFD03088653
BD4BFE02D50F66FE0333251BF3030886
53DD4BED02DC0F49FE03A7251BE80308
87532A4C0703FB0F08FE039A281BE203
0887532C4C0003EF0F6CFC03482F1BD2
030887532B4CFF02EA0FFFF903102D1B
C6030887531D4CF802EE0F23F903B4EF
1AC203088653064CC5050938EDF803A5
A211C203088653254CC8050E38DCF803
FEBA0EC103088653354DB6050B380FF9
0304ED0EC203088653384DC10515385A
F903212D0FC203088753314DBD05EA31
B7F90302FB0EC2030887531A50EE011B
111BFA0380230FC3030887533952E101
1F117BFA03B7540FC2030887537253EC
011A11E3FA033D4B0EC2030887531253
E501211165FB0385E00EC10308875389
52A402C603DDFB0332B90EC403088753
EB52AB02D0033EFC03205A0FC3030887
53F452AE02CD0375FC03F87E0EC30308
87536D52B302C9039FFC034B7E0EC403
088853CE52A002C803C6FC03BB290EC3
03088853A252A202D203EEFC03EC550E
C2030889531852A902D2030BFD03298D
10C403088A5367539A02CC0329FD0365
DB0EC3030889533B57A602C3037AFD03
28860EC3030889534259A902C20324FE
0351A80EC2030889535C5A9602BD03D3
FE03D67A0EC303088853C75A9D02BB03
4EFF03EF6413C203088853AC58B00202
0581FF03B0AD1AC2030888532057CC02
870CFCFE0363691AC2030888532556D3
028A0CB7FD03FF0E1BC103088853BC55
C802870C01FD03DFA41AC20308885324
55CC02880CC2FC03BA2A12C203088853
FB53A8020113B1FC039BF60FC4030889
53C352AB020113B1FC032E1E0FC30308
88532352A602FD12B9FC031BF60DC303
08885386519D02FD12C5FC03B2920DC3
03088753F450A302E012D5FC0398350D
C20308865353509D02DB12DFFC0357FA
0CC303088753EE4F9902E412E8FC0306
BC0CC203088653734FA402D812F1FC03
F58E0CC4030886530E4FB402C312F7FC
0340B30CC103088653D94EBB02C512FF
FC03FE110DC2030886538B4EB302CB12
0BFD03991B0DC303088653484EBE02C5
1212FD0369E80CC203088553E04DC902
CC121EFD033DAB0CC403088653C14D91
0243132AFD03C9D20CC3030885538F4D
9502481338FD03F2210DC2030885536E
4D8C023C1346FD038FF90CC403088553
3A4D9702481354FD035AD80CC3030884
530E4DA602551263FD03C2C60CC30308
8453FF4C9A024C126FFD03C4A80CC203
088553D74C9B0259127DFD03D5880CC1
03088553B74CA00251128AFD03D2710C
C103088653A24C5702661297FD032C5B
0CC203088653844C50026212</Data>

   <DataCRC>2c98f27a</DataCRC>

   <BytesSent>6460</BytesSent>

</SBEDataUpload>
</InstrumentRawData>
</SBEDataUploadFile>
