<?xml version="1.0"?>
<!-- SCPlusV2_RS232 -->
<SBEDataUploadFile>
<ApplicationData>
<Seaterm232>
<SoftwareVersion>2.6.3.104</SoftwareVersion>
<BuildDate>30-Jun-2017</BuildDate>
</Seaterm232>
</ApplicationData>
<InstrumentState>
<HardwareData DeviceType='SBE19plus' SerialNumber='01906740'>

   <Manufacturer>Sea-Bird Electronics, Inc.</Manufacturer>

   <FirmwareVersion>2.2d</FirmwareVersion>

   <FirmwareDate>9 February 2011 08:30</FirmwareDate>

   <CommandSetVersion>1.1</CommandSetVersion>

   <PCBAssembly PCBSerialNum='25307' AssemblyNum='41054G'/>

   <PCBAssembly PCBSerialNum='25737' AssemblyNum='41580B'/>

   <PCBAssembly PCBSerialNum='24669' AssemblyNum='41606'/>

   <PCBAssembly PCBSerialNum='24372' AssemblyNum='41059D'/>

   <MfgDate>  08 DEC 2010</MfgDate>

   <InternalSensors>

      <Sensor id='Main Temperature'>

         <type>temperature0</type>

         <SerialNumber>01906740</SerialNumber>

      </Sensor>

      <Sensor id='Main Conductivity'>

         <type>conductivity-0</type>

         <SerialNumber>01906740</SerialNumber>

      </Sensor>

      <Sensor id='Main Pressure'>

         <type>strain-0</type>

         <SerialNumber>3220369</SerialNumber>

      </Sensor>

   </InternalSensors>

   <ExternalSensors>

      <Sensor id='volt 0'>

         <type>SBE 43 OXY</type>

         <SerialNumber>432005</SerialNumber>

      </Sensor>

      <Sensor id='volt 1'>

         <type>not assigned</type>

         <SerialNumber>not assigned</SerialNumber>

      </Sensor>

      <Sensor id='volt 2'>

         <type>ECO-FLNTURT CHL</type>

         <SerialNumber>FLNTURTD-2025</SerialNumber>

      </Sensor>

      <Sensor id='volt 3'>

         <type>ECO-FLNTURT TURB</type>

         <SerialNumber>FLNTURTD-2025</SerialNumber>

      </Sensor>

      <Sensor id='volt 4'>

         <type>not assigned</type>

         <SerialNumber>not assigned</SerialNumber>

      </Sensor>

      <Sensor id='volt 5'>

         <type>not assigned</type>

         <SerialNumber>not assigned</SerialNumber>

      </Sensor>

   </ExternalSensors>

</HardwareData>
<StatusData DeviceType='SBE19plus' SerialNumber='01906740'>

   <DateTime>2018-12-07T14:28:32</DateTime>

   <LoggingState>not logging</LoggingState>

   <EventSummary numEvents='241'/>

   <Power>

      <vMain>12.2</vMain>

      <vLith>5.4</vLith>

      <iMain>61.5</iMain>

      <iPump>36.4</iPump>

      <iExt01> 4.1</iExt01>

      <iExt2345>20.6</iExt2345>

   </Power>

   <MemorySummary>

      <Bytes>1492821</Bytes>

      <Samples>87813</Samples>

      <SamplesFree>3782666</SamplesFree>

      <SampleLength>17</SampleLength>

      <Profiles>111</Profiles>

   </MemorySummary>

</StatusData>
<ConfigurationData DeviceType='SBE19plus' SerialNumber='01906740'>

   <ProfileMode>

      <ScansToAverage>1</ScansToAverage>

      <MinimumCondFreq>3226</MinimumCondFreq>

      <PumpDelay>60</PumpDelay>

      <AutoRun>no</AutoRun>

      <IgnoreSwitch>no</IgnoreSwitch>

   </ProfileMode>

   <Battery>

      <Type>alkaline</Type>

      <CutOff>7.5</CutOff>

   </Battery>

   <DataChannels>

      <ExtVolt0>yes</ExtVolt0>

      <ExtVolt1>no</ExtVolt1>

      <ExtVolt2>yes</ExtVolt2>

      <ExtVolt3>yes</ExtVolt3>

      <ExtVolt4>no</ExtVolt4>

      <ExtVolt5>no</ExtVolt5>

      <SBE38>no</SBE38>

      <OPTODE>no</OPTODE>

      <GTD>no</GTD>

   </DataChannels>

   <EchoCharacters>yes</EchoCharacters>

   <OutputExecutedTag>yes</OutputExecutedTag>

   <OutputFormat>raw HEX</OutputFormat>

</ConfigurationData>
<CalibrationCoefficients DeviceType='SBE19plus' SerialNumber='01906740'>

   <Calibration format='TEMP1' id='Main Temperature'>

      <SerialNum>01906740</SerialNum>

      <CalDate>07-Jan-11 </CalDate>

      <TA0>1.255288e-03</TA0>

      <TA1>2.593288e-04</TA1>

      <TA2>-2.376104e-07</TA2>

      <TA3>1.449298e-07</TA3>

      <TOFFSET>0.000000e+00</TOFFSET>

   </Calibration>

   <Calibration format='WBCOND0' id='Main Conductivity'>

      <SerialNum>01906740</SerialNum>

      <CalDate>07-Jan-11</CalDate>

      <G>-1.033008e+00</G>

      <H>1.393941e-01</H>

      <I>-2.175401e-04</I>

      <J>3.475757e-05</J>

      <CPCOR>-9.570000e-08</CPCOR>

      <CTCOR>3.250000e-06</CTCOR>

      <CSLOPE>1.000000e+00</CSLOPE>

   </Calibration>

   <Calibration format='STRAIN0' id='Main Pressure'>

      <SerialNum>3220369</SerialNum>

      <CalDate>21-Dec-10</CalDate>

      <PA0>8.222195e-01</PA0>

      <PA1>1.566037e-02</PA1>

      <PA2>-6.194425e-10</PA2>

      <PTCA0>5.244452e+05</PTCA0>

      <PTCA1>4.417653e+00</PTCA1>

      <PTCA2>-9.798927e-02</PTCA2>

      <PTCB0>2.510725e+01</PTCB0>

      <PTCB1>-1.150000e-03</PTCB1>

      <PTCB2>0.000000e+00</PTCB2>

      <PTEMPA0>-5.917147e+01</PTEMPA0>

      <PTEMPA1>5.387460e+01</PTEMPA1>

      <PTEMPA2>-2.653169e-01</PTEMPA2>

      <POFFSET>0.000000e+00</POFFSET>

      <PRANGE>5.076000e+03</PRANGE>

   </Calibration>

   <Calibration format='VOLT0' id='Volt 0'>

      <OFFSET>-4.687158e-02</OFFSET>

      <SLOPE>1.247988e+00</SLOPE>

   </Calibration>

   <Calibration format='VOLT0' id='Volt 1'>

      <OFFSET>-4.719579e-02</OFFSET>

      <SLOPE>1.248132e+00</SLOPE>

   </Calibration>

   <Calibration format='VOLT0' id='Volt 2'>

      <OFFSET>-4.684526e-02</OFFSET>

      <SLOPE>1.248324e+00</SLOPE>

   </Calibration>

   <Calibration format='VOLT0' id='Volt 3'>

      <OFFSET>-4.678105e-02</OFFSET>

      <SLOPE>1.247145e+00</SLOPE>

   </Calibration>

   <Calibration format='VOLT0' id='Volt 4'>

      <OFFSET>-4.669684e-02</OFFSET>

      <SLOPE>1.248307e+00</SLOPE>

   </Calibration>

   <Calibration format='VOLT0' id='Volt 5'>

      <OFFSET>-4.709579e-02</OFFSET>

      <SLOPE>1.247697e+00</SLOPE>

   </Calibration>

   <Calibration format='FREQ0' id='external frequency channel'>

      <EXTFREQSF>9.999977e-01</EXTFREQSF>

   </Calibration>

</CalibrationCoefficients>
<EventCounters DeviceType='SBE19plus' SerialNumber='01906740'>

   <EventSummary numEvents='241'/>

   <Event type='ErrorFLASHUncorrectableError' count='241'/>

</EventCounters></InstrumentState>
<Headers>

cast 100 04 Dec 2018 09:26:47 samples 80924 to 81466, avg = 1, stop = mag switch

</Headers><InstrumentRawData>
<SBEDataUpload startAddr='1375691'>

   <Type>1</Type>

   <DataFormat>SEACATPLUS0</DataFormat>

   <Bytes>9231</Bytes>

   <Data>
F50804E0B710DE03081E54BA507106C7
01CB0204DBAF0FEA03081C54E5506A06
C601E9FF0366AC0EEC03081A54AC5073
06C5017DFE03753613EE03081854D14F
6F06C101C1FD0362BB14F30308175443
4F8E00EC0A22FD0376A115F703081654
B04E9200ED0A7CFC039B211AFB030815
54874E9300F40A0FFC03FA1A1BFE0308
15545F4E9200F00ACDFB03C51D1B0104
081354384E0103B80EEDFB034E1F1B02
04081254234E0303B50E56FC039D1F1B
0504081254ED4D0503B20EC3FC03ED1F
1B0B04081054FF4D0603B60E19FD03AE
1F1B0C04081054D64D2B03D90E56FD03
CC1F1B0E04081054C24D2B03D10E90FD
03A61F1B1104081054D24D2303D50EC2
FD030A201B1204081054B64D2403D20E
F6FD03EC201B1504081154A84D2203D5
0E2AFE0394211B1504081354AF4DE702
CC0E63FE039D211B1404081354B44DE7
02CA0E89FE03DB211B1504081554B14D
E302C10E8FFE0372221B1604081654D8
4FE602C40E79FE030D231B1604081554
DB51C802A60E60FE03B5221B18040815
545F51C202A40E57FE03C1221B190408
1554B050BF029F0E52FE0393221B1A04
0815544550C902A40E48FE032B221B19
04081554F14F3F02630E41FE03F5211B
1A04081554A84F3B026B0E3BFE031222
1B18040816545F4F4802640E3DFE0316
221B1804081554244F41026C0E39FE03
38211B1B04081554D94ED502A20E34FE
03311F1B1A04081454BB4ED102910E35
FE03A81C1B1B040813547A4ED002940E
39FE033F1D1B1C04081154474ED5029B
0E95FE03261D1B1B040811541C4ED302
990E7CFF03911C1B1A04081154FA4DEA
02B60E340004271C1B1C04081154C64D
D702B40EBE0004B61B1B1B04081154A9
4DE602B50E410104891A1B1904081154
6F4DE402AB0EDC01044A1A1B19040812
544B4DE502A00E460204631A1B190408
1254184DE402AF0E7F0204AF1A1B1A04
081454F44CE102A40ED10204251A1B1B
04081354D84CE7029C0E27030479191B
1A04081454AF4CC402D10E4E03042619
1B1C040814548A4CC002DC0E790304BD
181B1B04081354574CB002D10EC40304
9C181B1C04081354384CC402D30E2404
04EC171B1B04081354124CC402F20E65
040411161B1904081254024CC602F30E
5D040498151B1D04081354CC4BC102F0
0E5804046A151B1C04081354AF4BCD02
EA0E5D04049D141B1C04081354964BB8
02F00E6404045A141B1C04081354654B
B202C50E660404EA131B1D0408125445
4BBC02C70E690404FA131B1D04081254
244BC102C70E6A040461151B1D040813
54F94ACA02C20E640404EF161B1D0408
1354D04A9502C50E32040495171B1E04
081254BC4A9E02B60EBB0304AE171B1E
040813548F4A8E02C60E22030452171B
1E040813546E4A9B02C90EB80204E516
1B1C04081354444AF302DC0E790204EA
161B1C040814541F4AF502E00E370204
91171B1D040814540A4AF902ED0ED001
0443191B1E04081454014AF002E10E50
01046C1A1B1D04081554D749EA02CB0E
DF00045E1B1B1E04081454B449EB02D8
0E810004011C1B1E04081454A849E002
D70E350004891C1B1C040813548D49E4
02D50EFAFF03321D1B1C040814547649
E402D50EC9FF03651D1B200408145462
49AE02BB0EA5FF03111D1B1E04081354
5049AE02C40E97FF03831C1B1F040813
544349B302BE0E9AFF03E01B1B200408
13541349B302CF0EA0FF035A1B1B1F04
0813541249A202FC0EA9FF03FA1A1B1E
040813540649AA02EB0EA1FF034D1B1B
1E040813540349AB02F10E93FF03E51C
1B1D04081254F848A802FA0E85FF0360
1D1B1E04081354EF48BF02D00E7FFF03
151D1B1F04081354DC48CA02D50E83FF
03371C1B1F04081254DF48C002DD0E96
FF035E1B1B2004081254CF48D202D50E
B1FF038C1B1B1F04081254C848CF02C2
0EC1FF03561B1B1E04081354C348D102
C70EC9FF03761C1B1E04081354D348CC
02BB0ECCFF03711D1B1D04081354BF48
CF02CB0ED5FF03761D1B2104081354BA
48D102B90EE5FF03FC1C1B2104081354
BA48D302D10EFDFF03121C1B21040813
54A248CC02CB0E140004E91A1B200408
13549E48CF02D50E2900041C1A1B2104
0813549748CA02C90E3400049A1A1B21
040812548A489E02970E370004C4191B
20040813548D489D029C0E380004DB18
1B1F040813547F48AE02A40E3C000498
181B22040813547648A302A00E3F0004
74181B20040813546F48E002AF0E4300
04B5181B23040814546648E102B10E48
000439171B23040813545148DC02AE0E
4C000443161B23040814544348E602A9
0E5100045A171B260408135440489D02
C40E520004F1171B27040813543248A2
02B80E5700046B171B27040814542B48
A102B50E5A000464161B270408145420
48A202C10E600004C8161B2904081454
0948A802CD0E690004F6161B2A040813
540448B002BE0E6D000476151B2D0408
13540B48B302AB0E75000418141B2D04
0813540748B502AF0E7E0004EC131B31
04081454EB47B502B50E8900049F131B
3304081454E4479D02EC0E9600045813
1B3404081454C8479D02FA0EA400046F
141B3604081454CA479A02F00EB00004
A3161B3904081454B5479D02F50EB600
043C151B3B04081454AA47C202D10ECC
000447131B3B04081554B147C402CB0E
ED0004CD131B3F040816549F47CC02DE
0E01010420141B42040816548E47CA02
DD0E20010400131B44040816547247CC
02CD0E380104C2121B45040816546A47
CF02D30E4E010411131B460408165461
47D502CB0E61010469151B4604081654
5E47C902D30E760104E3151B4A040817
544C47C802CF0E7701048C141B4D0408
16543647B902EC0E840104C2121B4F04
0816543147A702DE0EA401041F121B53
040816542E47B002E00EB8010402121B
52040816541247AE02E10E290204ED11
1B5604081654F6469902EF0E10030445
121B5704081654F146A402F10EAA0304
3F131B5604081654F046A402E00EC203
0496131B5904081654DB46AC02E60EB8
030454131B5A04081554C3469B02D10E
C203049F131B5904081454BC469D02CC
0EBA030420141B5C04081454B8469C02
D60E94030435141B5F04081454AE46A6
02D10E74030490131B63040814549646
CC02D10E6E03043C121B64040813548D
46D202BE0E8D0304A6111B6404081354
7446D002BF0EB2030440121B67040813
546B46D002C80EB603044B131B670408
14546846CA02C30EA90304D7121B6A04
0813546146CF02E70EA5030426131B6E
040813547346B702E20E9C0304A0121B
71040813545946C302EF0E940304AF11
1B73040813543446C802EF0E99030436
111B73040813542746BD02E70EAD0304
DE101B75040812541A46BD02E90ECE03
04DE101B7604081354FE45C702EA0EEF
030438121B7804081354F145C302DC0E
EA03043F131B7A04081354EF45D502CE
0EDE030478131B7E04081454D545C602
D30ED20304F0121B8204081454C845CF
02D70EC6030468111B8404081454BD45
DD02CF0EC5030436111B8504081554B1
45C802BD0EBD030442111B8704081554
9F45C702AD0EB3030406121B88040816
549345CD02BA0EAD0304D7121B890408
16548845D902B80EA703045E121B8B04
0816547945D502B90EA90304ED111B8C
040816546A45E402C10EAD030470111B
90040816546145E402C80EB103046510
1B8F040816545945E602C90EB8030455
101B90040816544645DE02C60EEF0304
BD101B90040816544245D602E10ED004
045F111B90040816542345CF02D10E95
050483111B90040816542B45CA02D90E
F305046C111B91040816542245D502D4
0E21060446111B92040815541C45BA02
800F3A06049E111B93040815541145B0
02890F28060411131B9704081554FE44
AE02800FDA0504DD131B9904081554E4
44B8028C0F870504C8131B9C04081554
DD44C502C90E4905043D141BA1040815
54DE44C102C00EF704043F131BA30408
1554B944C702C70EA30404B3111BA804
081554B044B902C30E5C040489111BAA
04081554B144C302C60E28040449121B
AC04081654B944AE02EB0E2E0404F111
1BAF04081654AF44BF02EB0E51040438
121BB004081554AE44B402E90E5A0404
0B121BB404081754A644B902DA0E5C04
0491111BB6040816549244AB02E00E64
040464111BB9040816549D44AB02DD0E
70040438121BBE040816548044AE02DA
0E6B04044D121BC1040817546144B902
EB0E6604044F111BC4040817547444D3
02D60E72040418111BC6040817545344
C902D40E83040410111BCB0408175458
44D702D90E8B0404DC111BCB04081754
6144D202D30E8A04047B121BCF040816
544144C702FA0E850404AF111BD10408
17544044C502F00E8904045B111BD404
0817543B44BF02E40E8F0404F7101BD6
040817542C44BC02F00E970404AA111B
D5040817541C44B902EF0E960404D811
1BD7040817542344B302C90E920404C3
111BD8040817541B44B202B90E920404
96111BDB040816541044B202BF0E9204
04D6101BDE040816540744AD02BA0E97
0404C9101BDD04081754FD43B802F00E
A00404E1111BE004081754F743B702F3
0E9D0404ED111BE104081654EC43B902
E20E9A040496111BE404081654DF43B6
02E60E9D040481111BE904081654E043
CD029A0F9F04042D111BEC04081654D5
43D302910FA2040470111BF004081754
DE43D7028E0FA2040485111BF3040817
54D343D0028F0FA1040414111BF70408
1754D543A902F00EA0040429111BF804
081654CA43A802ED0EA004043A111BF8
04081654AA43A702F80E9E04043B111B
FC04081654A843B102F30E9C0404A211
1BFD04081554AC43C002E90E990404FA
111BFE04081554AC43BE02D20E910404
55121B04050816549E43BC02D10E8104
040E121B06050816549A43C202DD0E73
04049B101B09050816549043BB02DB0E
76040497101B0A050816549643C502BD
0EFF040438121B0A050816549143BC02
BC0ECF0504B8131B0D050817548943BB
02B90E1906044A141B0F050816548A43
C202C20E0C06046D131B100508165489
43C502AC0EED050483121B1205081654
7B43C3029F0EE50504C6121B13050815
546C43BB02A20ED10504DF121B150508
15547043C6029A0EB6050428131B1705
0816545F43BF02BB0E9D050479131B19
050816546C43C602B00E850504F8121B
1C050816546043C002C00E7505047F12
1B1F050816545743C102BF0E6C0504EB
121B23050816544F43CC02D10E600504
26131B26050817545343F102C20E4E05
04A0121B29050817545643E902BC0E47
05041B121B2D050817545C43EA02C60E
4305040A121B2E050817543C43E802C9
0E40050487121B2F050816544A43A702
E00E390504BE121B32050816544343B1
02D30E32050415131B33050817543E43
9902D00E27050471131B350508175440
439702D30E1A0504A3131B3705081754
4443A402010F050504BC131B3E050818
544243A4020A0FE00404CE121B420508
17543043A002010FC9040413121B4305
0817544043A002090FC404042C121B45
050817543243ED02DC0EC5040498121B
47050817544643E402CA0EE704048213
1B4A050817543843E202D60EF0040404
131B4C050816543C43E402D30EFE0404
9C121B4D050816543C43D902CC0E0405
0487121B4F050816542B43EA02B90E05
05043F131B51050816542B43EF02BA0E
FF040491141B53050816542D43F702A9
0ED50404E21D1B56050816548C43F102
B10EEE0304E81E1B5A05081654BB43D0
02BA0E460304521F1B5D05081654C343
D802D20EE50204561F1B6005081654D1
43D702B60EB202045F1F1B6205081654
C443D702C20E9A02045F1F1B66050815
541144DE02D80E8E0204411F1B680508
15544A44EC02E40E9402042D1F1B6B05
0815548144DE02EB0E9F02041C1F1B70
050815549444DF02F10EAC0204071F1B
72050816540745D702020FBB0204001F
1B74050817541D45CA02030FC90204FF
1E1B77050817543E45D5020B0FCE0204
FF1E1B7C050817547245DC02090FD302
04E11E1B7F05081754B845D102F80EDB
0204C41E1B8205081754F845B702310F
F00204FF1D1B86050817543546C8023A
0F2E0304CD1D1B88050817546146C702
390F690304031E1B8C050816548946BB
024B0F820304E31D1B9005081754B046
DF02CD0E930304691D1B9305081754D0
46E202C70EBF0304541D1B9405081754
E446E602BE0EE803048A1D1B99050818
54FA46EA02C60EEE03049B1D1B9C0508
18540347BD02FD0EE80304AC1D1B9D05
0818543547BE02F30EDF0304B41D1BA0
050818545347AE02F80ED70304971D1B
A2050817548847B202F10EDA0304321D
1BA705081754BB47AE02EA0EF003040A
1D1BAA050817540748A902E20E160404
EB1C1BAF05081754FF47B302DC0E3A04
04CA1C1BB2050818543148BB02E20E5A
0404A01C1BB4050818543E48B202D10E
770404C11C1BB6050818545348CE020D
0F810404CE1C1BB8050818546B48C202
000F7C0404BD1C1BBB050818545648CF
02070F790404AD1C1BBE050818544A48
CA020D0F810404981C1BC0050818547E
48DA024B0F8F0404951C1BC405081754
6B48C602450F9604046E1C1BC4050817
548E48CB02460FA504046E1C1BC60508
1754B148D102380FB10404761C1BC805
081854B048C402EF0EB30404831C1BCD
05081854B048BF02FC0EB40404931C1B
CF05081754A548B602F40EAD0404D61C
1BD105081754CA48BE02FE0E960404E7
1C1BD205081754C348B702F30E820404
DB1C1BD705081754DE48C202090F7404
04D11C1BDB05081754EB48BD02DF0E73
0404DB1C1BDE05081754F248C102F90E
710404D61C1BE3050816542549B702EA
0E730404D21C1BE6050816541549B702
150F750404D61C1BE8050816541A49BE
020B0F740404DB1C1BE9050816542549
C002080F750404DF1C1BEC050816543C
49C6020E0F740404E71C1BEE05081654
1B49DD02FD0E6E0404F21C1BF1050816
541049E6020A0F690404EB1C1BF50508
16540949EB02050F670404EB1C1BF805
0816542B49EA02070F670404E71C1BFC
050816540749CE02ED0E6A0404E31C1B
00060816540849B502DA0E6504043F1D
1B02060817541249C202DA0E54040443
1D1B02060817543849BB02D50E3E0404
3B1D1B04060817541849BB02E00E3804
04431D1B05060817543949C002E60E31
0404461D1B09060817543749C602E60E
2D04045C1D1B0C060817545549C402E8
0E240404541D1B0F060817545B49C602
F10E1F0404431D1B10060817545B49B8
02040F220404431D1B1106081854E649
C2020B0F270404431D1B1506081854A2
49C802080F290404541D1B1806081854
6A49BA02060F240404501D1B17060818
547049C302760F2304045C1D1B1B0608
18548049C602720F1D04046E1D1B1D06
0818548549D402670F180404471D1B24
060818546F49DE02700F1B0404221D1B
27060817546749D602E90E2D0404001D
1B29060817547949D302E70E4304040D
1D1B2D060818547D49D902DF0E4B0404
F81C1B32060817545D49D302F10E5704
04DB1C1B36060817545B49D8022C0F63
0404DF1C1B36060817546249EB022C0F
6A0404EF1C1B37060816546F49E2021A
0F6A0404F61C1B3C060817546A49D402
2F0F660404E31C1B3F060817545749E6
02220F670404D21C1B41060817545D49
B9020A0F7004049C1C1B450608175459
49BD02030F880404931C1B4806081854
7949CC02FC0E990404041D1B4E060817
545B49BD02070F860404321D1B510608
17543349C302080F6404042A1D1B5206
0817544C49BD02010F5004042E1D1B55
060817544E49C102F90E4604042A1D1B
58060817546E49BD020E0F410404091D
1B5B060817545A49E202D30E480404CA
1C1B5F060817545649E402CF0E660404
721C1B62060817545549DF02CA0E8F04
049C1C1B66060817546549DD02C70EA0
0404DB1B1B6A060818542E49D702070F
DB0404941B1B6A060819543A49C102FA
0E230504A51B1B6B060819545B49C802
FD0E430504A51B1B6D060818544E49BC
020B0F5405040F1B1B71060818543149
C802090F850504E11A1B740608185470
49D002EF0EB50504E91A1B7806081754
7F49D102DC0ECF0504D81A1B7A060817
547749D902DD0EDE0504D41A1B7C0608
17546C49CD02D80EE80504DC1A1B7E06
0818547E49C5021E0FEA0504021B1B7F
060818544349BD02160FDE0504411B1B
80060818545449BB02140FC405044D1B
1B82060818544549C2020D0FA80504D4
1B1B86060819543849D702E60E740504
511C1B8B060818543849E302DA0E2B05
04A01C1B8F060818543949EA02DC0EEA
04047F1C1B91060818544149DA02E10E
CE0404721C1B95060818541049E70256
0FC90404591C1B96060818540849AE02
430FCE04042B1C1B97060818541949B7
02520FDF0404E81B1B9B060817541649
AE02520FFF0404C71B1B9C0608175429
49B402580F1D0504D41B1B9C06081754
4149CC02220F2E0504C71B1B9E060818
542749C202130F3A0504AD1B1BA00608
17541549C002050F400504E01B1BA306
081754FD48C802110F410504161C1BA7
06081854F148DB023E0F2C05042C1B1B
AB06081854DA48DC022C0F5A0504E91A
1BAE06081854EC48E802400F9B0504E9
1A1BB006081754F648D802380FC30504
F11A1BB006081854EE48CC02360FD205
04FE1A1BAF060818540D49C8023F0FD5
0504FF1A1BB2060817542049D1023C0F
D50504171B1BB406081754D848CC0244
0FCD0504021B1BB506081754D648D402
610FCD0504F61A1BBA060817542C49C0
02790FD20504F11A1BBE060818544149
A802800FD60504131B1BBF060817540B
49B302800FD00504281B1BC206081854
F748BB028B0FC405041F1B1BC3060817
54F048CB02C20FC005041B1B1BC00608
1854DC48DA02CD0FBD0504171B1BC206
0818540349DC02BC0FBF0504171B1BC4
06081754F648C402C50FBE0504171B1B
C306081754F248E8020910C10504171B
1BC3060817540649F4022710C005041B
1B1BC406081854E948E4022610C00504
1F1B1BC306081754DB48FC022710BE05
041F1B1BC506081854DC48E2027010BD
0504241B1BC506081854D848EA027C10
BA0504241B1BC506081754D248FA0279
10B90504241B1BC606081754D248F502
8010B80504231B1BC606081754C048F3
026810B80504241B1BC606081754B548
D702F410B80504281B1BC706081854E8
48EA02FF10B70504241B1BC506081754
CF48E9020211B805041F1B1BC7060817
54C948E402F110B805041B1B1BC70608
1754C348BA02C410BB0504131B1BC806
081754B448B802B410BD05041B1B1BC7
06081754D148CA02B210BE05040F1B1B
C806081754C048BB02B110C00504EF1A
1BC806081754BD48FB020B11CD0504F1
1A1BC906081754C348FA020711D50504
F11A1BCB06081654C148E8021411D805
04E51A1BCA060816549648EF020111DC
0504E51A1BCA060817549A48E0025411
E40504E51A1BCB060818549448D3024F
11E20504D81A1BCA06081854A048D202
5811E40504D81A1BC906081854B848C9
025D11EB0504D81A1BCB06081854B748
C8025311EC0504D81A1BCC06081954B4
48EE021811EC0504CF1A1BCB06081854
B648EA021A11EF0504D01A1BCC060819
549648DB021511F20504D01A1BCC0608
1854A348E6021811F20504D01A1BCB06
0818547E48D7020711F20504D41A1BCA
060819547D48DE020411F30504D01A1B
CA060819549148DC02F810F30504C81A
1BC7060818547348EA02F810F50504C8
1A1BC9060818547E48E1020611F40504
C81A1BC8060819548448E6020D11F905
04CB1A1BC8060819548548D5021611FA
0504C81A1BC7060818547548DE021411
F70504CC1A1BC8060819546948E702AA
10F60504C31A1BC6060819547448D902
A510F60504BB1A1BC6060819546448D7
02B910FA0504BB1A1BC7060819547248
E402AB10FE0504BB1A1BC3060818547A
48E602B010FD0504CC1A1BC506081854
9248FC02E00FF90504C31A1BC4060818
54B848F502D60FF70504B71A1BC60608
1954C148F702D80FFB0504C31A1BC706
081954CF48F502D80FFC0504C81A1BCA
06081954B848ED02B10FFA0504C81A1B
C906081954B248ED02BC0FFB0504C81A
1BC806081A54D448F002AD0FF80504C8
1A1BC706081A54BA48F002AF0FF60504
C31A1BC606081A54AA480B031410F805
04D01A1BC206081A54C64811031310F4
0504ED1A1BBB06081A54C3480B030B10
EB0504F61A1BB006081A549C48130304
10DF0504171B1BA706081954AA48C402
5D0FD00504381B1BA206081954B548C5
02650FB90504841B1BA306081954B648
C502640F9A0504991B1BA406081A549E
48C2025E0F7C0504D31B1BA106081954
8948B5025C0F590504F91B1B9D060819
54D148CA02290F3D0504051C1B920608
1954D348D202380F290504C71B1B8306
081854B448D7022A0F2B0504DB1B1B72
060819548448D402370F2D0504F91B1B
64060819547B48B002FC0E230504201C
1B6106081854A648B202F10E12050459
1C1B62060818549748B702F20EF60404
831C1B64060817548F48B902EF0ED504
049C1C1B6206081854A148D102090FBB
0404A81C1B5A06081854A848D002F50E
AC0404831C1B44060817548548D50200
0FAD04047F1C1B2F060817547548CA02
020FB20404721C1B21060818548348C0
022D0FB704047F1C1B1C060818548F48
C902220FB70404A91C1B1D06081854A4
48C902240FA90404A81C1B2106081854
9F48C902290F9F0404EB1C1B24060818
54C048C002200F8A0404A41C1B210608
1854B848D702D50E8D0404D61C1B1906
0818549C48E002EC0E880404D21C1B08
060818548E48DC02E90E7E0404B51C1B
F6050818547648E002E20E830404A01C
1BE6050819547348D702E20E8D040499
1C1BE0050818549F48DB02E60E970404
B91C1BDE050819548A48E102D50E9304
04B11C1BE1050819548748DF02ED0E92
04048F1C1BE2050819547D48B802F20E
9A04048B1C1BE6050819547E48BD02F1
0EA70404831C1BE505081954B348C602
F50EAE0404831C1BE205081A548D48C2
02F20EAF04048B1C1BDC05081A548248
DE020F0FAF04048F1C1BD70508195484
48DF02150FAB0404951C1BD605081854
8548E402090FA804049C1C1BD5050818
548248E802110FA50404A01C1BD40508
19548348DB02090FA20404A01C1BD505
0819548D48D302180FA10404A01C1BD6
050819548048D702180F9F0404A01C1B
D4050818547148DA020E0F9F0404A01C
1BD5050818546F48D102190F9D04049C
1C1BD3050819547B48DB02380F9D0404
A01C1BD4050818547448E702350F9D04
04A11C1BD5050818547248DB02230F9E
0404A01C1BD7050818549348DD02330F
9D0404871C1BD9050818547748C80227
0FA70404931C1BDB050818546F48BE02
230FA90404931C1BD9050817546048C4
02200FA804048F1C1BD8050817549748
BB02160FA70404981C1BD60508185486
48D102CD0EA40404D21C1BC705081854
7A48CA02D50E8F0404151D1BAA050818
545B48D302BC0E6D04041E1D1B890508
18545C48D102CB0E520404431D1B6A05
0818544948DB02B50E3A0404821D1B52
050818546D48DB02EF0E170404C91D1B
48050818546048DB02FB0EEE0304181E
1B42050818546B48C202ED0EBB03041D
1E1B37050818546048D702F50E9C0304
321E1B25050817546148A702DD0E8803
041D1E1B14050818545E48B502E60E82
0304141E1B03050818546048B702E90E
8103041F1E1BF9040818548848B502DE
0E8003043E1E1BF504081954AB48C202
D70E750304601E1BED040818548248C4
02DC0E6503045B1E1BD6040818547848
C702DE0E5A0304571E1BB30408175450
48BD02E70E5303046C1E1B9004081854
6848D502F20E420304FA1E1B75040818
54E048CF02F90E120304D81F1B680408
1854E548D102ED0EAD0204C3201B6404
081854C748C002F50E230204F9201B5C
04081854B248D102EA0EC00104E8201B
5004081854B448CF02D90E940104C720
1B4104081854C048D002CD0E880104AE
201B2E04081954BA48D302D90E8D0104
A1201B1A04081954B148CF02D10E9701
0495201B1504081954AD48CC02FA0EA0
0104A1201B0704081954A048D102F20E
9F0104EB201BFE03081954C948D602F2
0E7C0104CE221BFB03081954C748D302
F20EE500047A231BF903081954BA487F
03040B3A0004E3231BFB03081954BD48
8403140BBDFF0326241BFE03081A54D5
487A03190B59FF034B251B0104081954
E9487E03050BD4FE03C5251B0604081A
54DD48AF02320F5EFE03CE241B080408
1A54FD48AC022F0F57FE03C1241B0604
081A542B49A802240F70FE0371251B01
04081A542F49AA02270F57FE0304251B
FB030819541449B1021E0F5CFE03D124
1BEB03081954FF48BD02450E77FE03B0
241BDC03081954FF48BE02460E92FE03
9B241BD1030819542749C402400EA6FE
039E241BCB030819541249BD024B0EAB
FE03A6031BC403081A540F49670D7D45
96FE03DAF40FC5030819541F49600D78
45B5FE03F2630EC30308195473495C0D
7F4521FF039B6C0EC503081954504A63
0D7C45C1FF034FBD0FC403081854574A
A002C303860004A1810EC50308195452
4AA602C1034F0104C9B90EC603081954
DA4AAC02BF0318020463560EC6030819
549D4BA002C003EF020461EC0EC40308
1954294DA402CB03A003041FAD0EC403
0819540D4DA202C00312040445780EC4
03081954744CA002C4034D04044F610D
C303081954BC4DA602C503120504D0E6
0CC303081A54884E9702C403B706041D
1B0EC403081A54E64DAC02C403300804
E3250DC3030819543C4DAC02C2037709
040CD70DC503081854AB4CA902C103</Data>

   <DataCRC>bb2a5fab</DataCRC>

   <BytesSent>9231</BytesSent>

</SBEDataUpload>
</InstrumentRawData>
</SBEDataUploadFile>
