<?xml version="1.0"?>
<!-- SCPlusV2_RS232 -->
<SBEDataUploadFile>
<ApplicationData>
<Seaterm232>
<SoftwareVersion>2.6.3.104</SoftwareVersion>
<BuildDate>30-Jun-2017</BuildDate>
</Seaterm232>
</ApplicationData>
<InstrumentState>
<HardwareData DeviceType='SBE19plus' SerialNumber='01906740'>

   <Manufacturer>Sea-Bird Electronics, Inc.</Manufacturer>

   <FirmwareVersion>2.2d</FirmwareVersion>

   <FirmwareDate>9 February 2011 08:30</FirmwareDate>

   <CommandSetVersion>1.1</CommandSetVersion>

   <PCBAssembly PCBSerialNum='25307' AssemblyNum='41054G'/>

   <PCBAssembly PCBSerialNum='25737' AssemblyNum='41580B'/>

   <PCBAssembly PCBSerialNum='24669' AssemblyNum='41606'/>

   <PCBAssembly PCBSerialNum='24372' AssemblyNum='41059D'/>

   <MfgDate>  08 DEC 2010</MfgDate>

   <InternalSensors>

      <Sensor id='Main Temperature'>

         <type>temperature0</type>

         <SerialNumber>01906740</SerialNumber>

      </Sensor>

      <Sensor id='Main Conductivity'>

         <type>conductivity-0</type>

         <SerialNumber>01906740</SerialNumber>

      </Sensor>

      <Sensor id='Main Pressure'>

         <type>strain-0</type>

         <SerialNumber>3220369</SerialNumber>

      </Sensor>

   </InternalSensors>

   <ExternalSensors>

      <Sensor id='volt 0'>

         <type>SBE 43 OXY</type>

         <SerialNumber>432005</SerialNumber>

      </Sensor>

      <Sensor id='volt 1'>

         <type>not assigned</type>

         <SerialNumber>not assigned</SerialNumber>

      </Sensor>

      <Sensor id='volt 2'>

         <type>ECO-FLNTURT CHL</type>

         <SerialNumber>FLNTURTD-2025</SerialNumber>

      </Sensor>

      <Sensor id='volt 3'>

         <type>ECO-FLNTURT TURB</type>

         <SerialNumber>FLNTURTD-2025</SerialNumber>

      </Sensor>

      <Sensor id='volt 4'>

         <type>not assigned</type>

         <SerialNumber>not assigned</SerialNumber>

      </Sensor>

      <Sensor id='volt 5'>

         <type>not assigned</type>

         <SerialNumber>not assigned</SerialNumber>

      </Sensor>

   </ExternalSensors>

</HardwareData>
<StatusData DeviceType='SBE19plus' SerialNumber='01906740'>

   <DateTime>2018-12-07T14:28:32</DateTime>

   <LoggingState>not logging</LoggingState>

   <EventSummary numEvents='241'/>

   <Power>

      <vMain>12.2</vMain>

      <vLith>5.4</vLith>

      <iMain>61.5</iMain>

      <iPump>36.4</iPump>

      <iExt01> 4.1</iExt01>

      <iExt2345>20.6</iExt2345>

   </Power>

   <MemorySummary>

      <Bytes>1492821</Bytes>

      <Samples>87813</Samples>

      <SamplesFree>3782666</SamplesFree>

      <SampleLength>17</SampleLength>

      <Profiles>111</Profiles>

   </MemorySummary>

</StatusData>
<ConfigurationData DeviceType='SBE19plus' SerialNumber='01906740'>

   <ProfileMode>

      <ScansToAverage>1</ScansToAverage>

      <MinimumCondFreq>3226</MinimumCondFreq>

      <PumpDelay>60</PumpDelay>

      <AutoRun>no</AutoRun>

      <IgnoreSwitch>no</IgnoreSwitch>

   </ProfileMode>

   <Battery>

      <Type>alkaline</Type>

      <CutOff>7.5</CutOff>

   </Battery>

   <DataChannels>

      <ExtVolt0>yes</ExtVolt0>

      <ExtVolt1>no</ExtVolt1>

      <ExtVolt2>yes</ExtVolt2>

      <ExtVolt3>yes</ExtVolt3>

      <ExtVolt4>no</ExtVolt4>

      <ExtVolt5>no</ExtVolt5>

      <SBE38>no</SBE38>

      <OPTODE>no</OPTODE>

      <GTD>no</GTD>

   </DataChannels>

   <EchoCharacters>yes</EchoCharacters>

   <OutputExecutedTag>yes</OutputExecutedTag>

   <OutputFormat>raw HEX</OutputFormat>

</ConfigurationData>
<CalibrationCoefficients DeviceType='SBE19plus' SerialNumber='01906740'>

   <Calibration format='TEMP1' id='Main Temperature'>

      <SerialNum>01906740</SerialNum>

      <CalDate>07-Jan-11 </CalDate>

      <TA0>1.255288e-03</TA0>

      <TA1>2.593288e-04</TA1>

      <TA2>-2.376104e-07</TA2>

      <TA3>1.449298e-07</TA3>

      <TOFFSET>0.000000e+00</TOFFSET>

   </Calibration>

   <Calibration format='WBCOND0' id='Main Conductivity'>

      <SerialNum>01906740</SerialNum>

      <CalDate>07-Jan-11</CalDate>

      <G>-1.033008e+00</G>

      <H>1.393941e-01</H>

      <I>-2.175401e-04</I>

      <J>3.475757e-05</J>

      <CPCOR>-9.570000e-08</CPCOR>

      <CTCOR>3.250000e-06</CTCOR>

      <CSLOPE>1.000000e+00</CSLOPE>

   </Calibration>

   <Calibration format='STRAIN0' id='Main Pressure'>

      <SerialNum>3220369</SerialNum>

      <CalDate>21-Dec-10</CalDate>

      <PA0>8.222195e-01</PA0>

      <PA1>1.566037e-02</PA1>

      <PA2>-6.194425e-10</PA2>

      <PTCA0>5.244452e+05</PTCA0>

      <PTCA1>4.417653e+00</PTCA1>

      <PTCA2>-9.798927e-02</PTCA2>

      <PTCB0>2.510725e+01</PTCB0>

      <PTCB1>-1.150000e-03</PTCB1>

      <PTCB2>0.000000e+00</PTCB2>

      <PTEMPA0>-5.917147e+01</PTEMPA0>

      <PTEMPA1>5.387460e+01</PTEMPA1>

      <PTEMPA2>-2.653169e-01</PTEMPA2>

      <POFFSET>0.000000e+00</POFFSET>

      <PRANGE>5.076000e+03</PRANGE>

   </Calibration>

   <Calibration format='VOLT0' id='Volt 0'>

      <OFFSET>-4.687158e-02</OFFSET>

      <SLOPE>1.247988e+00</SLOPE>

   </Calibration>

   <Calibration format='VOLT0' id='Volt 1'>

      <OFFSET>-4.719579e-02</OFFSET>

      <SLOPE>1.248132e+00</SLOPE>

   </Calibration>

   <Calibration format='VOLT0' id='Volt 2'>

      <OFFSET>-4.684526e-02</OFFSET>

      <SLOPE>1.248324e+00</SLOPE>

   </Calibration>

   <Calibration format='VOLT0' id='Volt 3'>

      <OFFSET>-4.678105e-02</OFFSET>

      <SLOPE>1.247145e+00</SLOPE>

   </Calibration>

   <Calibration format='VOLT0' id='Volt 4'>

      <OFFSET>-4.669684e-02</OFFSET>

      <SLOPE>1.248307e+00</SLOPE>

   </Calibration>

   <Calibration format='VOLT0' id='Volt 5'>

      <OFFSET>-4.709579e-02</OFFSET>

      <SLOPE>1.247697e+00</SLOPE>

   </Calibration>

   <Calibration format='FREQ0' id='external frequency channel'>

      <EXTFREQSF>9.999977e-01</EXTFREQSF>

   </Calibration>

</CalibrationCoefficients>
<EventCounters DeviceType='SBE19plus' SerialNumber='01906740'>

   <EventSummary numEvents='241'/>

   <Event type='ErrorFLASHUncorrectableError' count='241'/>

</EventCounters></InstrumentState>
<Headers>

cast 108 04 Dec 2018 10:57:52 samples 86969 to 87226, avg = 1, stop = mag switch

</Headers><InstrumentRawData>
<SBEDataUpload startAddr='1478456'>

   <Type>1</Type>

   <DataFormat>SEACATPLUS0</DataFormat>

   <Bytes>4386</Bytes>

   <Data>
0A3004F8840DC003089A5348591E0FB3
2FFC2F0458810DC103089A5351581D0F
B92FEF2F047E790DC203089A53D95922
0FCE2FE32F04297E0DC003089A53BB5B
220FCB2FD62F04DD710DC10308995388
5C9F02C503C82F0403670DC003089953
AB5CA902C403B72F04316C0DC1030899
535A5CA602C303A72F045D720DC00308
9953665AA902C8039A2F0471A30DC103
0898533A59A102C5038D2F04898A0DBF
03089753265AA602CB03842F047D6F0D
C103089753575CA302C5037B2F048695
0DBF030897538259A802C3036E2F04BD
750DC103089753EC57A602C6035A2F04
A3420DC1030896533258A302D003312F
0415F60CC103089753B057AE02BF03FE
2E04FA860CC103089753BD56A602C303
C52E04C6350CC203089753305EA602C3
03862E0451090CC103089653EC5D9B02
C4034C2E048EEB0BC103089953B257AC
02C503192E04F3D60BBF03089853C057
A202CC03EF2D0489C90BC003089A533F
59A002CB03CC2D042EBE0BBF03089A53
BF59A002C803B02D0446B20BC103089A
5341599E02C303972D04DBB90BBF0308
9A53C35AA602C503842D0452B20BC103
089B53FE59A602C2036E2D049BA40BBF
03089C53345DD302940F592D042AA70B
BE03089C53955ED702960F472D041093
0BC103089C537A66D402930F342D0422
9F0CBF03089B53B960D4028F0F222D04
5F630DC003089C532468A4021212D12C
04B3200DC103089C53395EA2021D12FD
2B04E2C80CC203089B53C55FA1021312
002B047C7E0CC5030899539761990218
121D2A046D580CCB03089B537D669B02
1712632904BB390CCE03089853995DD3
02CE11942804D1190CD003089753F55D
D802C9110A230427F80BD403089853B7
65D402C6110D1B04D5DB0BDB03089753
1555D302C911271504C0E611E5030898
5347506C023B22CD0F049A0E15ED0308
9853995075024222F30B0400FA15F203
089853AC536F024222DC0904759C1AF8
03089853EE5575023B22A10804E2101B
FD030896534F577A030010C00704B711
1B01040895538C5873030310DD0604D4
131B0504089753675A870305100B0604
E7151B09040896537E5B7D0301106405
04AE171B0B04089753EB597603E60FE6
040461181B0D040897536F597503ED0F
7204042F181B120408975386536E03F4
0F1F040491171B1704089653A0576D03
EF0FFC0304BA171B1504089853985969
03EE0FF3030459181B1704089A53D65A
8F033C10E00304BD181B1704089953BF
5994034510D00304E3181B1804089953
CC5C8A034510B90304CA181B1B04089A
53B25D89034010A6030465191B1C0408
98532F5FA3034710930304B8191B1D04
089A53785DA7034010800304EE191B24
04089A53285F9C0344107803042D1A1B
2804089953495F9E0345106A0304A319
1B2904089953605EA20333106203042B
181B2904089953695E9A032D10580304
A7161B2B04089A53AA5EA30332105103
0428171B2C04089B53715EA6032E1044
030438181B2C04089B53915E9F03F10F
3603047D191B2A04089C53F95EA503F4
0F470304FE191B2C04089C533060A503
F80F5503045F1A1B2B04089C53A1609E
03F60F4A0304891A1B2B04089A53B65C
9B03E80F3603049A1A1B2B04089A530E
626B036D10160304911A1B2C04089C53
246276036D10FA02048D1A1B2C04089C
538E6072037210E60204701A1B2B0408
9C53045F76037210DE0204701A1B2A04
089C53C65E92032B10D90204571A1B2B
04089D53105E8D033510DF02041C1A1B
2B04089F53FF5D8D032F10E50204F619
1B2D0408A053DB5C8B033110EC0204CD
191B2B0408A0537C5C86030D10F60204
AB191B2C04089E53155C89030D10FB02
043B191B2C04089E534C5C9203161008
030422191B2A04089F531E5C8B031410
12030458191B2B0408A0539F5BA30322
1015030482191B2B04089F53925AA303
2D1016030475191B2C04089F537E5A94
03271013030471191B2C04089E53CA59
9D0326100D030479191B2C04089F5364
59940325100D030471191B2D04089E53
0359800300100E030464191B2E04089E
53FB597B0305100F03043B191B2E0408
9D538C597E0309101103040D191B2E04
089D53DB598403FD0F140304EF181B2B
04089D531B5980031410100304DB181B
2E04089D531C59800310100C0304BD18
1B2D04089D53F9587D0314100A0304A8
181B2C04089D53F65982031810040304
AD181B2D04089D53F958B00311100203
04D2181B2F04089C538358AD030D10FE
020409191B2F04089B53DA57AE030C10
F9020432191B2E04089A538559AB030C
10F3020460191B2C04089A537E598503
5410F0020486191B2E04089B53005983
034F10EF0204B0191B2E04089C533859
80035610F00204C9191B2D04089C5316
587C034E10F80204D9191B2E04089B53
D65783034B10010304D9191B2E04089A
531E578F034310030304DE191B2C0408
9C530857930340100B0304D9191B2D04
089B531758920345100B0304DE191B2C
04089B5397599B0343100B0304F2191B
2B04089B5347596B034F100C03040C1A
1B2D04089B534B57740350100C03041C
1A1B2D04089C53C85671034B100C0304
181A1B2D04089B53855678034E100D03
04101A1B2E04089B53D6547D031E100F
0304FF191B2E04089B5355547C032010
0F0304F7191B2D04089C53145480031E
100D0304E6191B2D04089B5301547703
1D10080304F2191B2C04089B53AC54B0
035410040304021A1B2C04089B530556
A8034B10FE0204101A1B2D04089B5383
55A8035510FC02040C1A1B2F04089B53
9456AD034F10FB0204181A1B2F04089B
533C56B1035410FD0204181A1B310408
9A53A8557D032B10FE0204181A1B3304
089A53455580033110FF0204D9191B36
04089A53B75479032F1004030471191B
3604089953505477033610170304B518
1B380408995302558E036D10350304E7
181B39040899534A5585037010480304
19191B3C04089953C057870372104503
0471191B4304089953FD508703731038
0304BC191B4904089953BC528B035110
32030447191B4B040899531C53870354
103D030433181B4D04089A5319549103
52105A030441171B4E04089A53295386
034D1070030403171B5004089A53AF52
AA032510740304C4161B5204089A53AF
52B8032510750304D5161B5504089B53
6F52B2032710730304F2161B5704089A
53D053B1032510760304B8161B5B0408
9B53C553AD032B107D0304FF161B5D04
089B531A538B03551086030418171B5F
04089C53905391034C10900304CC161B
6204089C5397528D034E10980304C416
1B6204089D53D45196035210A10304AB
161B6704089E53FF508B030110A70304
79161B6804089E53AE518E03F60FAC03
0419161B6D04089E5339518B030A10B9
0304F3151B7204089F53205287030110
C503042E161B760408A0538651B9033C
10CD03047D161B7C0408A0530A52B903
4410CB0304A7161B800408A053E050BF
033F10C0030482161B810408A0532151
BD034B10BC030421161B850408A053A0
528B038510C3030453161B880408A053
DE5291037C10CB030471161B8D0408A0
5384528A038310CF030453161B8F0408
A0532D5386038110CD030411161B9204
089F534E538D037810D10304FC151B94
04089F5378538C034310DC0304EB151B
9504089D5379538F033910E40304BD15
1B9804089C53BD5387034710E903048B
151B9C04089D53C5508D034610F60304
48151B9C04089C53AA516D0334100404
04FD141BA204089B5311516C03321015
04042D151BA604089B53F94F78032F10
21040448151BAA04089A53C650740338
102604042B151BAB04089A5338525C03
9E10290404E0141BAE04089A53D45063
0399102F0404F9141BB304089B539E50
5E039E1038040459151BB504089A5387
526203991032040472151BB704089A53
68529403691025040459151BBC04089B
537950910361101D04040E151BBF0408
9B53A55394036F1020040401151BC204
089B534A548E035C102A0404E4141BC7
04089B5308548F035B10340404D8141B
C904089C53C6527B0376103E0404A914
1BCE04089C53AF53800377104A0404BA
141BD304089C5352537E036E10520404
DC141BD504089C536C53720374105604
0491141BD804089C53A55289038B1059
040456141BDA04089B5358528D038910
6404042D141BDA04089B53AD528A037F
106E040420141BDC04089B53DE528403
86107A0404F2131BE004089A537351A9
03A91084040418141BE204089A53D351
B503A7108A04040B141BE404089A53D8
50B203A7108904040B141BE804089A53
3B52B303AC10880404FF131BEA04089B
537F53930390108B0404EA131BEE0408
9A5356529E038C10910404D4131BF204
089B53EB509C038B10990404D9131BF4
04089B53725098038910A00404EA131B
F604089B5332509A039010A70404A713
1BF604089C53DD4B9103FB10B20404AB
131BF704089C53F94C8503F810BD0404
0F141BF704089D53574C8F03FA10C004
0439141BF504089D53824D8A03F410BA
0404FF131BF704089D53324C85031E11
B604048A131BF704089E531C4C820316
11BD040447131BF504089D53304B8A03
2211CB040454131BF604089E53314B8B
032211D40404AF131BF504089E53AA4C
9E031A11D604047D131BF604089E537C
4D9E031D11DB040408131BF704089E53
5E49A7031811E10404F4121BF504089E
53BC45A2031811EB040454131BF40408
9E539F4485036A11F10404A7131BF604
089D53ED4583036C11EE04043F131BF2
04089D53DF4983037211F10404EB121B
EA04089D53744E89036B11FD0404C612
1BDE04089D53A04F78036511FF04042A
131BD404089C53DB4F8D03D810FE0404
92131BC804089C534C528803E010FD04
0459151BC304089B5396518B03E110E6
04041D161BC304089C53B34E8C03D010
E004043C151BC604089C53685059035A
10D504044A141BC804089D53754D5503
6510AF0404D8131BC904089D531F4E64
0367108C04048E131BCC04089D537A50
5C035E107904047D131BCA04089D5302
52B603B510770404A3131BCB04089D53
254BB003B8108F0404C0131BC904089C
53904AA903B810AA04040B141BC60408
9D53FF4AA903BA10BD04040B141BBE04
089E53F14A7E035310CF0404CD131BB4
04089E53774C75035610EA0404AB131B
AE04089E53424A6E0355100E05045813
1BA504089E539E4A79035810310504AB
131B9604089F536A4A67035210490504
E6131B8304089E535D4B7B0355105605
0428141B7104089F53234C83034E1058
050444131B6204089F53B94A81034C10
6A050486131B4D04089E53FA4A890352
10AB05048C141B3804089E530F4B8F03
4010E70504F3151B2E04089D539F4B8F
033C10CB0504EF151B2A04089D539F4B
8803381084050468161B2804089D536A
4B8B033B100D050492161B2704089D53
B54A87031F10A1040492161B2304089D
53DC487F031E1054040407171B190408
9C53F7477F031A101B0404A8181B0804
089B53344986031B10DD0304B9181BFE
03089C53BD40A1031610C30304CD181B
FA03089C5392419B031410A00304391A
1BF603089C530A429C031010670304C3
1A1BF303089B532A43A3030E103D0304
991B1BF003089B534342A1030C101703
04C9191BE703089C538F426D03F90FF9
0204EF181BD603089B533A436B03FA0F
DC020411191BC803089B53F5477403ED
0FD402048E191BC103089A5364487603
F40FCD0204901B1BBF03089B538D4773
05642CC60204559912C103089C539C4D
6705602CF802043B510FBF03089C533E
527105692C460304E35A0FC103089C53
7F5466056B2C72030471DE0EC103089C
53AF51BB02BE049B0304B8660EC00308
9C535154CE02C204B70304392D0EC103
089D539456C302CB04D70304B43D0EC1
03089B53E755C502C704EB030416FD0E
C003089C534357A502C503F203049E19
0EC103089C53135CAD02C203F70304CE
820EC103089C53565B9C02BD03FE0304
1D2E0EC003089C53435AA802C4033304
04F31E0EC203089B5335569C02C103A3
0404E29F0EC103089C53F95659025A0A
2C050490FE0DC103089C5325575D0255
0AB60504B5FB0DC203089C5327566102
540A</Data>

   <DataCRC>d1c84b4e</DataCRC>

   <BytesSent>4386</BytesSent>

</SBEDataUpload>
</InstrumentRawData>
</SBEDataUploadFile>
