<?xml version="1.0"?>
<!-- SCPlusV2_RS232 -->
<SBEDataUploadFile>
<ApplicationData>
<Seaterm232>
<SoftwareVersion>2.6.3.104</SoftwareVersion>
<BuildDate>30-Jun-2017</BuildDate>
</Seaterm232>
</ApplicationData>
<InstrumentState>
<HardwareData DeviceType='SBE19plus' SerialNumber='01906740'>

   <Manufacturer>Sea-Bird Electronics, Inc.</Manufacturer>

   <FirmwareVersion>2.2d</FirmwareVersion>

   <FirmwareDate>9 February 2011 08:30</FirmwareDate>

   <CommandSetVersion>1.1</CommandSetVersion>

   <PCBAssembly PCBSerialNum='25307' AssemblyNum='41054G'/>

   <PCBAssembly PCBSerialNum='25737' AssemblyNum='41580B'/>

   <PCBAssembly PCBSerialNum='24669' AssemblyNum='41606'/>

   <PCBAssembly PCBSerialNum='24372' AssemblyNum='41059D'/>

   <MfgDate>  08 DEC 2010</MfgDate>

   <InternalSensors>

      <Sensor id='Main Temperature'>

         <type>temperature0</type>

         <SerialNumber>01906740</SerialNumber>

      </Sensor>

      <Sensor id='Main Conductivity'>

         <type>conductivity-0</type>

         <SerialNumber>01906740</SerialNumber>

      </Sensor>

      <Sensor id='Main Pressure'>

         <type>strain-0</type>

         <SerialNumber>3220369</SerialNumber>

      </Sensor>

   </InternalSensors>

   <ExternalSensors>

      <Sensor id='volt 0'>

         <type>SBE 43 OXY</type>

         <SerialNumber>432005</SerialNumber>

      </Sensor>

      <Sensor id='volt 1'>

         <type>not assigned</type>

         <SerialNumber>not assigned</SerialNumber>

      </Sensor>

      <Sensor id='volt 2'>

         <type>ECO-FLNTURT CHL</type>

         <SerialNumber>FLNTURTD-2025</SerialNumber>

      </Sensor>

      <Sensor id='volt 3'>

         <type>ECO-FLNTURT TURB</type>

         <SerialNumber>FLNTURTD-2025</SerialNumber>

      </Sensor>

      <Sensor id='volt 4'>

         <type>not assigned</type>

         <SerialNumber>not assigned</SerialNumber>

      </Sensor>

      <Sensor id='volt 5'>

         <type>not assigned</type>

         <SerialNumber>not assigned</SerialNumber>

      </Sensor>

   </ExternalSensors>

</HardwareData>
<StatusData DeviceType='SBE19plus' SerialNumber='01906740'>

   <DateTime>2018-12-07T14:28:32</DateTime>

   <LoggingState>not logging</LoggingState>

   <EventSummary numEvents='241'/>

   <Power>

      <vMain>12.2</vMain>

      <vLith>5.4</vLith>

      <iMain>61.5</iMain>

      <iPump>36.4</iPump>

      <iExt01> 4.1</iExt01>

      <iExt2345>20.6</iExt2345>

   </Power>

   <MemorySummary>

      <Bytes>1492821</Bytes>

      <Samples>87813</Samples>

      <SamplesFree>3782666</SamplesFree>

      <SampleLength>17</SampleLength>

      <Profiles>111</Profiles>

   </MemorySummary>

</StatusData>
<ConfigurationData DeviceType='SBE19plus' SerialNumber='01906740'>

   <ProfileMode>

      <ScansToAverage>1</ScansToAverage>

      <MinimumCondFreq>3226</MinimumCondFreq>

      <PumpDelay>60</PumpDelay>

      <AutoRun>no</AutoRun>

      <IgnoreSwitch>no</IgnoreSwitch>

   </ProfileMode>

   <Battery>

      <Type>alkaline</Type>

      <CutOff>7.5</CutOff>

   </Battery>

   <DataChannels>

      <ExtVolt0>yes</ExtVolt0>

      <ExtVolt1>no</ExtVolt1>

      <ExtVolt2>yes</ExtVolt2>

      <ExtVolt3>yes</ExtVolt3>

      <ExtVolt4>no</ExtVolt4>

      <ExtVolt5>no</ExtVolt5>

      <SBE38>no</SBE38>

      <OPTODE>no</OPTODE>

      <GTD>no</GTD>

   </DataChannels>

   <EchoCharacters>yes</EchoCharacters>

   <OutputExecutedTag>yes</OutputExecutedTag>

   <OutputFormat>raw HEX</OutputFormat>

</ConfigurationData>
<CalibrationCoefficients DeviceType='SBE19plus' SerialNumber='01906740'>

   <Calibration format='TEMP1' id='Main Temperature'>

      <SerialNum>01906740</SerialNum>

      <CalDate>07-Jan-11 </CalDate>

      <TA0>1.255288e-03</TA0>

      <TA1>2.593288e-04</TA1>

      <TA2>-2.376104e-07</TA2>

      <TA3>1.449298e-07</TA3>

      <TOFFSET>0.000000e+00</TOFFSET>

   </Calibration>

   <Calibration format='WBCOND0' id='Main Conductivity'>

      <SerialNum>01906740</SerialNum>

      <CalDate>07-Jan-11</CalDate>

      <G>-1.033008e+00</G>

      <H>1.393941e-01</H>

      <I>-2.175401e-04</I>

      <J>3.475757e-05</J>

      <CPCOR>-9.570000e-08</CPCOR>

      <CTCOR>3.250000e-06</CTCOR>

      <CSLOPE>1.000000e+00</CSLOPE>

   </Calibration>

   <Calibration format='STRAIN0' id='Main Pressure'>

      <SerialNum>3220369</SerialNum>

      <CalDate>21-Dec-10</CalDate>

      <PA0>8.222195e-01</PA0>

      <PA1>1.566037e-02</PA1>

      <PA2>-6.194425e-10</PA2>

      <PTCA0>5.244452e+05</PTCA0>

      <PTCA1>4.417653e+00</PTCA1>

      <PTCA2>-9.798927e-02</PTCA2>

      <PTCB0>2.510725e+01</PTCB0>

      <PTCB1>-1.150000e-03</PTCB1>

      <PTCB2>0.000000e+00</PTCB2>

      <PTEMPA0>-5.917147e+01</PTEMPA0>

      <PTEMPA1>5.387460e+01</PTEMPA1>

      <PTEMPA2>-2.653169e-01</PTEMPA2>

      <POFFSET>0.000000e+00</POFFSET>

      <PRANGE>5.076000e+03</PRANGE>

   </Calibration>

   <Calibration format='VOLT0' id='Volt 0'>

      <OFFSET>-4.687158e-02</OFFSET>

      <SLOPE>1.247988e+00</SLOPE>

   </Calibration>

   <Calibration format='VOLT0' id='Volt 1'>

      <OFFSET>-4.719579e-02</OFFSET>

      <SLOPE>1.248132e+00</SLOPE>

   </Calibration>

   <Calibration format='VOLT0' id='Volt 2'>

      <OFFSET>-4.684526e-02</OFFSET>

      <SLOPE>1.248324e+00</SLOPE>

   </Calibration>

   <Calibration format='VOLT0' id='Volt 3'>

      <OFFSET>-4.678105e-02</OFFSET>

      <SLOPE>1.247145e+00</SLOPE>

   </Calibration>

   <Calibration format='VOLT0' id='Volt 4'>

      <OFFSET>-4.669684e-02</OFFSET>

      <SLOPE>1.248307e+00</SLOPE>

   </Calibration>

   <Calibration format='VOLT0' id='Volt 5'>

      <OFFSET>-4.709579e-02</OFFSET>

      <SLOPE>1.247697e+00</SLOPE>

   </Calibration>

   <Calibration format='FREQ0' id='external frequency channel'>

      <EXTFREQSF>9.999977e-01</EXTFREQSF>

   </Calibration>

</CalibrationCoefficients>
<EventCounters DeviceType='SBE19plus' SerialNumber='01906740'>

   <EventSummary numEvents='241'/>

   <Event type='ErrorFLASHUncorrectableError' count='241'/>

</EventCounters></InstrumentState>
<Headers>

cast  83 03 Dec 2018 09:38:20 samples 72171 to 72994, avg = 1, stop = mag switch

</Headers><InstrumentRawData>
<SBEDataUpload startAddr='1226890'>

   <Type>1</Type>

   <DataFormat>SEACATPLUS0</DataFormat>

   <Bytes>14008</Bytes>

   <Data>
22C003ADAC0EC403081A54E5483B0335
0676C003C4040FC203081A540A493903
3506E9C0034EE810C603081954B2493A
03350648C103D1B80ECE03081A54094A
3C033206C3C10370B70ED303081A54BE
4A0A135F03F7C303EF9F11DE03081A54
744C1313600366D203245312E903081A
541F4E0B13610309E103B8DD0FEF0308
1A547B4D0A135B0303EA0377A912F103
081954104DF3FB10169BEE039E0B17F1
03081854D24CF6FB0F163FF2032F5F1A
EE03081854984CF7FB0A1618F6033D35
15F003081754094CFAFB1416E3F80357
6019F203081754F44B17032F1331FA03
96451BF803081754CF4B1A033C133AFB
0396491BFF03081554964B140339137C
FC0394361B04040815546D4B0B033313
97FE03252A1B0604081554714B0D033D
13EF00043A2B1B0804081554754BDB02
A00EAF0204472C1B0704081554664BDF
02A50EB30304F92C1B0A04081554754B
E202A00E730404252D1B080408135446
4BE802A10E05050407291B0A04081354
DC4BF002AC0E7C0504B0251B0D040813
54224DF102A10EDB05049D201B130408
1354D24CEB02A30E4306043B1D1B1B04
081354A64CF402A40E960604E81B1B20
04081454894CC2028C0EDB0604771B1B
2304081454794CBC02970E2A07045D1C
1B2704081554314CC202940E6D070411
1D1B2804081554484CB8028A0E9B0704
6E1C1B2804081554344CE402A20EBB07
04D61C1B2B04081654344CE202A60EC8
0704E61D1B2804081654584CDF02A70E
C30704D81F1B2904081654304CE402A0
0EAC070484201B28040816543C4CE402
A70EA5070416211B29040816544A4CCB
02940EB50704741E1B2B040816545D4C
D002AD0EC40704011C1B2D040816546E
4CCF02A40EC007043D1B1B2C04081754
854CD602A20EAB0704D41A1B2A040816
54A14CD402930EA90704951A1B2B0408
1754064DC9029A0EBA07049E1A1B2B04
081754B84DD3028F0EDA0704531A1B2B
040816544F4DCA02970E090804EE191B
2A04081654024DE602A30E3C08049719
1B2D04081554DE4CD702AB0E6B0804A3
191B2D04081554924CE202A00E970804
C6191B2C04081554924CDE02A00EB708
048A191B2C04081654734CB502B90ED4
080436191B2C04081654744CC202C00E
EA080408191B2A04081654314CBE02C0
0EF2080450191B2B04081654F94BB502
C60EEB0804C9191B2B04081654F84BC6
02BC0EE108041C1A1B2B04081654D04B
CC02A20ED20804B71A1B2E04081654B5
4BD502AC0EC608045A1B1B3004081554
9A4BCE02A20EBA0804161C1B2F040816
54804BD502A20EAE0804D11C1B2E0408
1654534BC502A80EA80804001D1B2E04
0816542E4BBA02A60EA50804A01C1B2C
040816541E4BBC02A20E9F0804761C1B
2B04081554044BC002A20E9D0804B51C
1B2D04081554B44AD902920E98080411
1D1B2C04081554CF4AE202A60E940804
3F1D1B2B04081654B94AE002A90E9308
04CA1C1B2A04081554B34AE802A80E97
08040E1C1B2B04081554944AE002C70E
9B0804041C1B2F04081554794AE102BD
0E9D0804721C1B30040815546A4AE202
C70E9A0804E31C1B3004081654574AE5
02BF0E9708046D1D1B2D04081654164A
E002BA0EA008042E1D1B2C04081654F8
49CC02BC0EAD0804481C1B2904081654
EC49C802B80EB90804BA1B1B2C040816
54BB49C802BA0EC50804B21B1B2D0408
1554C449CD02C20ED00804F51B1B2C04
081654B649D102980EDC0804181C1B2E
04081654A149CB02900EEE0804331C1B
2F040817546049D102900E0009045D1C
1B30040817545A49CE02A10E0409048B
1C1B2D040817545D49D702CB0E100904
651C1B29040816546449D502D30E2909
04381B1B2B040816543C49D002CE0E43
0904AA1A1B2E040816542B49CF02CB0E
520904BB1A1B2F04081754E948D002BA
0E560904CA1C1B3204081754C748C802
C40E3D0904AF201B3004081654BA48D5
02C40E190904AB1E1B2E040816549E48
CF02BA0E170904F01B1B2C04081754AC
48CA02C40E240904D41A1B2F04081754
9948DA02B30E3E0904D81A1B32040816
546448DE02B30E450904821D1B330408
17546248E102B40E200904E3211B3304
0817543648E102AF0E0709047B201B30
040817544448AB02AB0E0909042E1D1B
2C040817542A48AD02B60E0E09045D1C
1B2D040818542A48AC02AB0E12090413
1B1B2D040818541D48AF02A50E1A0904
201A1B31040818540648B7028D0E1D09
041C1A1B33040819540848C4028D0E0E
0904E71C1B36040818540948C602960E
E6080438211B35040819540248CA028D
0ECB08044C231B3204081954E447E002
9A0ECB08048B221B2F040819542B48DB
02970EC90804551F1B2D040819542B48
E902A20EBE0804F41C1B2C0408185424
48D902B30EB708042B1C1B2E04081954
0D48E702A70EB40804DB1B1B31040819
54CB47D502870EAE08041E1C1B330408
1A54CA47CC029D0EA40804481C1B3504
081A54BC47D1028D0E930804721C1B35
04081954A647D3028F0E810804E31C1B
35040819547647C402790E6F0804131F
1B31040819548747C902820E570804DF
201B2C040819546A47D002850E400804
241F1B2C040819546547D7028D0E3C08
04BD1C1B2C040818547047C202A40E3C
0804B61B1B30040819545D47B902B50E
3D0804511C1B33040818544847C002AD
0E360804F61E1B35040818544547C202
AD0E20080444211B37040818542747BF
02BE0E160804B1221B36040817540C47
BD02B50E14080494231B3304081854F1
46B502CC0E160804D6231B3404081854
F646CC02BA0E16080465231B33040818
54F446B802C20E14080437231B330408
17540347CB02BD0E06080469231B3104
081754E546D702BE0EF00704D6231B31
04081854F946C902B80EDE070448221B
3104081954F646C902B70ED307040620
1B3604081954C546AC02810ED2070413
201B3704081954B246AD02900ED10704
AE201B3804081A549646B902910EC307
0412221B3304081B548746BC02950EB4
0704A4231B2F04081B545446E602EF0E
AB0704AC231B2F04081C545D46DA02EF
0EAA070449201B3104081C545446E802
E40EAC0704EE1E1B3404081D544746E0
02E50EBB0704EC1E1B3704081D543E46
CA02C60EC207046B1F1B3704081D5429
46D402C60EB9070488201B3504081C54
0046D402B80EAD070401221B3504081D
54D545CC02C80EA407043B231B330408
1D54C245D702BE0EA5070415241B3304
081D54C245CC02950EA707049B241B35
04081D54E945C302860EA90704E7241B
3204081C54CC45D0028B0EA90704C124
1B3404081C54CB45C802970EA5070475
241B3704081C54C045D102C90E980704
32241B3504081B54B145D402CB0E8D07
04B0241B3504081A54A745CF02B50E83
070432251B3304081A54A145D102BE0E
7707044B251B3504081A549045D80297
0E6F07042B251B3504081A548645D102
960E65070429251B31040819548A45D1
028E0E5C07044F251B33040819545F45
D4029A0E510704C6221B35040819544F
45EA02A90E4D070490211B3704081A54
4445E702B20E51070466211B3804081A
542245FB02BF0E58070462211B370408
19541445F302BC0E5807043B221B3304
0819541C45E202B50E55070490231B30
04081954DD44E6028A0E480704B8241B
2F04081954E344DE02930E3907047525
1B3104081954B244D302970E350704C9
251B3304081A54BC44E102890E2E0704
92251B3204081A547D44D402980E2907
0425251B3804081A546144D102A20E1F
07045C241B3804081A545044CA029E0E
160704F5231B3B040819545B44D602A8
0E0E0704F3231B3A040819545944C002
900E0A070408241B36040819546344C4
028B0E020704E2241B3004081A548A44
B302980EFC060403261B2E04081A5476
44C002970EF40604D1261B2D04081954
6644C202920EF00604F7261B32040819
543644BD02930EEF0604E0251B3D0408
1A545744B802950EE90604EB231B4404
081A543C44C0028F0EE2060400231B43
04081A540B44BD028A0EE30604F3231B
3E04081B54C143AC02C50EE106048A25
1B3604081A54D843A402C70ED50604EA
261B2F04081954E543A602BB0ECD0604
80271B2F04081954DA43B702C50ECE06
049E271B3304081954BA43E302870ED3
060468271B36040819549843E002920E
91060470271B3A04081A548943E7028D
0E080604D1261B3F04081A548043E902
910EA30504AB261B3D04081A545B43E6
029C0E66050470261B3D040819545543
E802A90E3F050466261B3A04081A5453
43E702A60E33050470261B3804081954
3643E802A20E280504D5261B3704081A
543543E202B20E1905044B271B380408
19543D43DC02B70E0205043E271B3B04
081A542D43E902C40EF00404D1261B3D
040819543C43ED02AD0EED0404B8261B
40040819540843E502A90EF704042F27
1B4004081954F042CB02B20EF804045B
271B3F04081954EF42C402BA0EF50404
96271B3C04081A54F442CA02B10EEE04
04D5271B3E04081A54FC42D402B70EE3
040453271B3C04081A54E342DE02B10E
E00404FF251B3D04081A54D242E202B8
0EF4040437231B3F04081A549E42DB02
B80E30050412221B4304081A54E542D9
02AC0E760504A0211B4804081A54CA42
DB02B40EB505046A211B4804081A54FA
42C002BC0EE30504CA211B4C04081A54
C842CB02B30E000604E3211B4C04081A
54B942BB02C20E15060483221B4D0408
1B54E442C702C40E1D060409231B4C04
081A54EE42D102DD0E200604F1231B4A
04081A54D542CB02CF0E1E06046D241B
4B04081A54BF42D602CD0E2406042624
1B4A04081A54B842C902DC0E2C060408
241B4C04081B549942C602890E330604
A0231B5104081A54B542C602800E3A06
0448231B5504081A54B642CF027A0E43
060472221B5D04081A54E242CC027C0E
530604F9211B6004081A54F542D702BD
0E6E0604D3211B6004081B54BB42E002
B80E8A06042F211B5D04081B54D642E4
02B40E9F0604BE211B5904081B54AF42
E202B50EAB060477211B5904081C5497
420203AE0EAE060417201B5E04081B54
8442F802A10EC80604391F1B6404081C
5483420003A20EE806047D1E1B670408
1C548B420E03A40E030704781E1B6A04
081C549842C002BA0E130704031E1B68
04081C549D42BD02B80E1B07049A1E1B
6604081C54A442B902AF0E1B07049E1E
1B6604081C549242BC02BE0E1C0704DD
1E1B6404081C54AC42BC02AE0E220704
F31D1B6904081B549B42E202AA0E3207
04371D1B6F04081B548442E402B40E4C
0704EB1C1B7404081B549542D902B40E
640704181C1B7704081C547342E402B2
0E7E0704121C1B7704081B54AA42D302
AC0E8F0704991B1B7504081B54B142CE
02A90E9F0704481C1B7404081B54A742
D702BB0EA30704611C1B7604081B54C9
42D002B00EA10704871C1B7A04081B54
DF42C602B80EA30704761C1B8004081B
54DE42C502BC0EA80704BA1B1B840408
1B540143DB02C10EA807049D1B1B8A04
081C54FC42CC02C30EAC07045F1B1B8D
04081C54FC42EB02AE0EB70704661B1B
9004081C542E43ED02B20EC50704BA1B
1B9004081C54C642FB02B20ECF070462
1B1B9204081C54F542EC02BE0EE10704
061B1B9004081D54F542E502AD0EF407
049D1B1B8F04081D54CF42ED02840EFE
0704621B1B9004081C540243E2028A0E
010804E51A1B9204081C54D542D7028B
0E0A08046C161B9C04081D54CB42D902
8C0E4C080475131BA204081D54E742BE
02950EE30804A0121BA604081C54D342
C102900E6D090453121BAA04081C54F3
42C802960ED10904FE111BA704081C54
4A43BD02940E140A04D8111BA304081C
542B43E802A90E3E0A04BF111BA00408
1C543F43E202A10E590A049E111BA304
081B546643DF029B0E690A0496111BAD
04081B54A543DB029E0E720A0485111B
B704081C54CD43E602CE0E7F0A045B11
1BBD04081C54E143E602BA0E950A0425
111BC004081C541F44E402CF0EAB0A04
14111BBE04081C542A44EE02C60EB90A
0410111BBB04081C545644EB02CB0EC0
0A0404111BBB04081C54A944E202E30E
C10A0408111BBB04081D54A844E202EA
0EC00A040C111BC204081D54E644DA02
DF0EBD0A0407111BC504081D541C45ED
02E90EBC0A04FF101BCD04081D541445
E8029E0EBE0A04EF101BD004081D5470
45F702A70EC30A04EF101BD004081D54
8245F702AB0EC80A04F3101BCE04081D
54D545F602A40EC70A04EB101BCC0408
1D54BD45CB02900EC50A04EB101BCE04
081D54E245D002950EC40A04EB101BD3
04081D543446CA029E0EC20A04EB101B
DA04081D542846C8028B0EC00A04E210
1BE104081E546146FC02930EC20A04CD
101BE704081E546146E702920EC30A04
D2101BE604081E54AE46EF02920EC60A
04C9101BE704081E54B046EB02920EC5
0A04C9101BE804081E54D846FC028A0E
C60A04C9101BE904081F54F046D0020E
0FC80A04CD101BE904081E54E346CF02
170FC70A04C7101BEA04081E540647D7
020D0FC60A04C1101BEA04081F543747
D202120FC70A04BD101BEF0408205464
47DB029E0EC50A04B9101BFA04082054
9147D902A20EC50A04B9101BFF040820
54AC47D802A20EC50A04B4101B010508
2054CC47EA02A00EC80A04B0101B0305
082054D747CC02BC0EC90A04B0101B03
05082054C347CC02A70EC60A04B9101B
FF04081F54F847CA02B30EC70A04AC10
1B0205081F54DA47CF02B50EC50A04B4
101B0605081F540648D902AA0EC40A04
AC101B0B05081F543048E0029D0EC50A
04B4101B1205081F54DD47E902A60EC0
0A04C5101B1505081F542248DB02A10E
B90A04C1101B1705081E542F48D602A6
0EB60A04BF101B1705081E542F48DA02
D80EB30A04C1101B1705081E548748DB
02D20EB20A04BD101B1A05081E548748
E402CD0EB10A04BD101B1E05081D5485
48EC02D30EB10A04B9101B2305081D54
D248D902C20EB40A04B9101B2805081D
54CB48DD02C10EB90A04A0101B2C0508
1D54EB48D502BF0EBD0A04A8101B3005
081D54D548ED02C80EBC0A04B0101B33
05081D54F548E302C40EB90A04B4101B
3805081D548B48E802C40EB60A04A810
1B3B05081D548748E602C90EB80A049B
101B3D05081C54C448D902BC0EBF0A04
9B101B3F05081D54C448F202B60EC10A
0497101B3E05081D54C9481103B80EC3
0A0493101B4005081D54E3480303B60E
C60A048A101B3D05081D549348FA02B1
0ECA0A047A101B4005081D54CB48F702
B40ED20A046E101B4305081D54B948EB
02CC0EDA0A0465101B4905081D54B948
D902D30EE20A0455101B5205081E54CF
48D902CF0EF00A042B101B5A05081E54
EA48DB02CE0E000B0416101B5C05081E
54F348D502B60E090B042F101B5D0508
1E541549D802BC0E090B0437101B5B05
081E54E848C402B70E0A0B0427101B5D
05081F545F49DB02AC0E090B0423101B
5F05081F542049ED02DC0E0D0B042310
1B61050820541349F102CD0E0E0B0416
101B63050820540E49EB02D20E120B04
1E101B69050820540F49F902D60E160B
0405101B6D050820543449E002C40E19
0B040A101B72050820543149D202C40E
1B0B0412101B77050820546E49DA02C9
0E190B041A101B7A050820545349E102
C80E140B041E101B7C05081F541249E0
02C90E070B0450101B80050820542949
E002CD0EF80A0450101B8205081F5424
49D902C60EF20A0440101B8305081F54
2B49E102D60EF70A0423101B8305081F
542949E602CD0EFD0A0427101B840508
1F543849EF02B00E020B0423101B8805
081F547149EA02B30E050B0423101B8B
05081F544149EA02A80E0A0B0401101B
9005081F545F49F702C10E110B041610
1B9205081E545349E402C90E100B0423
101B9905081F547A49E802CE0E080B04
3C101B9E05081F54AA49DA02C90EFE0A
0450101BA005081F546949D802CB0EEE
0A047A101BA305081F549349DA02C00E
D90A048E101BA605081F547A49DE02C2
0ECB0A0497101BA805081F546049E402
C80EC00A0497101BAB050820545C49DA
02BD0EBA0A049B101BAC050820543249
DA02C20EB40A049B101BAB050820544B
49BB02050FB20A049B101BAE05082054
8549BD02FF0EB30A049B101BAE050820
544649BD02020FB20A049B101BB30508
20545849BE020B0FAF0A049B101BB905
0821545D4904039C0EAE0A049B101BC2
05082154784904039A0EB60A047A101B
CA0508215467490403A40EC00A046E10
1BCE0508215454490B03A00EC60A047E
101BCE050821546E49DE02970EC30A04
87101BC9050821546949DB029B0EC30A
047E101BC8050820549049E802930EC3
0A0486101BC405082154AE49E802930E
C10A0487101BC6050821549949D702A8
0EBC0A048F101BCE050821548C490B03
B40EBB0A048B101BDD05082154AE490C
03AC0EBB0A048B101BE805082054E449
0603AD0EBD0A0476101BED05082054DE
49FF02B60EC30A0472101BEB05082154
7149E202B20EC10A048B101BE6050821
547849E202B80EBE0A048B101BE00508
21549C49E402BA0EBC0A0487101BE105
0821544149DC02B40EB90A048F101BE1
050821547949C5029C0EB70A0493101B
EC050821548449B5028B0EB70A049310
1BF4050821548349B802890EB50A0493
101BFF050821547949BD029A0EB20A04
9B101B0606082154C149ED02E20EB40A
0497101B0506082154D049DB02EB0EB9
0A046E101B0206082154BB49D902E30E
C60A046E101BFE050820548D49DB02E0
0EC80A0487101BF9050821546C49E802
CC0EC00A0497101BF9050821546749DE
02970EB90A04A0101BFF050822548A49
E2028A0EB40A04A0101B090608225487
49DA02910EAF0A049B101B1306082254
B049E3028E0EB30A047E101B15060822
54B449EC02C70EC20A0444101B150608
2254AD49D902CB0EDA0A0423101B0F06
082354B049E402CC0EE80A043C101B0A
060822548549DB02C80EEA0A0455101B
0B06082254C449D602A30EE20A046910
1B0F060822548449E202990EDA0A0472
101B15060822548E49DD02A40ED30A04
61101B18060821547F49DB02A90ED80A
0444101B1D06082154B249FC02950EDF
0A043A101B1F0608215479490103A40E
E60A043C101B200608225479490A03AE
0EEC0A0433101B24060821549F490D03
A00EF20A042B101B26060821548349ED
02A60EF80A040E101B25060821548649
D5028E0E000B040A101B2806082154AC
49CC028F0E060B0412101B2906082154
CA49D7029B0E0A0B040E101B29060821
54BB49CF02920E0C0B040A101B300608
2154BD49EA02950E0F0B04FD0F1B3606
082154BB49E402A30E120B04F50F1B39
06082154C949DA02A90E160B04F50F1B
3F060821549849DB02A60E180B04F90F
1B40060821547C49C702B30E190B04F5
0F1B44060821549249D602B30E1D0B04
E80F1B4206082154C349CD02B50E210B
04E40F1B3D06082154CA49DB02A40E20
0B04EE0F1B3906082154C0490003990E
1F0B04F90F1B3B06082154AE49FB029D
0E170B040A101B4306082154B5490803
A90E0F0B040E101B4E060821547F49FA
029C0E0C0B0401101B5706082154A249
EE02A20E100B04F50F1B5606082254A1
49E002C60E120B04F50F1B5206082254
9049D902C00E140B04F90F1B4C060822
54C249D602BE0E160B04F90F1B470608
2254B949D502C50E130B0405101B4906
082254A449E202A50E0D0B0416101B4F
06082354A849D702A50E080B0412101B
5506082254BC49E4029A0E070B041210
1B5B06082254C549E002A20E060B0405
101B5E06082254E349FC02A20E090B04
F50F1B5D06082354F24903039F0E100B
04EC0F1B5906082354F24901039D0E15
0B04EA0F1B5606082354044A0503A00E
170B04FD0F1B5106082454F949CA02BC
0E120B0405101B54060824548149D202
B40E0E0B0412101B56060824547F49D4
02C00E060B041A101B5F06082454B949
CE02BA0E020B0412101B6306082454C2
49D002AA0E070B04F90F1B6B06082354
B449F002E60E0D0B04E80F1B68060824
54B4490303E40E160B04E00F1B620608
24548549FB02E00E1B0B04E40F1B5D06
082354A9490003E00E1B0B04F10F1B5A
060824548E49FC02A00E180B0405101B
5C060824547E49F602A70E110B040510
1B67060824547449FC029D0E100B0401
101B6F06082354D349FC029C0E0E0B04
EC0F1B7706082354F549DB029C0E160B
04D80F1B7B06082454304ADB02A10E1F
0B04D60F1B7806082454384AD902A60E
260B04D30F1B73060824540A4AD902A1
0E2A0B04D30F1B72060823540E4A0003
A90E2B0B04DC0F1B7406082354FD4909
03AD0E270B04E40F1B7B06082354F849
F702BE0E250B04DC0F1B80060823540A
4A1103B70E280B04CF0F1B8306082354
F5490203AB0E2C0B04C30F1B83060822
54084AD202E90E310B04C30F1B820608
2254134ADC02DE0E340B04BF0F1B8206
082254224ADF02ED0E370B04BF0F1B83
06082254DF49D702DF0E380B04C30F1B
8606082254BD49C4029A0E370B04BF0F
1B8906082254DB49CC029F0E390B04BA
0F1B8F06082254EF49D3029E0E3C0B04
BA0F1B9006082254DB49D5029A0E3C0B
04BA0F1B9206082054DA49EC029A0E3E
0B04B60F1B9306082154BF49EA029E0E
430B04AE0F1B9406082154C149F302A5
0E430B04AE0F1B9506082154C149E202
A40E440B04B20F1B9806082154A149E2
02030F460B04B20F1B9C06082154A449
DC02090F460B04AE0F1BA006082154C5
49D402010F460B04B20F1BA006082254
F749DC02FA0E450B04AE0F1BA3060822
54B949DC02FB0E440B04B20F1BA20608
2254BD49FC02DA0E440B04AE0F1BA306
082254BD490203CB0E420B04B20F1BA4
06082254B949F302DA0E430B04B20F1B
A806082354A1490703CF0E440B04B20F
1BAC060823548649E902BC0E430B04B2
0F1BAC060823546E49E102C80E460B04
B20F1BAC060824546E49DE02B80E440B
04B20F1BAE06082454C349D802C40E43
0B04AE0F1BB0060824549949D902AF0E
430B04AE0F1BAE060823548749D902B4
0E450B04B20F1BB1060824547249E202
A50E450B04B20F1BB5060823548349D5
02AC0E420B04B20F1BB806082354B049
D202510F420B04B20F1BC006082354C2
49CF02420F410B04B20F1BC406082354
C349D902410F410B04B60F1BC5060823
54DB49CC02400F410B04B20F1BC60608
2354D849CC024C0F410B04B60F1BC706
082454C649FE02C20E410B04B20F1BC4
06082454B049F702C20E410B04B60F1B
C106082454C6490103BE0E410B04B60F
1BC0060824549449F302C30E400B04BA
0F1BC706082454A349E402DB0E3C0B04
BF0F1BCF06082454AA49E402D50E3D0B
04B60F1BD806082454B449E102C80E3D
0B04B60F1BDD06082454C649D502D50E
3E0B04B60F1BDD06082454BB49FC0227
0F3E0B04B60F1BDC06082454C349E202
2A0F400B04B60F1BDB06082454CC49F3
02140F3C0B04B60F1BDA06082454E849
F802210F3D0B04BA0F1BD906082454D5
49E402B50E3B0B04BF0F1BDB06082454
ED49D702BC0E390B04BF0F1BE3060823
54F949D702AE0E370B04BA0F1BEC0608
2354EE49E002A90E390B04B60F1BF806
082254E149EB02B00E3B0B04B60F1BFE
06082354C149EC02C60E3D0B04B60F1B
0007082354C849EC02BC0E3F0B04B20F
1B0007082354D949F902C40E3F0B04B2
0F1BFB06082254D149F102C20E410B04
B20F1BFA06082254CC49FE020611410B
04B60F1BFB06082254E749060303113D
0B04BF0F1B0207082254C54913031111
3C0B04BE0F1B0A07082254CC49000303
113C0B04BA0F1B1807082354C649E602
950E3B0B049D0F1B1B07082354BF49D6
02A00E3C0B04B60F1B1707082354AE49
E602A80E3E0B04B60F1B1007082354CA
49DE02A80E3D0B04BA0F1B0A07082354
C849F702CC0E3E0B04BA0F1B09070823
54C749F802C40E3A0B04C30F1B120708
2354C249FA02C40E360B04C70F1B1907
082354BB49FC02CB0E360B04BF0F1B25
07082354D249ED02B60E370B04BA0F1B
2D07082354CE49F402AD0E3B0B04B60F
1B2D07082354CD49EA02AF0E3B0B04BA
0F1B2D07082354014AF402AF0E3B0B04
B60F1B2C07082354F649ED02B80E3D0B
04BF0F1B2E07082354E149E0025B0F3B
0B04BA0F1B3307082354C849E402490F
3A0B04BA0F1B3A07082354CE49E30253
0F3D0B04B60F1B3D07082354E049E602
580F3E0B04BA0F1B4207082354D749F3
02FE0E3F0B04B20F1B4207082354C849
F702FB0E3F0B04B60F1B4107082354C8
49F002FA0E400B04B60F1B4207082454
B549F502FA0E3F0B04B60F1B48070825
54D949F302E20E3E0B04B60F1B4F0708
2554014AF502DC0E3F0B04B60F1B5107
082554CC49EB02E80E3D0B04B20F1B52
07082554C649EA02DB0E3F0B04B20F1B
5607082554CD49ED02DB0E3F0B04B60F
1B5C07082654C149FD02B20E400B04B2
0F1B6707082754E2490003B70E410B04
B60F1B6E07082754D6490403B70E3F0B
04B60F1B7507082754AF49FE02B50E40
0B04B20F1B7307082754B4490F03DA0E
410B04B20F1B6F07082754BB490D03C9
0E3F0B04B60F1B6E07082754D0490F03
CF0E3E0B04BA0F1B7107082754C349FC
02D80E3D0B04BA0F1B7707082754AF49
E002C00E3D0B04BF0F1B8007082654B2
49DB02C80E3B0B04BF0F1B8A07082654
D249E902BA0E3B0B04B60F1B8F070826
54B449E602C20E3C0B04B60F1B900708
2654D249F502B60E3E0B04B60F1B8A07
082554C049ED02A20E3D0B04B60F1B88
07082554A849FA02B30E3E0B04BA0F1B
8907082554B249F002B00E3D0B04C30F
1B9207082554B349F902B10E3A0B04C3
0F1B9E07082554B049DD02B10E380B04
C30F1BA507082454B749E202B30E3A0B
04BA0F1BAA07082454AB49E302B60E3C
0B04B60F1BA907082554B249DF02B70E
3E0B04BA0F1BA607082554B849CA029B
0E3F0B04B60F1BA407082554BF49CC02
930E3E0B04BA0F1BA007082554B349CA
02960E3D0B04C30F1BA307082554B049
D3028A0E380B04C70F1BAC07082654B9
49E002C40E360B04C70F1BB307082654
BB49E402C30E360B04C30F1BB8070826
54C649DA02C40E370B04BA0F1BB50708
2654C749E502C30E3B0B04BA0F1BB007
082654CF49C402930E3B0B04BA0F1BAF
07082554C949BF028D0E3D0B04BF0F1B
B407082554D549C202920E3A0B04CB0F
1BBA07082554D549B602910E380B04C7
0F1BC307082654D549C002980E380B04
BF0F1BC807082654CA49F902D10E3B0B
04BA0F1BCA07082654F049F002D10E3B
0B04BA0F1BC807082654E649F302CE0E
3D0B04BA0F1BC307082554EE49F502C9
0E3E0B04BA0F1BC007082654D249D102
A20E3C0B04C30F1BC407082654C649D9
029C0E380B04CB0F1BCB07082654DA49
C4029D0E370B04CB0F1BD507082654F7
49CC02A70E360B04C30F1BDC07082554
BE49D702C20E350B04BF0F1BE3070824
54CB49DE02BB0E390B04BF0F1BE10708
2454C249DD02C90E3B0B04BA0F1BDF07
082454DB49DB02C00E3C0B04BA0F1BDC
07082554E649D902C80E3D0B04C30F1B
E007082554EC49D902D30E390B04C70F
1BE907082554C749E402DA0E390B04C3
0F1BEF07082454B549DD02D50E390B04
BF0F1BF007082554C649DE02D00E3A0B
04C30F1BED07082554C549F402A30E3A
0B04BF0F1BE807082554B549EF029E0E
3B0B04C30F1BED07082554A849EF02A2
0E380B04CB0F1BF207082454D149E502
A60E370B04CA0F1BFC07082554BB49E6
02A20E360B04CB0F1B0608082454C049
EA02A40E350B04CF0F1B0808082554C9
49E2029E0E350B04CB0F1B0C08082554
E849E8029A0E360B04C30F1B07080825
54D949F302E50E370B04C70F1B030808
2554BC49F302D10E370B04CB0F1B0508
082654B949E902D80E340B04D30F1B05
08082554BD49E802E20E320B04D30F1B
0808082554C449E002B10E300B04D30F
1B1008082554D249D902B10E2D0B04CF
0F1B1808082554B749E402B10E310B04
C70F1B1F08082554D149DB02B00E330B
04C70F1B2208082554D349E402B10E36
0B04C70F1B2008082554C949E202EF0E
350B04C70F1B1B08082554B849DB02F3
0E330B04C70F1B1708082654CC49E002
FA0E340B04CE0F1B1908082654B849D4
02F30E310B04D30F1B1C08082654BF49
0F03BE0E2E0B04D30F1B2608082654E7
491203BD0E2F0B04CF0F1B3008082754
D9490603C70E2D0B04CF0F1B3A080827
54BD491703BC0E300B04CF0F1B420808
2854D149EC029D0E300B04CF0F1B4208
082854D949F902A50E330B04CB0F1B40
08082854F349F102A20E300B04CB0F1B
4108082854D549EC02A40E320B04CF0F
1B4408082754DC49F702DA0E320B04CF
0F1B4308082754D349F502DF0E310B04
CF0F1B4508082754E449F902DA0E310B
04CB0F1B4B08082754CF49E602D20E31
0B04CF0F1B5108082754C549EE02D30E
320B04CF0F1B5708082754C949EF0253
0F320B04CB0F1B5608082654E149F102
4D0F340B04CE0F1B5508082654BF49EB
02530F310B04CF0F1B5308082654C749
EF024E0F300B04CF0F1B4D08082654B4
49E402DC0E300B04D30F1B4808082654
C749DE02DC0E2C0B04D80F1B45080826
54CE49D902D50E2A0B04E00F1B410808
2554BD49E302D80E2A0B04DC0F1B4008
082554D249CF02BF0E260B04DC0F1B41
08082554BB49C802BF0E260B04E00F1B
4708082654BE49D102C20E260B04E80F
1B5008082654C349CF02B90E260B04E0
0F1B5508082654BA49F502D30E260B04
D80F1B5408082654BE49F702E10E290B
04D80F1B5208082654AF49F502DD0E2B
0B04D80F1B5108082654D249F902DB0E
2B0B04DC0F1B5208082654C849EF02D2
0E2A0B04E00F1B5708082654CB49F502
BE0E290B04DE0F1B6008082654C349E8
02B10E280B04DC0F1B6708082754C849
EC02B10E270B04D80F1B6A08082654BC
49F202BA0E290B04CF0F1B6B08082554
E549E602C20E2D0B04CB0F1B67080826
54E149F502C40E2F0B04CF0F1B620808
2654DC49F102C60E2F0B04D30F1B6608
082654F849E602C10E2F0B04DC0F1B6F
08082654D9490103B50E2B0B04E00F1B
7C08082554E9490403AF0E290B04D80F
1B8508082554DC490803B20E2D0B04CF
0F1B8A08082554D9490703B40E300B04
D30F1B9108082654FB49D802910E300B
04CF0F1B9508082554234ACF02960E31
0B04CF0F1B97080826540C4ADB02910E
320B04CF0F1B9808082654FD49CD028F
0E320B04CF0F1B9E08082654E849D102
8B0E350B04D20F1BAE08082654014AF1
02B50E320B04D30F1BB908082554D949
F102AF0E330B04CF0F1BBE08082654E1
49FC02A90E330B04CF0F1BC608082654
BF490003B50E350B04CF0F1BCC080826
54044AF502BA0E330B04D30F1BD40808
2654E849E602B10E2F0B04DC0F1BD808
082554F949F202B90E2A0B04E00F1BDE
08082554064AF002B70E260B04E80F1B
EB08082554F949F702CD0E210B04E80F
1BFA08082554ED49EE02CD0E1E0B04E4
0F1B0609082654004AF502D90E1F0B04
E80F1B0E090825541B4AE602D60E1D0B
04E80F1B1409082554374ACF02C90E20
0B04E80F1B16090824540F4AD502C80E
220B04E80F1B16090824543C4AD402D5
0E210B04E40F1B1B09082454294AD902
CE0E220B04EC0F1B2409082454404AD5
02C80E210B04E60F1B35090824544B4A
F002080F250B04E80F1B3F090824541F
4AF502FC0E230B04EC0F1B4A09082454
2C4AE902050F220B04EC0F1B51090824
54394AF102050F210B04F10F1B4E0908
24540E4AEF026B0F200B04F10F1B4F09
082454174AF002690F200B04F10F1B4E
09082554134AF302700F1F0B04F50F1B
5009082554FC49F502660F1E0B04F10F
1B5009082554D049FB02E40F1D0B04F5
0F1B4D09082454284AFB02D80F1E0B04
F10F1B4C09082454174A0003DA0F1D0B
04F50F1B4E09082454EF49FE02E30F1A
0B04F50F1B4C09082454174A0603B10F
1A0B04F90F1B4D09082554044A1803AC
0F190B04F90F1B4C09082554F3490B03
AD0F1C0B04F50F1B4E09082554044A11
03A60F1C0B04F60F1B5009082454E24A
0403A80F190B0401101B4F09082554D8
4AD502FB0E170B04F90F1B5009082554
CD4ACC02EF0E140B04F10F1B4F090824
549E4ACA02EB0E190B04EC0F1B4F0908
2454B74AD802FA0E1B0B04F10F1B4F09
082454D34AD7022B0F1E0B04F10F1B50
09082454994ADA022D0F1C0B04FD0F1B
5009082454894AE802330F1A0B040110
1B4E09082454914ADF02290F170B04FD
0F1B4E090824547C4A1C03B10E160B04
FD0F1B4E090825548F4A1503AB0E150B
0401101B4C090824547A4A1403AB0E13
0B04F90F1B4C09082454874A1203B80E
140B04F90F1B4D09082454784ADF02E9
0E150B04F10F1B4C09082454BE4AD502
DF0E180B04EC0F1B4C09082454C94AE7
02E00E1B0B04F20F1B4B09082554FE4A
DF02E40E1C0B04F10F1B4B0908255401
4BDE02D70E1C0B04F50F1B4D09082554
DF4AE002F50E1C0B04E80F1B4E090825
54004BE002E90E1D0B04F10F1B4D0908
2454F84AE602F30E1C0B04F50F1B4B09
082454D84ADC02F50E1B0B04F50F1B3D
09082454E54AF3020D0F1A0B04F50F1B
2A09082554E44AF402130F1A0B04F50F
1B1609082554C54AFA020D0F170B04F5
0F1B0509082454D04AF602150F170B04
F50F1BF508082454BD4AE202F20E150B
04EC0F1BEA08082554A84AD702F50E19
0B04E80F1BE7080826548F4AE202F50E
1C0B04E40F1BDF080826547B4AE802EE
0E1E0B04E40F1BCC080826549C4AD902
CD0E1F0B04E40F1BAE08082654854AE0
02CF0E230B04E20F1B90080825547F4A
DC02D80E200B04E00F1B79080826548F
4AD902D50E220B04D80F1B6C08082554
954ADF02D40E210B04D80F1B63080825
54BD4AF702C00E240B04D80F1B550808
2654CF4AEE02BF0E250B04D80F1B4108
082754AD4AEF02BC0E250B04D80F1B2E
08082654CC4AEF02C50E240B04D30F1B
1A08082654C44AF102BF0E260B04D30F
1B0108082754894AEF02C70E260B04CF
0F1BE907082754994AF502BE0E280B04
CF0F1BD507082754744AF702C30E290B
04CB0F1BCA07082754934ADD02A40E2C
0B04C70F1BC007082754CC4ADA02A40E
2D0B04C30F1BB207082754874AE3029C
0E2F0B04BF0F1B9D07082854BD4ADF02
A40E300B04C30F1B8607082854D34AEE
02D10E320B04BA0F1B7707082854E04A
EB02CD0E330B04BA0F1B6A07082854E1
4AF602D30E340B04BA0F1B5207082854
C04AF502CF0E340B04BA0F1B36070828
54C24AF202D60E340B04BA0F1B1B0708
2754CB4AF202A90E300B04C30F1B0C07
082754D14AF402B10E2F0B04CB0F1B0B
07082754CD4AF502B10E2C0B04CB0F1B
0407082754984AF302B50E2A0B04CF0F
1BF406082654AF4AAC02D00E270B04CB
0F1BDF06082554C04AA802D30E260B04
CB0F1BC806082654EA4AAB02D20E270B
04CF0F1BAF06082654704AB902D40E21
0B04DC0F1B9306082654804AD002B10E
1A0B04FD0F1B7906082654A44ACF02B1
0E0C0B0423101B63060825547B4ACD02
B10EF80A0469101B5C06082654824AD3
02B20ED90A04DB101B5906082654974A
CF02BC0EA90A04FF101B500608265493
4AD902C30E850A04FB101B3D06082454
A04AD102BE0E710A04EB101B2B060824
54D04AD702C80E6A0A04E2101B150608
2454B74AD402C60E690A04DE101BFF05
082454944ADE029E0E670A04EB101BDF
05082454814AE0029E0E650A04F7101B
C5050824546A4AEB02A20E5E0A04EB10
1BB3050823545E4AEB02A50E610A04D2
101BAD050824548F4AD402B50E6A0A04
C1101BA7050824547B4AD702BA0E730A
04CD101B9A05082354934AD502B30E77
0A04C9101B8705082354914ACF02AF0E
760A04C9101B70050822546C4AE202E2
0E770A04C9101B62050822546F4AEB02
E70E750A04CB101B4F050822543D4AE1
02DC0E770A04C1101B3205082254794A
DB02E30E780A04C5101B13050821547E
4ABE02B70E760A04C5101BF804082254
B34ABE02B10E760A04D2101BED040821
54D84AC402B10E700A0421111BE80408
2254CC4ABD02B30E560A0431111BE104
082254AE4ABF02B10E430A0425111BD0
04082354B64AAC02B20E3D0A0425111B
BB04082454DB4AB302BA0E380A041811
1BA804082454B64AB102AF0E3B0A0414
111B94040824549A4AB502B60E3B0A04
14111B7604082454AB4ADC02A50E390A
0425111B5404082454A84ADF02A00E29
0A0478111B3B04082354A04AD902A20E
FE090440121B2F04082454A24ADD02A0
0EA3090490131B2A04082354884AD002
C20E080904B2141B2304082354C44AD7
02C00E610804F1141B1404082354A64A
CF02BE0EF90704E4141B03040824549C
4ACF02C10EBC0704F9141BF903082354
A24A9602BC0E9B07040E151BEF030823
54664A9B02AF0E80070438151BEE0308
2454834AA602B00E6807045D151BF003
0823548F4A9B02B30E4F07046A151BF4
030823546F4AA202BA0E41070459151B
FA03082254554AA602C10E4907041215
1BFF030822544F4AB402C50E5F07040A
151B0404082154544AAE02C30E7A0704
C3141B02040821545A4AB502CB0E9C07
04D1141B0304082254854AB702D20EB0
0704E0141BFC030822547C4AB002CF0E
B107040E151BF703082254694AB002D8
0EA507041A151BF503082254764AB102
CD0E9A070405151BF903082254534AD5
02C00E9A0704EC141B0104082254914A
D502BF0EA10704E4141B070408215475
4AD302C60EAD0704E8141B0904082254
494AD502CC0EB10704EC141B08040823
546E4AD302AE0EB10704E8141B030408
2254804AD102B10EB10704EC141B0004
0823544F4AD002AF0EB30704EC141BFC
03082354604AD702AA0EB10704E9141B
F203082554534AD702B40EB50704DC14
1BE103082454334DB5023013B30704DC
141BCE030825548A4CB1023E13AF0704
EC141BC8030825540E4DB8023D13A907
040A151BC603082554574CAC02381399
070480C319C2030825549B4B22210523
94070422DB0FC303082554DF4B292105
23DB070496050FC403082654E74B2621
0B235B080485A10EC503082554504C29
2119231009046B1D0FC303082554F44E
F30C5D103E0A044D930EC20308265465
50FE0C57108F0B04A1500FC403082654
7B53F40C6710D70C0422550EC2030826
54D154040D5E10DB0D0445FA0DC40308
26540B555D09BF02970E04064D0FC203
0825549F555F09BD026A0F0480950EC6
030824549E565E09C0029810043F9D0D
C403082354FF566909BD02151204B1F9
0DC50308225449556209BF0259130477
120EC303082154C5535F067411321404
3F110EC40308215475525B067611A814
04A5B70DC2030821546851600678118D
1504C8E70CC4030820543F5157066E11
541704A6600CC4030822541B51FEFB57
0F901904BB620CC503082154EE50FEFB
430F831B049F7E0CC5030821544250FC
FB3B0F631C04D93D0DC5030821542B4F
FFFB3C0FD21B04D33711C3030821548C
4EA506E811DD1A0482A112C403082154
094EB106E511241A04F31615C3030822
54A54DAA06DD119E190493F317C30308
2254174DA906E111</Data>

   <DataCRC>618ed27c</DataCRC>

   <BytesSent>14008</BytesSent>

</SBEDataUpload>
</InstrumentRawData>
</SBEDataUploadFile>
