<?xml version="1.0"?>
<!-- SCPlusV2_RS232 -->
<SBEDataUploadFile>
<ApplicationData>
<Seaterm232>
<SoftwareVersion>2.6.3.104</SoftwareVersion>
<BuildDate>30-Jun-2017</BuildDate>
</Seaterm232>
</ApplicationData>
<InstrumentState>
<HardwareData DeviceType='SBE19plus' SerialNumber='01906740'>

   <Manufacturer>Sea-Bird Electronics, Inc.</Manufacturer>

   <FirmwareVersion>2.2d</FirmwareVersion>

   <FirmwareDate>9 February 2011 08:30</FirmwareDate>

   <CommandSetVersion>1.1</CommandSetVersion>

   <PCBAssembly PCBSerialNum='25307' AssemblyNum='41054G'/>

   <PCBAssembly PCBSerialNum='25737' AssemblyNum='41580B'/>

   <PCBAssembly PCBSerialNum='24669' AssemblyNum='41606'/>

   <PCBAssembly PCBSerialNum='24372' AssemblyNum='41059D'/>

   <MfgDate>  08 DEC 2010</MfgDate>

   <InternalSensors>

      <Sensor id='Main Temperature'>

         <type>temperature0</type>

         <SerialNumber>01906740</SerialNumber>

      </Sensor>

      <Sensor id='Main Conductivity'>

         <type>conductivity-0</type>

         <SerialNumber>01906740</SerialNumber>

      </Sensor>

      <Sensor id='Main Pressure'>

         <type>strain-0</type>

         <SerialNumber>3220369</SerialNumber>

      </Sensor>

   </InternalSensors>

   <ExternalSensors>

      <Sensor id='volt 0'>

         <type>SBE 43 OXY</type>

         <SerialNumber>432005</SerialNumber>

      </Sensor>

      <Sensor id='volt 1'>

         <type>not assigned</type>

         <SerialNumber>not assigned</SerialNumber>

      </Sensor>

      <Sensor id='volt 2'>

         <type>ECO-FLNTURT CHL</type>

         <SerialNumber>FLNTURTD-2025</SerialNumber>

      </Sensor>

      <Sensor id='volt 3'>

         <type>ECO-FLNTURT TURB</type>

         <SerialNumber>FLNTURTD-2025</SerialNumber>

      </Sensor>

      <Sensor id='volt 4'>

         <type>not assigned</type>

         <SerialNumber>not assigned</SerialNumber>

      </Sensor>

      <Sensor id='volt 5'>

         <type>not assigned</type>

         <SerialNumber>not assigned</SerialNumber>

      </Sensor>

   </ExternalSensors>

</HardwareData>
<StatusData DeviceType='SBE19plus' SerialNumber='01906740'>

   <DateTime>2018-12-07T14:28:32</DateTime>

   <LoggingState>not logging</LoggingState>

   <EventSummary numEvents='241'/>

   <Power>

      <vMain>12.2</vMain>

      <vLith>5.4</vLith>

      <iMain>61.5</iMain>

      <iPump>36.4</iPump>

      <iExt01> 4.1</iExt01>

      <iExt2345>20.6</iExt2345>

   </Power>

   <MemorySummary>

      <Bytes>1492821</Bytes>

      <Samples>87813</Samples>

      <SamplesFree>3782666</SamplesFree>

      <SampleLength>17</SampleLength>

      <Profiles>111</Profiles>

   </MemorySummary>

</StatusData>
<ConfigurationData DeviceType='SBE19plus' SerialNumber='01906740'>

   <ProfileMode>

      <ScansToAverage>1</ScansToAverage>

      <MinimumCondFreq>3226</MinimumCondFreq>

      <PumpDelay>60</PumpDelay>

      <AutoRun>no</AutoRun>

      <IgnoreSwitch>no</IgnoreSwitch>

   </ProfileMode>

   <Battery>

      <Type>alkaline</Type>

      <CutOff>7.5</CutOff>

   </Battery>

   <DataChannels>

      <ExtVolt0>yes</ExtVolt0>

      <ExtVolt1>no</ExtVolt1>

      <ExtVolt2>yes</ExtVolt2>

      <ExtVolt3>yes</ExtVolt3>

      <ExtVolt4>no</ExtVolt4>

      <ExtVolt5>no</ExtVolt5>

      <SBE38>no</SBE38>

      <OPTODE>no</OPTODE>

      <GTD>no</GTD>

   </DataChannels>

   <EchoCharacters>yes</EchoCharacters>

   <OutputExecutedTag>yes</OutputExecutedTag>

   <OutputFormat>raw HEX</OutputFormat>

</ConfigurationData>
<CalibrationCoefficients DeviceType='SBE19plus' SerialNumber='01906740'>

   <Calibration format='TEMP1' id='Main Temperature'>

      <SerialNum>01906740</SerialNum>

      <CalDate>07-Jan-11 </CalDate>

      <TA0>1.255288e-03</TA0>

      <TA1>2.593288e-04</TA1>

      <TA2>-2.376104e-07</TA2>

      <TA3>1.449298e-07</TA3>

      <TOFFSET>0.000000e+00</TOFFSET>

   </Calibration>

   <Calibration format='WBCOND0' id='Main Conductivity'>

      <SerialNum>01906740</SerialNum>

      <CalDate>07-Jan-11</CalDate>

      <G>-1.033008e+00</G>

      <H>1.393941e-01</H>

      <I>-2.175401e-04</I>

      <J>3.475757e-05</J>

      <CPCOR>-9.570000e-08</CPCOR>

      <CTCOR>3.250000e-06</CTCOR>

      <CSLOPE>1.000000e+00</CSLOPE>

   </Calibration>

   <Calibration format='STRAIN0' id='Main Pressure'>

      <SerialNum>3220369</SerialNum>

      <CalDate>21-Dec-10</CalDate>

      <PA0>8.222195e-01</PA0>

      <PA1>1.566037e-02</PA1>

      <PA2>-6.194425e-10</PA2>

      <PTCA0>5.244452e+05</PTCA0>

      <PTCA1>4.417653e+00</PTCA1>

      <PTCA2>-9.798927e-02</PTCA2>

      <PTCB0>2.510725e+01</PTCB0>

      <PTCB1>-1.150000e-03</PTCB1>

      <PTCB2>0.000000e+00</PTCB2>

      <PTEMPA0>-5.917147e+01</PTEMPA0>

      <PTEMPA1>5.387460e+01</PTEMPA1>

      <PTEMPA2>-2.653169e-01</PTEMPA2>

      <POFFSET>0.000000e+00</POFFSET>

      <PRANGE>5.076000e+03</PRANGE>

   </Calibration>

   <Calibration format='VOLT0' id='Volt 0'>

      <OFFSET>-4.687158e-02</OFFSET>

      <SLOPE>1.247988e+00</SLOPE>

   </Calibration>

   <Calibration format='VOLT0' id='Volt 1'>

      <OFFSET>-4.719579e-02</OFFSET>

      <SLOPE>1.248132e+00</SLOPE>

   </Calibration>

   <Calibration format='VOLT0' id='Volt 2'>

      <OFFSET>-4.684526e-02</OFFSET>

      <SLOPE>1.248324e+00</SLOPE>

   </Calibration>

   <Calibration format='VOLT0' id='Volt 3'>

      <OFFSET>-4.678105e-02</OFFSET>

      <SLOPE>1.247145e+00</SLOPE>

   </Calibration>

   <Calibration format='VOLT0' id='Volt 4'>

      <OFFSET>-4.669684e-02</OFFSET>

      <SLOPE>1.248307e+00</SLOPE>

   </Calibration>

   <Calibration format='VOLT0' id='Volt 5'>

      <OFFSET>-4.709579e-02</OFFSET>

      <SLOPE>1.247697e+00</SLOPE>

   </Calibration>

   <Calibration format='FREQ0' id='external frequency channel'>

      <EXTFREQSF>9.999977e-01</EXTFREQSF>

   </Calibration>

</CalibrationCoefficients>
<EventCounters DeviceType='SBE19plus' SerialNumber='01906740'>

   <EventSummary numEvents='241'/>

   <Event type='ErrorFLASHUncorrectableError' count='241'/>

</EventCounters></InstrumentState>
<Headers>

cast  94 04 Dec 2018 08:25:31 samples 77960 to 78519, avg = 1, stop = mag switch

</Headers><InstrumentRawData>
<SBEDataUpload startAddr='1325303'>

   <Type>1</Type>

   <DataFormat>SEACATPLUS0</DataFormat>

   <Bytes>9520</Bytes>

   <Data>
E6110495A30CC30308EB53CC47AE02CD
031B1204A6830CC20308ED531048AE02
C1034F1204AF4B0CC40308EC53AD49A4
02CA0383120411170CC40308ED537449
A302C803BC1204B5EC0BC30308EF5322
49A502C503F4120411C60BC30308F053
FC48A802C4032E1304B4C80BC30308F2
53EF48A202C603641304C6500CC30308
F353F0489E02CA039C1304C4930CC303
08F6531C49AA02CA03D11304DFA50CC2
0308F953574AA202C103EF1304BB5C0D
C40308FB53DD49AB02C703A513042051
0DC80308FB53C749AC02C1037E130482
BD0CCF0308FB53EA49A202C303571304
22720CD70308FC531F4BA702C3032F13
04963A0CDD0308FE53C04AA602C503D7
11043A0E0CE30308FF536F4AA202C003
CD0C042BE60FEC030800545E4AA702C0
03C3060414C312F6030800542D4AF6FB
E50A790204E04C13FA03080254264AFA
FBE70A220004D0E514F6030803541B4A
F5FBE70AD4FE035B2F15F90308025420
4A03FCEC0A1EFE03DC8C15F803080154
204AE000360FCAFD0313B717FA030801
543A4ADD003B0F8FFD03A0121BFA0308
0054394ADC00360F60FD03B6141BFD03
0800543A4AD9002F0F48FD038C171BFE
0308FE53444AFD0626104FFD0364191B
030408FE53664AFE061C106FFD03201A
1B0804080054764A000725107EFD031B
1B1B0F040801548E4AF1061F1082FD03
011C1B1204080154974AD803D41082FD
03481C1B1604080054AF4AD003D61082
FD03B11C1B1C04080154B94ACC03D410
89FD037A1D1B1E04080154DA4ACE03DC
108AFD03711D1B1D04080154E04AD003
DF107FFD030C1E1B1F04080154F64A69
03AD1077FD03211E1B1F040802540D4B
5C03A91076FD03321E1B230408035422
4B6303A51079FD03321E1B2404080354
3A4B5C03A8107CFD03701E1B24040803
54594B7A03DA107FFD037D1E1B250408
0354654B8203D4107CFD03921E1B2604
080354774B7E03D61076FD031F1E1B27
040803548F4B7903D41074FD036D1D1B
2704080354A24B5E037F1079FD03A71D
1B2604080254AF4B5A038B1077FD0303
1E1B2504080354BD4B4F038D106DFD03
E21D1B2604080354D44B500383106DFD
03C51D1B2704080354E74B8403CB1069
FD03CD1D1B2904080354F44B7803C810
64FD03DA1D1B2804080354F84B8303D3
1063FD03DF1D1B2704080354314C7F03
C91066FD03E61D1B2704080354374C81
03C01062FD03B01D1B29040803543F4C
0D03BA105DFD03931D1B2A0408035452
4C1303BE105AFD036D1D1B2704080354
574C1503BD1053FD03501D1B2A040804
547E4C1603BD1057FD034B1D1B290408
04542C4D5503CB105AFD03651D1B2804
080454184D4F03CB105AFD03581D1B28
04080454F84C4903C3105BFD03361D1B
2A04080354E44C4703C7105EFD03541D
1B2804080454CE4C8003AA105EFD039B
1D1B2904080454B74C7C03AA105BFD03
DA1D1B2B04080454984C8203AE1058FD
032D1E1B2A04080454694C8603B41058
FD037D1E1B29040804545B4C4D03FA10
5FFD03A71E1B2804080454354C5403FC
1066FD03C81E1B2A04080454FC4B4E03
F61065FD03E81E1B2A04080554E74B5B
03FA1060FD03C01E1B2B04080454BD4B
5203F5105CFD03571E1B2B0408045490
4B5F03BA1059FD03031E1B2A04080454
5A4B6B03BA1051FD03CD1D1B2B040803
54294B6A03B8104FFD03821D1B290408
04540A4B5E03B71053FD03431D1B2904
080454DC4A3403F61053FD03371D1B2A
04080354BC4A3903F5104CFD033B1D1B
2B040804548E4A3803FF1043FD036E1D
1B2904080354734A2D0300113DFD0397
1D1B2A040803544A4A42039D1136FD03
C11D1B2A040803542E4A51039F1130FD
03DE1D1B2B04080354154A450394112D
FD03F31D1B2804080454FF4947039F11
2CFD03031E1B2904080354CD4940031E
112FFD03101E1B2A04080354B9493C03
1F112DFD031D1E1B2A04080354A64938
0310112EFD03251E1B2C040804547D49
5203181131FD031F1E1B2B040804545F
494903131134FD03211E1B2D04080454
42495A03FB1036FD031D1E1B2C040804
541E496603F5103AFD03141E1B2D0408
04540849720303113AFD03031E1B2A04
080454E7485B03F5103EFD03031E1B2C
04080454C3486003F91040FD03101E1B
2A04080454A7486B03FA1040FD03101E
1B2A040805549A486803F81041FD03FF
1D1B2B0408055490486103F21042FD03
081E1B2A0408065477484903051143FD
03081E1B2B0408065469483603FF1045
FD03FB1D1B2B0408055451483A030711
48FD03F31D1B2B040806543F48420307
1149FD03EF1D1B2D040805541E487A03
AB104CFD03DE1D1B2B040804541D4887
03AC1050FD03CD1D1B2D04080454F447
7C03B01054FD03C91D1B2C04080454F7
478503B11056FD03C71D1B2E04080454
E1477603B31059FD03DA1D1B2C040804
54C54733031C115AFD03DE1D1B2B0408
0454C2472F0318115AFD03D11D1B2C04
080454AF4733031B115DFD03B41D1B2C
040805549C473B0314115FFD03A31D1B
2D0408055499474303F61062FD03861D
1B2E040805547E474403F41063FD0304
1D1B300408045464474703FF106AFD03
391C1B2F0408045464474B03F81079FD
03651C1B300408035446470803211188
FD039D1B1B32040803544A4702032A11
94FD03E91A1B34040803542A47080332
11A4FD03671A1B350408045429470C03
2011B3FD038D1A1B3904080554104767
032911BFFD039A1A1B3904080454F646
5B033111C8FD03E6191B3D04080454EE
465C032E11D3FD038A191B3F04080454
E5466A032111DDFD03DE191B3F040805
54EA4659032911E8FD03AF1A1B420408
0554D74676032611E7FD03ED1A1B4504
080554C7466A032011E4FD03DC1A1B47
04080554A6465A032311E2FD03B71A1B
4A04080654A24667032811E4FD03E11A
1B4D04080554A64676030D11E4FD036C
1A1B4E0408065479466F031111E5FD03
A7191B500408065465466A031811EFFD
03B0191B53040806545C4669031311FD
FD03851A1B56040807543F4666031411
FFFD03741A1B57040807543A465E0317
11FCFD03C2191B58040806541C466A03
151100FE0347191B5C04080554144667
0312110EFE033F191B5D04080654F745
BC0334111DFE03E7181B5E04080654F6
45B703251127FE03B1181B6004080554
CD45C103291135FE03B5181B64040805
54C045BD03341140FE039C181B660408
0554B145B4032A1149FE0387181B6704
080554B6457703A91050FE03FD171B6B
0408045495457E03B41059FE0327181B
6B0408045480457A03AE1064FE035C18
1B6F0408045475456B03A91069FE031F
181B700408045467454F0301116EFE03
CB171B730408035452455503001173FE
039D171B75040803544A455A03F3107C
FE030E181B78040804542C455803FF10
82FE0327181B790408045426457203A5
1082FE03F5171B7D0408045409458503
921083FE0399171B7F04080554F14464
03941088FE0367171B8004080554DE44
70039E108FFE03B2171B8304080554D1
447703591197FE03D3171B8604080554
C1448503511199FE032C181B87040806
54AA447303541195FE0352171B890408
06549A44790358119BFE03FE161B8904
080654834487035811A4FE03E1161B8A
040807546A446D03DB10B1FE0313171B
8F040807544C446D03D810B7FE036B17
1B910408075459447003D810BCFE0339
171B93040807544C447603D110C0FE03
EE161B95040807542E445C03F610C7FE
0379161B94040808541E445203FD10D2
FE0347161B930408085409445B03F510
E1FE0347161B960408095403445A03FB
10EDFE0352161B9604080954F6437203
6B11F8FE03F6161B9604080954D0437A
037211FDFE0301181B9804080954CD43
6D036611F1FE0372181B9604080954C9
4374036B11DEFE03C3171B9904080A54
9F4367033811D5FE0396161B98040809
548F435D033211E1FE0300161B980408
09548B4361033411EEFE03F3151B9A04
08095480435A033A11FAFE03F3151B98
0408095470436903301103FF031D161B
970408095471438F03D6100DFF031D16
1B9704080A545F438D03D41017FF03FA
151B9904080A5462439403D61021FF03
CE151B9704080A5460438903DC102DFF
03B9151B9B04080A5455436003D01039
FF0347161B9C040809545F436003CC10
3FFF0364161B9E040809545A436503D2
1044FF03B6171BA00408095459436503
CC1038FF0312181BA5040809545D438C
034C1121FF03B2171BA804080A544843
84034A1113FF033D171BA80408095457
437103491115FF038E161BAB04080954
45437E034B1123FF031D161BAF040809
545A438603E11036FF037D161BB20408
095440438103F11040FF03B3161BB404
08095445438203EB1043FF0360161BB5
040809543A438403F0104BFF0347161B
B70408095450438703E91053FF031516
1BBA040809544443940308115BFF0321
161BBC040808543C438403061164FF03
68161BBC040808543A43970308116AFF
0335171BC10408085451438003071167
FF0359181BC70408085468439603E110
49FF03EB181BCB0408085440439103ED
102AFF034D181BCD040807544C439603
EB101AFF03AA171BD1040807542B438E
03F51022FF031B171BD4040807541C43
7C0318112DFF0381161BD5040807540F
437F03031136FF0379161BD704080854
04436C030F113BFF0364161BD7040807
5407437403001141FF039E161BDA0408
0754E642B403ED1046FF0307171BDC04
080854EF42AD03EC104AFF0320171BE3
04080854E442AB03E3104AFF0363171B
E604080854D542B203E5104AFF034517
1BEB04080854C942AD03EB104BFF03EA
161BED04080854B5428B03081150FF03
C4161BEF04080854BF428703FF1056FF
0367171BF204080854AB429C03121156
FF03D3171BF404080954AA428F030A11
51FF03E0171BFA0408095496428303D6
1044FF03CF171BFE04080A547C427403
D9103BFF0388171BFF04080A54734278
03E21039FF0318171B0505080A545F42
7203D6103DFF03BC161B0605080A5459
428B03B71048FF039A161B0A05080954
54428D03B41054FF03D1161B0F050809
5432428803BB105DFF0339171B110508
095430428C03B41062FF03D9161B1405
08085417428E03161164FF03C3161B19
050807541B429E0313116BFF03FA161B
1B050807541742A1030E116EFF030717
1B1F050807540B42AB03181171FF03DD
161B2305080754F24194031B1174FF03
F2161B2B05080754E8418B03E71076FF
0352171B2E05080754CC417603E51077
FF037C171B3205080754D0417D03DF10
72FF0384171B3305080854D6418403F2
106DFF0363171B3805080854BF41A003
E5106AFF0331171B3D05080854A7418B
03ED106FFF03EA161B4105080854A441
9603E61074FF03FF161B4405080854A1
419303E81079FF03A3161B4705080854
98418303D21081FF032E161B4B050808
547F417D03C5108CFF03E7151B4C0508
08547F417603D01099FF0387151B5105
0808546A417703C310A6FF034C151B53
0508095463417603B210B2FF032F151B
540508095464417C03BF10BFFF038B15
1B58050809545A416B03B310C9FF03AC
151B5E05080A544B417C03AC10D2FF03
B1151B6005080A543B417803B310DBFF
038B151B650508095424417303F810E6
FF0355151B68050809541A417503FA10
EFFF03FD141B6A05080954F1406B0301
11F6FF03CB141B6B05080854EB407A03
FB10FDFF037C141B7105080854FB407A
03B410FDFF0356141B7305080754DF40
7703BA1000000456141B7805080754EB
408503A11005000420141B7905080654
D9407A03AC10090004FF131B81050807
54C2407A03DA10170004E6131B830508
0854C7407803E210260004D5131B8605
080854AD408B03DE10420004C0131B89
05080754AB408503D21069000407141B
8F05080854C5406B0347118C00048814
1B9505080854AB4067033F11A30004FA
1C1B9705080854BC40600341115E0004
891F1B9B05080854A94065034E11D9FF
03C71F1BA205080854A340680347117A
FF03E91F1BA305080854A0407C035211
43FF03E11F1BA705080954C54088035C
112AFF03D41F1BAA05080954CE407B03
561121FF03D41F1BAF05080954D94082
0366111FFF03D41F1BAF050809540541
8303A3111FFF03D61F1BB105080A5442
4179039A1123FF03D41F1BB505080B54
71417A039D1124FF03D81F1BB705080B
5497417803AA1123FF03E11F1BB90508
0B54EF417803251121FF03ED1F1BBC05
080B541F42800326111EFF03F11F1BBE
05080B5462427C032B111CFF03F51F1B
BE05080B54C5428703261119FF030220
1BC105080A54F8427E03341112FF031A
201BC105080A545C4387033D110CFF03
28201BBF05080A54A7437D033A1103FF
0330201BC205080A54D4437A033511FD
FE0323201BC305080A54304476034111
FFFE03F11F1BC805080A5465448203D8
100BFF03E91F1BCF05080A54AA447E03
D3101CFF03E51F1BD305080A54E2447B
03DD1024FF03D81F1BD805080A542B45
8303DA102BFF03DA1F1BDA05080A546D
457C033B112FFF03E11F1BDF05080A54
A945870338112FFF03E51F1BE405080A
54DF4578033A1130FF03E11F1BE90508
095403467E03321131FF03DC1F1BEA05
08095435466303F61032FF03DC1F1BEF
050808545F466B03F61033FF03D81F1B
F40508095489465D03F81036FF03D81F
1BF505080954BF466003F31039FF03CE
1F1BF605080954BF466D0310113DFF03
BB1F1BFA05080954FF467103381144FF
03BB1F1BFC05080A54374782033B114B
FF03B71F1BFF05080A544C4779033411
52FF03B71F1B0506080A547F477C0338
1154FF03B21F1B0706080A549E475303
541159FF03AE1F1B0C06080A54CD475E
03521157FF03B71F1B1006080A54CA47
590358115AFF03BA1F1B1506080B54EA
475403521158FF03BB1F1B1806080B54
184876034B115AFF03BB1F1B1E06080B
54264877033C1158FF03BF1F1B200608
0B5442487C034D1156FF03B71F1B2606
080C544F487803491157FF03B21F1B2C
06080C548848800331115BFF03A21F1B
3106080C54A5488703411161FF039E1F
1B3406080C549C488603381167FF0395
1F1B3606080C54B84879033E116FFF03
891F1B3A06080C54AE488003261174FF
03891F1B3D06080B54BC4853037F1178
FF038D1F1B4106080B54DA484B038511
79FF03891F1B4506080B54ED484B037C
117BFF03841F1B4906080B54FF485203
70117CFF03841F1B4E06080B5418492F
0386117CFF03891F1B5306080B543149
3B0389117FFF03891F1B5406080B5430
49370387117EFF03891F1B5806080B54
434933037B117FFF03891F1B5D06080C
5447496503E2117CFF03891F1B640608
0C543B496503DB117DFF03891F1B6706
080B5449496303E7117DFF03841F1B6B
06080C5465496903E11181FF03841F1B
7106080C547C494803781181FF03841F
1B7306080B54B64945037F1183FF0384
1F1B7906080B5498495103731183FF03
811F1B7B06080B54A0495403811187FF
03801F1B7F06080B54A64951037B1185
FF03801F1B7F06080B54B74983034F11
87FF03801F1B8206080A54C2497C0358
1185FF03841F1B8706080A54BB498503
5C1187FF03781F1B8C06080A54C14981
034E118AFF03781F1B8E06080A54CA49
7D03DE108BFF03781F1B9406080954BB
497803D4108DFF03711F1B9A06080954
D5497A03E81091FF03701F1BA0060809
54D9498A03E11093FF03701F1BA20608
0954C2496B03361196FF03671F1BA906
080954E649690329119AFF034A1F1BAF
06080954EA4965032011A3FF033D1F1B
B006080954EE495C031E11B0FF03351F
1BB306080954F4495C03BD11B8FF0341
1F1BB706080A54054A4703C811BAFF03
451F1BB906080954064A5C03BD11B9FF
03411F1BBE06080A54FF495703CA11BA
FF034A1F1BC206080B541F4A5A03BD11
B7FF034E1F1BC606080C541B4A510338
11B2FF03521F1BCB06080C540E4A4703
3F11B1FF03561F1BD006080C541F4A4B
033D11B0FF035B1F1BD406080C54244A
50033A11ABFF035B1F1BD906080C5425
4A4703A611AAFF034D1F1BDC06080D54
154A45039B11AFFF034E1F1BE306080C
54294A4203A511B1FF034A1F1BE80608
0C54394A4903B211B3FF03391F1BED06
080B54374A77036911B7FF03411F1BF1
06080C543D4A72036511BAFF03391F1B
F406080C542E4A6F036111BFFF03351F
1BFA06080C54334A6F036511C2FF0331
1F1BFC06080C543D4A3C034511C5FF03
311F1B0207080C542C4A44034B11C7FF
03311F1B0607080B54394A47034C11C6
FF03311F1B0807080B543B4A40034511
C7FF03351F1B0C07080B54374A3E033B
11C6FF03311F1B1207080B54434A3103
6211C8FF03351F1B1507080C543D4A34
037011C7FF03351F1B1707080B542D4A
3A036911C6FF03351F1B1C07080B542C
4A2F037311C6FF03391F1B2307080B54
334A4B036D12C7FF03391F1B2507080C
543A4A45036A12C7FF03391F1B290708
0C543B4A49035D12C6FF03391F1B2E07
080C54364A42035D12C6FF03351F1B31
07080C54494A51036712C7FF03391F1B
3607080C54464A51036412C6FF033D1F
1B3B07080D54444A59036D12C4FF0341
1F1B3C07080C54464A4B035F12C2FF03
461F1B4007080C54384A56033E12C0FF
03451F1B4507080D545A4A5A034B12BE
FF03461F1B4807080D54554A58033D12
BFFF03461F1B4D07080E54594A570350
12BEFF034A1F1B5007080D544F4A5503
3D12BDFF03461F1B5407080D54424A66
030712BCFF034A1F1B5807080D545B4A
5D031912BDFF034A1F1B5B07080D5451
4A69031412B9FF03521F1B6007080D54
5B4A58031312B6FF03591F1B6407080D
54584A4D031212B3FF035B1F1B680708
0D544F4A49031B12B1FF03561F1B6C07
080D544D4A52032312B2FF03521F1B6E
07080D545E4A51031F12B7FF034E1F1B
7107080E54544A4703DD11B7FF034A1F
1B7307080E545D4A5503D911B9FF0352
1F1B7607080E54514A5203D711B8FF03
521F1B7B07080F54574A4F03CB11B7FF
03411F1B7F07080E544C4A4603A011BB
FF03411F1B8207080E54554A49039211
BFFF03411F1B8607080E54574A3E0398
11C1FF033D1F1B8B07080E54624A5203
9511C4FF033D1F1B9007080E546C4A3E
039211C6FF033D1F1B9607080F546C4A
4C03DC11C6FF033D1F1B9807080E546F
4A5103DE11C8FF033D1F1B9C07080F54
594A4A03EA11C6FF033D1F1B9E07080E
54644A5403D611C5FF033D1F1BA40708
0F545B4A4D030812C6FF03411F1BA307
080F54534A44030C12C7FF033D1F1BA2
07080F54684A3F030712C6FF033D1F1B
A407080F545C4A3F030F12C8FF033D1F
1BA807080E545E4A62034612C6FF0341
1F1BAB07080E544B4A68034312C6FF03
411F1BAF07080D54514A6A034412C6FF
03461F1BB607080E54494A5D034412C5
FF03451F1BB807080E545B4A44038711
C4FF034A1F1BBA07080E545C4A4D038C
11C2FF034A1F1BBF07080E546B4A4403
9011BFFF03521F1BC307080E54854A47
038A11BEFF03521F1BC807080E54754A
48038A11BCFF035B1F1BD007080F5461
4A6D03F311B9FF03561F1BD307080E54
7E4A6403FE11B8FF034E1F1BD707080E
547A4A7103F811B9FF03491F1BDC0708
0E54674A7C030312BCFF034A1F1BDF07
080D545D4A5C033F15BFFF03461F1BE8
07080D54694A62033C15C2FF03461F1B
E907080E54794A5C033715C4FF034E1F
1BF007080E54784A65033415C0FF034A
1F1BF207080E54644A5503AD14C3FF03
4E1F1BF507080D54624A5703A614C1FF
03521F1BF707080D54624A5803AC14C1
FF03591F1BF807080C54714A5703A814
BDFF035F1F1BFB07080D54764A7203B7
14B7FF03741F1BFF07080D546A4A7903
B714B0FF03801F1B0308080C54904A72
03BE14A6FF03841F1B0708080B54824A
7403B414A0FF03841F1B0708080B5481
4A6D03B6149BFF03801F1B0708080B54
814A58036E169BFF03781F1B0508080B
548B4A5F0371169DFF03751F1B060808
0B54914A61036F16A1FF03741F1B0508
080B547B4A5E037A16A1FF03741F1B07
08080B54884A4B03B715A1FF03741F1B
0608080B54754A5603AF15A2FF03701F
1B0708080B547C4A5703A115A7FF036B
1F1B0708080C54734A5A03AA15A8FF03
671F1B0508080C54754A4A030615ADFF
03631F1B0708080D54774A3F030A15AF
FF03611F1B0708080D549C4A3C031015
B0FF035F1F1B0708080D548D4A3F0312
15B0FF03631F1B0708080D54914A7A03
FF14B2FF035F1F1B0608080D547F4A78
03F514B5FF035F1F1B0608080D547E4A
6B03FB14B4FF035F1F1B0708080D5486
4A70030015B2FF03631F1B0708080E54
8C4A7603FE14B2FF035F1F1B0808080E
54884A7B03F714B2FF03631F1B080808
0E548E4A7703FE14B2FF03611F1B0808
080E54754A7603F314B3FF03631F1B06
08080D54774A7A03F314B1FF03631F1B
0808080D54704A7203E814B0FF03631F
1B0508080D546E4A7203E514B0FF036B
1F1B0708080D547E4A6D03EE14AFFF03
671F1B0608080D547C4A7103E814AEFF
036B1F1B0708080C548A4A44034F16AD
FF03671F1B0808080D54784A4B035516
ADFF03651F1B0708080D54864A49035C
16ADFF036B1F1B0608080D54984A4703
5316AFFF03671F1B0808080D54764A6D
03B414AEFF03671F1B0908080E54954A
7E03A414ACFF03671F1B0708080E5499
4A7303A514AEFF03671F1B0408080E54
7B4A6903B114AEFF03631F1BF707080D
54804A7103AC14AFFF03631F1BE60708
0D54734A40036915AEFF03691F1BDA07
080E54794A44036B15ABFF03671F1BD6
07080E54904A3A036C15ACFF035F1F1B
D207080E54714A40036A15AFFF035F1F
1BD307080F546E4A5603B616B0FF0363
1F1BD607080F54864A5303AB16B2FF03
631F1BD807080E54654A5303A216AEFF
03631F1BDB07080F54734A5403A816AE
FF03671F1BDB07080F54684A7F03BE15
ADFF03651F1BDB07080E54754A7103C2
15ADFF03631F1BDA07080E54704A6D03
BA15ADFF03671F1BDB07080E54714A71
03A615ACFF03631F1BDA07080E547C4A
58037316ABFF03671F1BDA07080D5473
4A5C036A16ACFF03631F1BD707080D54
6F4A4F036216ACFF03631F1BCE07080E
54724A51036B16ADFF03671F1BC30708
0E54604A4D037416ADFF03611F1BBA07
080E547B4A61035716ADFF03631F1BB8
07080E54AE4A62034F16ABFF03631F1B
BA07080E54AA4A62035416ADFF03631F
1BBD07080E549C4A60034D16ADFF035B
1F1BBF07080E54814A5E034615B1FF03
5B1F1BC007080E547E4A64034F15B3FF
035B1F1BB607080F54764A5E034A15B3
FF03561F1B9F07080F54654A60034415
B1FF03591F1B7D07080F54684A58030C
15B0FF03561F1B5B07080F546B4A4E03
0815B2FF03561F1B4307080F547D4A51
031315B3FF03521F1B3507080F546B4A
4F030D15B4FF034E1F1B2B070810547C
4A57035313B6FF034A1F1B1E07081154
8A4A65035B13B7FF03461F1B0E070810
54794A68034B13B7FF03461F1BFB0608
1054854A6B034F13B8FF03461F1BED06
0810547D4A64035113B8FF03451F1BE0
06081054854A43032C12B9FF03461F1B
CB06080F547C4A40031612B8FF03461F
1BA806080F54734A40032312B8FF032D
1F1B8306080F54754A3E032E12B4FF03
521F1B6406080F547B4A6303F811ACFF
03671F1B5206080F54824A6003EC11A3
FF037C1F1B4606080E54824A6503F611
9AFF037C1F1B3906080E547A4A6203F0
1192FF037D1F1B2706080E54734A4F03
B2118FFF037C1F1B1306080E54714A58
03BC118CFF032D1F1B0106080E54724A
5303B4118BFF037C1F1BE405080D545B
4A4903AE1187FF03991F1BBC05080D54
604A8F03AE1178FF03D81F1B9A05080D
54734A9103A9115DFF0334201B800508
0C54664A8903AC1132FF0395201B7B05
080C54C54A9203A41100FF03BB201B78
05080C54C24A8D03B211D7FE0399201B
7205080C54BA4A92030F11CCFE039920
1B6205080C54914A9D031611C5FE039D
201B4C05080C54A44A92030B11C5FE03
AE201B3405080C54AA4A8B032111BEFE
03AE201B1705080D54AB4A8E037211B8
FE03BA201BF804080D549C4A92036911
B3FE03C7201BDF04080D54A24A890358
11ABFE03DB201BD004080D54AE4A9903
6B11A2FE03F9201BCB04080C54B54A9D
03D81194FE0306211BC404080C548F4A
9A03C51188FE0306211BBC04080D548D
4AA503E11181FE03FD201BAB04080D54
7F4AA503D2117EFE0301211B9C04080D
54774A960305117CFE03F9201B880408
0E54884A8B0304117EFE03F8201B7604
080E54C84A930306117FFE0306211B5D
04080E54CF4A910310117AFE0338211B
4304080E54DE4A8F03101165FE038C21
1B2C04080E54D14A96032C1144FE0312
221B1F04080E54B64A8603271108FE03
55221B1B04080E54CF4A98032911D1FD
032F221B1804080E548D4A94032B11BE
FD0316221B1204080E547A4A48037A11
BCFD033A221B0D04080E54674A43037E
11B5FD0337221B0B04080D54594A4A03
6D11B3FD0312221B0B04080D54594A44
037411BAFD0326221B0704080C54494A
7703FB10BBFD0316221B0204080C5448
4A6B030411BFFD0322221BFF03080C54
3D4A6D03F310BEFD0326221BFE03080D
54344A6F03F010BCFD030D221B000408
0C54324A4B039610C1FD0305221B0004
080C54154A53039810C8FD0316221B00
04080C540A4A4B039510C6FD030D221B
FF03080C54FD495303A510C3FD032222
1BFB03080C54EB4959039C10C0FD03FD
211BF003080C54D8493103D610C7FD03
09221BDE03080C54D4492603DC10C1FD
0333221BD003080C54C3491F03DA10A3
FD0392221BC703080C549F4A2003D310
83FD037AF01AC303080D54684A770134
1A6CFD03057810C303080D54444A6B01
3B1A7FFD030B900EC303080E546E4A6D
012C1ABBFD03C5AC0FC403080E54754A
74012B1A39FE03FBED0EC303080E547A
4AA502C103B8FE03378D0EC303080E54
DA4AA702C7032DFF03F5AB0EC403080D
54074BA602C10394FF03098D0FC30308
0E547F4D9E02C503340004737E0FC303
080D54CB4DA802BE03E2000423090FC3
03080E54144EA902C3038301044ACF0E
C503080D548C4DA002C303E701043E33
0EC203080D540A4D9702C103090204F6
360EC503080C54924C9702C303FD0104
311E0EC403080D544A4C9D02CC03F601
04EBD30DC403080D540E4CA302BF03F9
010486BC0EC403080D54424CAE02C403</Data>

   <DataCRC>89fb5a75</DataCRC>

   <BytesSent>9520</BytesSent>

</SBEDataUpload>
</InstrumentRawData>
</SBEDataUploadFile>
