<?xml version="1.0"?>
<!-- SCPlusV2_RS232 -->
<SBEDataUploadFile>
<ApplicationData>
<Seaterm232>
<SoftwareVersion>2.6.3.104</SoftwareVersion>
<BuildDate>30-Jun-2017</BuildDate>
</Seaterm232>
</ApplicationData>
<InstrumentState>
<HardwareData DeviceType='SBE19plus' SerialNumber='01906740'>

   <Manufacturer>Sea-Bird Electronics, Inc.</Manufacturer>

   <FirmwareVersion>2.2d</FirmwareVersion>

   <FirmwareDate>9 February 2011 08:30</FirmwareDate>

   <CommandSetVersion>1.1</CommandSetVersion>

   <PCBAssembly PCBSerialNum='25307' AssemblyNum='41054G'/>

   <PCBAssembly PCBSerialNum='25737' AssemblyNum='41580B'/>

   <PCBAssembly PCBSerialNum='24669' AssemblyNum='41606'/>

   <PCBAssembly PCBSerialNum='24372' AssemblyNum='41059D'/>

   <MfgDate>  08 DEC 2010</MfgDate>

   <InternalSensors>

      <Sensor id='Main Temperature'>

         <type>temperature0</type>

         <SerialNumber>01906740</SerialNumber>

      </Sensor>

      <Sensor id='Main Conductivity'>

         <type>conductivity-0</type>

         <SerialNumber>01906740</SerialNumber>

      </Sensor>

      <Sensor id='Main Pressure'>

         <type>strain-0</type>

         <SerialNumber>3220369</SerialNumber>

      </Sensor>

   </InternalSensors>

   <ExternalSensors>

      <Sensor id='volt 0'>

         <type>SBE 43 OXY</type>

         <SerialNumber>432005</SerialNumber>

      </Sensor>

      <Sensor id='volt 1'>

         <type>not assigned</type>

         <SerialNumber>not assigned</SerialNumber>

      </Sensor>

      <Sensor id='volt 2'>

         <type>ECO-FLNTURT CHL</type>

         <SerialNumber>FLNTURTD-2025</SerialNumber>

      </Sensor>

      <Sensor id='volt 3'>

         <type>ECO-FLNTURT TURB</type>

         <SerialNumber>FLNTURTD-2025</SerialNumber>

      </Sensor>

      <Sensor id='volt 4'>

         <type>not assigned</type>

         <SerialNumber>not assigned</SerialNumber>

      </Sensor>

      <Sensor id='volt 5'>

         <type>not assigned</type>

         <SerialNumber>not assigned</SerialNumber>

      </Sensor>

   </ExternalSensors>

</HardwareData>
<StatusData DeviceType='SBE19plus' SerialNumber='01906740'>

   <DateTime>2018-12-07T14:28:32</DateTime>

   <LoggingState>not logging</LoggingState>

   <EventSummary numEvents='241'/>

   <Power>

      <vMain>12.2</vMain>

      <vLith>5.4</vLith>

      <iMain>61.5</iMain>

      <iPump>36.4</iPump>

      <iExt01> 4.1</iExt01>

      <iExt2345>20.6</iExt2345>

   </Power>

   <MemorySummary>

      <Bytes>1492821</Bytes>

      <Samples>87813</Samples>

      <SamplesFree>3782666</SamplesFree>

      <SampleLength>17</SampleLength>

      <Profiles>111</Profiles>

   </MemorySummary>

</StatusData>
<ConfigurationData DeviceType='SBE19plus' SerialNumber='01906740'>

   <ProfileMode>

      <ScansToAverage>1</ScansToAverage>

      <MinimumCondFreq>3226</MinimumCondFreq>

      <PumpDelay>60</PumpDelay>

      <AutoRun>no</AutoRun>

      <IgnoreSwitch>no</IgnoreSwitch>

   </ProfileMode>

   <Battery>

      <Type>alkaline</Type>

      <CutOff>7.5</CutOff>

   </Battery>

   <DataChannels>

      <ExtVolt0>yes</ExtVolt0>

      <ExtVolt1>no</ExtVolt1>

      <ExtVolt2>yes</ExtVolt2>

      <ExtVolt3>yes</ExtVolt3>

      <ExtVolt4>no</ExtVolt4>

      <ExtVolt5>no</ExtVolt5>

      <SBE38>no</SBE38>

      <OPTODE>no</OPTODE>

      <GTD>no</GTD>

   </DataChannels>

   <EchoCharacters>yes</EchoCharacters>

   <OutputExecutedTag>yes</OutputExecutedTag>

   <OutputFormat>raw HEX</OutputFormat>

</ConfigurationData>
<CalibrationCoefficients DeviceType='SBE19plus' SerialNumber='01906740'>

   <Calibration format='TEMP1' id='Main Temperature'>

      <SerialNum>01906740</SerialNum>

      <CalDate>07-Jan-11 </CalDate>

      <TA0>1.255288e-03</TA0>

      <TA1>2.593288e-04</TA1>

      <TA2>-2.376104e-07</TA2>

      <TA3>1.449298e-07</TA3>

      <TOFFSET>0.000000e+00</TOFFSET>

   </Calibration>

   <Calibration format='WBCOND0' id='Main Conductivity'>

      <SerialNum>01906740</SerialNum>

      <CalDate>07-Jan-11</CalDate>

      <G>-1.033008e+00</G>

      <H>1.393941e-01</H>

      <I>-2.175401e-04</I>

      <J>3.475757e-05</J>

      <CPCOR>-9.570000e-08</CPCOR>

      <CTCOR>3.250000e-06</CTCOR>

      <CSLOPE>1.000000e+00</CSLOPE>

   </Calibration>

   <Calibration format='STRAIN0' id='Main Pressure'>

      <SerialNum>3220369</SerialNum>

      <CalDate>21-Dec-10</CalDate>

      <PA0>8.222195e-01</PA0>

      <PA1>1.566037e-02</PA1>

      <PA2>-6.194425e-10</PA2>

      <PTCA0>5.244452e+05</PTCA0>

      <PTCA1>4.417653e+00</PTCA1>

      <PTCA2>-9.798927e-02</PTCA2>

      <PTCB0>2.510725e+01</PTCB0>

      <PTCB1>-1.150000e-03</PTCB1>

      <PTCB2>0.000000e+00</PTCB2>

      <PTEMPA0>-5.917147e+01</PTEMPA0>

      <PTEMPA1>5.387460e+01</PTEMPA1>

      <PTEMPA2>-2.653169e-01</PTEMPA2>

      <POFFSET>0.000000e+00</POFFSET>

      <PRANGE>5.076000e+03</PRANGE>

   </Calibration>

   <Calibration format='VOLT0' id='Volt 0'>

      <OFFSET>-4.687158e-02</OFFSET>

      <SLOPE>1.247988e+00</SLOPE>

   </Calibration>

   <Calibration format='VOLT0' id='Volt 1'>

      <OFFSET>-4.719579e-02</OFFSET>

      <SLOPE>1.248132e+00</SLOPE>

   </Calibration>

   <Calibration format='VOLT0' id='Volt 2'>

      <OFFSET>-4.684526e-02</OFFSET>

      <SLOPE>1.248324e+00</SLOPE>

   </Calibration>

   <Calibration format='VOLT0' id='Volt 3'>

      <OFFSET>-4.678105e-02</OFFSET>

      <SLOPE>1.247145e+00</SLOPE>

   </Calibration>

   <Calibration format='VOLT0' id='Volt 4'>

      <OFFSET>-4.669684e-02</OFFSET>

      <SLOPE>1.248307e+00</SLOPE>

   </Calibration>

   <Calibration format='VOLT0' id='Volt 5'>

      <OFFSET>-4.709579e-02</OFFSET>

      <SLOPE>1.247697e+00</SLOPE>

   </Calibration>

   <Calibration format='FREQ0' id='external frequency channel'>

      <EXTFREQSF>9.999977e-01</EXTFREQSF>

   </Calibration>

</CalibrationCoefficients>
<EventCounters DeviceType='SBE19plus' SerialNumber='01906740'>

   <EventSummary numEvents='241'/>

   <Event type='ErrorFLASHUncorrectableError' count='241'/>

</EventCounters></InstrumentState>
<Headers>

cast  91 04 Dec 2018 07:57:09 samples 76535 to 77249, avg = 1, stop = mag switch

</Headers><InstrumentRawData>
<SBEDataUpload startAddr='1301078'>

   <Type>1</Type>

   <DataFormat>SEACATPLUS0</DataFormat>

   <Bytes>12155</Bytes>

   <Data>
B705043AAE0AC003087953514DAA02C3
03AC0504D8AE0ABD03087953F94CA502
C303A205046EAF0ABD03087853E24CA7
02C803970504B4AF0AC003087953C44C
B102CF038E050427B10ABD03087853C4
4CA202C303850504DBB10ABD03087753
9A4CB102C10381050472B10AC0030877
53B04CA702C8035C0504BBB10ACB0308
7753D24CA502CC031305043AB20AD403
087753854DEE01F708AA02043AB30ADD
03087753024FF901F4080AFE0308B40A
E003087753384FF001FB0887FA03230A
0BE4030877536D4FF001060974F803E1
8E0BE703087753144F05FCB60E16F703
5EC613EA03087753A44E05FCC00E0BF6
0333F115F3030877539B4EFDFBB80E55
F5033E5614FC03087753404EFCFBB70E
F7F403A31814FE03087653C54E02FCA9
0EB2F4030A82180304087753ED4E6804
CD108AF403808B1A08040877536B4E67
04CF106EF403AF851A0B040877533A4E
6704DC1054F40344A51A110408775303
4E7004DB1033F4039AD41A1704087853
F84D2703C61018F40379E81A1A040878
53E34D2203C1101AF403E2ED1A190408
7753E54D1A03C21019F4033AF71A1904
087853E04D2A03C11019F4039EF81A1B
04087853FA4D6003B8101AF403B0FF1A
1C04087853FB4D6503BF101EF4034F07
1B1E04087953064E6703BE101DF4031E
101B1E04087A53FF4D6503C3101FF403
C6121B2004087A532B4E1C03E1101FF4
033A161B1E04087953314E2803E8101F
F403F0171B1F04087A53554E2D03EF10
1BF403AD181B1D04087B53674E2E03ED
101AF403EA191B1E04087D53764E1F03
ED1026F4031F1B1B1D04087D537D4E5A
03CF1036F4035E1B1B1E04087E53924E
5103CB104FF403271C1B1E04087D53A2
4E5603D61067F403E41B1B1D04087D53
A74E5603CB107CF403F4181B1E04087E
53C34E4803CC1088F403C81A1B1B0408
8053DA4E3E03CC1093F40345201B1C04
088053D24E4D03CD109EF403AF201B1D
04088053CB4E3E03CB10ACF403DC201B
1C04088053E64E6F03DF10AEF4030A21
1B1D04088053E24E7603D810A6F40349
211B1C04087F53EA4E7803E51099F403
99201B1C04087D53BF507803DB1089F4
0390211B1C04087E536D506103DF1078
F40359221B1D04087E530F505E03E310
66F403E7221B1D04087C53B24F5F03DB
1055F40348231B1D04087B53624F6603
E01046F403A4231B1D04087C532C4F67
03DC103CF403EB231B1B04087A53FB4E
6A03E71033F4033B241B1D04087B53B0
4E6703E91027F40379241B1C04087B53
944E6703E61023F40315251B1F04087B
53694E6403EF1022F4036C251B1D0408
7953124E4803B61021F40396251B1D04
087953EE4D4403B9101FF403A7251B1E
04087853A64D4803BD101AF403B0251B
1B04087953914D4403C01018F403A325
1B1D04087A53354D3E03831019F403C9
251B1C04087A53044D46038D101EF403
25261B1E04087B53C84C4503841027F4
0392261B1F04087B53894C44038C1032
F403AF261B1F04087C53524C4203AD10
39F403B8261B1F04087E531B4C4703B0
1042F403CD261B1F04087E53CF4B3E03
AD1049F4039A261B2204087D53A64B3E
03A5104EF403B4261B2204087D535F4B
4703AC1053F40375261B2104087E5327
4B7603C51055F403CE241B2204087F53
034B7603BC1058F403E3231B2104087E
53BE4A7803BA105CF40311241B220408
7F539B4A6F03B4105CF40308251B2004
088053564A5B03BE105CF40314261B1F
04088053374A5503BF105AF403D9261B
2204088153204A5403B4105BF4034227
1B1F04087F53E3495703B6105CF4037C
271B1F04088153C849510390125AF403
64271B20040881539A495603961256F4
0357271B1F0408805380495703901256
F4038A271B2104087F53614956039E12
53F403B3271B2404087E531F498F03BA
1053F403FB271B2304087E53FC489003
B61054F403ED271B2104087E53E74891
03BA1054F40342271B2104087F53C348
8903B61052F40381271B2204087E53A5
489203BF1052F40303271B2004087E53
73482403BA104CF403B4261B2004087E
536B482B03B71049F40353271B200408
7E5360482C03BC1046F40357271B2004
087D5326482103BD103FF403C4271B22
04087E5301483C03CB1038F403D9271B
2304087E53E6473503C91031F403F727
1B2004087F53CD473903C71023F403E2
271B2104087F53B5473B03C8101CF403
2D281B2004088053A9475303AD1012F4
034F281B2004087F538C475403AA1009
F40396281B20040880537D475203A710
03F403A7281B1E0408805365474D03A7
1001F403E2281B1F0408805340473503
CA10FFF30318291B2004088053274736
03CD10FEF30346291B2104087F530A47
3203CB10FEF3035B291B2004087F5308
472F03CF10FFF30348291B2004087E53
ED463103C61000F403F7281B2104087E
53CE465303D41002F4039A281B210408
7E53D5465403D91002F40357281B2004
087D53BE465403D61004F4035F281B21
04087C539F465103DC1006F4032D281B
2304087B538E463103A11005F403FB27
1B2204087B5389462D03A31006F403E1
271B20040879536F4630039E1008F403
B3271B1F04087A5359463A03A11008F4
039A271B21040879534B4657031A1109
F40364271B2004087A53364652031811
0AF403C4261B2004087A5324465A031F
110CF40371241B2104087C5307465103
211112F403BB221B2004087C53EF4558
03CC1022F403A0221B2004087C53D445
5803CC102CF40369231B2204087C53C6
455D03CB1035F40386231B1F04087D53
AF455803C9103EF4039B231B1F04087D
5393455303CA1045F40311241B200408
7D5366454903E1104BF403C5231B2104
087F5350453E03E41052F40311231B21
0408805337454703D61058F40396221B
200408815316454403DC105CF403B922
1B20040880530A454F03F11065F403B9
221B2004088053E8445603ED106AF403
BD221B2204088053D6445503EE106FF4
0319231B2204088153BF444803E71076
F40348231B2004088153AE445103FC10
7DF40319231B20040880538E445803FC
1083F403BF221B200408805376445103
021187F40311231B2104087F535A4458
03F2108CF4034C231B2104087F534044
5903A21093F403DB221B2004087E5332
4458039E1097F403CE221B2004087E53
38445303A1109CF4039C221B2004087E
5312444F039E10A1F4035D221B210408
7D53FA435803A710A8F4035E221B2104
087D53E6435903AD10ADF40376221B20
04087D53D0435B03A910B3F40355221B
2004087C53B5435203AA10BAF4035D22
1B2004087C539B435403A710BEF4037A
221B2004087C53864369039010C2F403
65221B2004087C538A436D039D10C6F4
0350221B2104087C536A4369039810CC
F40316221B1F04087C535E4367039A10
D1F40362221B1E04087D534B437C03AF
10D7F40340221B1E04087C5335437C03
AF10DBF4031A221B1F04087D532B437C
03AB10DFF403D3211B1E04087D531643
7F03B210E5F40398211B1F04087E5313
43A603DC10E8F40394211B2004087E53
FC42A303DA10EFF403B1211B1F040880
53ED429E03DA10F5F4038D211B200408
8053E642AC03DC10F9F40362211B1F04
087F53D2429B03DB10FDF40355211B21
04088053C0426603991002F50359211B
2004088053BC426503981006F5032721
1B2004088053AB4265039F100AF50306
211B210408805391426D039B1011F503
F1201B1F0408815382426A03CB1014F5
03E8201B200408825383426C03C51017
F503D7201B200408815379425C03C810
1BF503CB201B200408805366426203C4
1020F5039D201B210408815359426A03
F51025F5037B201B1F040880534A426C
03E91028F5036B201B21040881534242
5C03F2102CF50362201B20040881534A
426403E51032F5034D201B1F04088053
29424803ED1038F50341201B1E040880
5310424503E01039F5033E201B210408
7F5319424E03EC103EF50334201B1F04
087F5306424303E51040F5032C201B20
04087F53FB413E03F01047F50328201B
1F04087F53F4415A03B8104BF5031F20
1B2104087E53DE415403B5104DF50317
201B1F04087E53CD415503B81050F503
0F201B2004087E53C6415303B81053F5
03FE1F1B2104087D53BF41B003ED1058
F503EA1F1B2004087D53B941B203EE10
5DF503DC1F1B2004087E53A841B603EF
105EF503CC1F1B1F04087E53AB41B803
EC1062F503C71F1B2104087F539E4135
03CB1066F503BB1F1B1F04087E538541
2903C91069F503BB1F1B2104087F5383
412F03CA106CF503AA1F1B2104087F53
7B412B03C51070F503AA1F1B2104087F
537C418A03931074F503951F1B200408
8053654177039B1074F503841F1B2004
08805356417B0396107AF503801F1B20
040881534C417C03A0107FF5037C1F1B
1F040881533A417C039A1081F503671F
1B1F0408805335416E03A31083F5035B
1F1B2004088153214174039B1084F503
521F1B200408815320416B039E1088F5
035F1F1B22040881531F4174039C108D
F503491F1B20040881530F417603BE10
8FF5032D1F1B1F0408815304416C03BC
1091F503281F1B2104088153F8408303
BB1095F503181F1B2104088153F4406F
03BE1097F503131F1B2004088053EC40
7203E5109AF503131F1B2004088153E0
407F03F0109BF503071F1B2004088153
D2406F03EC10A0F503EE1E1B20040881
53C8406F03E910A3F503EC1E1B200408
8153B8406D03EF10A5F503EE1E1B2004
088053AC406903F010A6F503E51E1B1F
04088053A6406403ED10AAF503D01E1B
2104088053AB406203E910ADF503D51E
1B2104088153A4406903EA10AFF503D9
1E1B21040880538C407203AD10B2F503
BC1E1B200408815380407003B210B5F5
03961E1B1F0408815380407403B310B7
F5038E1E1B220408815375407403A910
B8F503941E1B21040881537C406603C9
10BBF503A21E1B21040881536F406203
CC10BEF503961E1B210408815356405E
03CA10BFF503811E1B1E040881534740
6803D010C1F503811E1B1D040881533E
408403CE10C3F5037D1E1B2004088153
39408403C810C6F503741E1B1F040880
5321407E03D010CAF503701E1B200408
805317408503C910CAF503531E1B1D04
088253104068038810CCF5034B1E1B21
0408825311406B039110CEF5034F1E1B
2104088253F13F6B038C10D2F503461E
1B2104088153FD3F67038B10D3F5033E
1E1B1F04088153F73F6B038A10D4F503
421E1B1F04088153F53F6E031B11D8F5
03321E1B2004088053F33F76031A11DA
F503321E1B2104088053F33F75031611
D9F503291E1B1E04088053E03F6C0319
11DCF503131E1B2004088153DB3F6703
A510DEF5031D1E1B2104088053D03F60
03AF10DEF503081E1B2104088153C03F
6D03AF10E1F503181E1B2004088153BB
3F6003B310E4F503571E1B2004088153
BB3F7803FB10E6F503321E1B21040882
53B53F8503FE10E6F503D11D1B230408
8253B63F8003F410E9F503CD1D1B2304
088153A63F7603FF10EBF503C71D1B22
04088053953F7A037710EDF503F31D1B
2304088153913F78037410EEF503F31D
1B21040882538C3F7D037610EEF503DA
1D1B2104088353873F78037610F2F503
AC1D1B2304088353883F72037710F2F5
038A1D1B2404088353883F85039E10F5
F503821D1B2504088353693F83039910
F7F5036D1D1B2504088353633F750394
10F9F503711D1B24040883536C3F8303
9A10F7F503FE1C1B24040883536F3F6C
03FA10FBF5033F1D1B26040883535F3F
6203FA10F9F503861D1B240408825348
3F6C03FD10F8F503691D1B2804088253
3F3F5E03FA10F9F5033B1D1B2B040882
533B3F7503A110F7F5031D1D1B2D0408
8253373F79039A10F7F5033F1D1B2E04
088353393F76039810F7F5032E1D1B2B
04088353343F6F039810F8F5033B1D1B
2E04088353253F7203B810FCF503361D
1B2D040883532F3F4703BE10FFF50337
1D1B31040882531C3F4903C010FEF503
DA1D1B3104088253003F5203BB1000F6
03252A1B3604088253163F5303C21010
F603572C1B3A04088353223F6D03DA10
24F603C52D1B3F040883530E3F5903E1
1002F6031F2E1B4204088353053F6A03
D510D9F503752E1B4304088453FA3E63
03DC10B1F503602E1B4504088553053F
830317119BF5037E2E1B4804088653FB
3E7D031A1189F503432E1B4C04088653
1B3F780318119FF503472D1B52040886
534E3F79031611EBF503352D1B550408
8653783F7903BD101FF603602D1B5504
0885539B3F7D03BC1036F603362D1B55
04088553D13F8203BA1051F603F72C1B
590408855312408003B81069F603472D
1B5B040884533F407E03021163F603BD
2D1B5D0408845383407203261145F603
922D1B6204088453A54070032C1133F6
03D22D1B66040885530141730326111E
F603F32D1B6A040884532C4177032111
0AF603E72D1B6B0408845363417C03F2
1001F603A32D1B7004088553AE417C03
F8101EF603FD2C1B7404088453DC416B
03FB104EF6033E2D1B7A040884530942
6F03F81060F603DA2C1B7C040883534B
429103B81083F603102C1B7E04088353
5C429603B810C6F603F72B1B82040884
538B428B03B410F9F603EE2B1B850408
8453BA428B03B31016F703EA2B1B8704
088453F7426E03EA1027F703DE2B1B8A
0408845323437203ED1034F703C92B1B
8B0408845349437603E91042F703922B
1B900408855372437403E6105BF70368
2B1B93040885538D437803E91070F703
7D2B1B9A04088653A84371038D1075F7
03A52B1B9D04088653C6436E038C106F
F703922B1BA204088553FF436B038710
6EF7038A2B1BA704088653314474037F
106FF7037D2B1BAB04088653A4447403
FB1074F703702B1BAD04088653994479
03FB1079F703572B1BB304088653AC44
7603F61082F703502B1BB604088653C8
448003FA108BF703462B1BBC04088653
E9448503DA1093F7033E2B1BBF040885
53E8448003D8109BF703362B1BBF0408
86530E457E03DA10A2F703312B1BC504
08865317457F03D410A7F703142B1BC8
040885533C458503CB10B1F703142B1B
CB040885536B457F03C710B8F703182B
1BCF040886537A458103D110B9F7031C
2B1BD60408855392458903CA10BBF703
142B1BDB04088553AD457903C410BCF7
03182B1BE104088653B54577030A11BB
F703182B1BE304088653C84578030511
BDF703142B1BE504088653D6457A0309
11BBF703212B1BE904088553D8456E03
0B11BCF7031C2B1BEA04088653F14574
038B10BDF703142B1BEE04088653FD45
84038710BBF703252B1BEF040886531A
466D038D10BAF703202B1BF104088653
284676038710B7F7031C2B1BF5040886
533A467003B710B6F703312B1BFB0408
865358467503C510B2F7033A2B1BFF04
08875358466B03AD10ADF703422B1B03
0508875363466E03BC10A2F7034F2B1B
050508875378466A03E9109CF7034C2B
1B090508875387467703E6109AF7035B
2B1B0C0508875393467C03E41099F703
532B1B0E05088653B9466F03EF1098F7
034B2B1B1105088653B7467603E51099
F703422B1B1405088653B3466C03A910
9BF703462B1B1705088653D6467503AB
109CF7032C2B1B1A05088653C7468003
AF10A3F7034B2B1B1905088653DE467E
03AD109FF7034F2B1B1D05088653E246
7403B21099F7039F2B1B2405088653F0
466B03AD1082F703962B1B2605088653
01476A03A71076F703752B1B28050886
53FC466D03AA1073F703C62B1B2E0508
8653FF467303A61060F703702B1B2F05
0886531B477503AD1068F703642B1B34
050886530E477903A81078F7034F2B1B
380508865323477A03B21084F703702B
1B3C0508855327476F033D1185F703EA
2B1B42050885532F477803451168F703
1A2C1B440508855337477E03471145F7
03572C1B48050885532B477A03471121
F703BC2C1B4A050886533A4768034711
F8F603812C1B4D0508855342478E03BA
10E8F603862C1B4F0508865352478703
C810E3F603CD2C1B5305088653444779
03B410C7F603412D1B54050886535747
8003C010A5F603192D1B5B0508865371
476F039B1093F603432D1B5E05088753
5D477D03981080F6038E2D1B61050886
535E4774039C1065F6035C2D1B610508
875363477703961061F6032E2D1B6405
08865368477E0396106AF603292D1B67
0508865364478003981074F603E22C1B
6B050886535A47860396108BF603BC2C
1B6E05088753704783039E10A5F603A7
2C1B75050886537F474D030A11BDF603
322C1B770508875365475B030411DEF6
035F2C1B7A05088753764758030911EE
F6034F2C1B7E0508875361475C030E11
FBF603EE2B1B7F0508885361474D0302
1119F703F72B1B860508875361478003
BC1028F703F72B1B8705088753694771
03BA1031F703D12B1B89050886536747
7403BD1041F703A92B1B8D0508865355
476803BB1054F7038A2B1B8F05088653
57478303B41066F7037D2B1B96050885
5361477C03B71077F7032D2B1B980508
855364478403BC1093F7032D2B1B9C05
08865364477903B110A4F703312B1B9E
050885536C477A033F11A9F7035D2B1B
A005088553754785034811A2F703682B
1BA1050886536E477E034E1197F7036C
2B1BA2050886537B4773034B1192F703
792B1BA3050886537D476F03A51089F7
03792B1BA6050886536D476703A81086
F7035B2B1BA80508855379477103A910
90F703302B1BAB0508855368477403A7
10A1F703182B1BB2050885538C477D03
A910B0F703182B1BB805088553A04779
03AF10BCF703252B1BBA050886538C47
8303AD10BAF7033A2B1BBE0508865384
477E03A810B5F7032D2B1BC205088653
85477503AB10B3F703342B1BC7050888
538F4760033711B2F703312B1BCD0508
88539E475C033911B0F703292B1BD005
088753994760034211B8F703D92A1BD7
050888539E4769033B11C7F7030C2B1B
DE050888539F475D032111CCF703182B
1BE2050888539C4767031811C7F70320
2B1BE705088853B1475F031511C4F703
182B1BEF05088853AE475A031D11C0F7
031C2B1BF205088953B54768032111BF
F7031C2B1BF805088953C24765032911
C0F7031C2B1BFC05088A53CA47640332
11BEF7032D2B1B0206088A53C7476F03
3011BDF703302B1B0A06088A53BC4768
032911BBF7032D2B1B0E06088A53C747
5803BC10BBF7032D2B1B1506088A53CA
474703CB10BAF703362B1B1B06088B53
D3475203CD10B5F703362B1B2006088A
53CF474D03C310B3F703362B1B230608
8A53CC475A039410B3F7032C2B1B2606
088A53E74776037E10B4F703292B1B2B
06088A53DB4769039010B7F7032D2B1B
3106088A53DD4756038710B9F703212B
1B3606088B53E2476703A510BEF703C0
2A1B3A06088C53EC476703A710DAF703
962A1B3D06088B53D5476803A310F9F7
03AF2A1B3F06088B53F0476C03B21003
F8039E2A1B4206088B53FC476F037410
0BF8039A2A1B4606088B53FE4773038B
100DF803AB2A1B4B06088B53F9476C03
74100BF803C02A1B5006088B53F2477A
03811002F803C82A1B5606088B53EA47
6C03861001F803BB2A1B5C06088B53F5
4757039E1004F803A72A1B6306088B53
FE475C039E1007F803A72A1B6806088B
53084850039B100BF803852A1B6D0608
8B5315484C03931016F803892A1B7106
088B53FF476603281117F803C02A1B76
06088B53044860032B110DF803C72A1B
7806088B530B486203291107F803BC2A
1B7F06088B530A4864032E1105F80381
2A1B8306088B5317486203941010F803
A32A1B8A06088B530B485C03941015F8
03A72A1B9106088B5326485F03951010
F803BC2A1B9806088A5322486F039810
0CF803C72A1B9C06088A5326484C037B
1007F803CD2A1BA006088A5322484B03
811003F803BC2A1BA90608895322484B
03851001F803E62A1BAC06088A533548
49037E10FBF703DD2A1BB106088B5320
4851039010F6F703D12A1BB806088B53
20486C037810F6F703D72A1BBE06088B
53294858039310F8F703C42A1BC20608
8B532B485C038D10FCF703D12A1BCA06
088B532D4865037C10FBF703DD2A1BCE
06088B532B486F03AA10F9F703BC2A1B
D206088B5333487C03A91001F803CD2A
1BD706088C5336487803B610FEF703CB
2A1BDD06088C5337487503A91000F803
B82A1BE106088D5340485203811104F8
039E2A1BE506088D533B484E036E110A
F803AB2A1BEB06088D5342484D037811
0FF803B32A1BF006088E533A484C0376
110DF803D12A1BF306088F5358485903
A91005F803EB2A1BF806088F5341484B
03AC10FAF703FF2A1BFC06088F533E48
6203A810F0F703032B1B0207088F533E
484703AA10E7F703FB2A1B0707088F53
3C484F03A410E5F703FF2A1B0C07088F
533E4869038910E7F703EE2A1B150708
8F53464857038510E8F703F82A1B1707
088F533F486D038910EBF703F72A1B1A
07088F533B485C039010EAF703FB2A1B
1D07088F5337483A039A10E8F703F72A
1B2207088F533F4831038F10E9F703FB
2A1B2807088E5349482F039810E6F703
072B1B2E07088E53404838039A10E2F7
03102B1B3107088E534C483C03D610DE
F703102B1B3607088E5342482D03DC10
DDF703142B1B3907088D5333483803D7
10D8F703182B1B3F07088C533E483503
D910D7F703182B1B4407088C53554836
03AA10D7F703182B1B4807088C534948
4003A910D5F703182B1B4E07088B533A
483E03A310D6F703182B1B5307088C53
3C484403A710D9F703182B1B5607088B
534F483C03A710D5F703182B1B5B0708
8B534F485803F910D6F703142B1B5F07
088B5349485803F210D7F703142B1B64
07088B533C484B03FF10D8F7031C2B1B
6A07088B533E485403F510D7F7031C2B
1B6D07088B5339483E03D010D7F70318
2B1B7507088B533E483C03C110D6F703
142B1B7907088B532E483F03C910D6F7
03142B1B7C07088B532B483503C310D9
F703142B1B7E07088B53384834032A11
D9F703182B1B8107088B532F4831032D
11DAF703182B1B8807088C5344483003
2B11D9F703182B1B8C07088C53314834
032711D8F7031C2B1B8F07088C533B48
3C038910D8F7031C2B1B9407088D5326
4845039110D7F703182B1B9807088D53
484835038E10D8F703182B1B9D07088E
533D483D038610D7F703182B1BA40708
8E532F483E039310D7F703142B1BAA07
088E53334842031611D9F703142B1BB0
07088E5326484D031711D8F703212B1B
B307088E53224841031211D8F7031C2B
1BB707088E5335484B030D11D6F70325
2B1BBC07088F532D484303A711D5F703
212B1BC107088F53374843039711D3F7
03292B1BC6070890532B484C03A911D2
F703182B1BCD07088F5326483B03A411
D4F703142B1BD307088F5333484F03C0
10D8F703182B1BD50708905320484B03
BD10D8F7031C2B1BD807088F5337485A
03BE10D9F703142B1BD9070890532748
4B03B610DAF703182B1BDD0708905329
4837039210D9F703252B1BE207089053
354841039E10D6F703292B1BE7070890
532C4839039210D4F703242B1BED0708
8F53354848039510D3F703252B1BF507
089053454841039610D3F703252B1BFD
0708905332484903F810D4F703252B1B
01080890533B485103F410D3F703252B
1B0508088F5346484803F810D4F70329
2B1B0B08088F5326483903FF10D3F703
282B1B1208088E5327482D03CA10D4F7
03252B1B1908088E5333483503C810D3
F703252B1B1D08088D5330483303C510
D3F703292B1B2208088D5330483503CF
10D4F703252B1B2A08088D5333483303
D810D3F703292B1B2E08088C532A4834
03DA10D4F703182B1B3408088C532448
3403DA10D7F703102B1B3808088B5322
483403D310DAF703102B1B3C08088C53
2F483803D710DCF703142B1B4208088B
5336484D03D810DDF703072B1B480808
8C5324485003DF10DCF703072B1B4B08
088B5321484F03E110DFF703042B1B4E
08088B5323484503D410DFF703032B1B
4D08088B53214856031311E1F7030C2B
1B5008088C5327484D031611DEF7030C
2B1B4D08088B531E4859031A11E0F703
072B1B4C08088C532B485E031611E0F7
03072B1B4E08088D530A484D030511DF
F7030C2B1B4F08088D530F4855030911
DFF703102B1B4E08088E5313484F0313
11DEF703102B1B4D08088E5317485F03
0711DEF703102B1B4E080890531E483D
033411DDF703102B1B4E080890531D48
31033411DEF703102B1B4F0808905329
483A033F11E0F7030C2B1B4B08089053
1B483D033911DDF703102B1B4E080890
5313483A035611E0F703102B1B4D0808
905315483D035611DEF703142B1B4E08
0890530D4847035F11DFF7030C2B1B4C
080891530B483F035911DDF703182B1B
4C08089153114844035311DDF703102B
1B4E080891530F486503EA11DEF70314
2B1B4E080891530C486A03EB11DFF703
0C2B1B4D0808925303486103DD11DFF7
03102B1B4D0808925308485A03E111DD
F703102B1B4D08089253084866039311
DFF703102B1B4D080892530C48670387
11DEF703102B1B4D080891530D486703
8611DEF703142B1B4E0808905304486F
039411DFF703102B1B4D080891530648
47031C11DDF703102B1B4D08089153F5
4742032211DEF703102B1B4D08089053
024844031E11DEF703142B1B4D080891
5306483C031811DCF703102B1B4F0808
9153F3473D030911DFF703142B1B4D08
089153F14740030711DDF703102B1B4F
08089153FB4744030A11DDF703102B1B
4D08089153F5474B030E11DFF703182B
1B4C08089053FC473A030711DFF70310
2B1B4F08089153084839033611DEF703
142B1B4F0808905305483C033611DDF7
03182B1B4F0808905311484B033411DC
F703142B1B4E08089153094847033811
DCF703182B1B4E0808915324485E03CD
10DDF703142B1B4E0808925316484D03
C510DBF703182B1B4D080892531D484D
03C710DEF703142B1B4D080892531F48
4F03D510DDF703142B1B4D080892530F
482C033311DEF703142B1B4F08089253
12482F032F11DDF703102B1B4E080893
530E482F033911DFF7030C2B1B4E0808
9353194834033311E0F703102B1B4D08
089353174872035A11DEF703102B1B4D
08089353184869035F11DEF703142B1B
4C080893531C486B035211DCF703102B
1B4E080893531B4870035811DDF70314
2B1B4E08089253094861035011DCF703
142B1B4D08089353134847034711DCF7
03142B1B4D08089353284850034511DB
F703142B1B4C080892531C4849034711
DCF703182B1B4D08089353054846034E
11DBF703182B1B4D0808935324485D03
5511DCF703182B1B4E0808935316486D
035C11DBF703182B1B4E080892532048
63036311DBF7031C2B1B4E080892531B
4866035411D9F703182B1B4D08089253
00484E031211DAF703182B1B49080891
530D484B031211DBF703142B1B360808
9253FC4741031E11DBF703102B1B2708
089253154846031A11DCF703142B1B1A
0808925317483403ED10DDF7031C2B1B
0C080892530C483A03E610DCF703182B
1BFC0708925306483703EC10DAF703C0
2A1BEB070892530C484303E710DDF703
0C2B1BDB0708925315483B03F410DCF7
03FB2A1BCC0708925316483C032911DE
F703102B1BC1070892531E4842032A11
DEF703142B1BB70708925316484E0329
11DCF703142B1BA90708925322484D03
2011DDF703142B1BA70708915314482E
035611DDF703182B1BA7070892531C48
35035A11DFF703142B1BAA070892531C
482B035711DCF703182B1BAA07089253
23482F035A11DDF703182B1BA5070892
531C4865035611DDF703142B1BA50708
9153104868035311DCF703182B1BA507
0891530A486A035511DFF703142B1BA5
070892531C4858035D11DEF703182B1B
A60708915310483203DC10DFF703182B
1BA70708925306483803D710DEF70314
2B1BA20708925309483003E010DDF703
182B1B94070891530D483603DC10DDF7
03102B1B7F0708915317483303D210DD
F703102B1B6D070891530F484D030511
E0F703142B1B65070891530548490307
11DFF703182B1B620708915317483E03
0A11DCF703142B1B5E07089153114845
031011DCF703142B1B4E070891531248
4A03E310DCF703142B1B31070891531D
485B03E310DBF703102B1B1A07089153
1E485603E910DEF7030C2B1B05070891
532B484F03F010DFF703032B1BFB0608
92532B485603EE10E2F703002B1BEC06
08925328486003E910E4F703FB2A1BDA
0608925326485403E810E6F703F72A1B
C90608925328486203F810E9F703F22A
1BC30608925325487603BE10EDF703E6
2A1BC2060892533C487A03C610F1F703
DD2A1BC1060892533A486503C410F5F7
03E32A1BC00608925339487C03B510F8
F703DD2A1BBF060892533D486F03BC10
F8F703E22A1BC0060892533148570380
10F8F703DD2A1BC00608925330486003
7610FCF703D12A1BC2060893533B4869
038210FCF703CD2A1BC2060893532A48
6F037E10FDF703CB2A1BC20608935331
485A03C51000F803CD2A1BC306089353
3B486203CD1002F803CD2A1BC5060893
5333486103B71002F803CD2A1BC50608
93532B485D03D21003F803D12A1BC206
08935328485103961004F803CD2A1BB6
06089453314861039A1002F803CF2A1B
A9060894533A484A03A41002F803CD2A
1B930608945343485303931000F803C8
2A1B770608945337485A03921000F803
D12A1B54060895532F485A037D10FFF7
03CD2A1B3A0608955340486003811000
F803C42A1B2B060896534D485A038410
FFF7033A2A1B2406089753C04848038A
1004F803BC2A1B2006089653A1484F03
391107F803BC2A1B10060897536D4856
033B1106F803B82A1BFB050897536B48
5C03381109F803AF2A1BE70508965364
48570334110AF803AB2A1BD905089653
7648640395100FF803A72A1BD3050896
536E486503A6100FF803962A1BC90508
965362486203961015F803922A1BB405
089553534865039E101AF803962A1B94
050895536248670303111DF8038E2A1B
770508955349486D03F3101EF803892A
1B640508955351486203F81020F8038F
2A1B580508955356485C03001120F803
1C2A1B47050894536B486B03BF101CF8
03A72A1B39050894535D485803C51014
F803C02A1B2A050893536C485903BE10
09F803CD2A1B220508925360486203CA
10FCF703E62A1B1D050893536D485A03
CE10EFF703FC2A1B1E050892535F4888
038510E0F703072B1B19050892535148
84038C10D4F703182B1B0B0508935359
4876038A10CAF703032B1BEF04089353
4F4882039210CCF703FB2A1BD3040894
534F488903A310CBF703252B1BBD0408
945349489203AE10B6F703C22B1BAC04
0894535E4898039E1086F703E62B1B9D
0408945373488D03A21052F703322C1B
8C04089453A9485803B6102EF7036C2C
1B7F04089453A9486403BC100CF70381
2C1B7804089453B5486003BC10F1F603
D12C1B75040895538C485A03B310CDF6
03112D1B770408955382485303CF10AB
F603042D1B750408965367488503C310
97F603082D1B670408955376488B03C6
108DF603FF2C1B4F040894536D487A03
C8108BF603C92C1B2E04089453664873
03CB1090F603C02C1B16040894535848
7D038E1094F603E42C1B0A0408955362
4985038D1098F603EA2C1B0504089453
744981037D1097F603042D1B03040894
53F64884038C108FF603082D1B010408
9453D2480103BE1088F603FF2C1B0004
0894539C480003B01086F603F92C1B00
0408945382480103B21086F603F32C1B
FB030893538C480403C5108DF603F32C
1BFE030893536E487D0378108FF603F3
2C1BFB0308935346488703761091F603
F72C1BFC0308935345488503741092F6
03FB2C1BFD030893533A488C03861091
F603EC2C1BFE03089353234872039B10
92F603E22C1BF90308945320489E03C9
1095F603EA2C1BF2030895530D489D03
C71095F603EA2C1BE9030894532E489F
03C51094F603FB2C1BDE03089553C748
9E03D01092F603CD2A1BCF03089453B0
4890001E0A7EF603512D1BC503089553
79489600250A71F603322D1BBE030894
53484890001C0A5AF603CF9718C00308
945335488F00140A48F60348A90FBF03
0895536248670530045AF603B96F0FBF
03089553D3486C0532048DF6030F480F
BF03089553C04868053B04DAF6039CDD
0FBE03089553DB486A0532042EF70380
A80EBE03089553D8489B02C3038AF703
9C130FBF03089453E148AC02C503FEF7
03AE0B0FBF030895535749A302C10373
F803E9260FBF030895530E49AD02C003
CDF803F4D80EBE030895537649A802C4
0318F90399FF0EBF0308955346499F02
CA0352F90349530FBF030896533F49A0
02D40382F90327000FBE030895530D49
A702BF03AFF903BD480EBE03089553EB
489F02C903E3F903AE7C0DBD03089553
B148A902C80305FA037B080EC0030895
539F48A302C60310FA03E4E50EC00308
95539A48A802C30314FA037E390FC103
0895537448A402C4031AFA0306790FC0
030895537A48A602BE0328FA0390750E
BF0308965374499702BB0349FA03CE60
0FBF030896530A4BA902CA0377FA0338
BF0EBF03089653744C9F02D303A7FA03
CC5D0EBF03089653DE4DDD024A0AD7FA
03142C0EBF03089653774DE402550AEC
FA03474D0EC0030896530C4DEA02500A
FAFA03DA350FBF030897536C4CE2024D
0AFCFA03100210BF03089753A04BE302
7E1504FB03F4560EC0030897531A4B52
05A38D10FB03E7610EBE03089753C04B
4905AA8D3DFB031C090FBF030898531A
4C5105B58D8FFB03D7020FBF03089853
C04F4C05AE8D0AFC030FFA0EBF030898
53A95276047F5A84FC03C7750EC00308
9853E6517504855ACFFC03CEE40FBF03
089853B75279047F5AE9FC03857315BF
0308985344527504865AB2FC03D81F1B
BF03089853C65050020C12</Data>

   <DataCRC>fafdb20c</DataCRC>

   <BytesSent>12155</BytesSent>

</SBEDataUpload>
</InstrumentRawData>
</SBEDataUploadFile>
