<?xml version="1.0"?>
<!-- SCPlusV2_RS232 -->
<SBEDataUploadFile>
<ApplicationData>
<Seaterm232>
<SoftwareVersion>2.6.3.104</SoftwareVersion>
<BuildDate>30-Jun-2017</BuildDate>
</Seaterm232>
</ApplicationData>
<InstrumentState>
<HardwareData DeviceType='SBE19plus' SerialNumber='01906740'>

   <Manufacturer>Sea-Bird Electronics, Inc.</Manufacturer>

   <FirmwareVersion>2.2d</FirmwareVersion>

   <FirmwareDate>9 February 2011 08:30</FirmwareDate>

   <CommandSetVersion>1.1</CommandSetVersion>

   <PCBAssembly PCBSerialNum='25307' AssemblyNum='41054G'/>

   <PCBAssembly PCBSerialNum='25737' AssemblyNum='41580B'/>

   <PCBAssembly PCBSerialNum='24669' AssemblyNum='41606'/>

   <PCBAssembly PCBSerialNum='24372' AssemblyNum='41059D'/>

   <MfgDate>  08 DEC 2010</MfgDate>

   <InternalSensors>

      <Sensor id='Main Temperature'>

         <type>temperature0</type>

         <SerialNumber>01906740</SerialNumber>

      </Sensor>

      <Sensor id='Main Conductivity'>

         <type>conductivity-0</type>

         <SerialNumber>01906740</SerialNumber>

      </Sensor>

      <Sensor id='Main Pressure'>

         <type>strain-0</type>

         <SerialNumber>3220369</SerialNumber>

      </Sensor>

   </InternalSensors>

   <ExternalSensors>

      <Sensor id='volt 0'>

         <type>SBE 43 OXY</type>

         <SerialNumber>432005</SerialNumber>

      </Sensor>

      <Sensor id='volt 1'>

         <type>not assigned</type>

         <SerialNumber>not assigned</SerialNumber>

      </Sensor>

      <Sensor id='volt 2'>

         <type>ECO-FLNTURT CHL</type>

         <SerialNumber>FLNTURTD-2025</SerialNumber>

      </Sensor>

      <Sensor id='volt 3'>

         <type>ECO-FLNTURT TURB</type>

         <SerialNumber>FLNTURTD-2025</SerialNumber>

      </Sensor>

      <Sensor id='volt 4'>

         <type>not assigned</type>

         <SerialNumber>not assigned</SerialNumber>

      </Sensor>

      <Sensor id='volt 5'>

         <type>not assigned</type>

         <SerialNumber>not assigned</SerialNumber>

      </Sensor>

   </ExternalSensors>

</HardwareData>
<StatusData DeviceType='SBE19plus' SerialNumber='01906740'>

   <DateTime>2018-12-07T14:28:32</DateTime>

   <LoggingState>not logging</LoggingState>

   <EventSummary numEvents='241'/>

   <Power>

      <vMain>12.2</vMain>

      <vLith>5.4</vLith>

      <iMain>61.5</iMain>

      <iPump>36.4</iPump>

      <iExt01> 4.1</iExt01>

      <iExt2345>20.6</iExt2345>

   </Power>

   <MemorySummary>

      <Bytes>1492821</Bytes>

      <Samples>87813</Samples>

      <SamplesFree>3782666</SamplesFree>

      <SampleLength>17</SampleLength>

      <Profiles>111</Profiles>

   </MemorySummary>

</StatusData>
<ConfigurationData DeviceType='SBE19plus' SerialNumber='01906740'>

   <ProfileMode>

      <ScansToAverage>1</ScansToAverage>

      <MinimumCondFreq>3226</MinimumCondFreq>

      <PumpDelay>60</PumpDelay>

      <AutoRun>no</AutoRun>

      <IgnoreSwitch>no</IgnoreSwitch>

   </ProfileMode>

   <Battery>

      <Type>alkaline</Type>

      <CutOff>7.5</CutOff>

   </Battery>

   <DataChannels>

      <ExtVolt0>yes</ExtVolt0>

      <ExtVolt1>no</ExtVolt1>

      <ExtVolt2>yes</ExtVolt2>

      <ExtVolt3>yes</ExtVolt3>

      <ExtVolt4>no</ExtVolt4>

      <ExtVolt5>no</ExtVolt5>

      <SBE38>no</SBE38>

      <OPTODE>no</OPTODE>

      <GTD>no</GTD>

   </DataChannels>

   <EchoCharacters>yes</EchoCharacters>

   <OutputExecutedTag>yes</OutputExecutedTag>

   <OutputFormat>raw HEX</OutputFormat>

</ConfigurationData>
<CalibrationCoefficients DeviceType='SBE19plus' SerialNumber='01906740'>

   <Calibration format='TEMP1' id='Main Temperature'>

      <SerialNum>01906740</SerialNum>

      <CalDate>07-Jan-11 </CalDate>

      <TA0>1.255288e-03</TA0>

      <TA1>2.593288e-04</TA1>

      <TA2>-2.376104e-07</TA2>

      <TA3>1.449298e-07</TA3>

      <TOFFSET>0.000000e+00</TOFFSET>

   </Calibration>

   <Calibration format='WBCOND0' id='Main Conductivity'>

      <SerialNum>01906740</SerialNum>

      <CalDate>07-Jan-11</CalDate>

      <G>-1.033008e+00</G>

      <H>1.393941e-01</H>

      <I>-2.175401e-04</I>

      <J>3.475757e-05</J>

      <CPCOR>-9.570000e-08</CPCOR>

      <CTCOR>3.250000e-06</CTCOR>

      <CSLOPE>1.000000e+00</CSLOPE>

   </Calibration>

   <Calibration format='STRAIN0' id='Main Pressure'>

      <SerialNum>3220369</SerialNum>

      <CalDate>21-Dec-10</CalDate>

      <PA0>8.222195e-01</PA0>

      <PA1>1.566037e-02</PA1>

      <PA2>-6.194425e-10</PA2>

      <PTCA0>5.244452e+05</PTCA0>

      <PTCA1>4.417653e+00</PTCA1>

      <PTCA2>-9.798927e-02</PTCA2>

      <PTCB0>2.510725e+01</PTCB0>

      <PTCB1>-1.150000e-03</PTCB1>

      <PTCB2>0.000000e+00</PTCB2>

      <PTEMPA0>-5.917147e+01</PTEMPA0>

      <PTEMPA1>5.387460e+01</PTEMPA1>

      <PTEMPA2>-2.653169e-01</PTEMPA2>

      <POFFSET>0.000000e+00</POFFSET>

      <PRANGE>5.076000e+03</PRANGE>

   </Calibration>

   <Calibration format='VOLT0' id='Volt 0'>

      <OFFSET>-4.687158e-02</OFFSET>

      <SLOPE>1.247988e+00</SLOPE>

   </Calibration>

   <Calibration format='VOLT0' id='Volt 1'>

      <OFFSET>-4.719579e-02</OFFSET>

      <SLOPE>1.248132e+00</SLOPE>

   </Calibration>

   <Calibration format='VOLT0' id='Volt 2'>

      <OFFSET>-4.684526e-02</OFFSET>

      <SLOPE>1.248324e+00</SLOPE>

   </Calibration>

   <Calibration format='VOLT0' id='Volt 3'>

      <OFFSET>-4.678105e-02</OFFSET>

      <SLOPE>1.247145e+00</SLOPE>

   </Calibration>

   <Calibration format='VOLT0' id='Volt 4'>

      <OFFSET>-4.669684e-02</OFFSET>

      <SLOPE>1.248307e+00</SLOPE>

   </Calibration>

   <Calibration format='VOLT0' id='Volt 5'>

      <OFFSET>-4.709579e-02</OFFSET>

      <SLOPE>1.247697e+00</SLOPE>

   </Calibration>

   <Calibration format='FREQ0' id='external frequency channel'>

      <EXTFREQSF>9.999977e-01</EXTFREQSF>

   </Calibration>

</CalibrationCoefficients>
<EventCounters DeviceType='SBE19plus' SerialNumber='01906740'>

   <EventSummary numEvents='241'/>

   <Event type='ErrorFLASHUncorrectableError' count='241'/>

</EventCounters></InstrumentState>
<Headers>

cast  89 03 Dec 2018 10:51:49 samples 76161 to 76360, avg = 1, stop = mag switch

</Headers><InstrumentRawData>
<SBEDataUpload startAddr='1294720'>

   <Type>1</Type>

   <DataFormat>SEACATPLUS0</DataFormat>

   <Bytes>3400</Bytes>

   <Data>
79E70391DA13E003085C54F64D05029F
05C6EA033A5D13EC03085B544C4F0002
9805A6EC0301DF11F203085A542C4E08
029D05C4ED03CEDA12F503085A545E4E
0302A205FFED033AA414F7030859541B
4EF3FB4F52FDED03189118F903085954
804D02FC58524EEE03A0401B02040859
54DD4CEEFB4E52CCEE0353411B060408
59547B4C01FC46522AEF03CD431B0A04
0858545D4C37034D1669EF03AE481B0A
040859542A4C35034E1697EF03734B1B
0904085854034C340353165BEF03F74C
1B0A04085854FF4B37034B162BEE039E
4C1B0804085754064C01036B1163ED03
D7491B0E04085754FF4B0803721148ED
03E9481B0F04085754FA4BFD0274116D
ED03CB481B13040857546F4B06036A11
ADED03D2471B1704085754544BFA025F
1116EE0327451B1B040858542F4B0E03
2A119FEE0358411B1E04085954414B13
03261128EF03793E1B1F04085A54314B
0F0327118BEF03603C1B1C04085B5443
4B11033011D7EF03143C1B1A04085B54
3D4B1503541109F0038C3A1B1704085C
54744B1003571128F003C2391B1B0408
5C545C4B0D0352112EF003F4391B1D04
085C54674B110354112EF003AA391B22
04085C546F4BF60249112CF0038F391B
2204085D54784BEF0243112BF003B539
1B2304085E54784BEF024B1128F00376
391B1F04085F54AF4BF9024D1123F003
3D391B1E04086054AB4BF3022B1126F0
0393391B1F04086054A14BEE02251128
F003C2391B1F04086154D64BEA022311
2BF003A8391B2004086054DA4BF50232
112EF00369391B2104086154BD4BEA02
1F1134F00361391B2404086154FD4B02
0343113AF0032E391B2504086154CD4B
00034B1140F0031D391B2604086254FB
4BFE02421146F00308391B2604086254
E24C050342114CF0031C391B22040862
54134DF5020F1150F00326391B220408
6354C74CF6020B1154F00321391B2104
0863548E4CED0203115AF0030C391B21
04086354574CEC02FF105CF00308391B
26040863541C4C120316115EF0032939
1B2804086254074C0E0312115FF00369
391B2704086354E74B0B0318115BF003
93391B2604086454F14B0F031F1158F0
030C391B2304086354BB4B0303151156
F00310391B2304086354924B08031211
57F00361391B23040863546A4BF6021A
1154F003D3391B25040863545B4B0603
141155F0031E3A1B2504086354404B06
031C1151F003403A1B2604086354204B
E702131151F0036D3A1B2804086254D5
4ACF020B1150F003CB3A1B2704086254
C64AE002171150F003203B1B27040861
54BE4ADE0216114EF003573B1B250408
6154804A130322114DF003FB3A1B2304
086054584A1703251149F003733A1B24
04085F54454A0F03241146F003903A1B
2604085F54F34913032B1141F003C33A
1B2504085F54F54912034A1140F003C6
3A1B2604085E54E5490F0346113EF003
6A3A1B2604085E54FE49140341113EF0
03383A1B2804085E54C5490F0341113A
F0037B3A1B2904085E54794926036811
3BF003D43A1B2A04085F542E49280369
113AF0030F3B1B2604085E5421491A03
721139F003743B1B2604085F54274923
036D1137F003F13A1B2504085F543A49
2B036A1134F0031E3A1B2404085F54EC
48F402E81030F003AE391B2404086054
8848ED02EF102CF00393391B28040860
544248EE02E5102AF003273A1B2C0408
60544948F902EB102AF003FD3C1B2D04
086054534800031A112EF003EE3D1B2D
0408605450480F0311112CF003CD3B1B
2B040861544448F90216112DF003353B
1B27040861542C48FB021F1132F003ED
3A1B290408615400480603FE1030F003
FA3A1B2804086254FE47F902FC102EF0
03893A1B2904086254FB47F702F1102C
F003CA391B290408625415480303F110
27F00358391B2F04086254FC47F4021A
1126F003C2391B3504086254D847E602
1A1127F003603C1B3804086354EF47EF
0217112AF003D43D1B38040862549C47
F8021A1129F003B13C1B3C040861549C
47E9020B1127F0037E3C1B3D04086154
88470D03EB1028F003743C1B40040861
545F471103EA102BF003C93B1B410408
625445471303E4102AF003633B1B4504
0862543B470B03E6102AF0034E3B1B48
0408625431472203111128F0035B3B1B
4A0408625423471C03101126F003CA3A
1B510408625433471C03031123F0036F
3A1B53040862541F472403161121F003
383A1B5904086154F846E002FA101FF0
03D13B1B5D04086254EE46D902FC1020
F003AD3C1B5E04086254CE46EB02FD10
1FF0030C3C1B6104086254F046DB02ED
1021F003B83B1B6304086254CE46DB02
F4101DF0030F3B1B6504086254B246D7
02ED1020F003243A1B69040862549446
E502F2101FF003F9391B710408635494
46D302EF101FF003923B1B7704086354
7846DF02DE1022F0032F3D1B79040863
54D0460603251120F0035E3D1B790408
63547846080320111FF003983D1B7A04
08635434460203241121F003B63D1B7D
040864543946F4022E1122F003CA3C1B
80040864543C4603031C1123F0031D3C
1B820408635443460103141122F0039D
3B1B84040864544346FD02191126F003
653C1B850408635416460903121128F0
03783B1B8904086354F3451803421126
F003063B1B8B04086354FD4517034B11
20F0031B3B1B8F04086454DC450B0348
111EF0033D3B1B9204086454E4450D03
3D111FF003B53C1B9304086454BA45E6
02FB1120F003AA3D1B9604086454B045
EB02041222F003BD3D1B9704086454DE
45FB02FA1120F003693C1B9B04086454
E745F102FC1121F003703B1BA2040864
543246EC02031220F003353B1BA20408
64542A461403121218F003603C1BA104
0863543C4611030C1215F003A13D1B9F
0408635432460D031E1214F0030B3E1B
9F0408635433461103111216F003683E
1B9D040864544946FE02911215F003A7
3E1B9C040863541646F5029E1216F003
703E1B9E0408645416460D038C1217F0
03623D1B9C0408645417460603981219
F0032A3C1B9B040864540646EB026713
18F003BC3B1B9C040864541146EF0266
130EF003233D1B9C040864540646FE02
571305F003313E1B9D04086354DC45E7
025B1303F003193F1B9F04086354EF45
1F03D91201F003A43F1BA004086454CD
451E03D91200F003A43F1BA004086454
E8452903CA12EAEF03263F1B9F040864
54E7452203CE12B5EF03113F1B9F0408
6454B7452803C31278EF03433F1BA004
086454A445E8028D1246EF03A03F1BA2
040864549245FC02941229EF0345401B
A104086454A045EA02971214EF038D40
1B9E04086454A645F002941209EF035A
401B9E04086454B445ED025E1309EF03
E13F1B9C04086454AD45FC025D1314EF
03A93F1B9D040864542F46E802611320
EF038F3F1B9F04086454F645E6026113
2FEF03653F1B9E04086554C3452B0331
1239EF037C3F1B9E04086554AD453403
321243EF0338401BA00408655474452D
03381248EF03BB401BA0040865545145
3A0334124BEF03EE401BA20408665461
451603D5124CEF030E411B9F04086654
3E451503DB1249EF030B411B9F040866
5413450303DA1244EF0371411B9D0408
65540C451303DB123FEF036D411B9B04
08665419450803CC123EEF0377411B96
040866546246CA0265123EEF033E411B
9004086654CD46D50268123DEF039F41
1B8E040866549C46D102611232EF039B
411B8604086654E745D602601219EF03
6B411B8104086654A64513034611F9EE
03F0411B7D040866544A4515035011D7
EE03C5411B7F04086654234515035B11
A5EE03EB411B7E04086654DD440D0356
1155EE0302421B7804086554C8440E03
181176ED035E421B6A04086554964403
03091137EC0373421B59040865547D44
0A03231144EB03BD411B490408645481
44F7020F1187EA0353411B3F04086454
54440C0356110BEA03B9411B2F040863
54564410035511EFE90344421B1E0408
6454284411035B11EFE9036D411B0F04
0864541F441203501107EA03433F1B0B
04086454DD4311035511CCEA03363C1B
0F04086454EF43D802FD101CEC03853B
1B1104086454F743DF02051114ED03DF
3C1B1004086454FA43E3020211B0ED03
903F1B0D040864541244E602061115EE
0314411B0604086554F64311032111B0
ED0352401B01040864541F4413032511
16ED035B3E1BFE030865543844070318
11E6EC03C93C1B010408655436440E03
2511FEEC033A3C1B09040865541944F3
025A1163ED034B3C1B0A040865542344
F0025811C8ED035E3D1B0C04086554F6
43EA024C1107EE03903E1B0804086554
2043F3025C113AEE03EB3E1B09040866
5478430203611261EE033F3F1B090408
66547C430303571286EE0312401B0504
086554FE420603621267EE0373411BFC
030866540043F902611268ED0393411B
EC030866542043120361122BEC03A441
1BD9030865541B435E051A1271EB0332
411BD20308655401435E0522120BEB03
90401BD2030865541A4462051812CDEA
03A6401BD103086454A34465053012B0
EA03C4401BC4030864545944F306171E
A6EA03833F1BC4030864545444F0061B
1EC1EA033F9E19C303086354A644E106
261E0EEB038F9415C4030863542F45E8
06241E4FEB0317EB0FC303086454FC44
FB080F046EEB030EED0CC303086354C5
440D091B0482EB039E420DC403086354
C64402091D0499EB03E3BA0FC5030862
54CB440D090C04AFEB033E250FC40308
6254A5446B031A0F</Data>

   <DataCRC>e3df1b01</DataCRC>

   <BytesSent>3400</BytesSent>

</SBEDataUpload>
</InstrumentRawData>
</SBEDataUploadFile>
