<?xml version="1.0"?>
<!-- SCPlusV2_RS232 -->
<SBEDataUploadFile>
<ApplicationData>
<Seaterm232>
<SoftwareVersion>2.6.3.104</SoftwareVersion>
<BuildDate>30-Jun-2017</BuildDate>
</Seaterm232>
</ApplicationData>
<InstrumentState>
<HardwareData DeviceType='SBE19plus' SerialNumber='01906740'>

   <Manufacturer>Sea-Bird Electronics, Inc.</Manufacturer>

   <FirmwareVersion>2.2d</FirmwareVersion>

   <FirmwareDate>9 February 2011 08:30</FirmwareDate>

   <CommandSetVersion>1.1</CommandSetVersion>

   <PCBAssembly PCBSerialNum='25307' AssemblyNum='41054G'/>

   <PCBAssembly PCBSerialNum='25737' AssemblyNum='41580B'/>

   <PCBAssembly PCBSerialNum='24669' AssemblyNum='41606'/>

   <PCBAssembly PCBSerialNum='24372' AssemblyNum='41059D'/>

   <MfgDate>  08 DEC 2010</MfgDate>

   <InternalSensors>

      <Sensor id='Main Temperature'>

         <type>temperature0</type>

         <SerialNumber>01906740</SerialNumber>

      </Sensor>

      <Sensor id='Main Conductivity'>

         <type>conductivity-0</type>

         <SerialNumber>01906740</SerialNumber>

      </Sensor>

      <Sensor id='Main Pressure'>

         <type>strain-0</type>

         <SerialNumber>3220369</SerialNumber>

      </Sensor>

   </InternalSensors>

   <ExternalSensors>

      <Sensor id='volt 0'>

         <type>SBE 43 OXY</type>

         <SerialNumber>432005</SerialNumber>

      </Sensor>

      <Sensor id='volt 1'>

         <type>not assigned</type>

         <SerialNumber>not assigned</SerialNumber>

      </Sensor>

      <Sensor id='volt 2'>

         <type>ECO-FLNTURT CHL</type>

         <SerialNumber>FLNTURTD-2025</SerialNumber>

      </Sensor>

      <Sensor id='volt 3'>

         <type>ECO-FLNTURT TURB</type>

         <SerialNumber>FLNTURTD-2025</SerialNumber>

      </Sensor>

      <Sensor id='volt 4'>

         <type>not assigned</type>

         <SerialNumber>not assigned</SerialNumber>

      </Sensor>

      <Sensor id='volt 5'>

         <type>not assigned</type>

         <SerialNumber>not assigned</SerialNumber>

      </Sensor>

   </ExternalSensors>

</HardwareData>
<StatusData DeviceType='SBE19plus' SerialNumber='01906740'>

   <DateTime>2018-12-07T14:28:32</DateTime>

   <LoggingState>not logging</LoggingState>

   <EventSummary numEvents='241'/>

   <Power>

      <vMain>12.2</vMain>

      <vLith>5.4</vLith>

      <iMain>61.5</iMain>

      <iPump>36.4</iPump>

      <iExt01> 4.1</iExt01>

      <iExt2345>20.6</iExt2345>

   </Power>

   <MemorySummary>

      <Bytes>1492821</Bytes>

      <Samples>87813</Samples>

      <SamplesFree>3782666</SamplesFree>

      <SampleLength>17</SampleLength>

      <Profiles>111</Profiles>

   </MemorySummary>

</StatusData>
<ConfigurationData DeviceType='SBE19plus' SerialNumber='01906740'>

   <ProfileMode>

      <ScansToAverage>1</ScansToAverage>

      <MinimumCondFreq>3226</MinimumCondFreq>

      <PumpDelay>60</PumpDelay>

      <AutoRun>no</AutoRun>

      <IgnoreSwitch>no</IgnoreSwitch>

   </ProfileMode>

   <Battery>

      <Type>alkaline</Type>

      <CutOff>7.5</CutOff>

   </Battery>

   <DataChannels>

      <ExtVolt0>yes</ExtVolt0>

      <ExtVolt1>no</ExtVolt1>

      <ExtVolt2>yes</ExtVolt2>

      <ExtVolt3>yes</ExtVolt3>

      <ExtVolt4>no</ExtVolt4>

      <ExtVolt5>no</ExtVolt5>

      <SBE38>no</SBE38>

      <OPTODE>no</OPTODE>

      <GTD>no</GTD>

   </DataChannels>

   <EchoCharacters>yes</EchoCharacters>

   <OutputExecutedTag>yes</OutputExecutedTag>

   <OutputFormat>raw HEX</OutputFormat>

</ConfigurationData>
<CalibrationCoefficients DeviceType='SBE19plus' SerialNumber='01906740'>

   <Calibration format='TEMP1' id='Main Temperature'>

      <SerialNum>01906740</SerialNum>

      <CalDate>07-Jan-11 </CalDate>

      <TA0>1.255288e-03</TA0>

      <TA1>2.593288e-04</TA1>

      <TA2>-2.376104e-07</TA2>

      <TA3>1.449298e-07</TA3>

      <TOFFSET>0.000000e+00</TOFFSET>

   </Calibration>

   <Calibration format='WBCOND0' id='Main Conductivity'>

      <SerialNum>01906740</SerialNum>

      <CalDate>07-Jan-11</CalDate>

      <G>-1.033008e+00</G>

      <H>1.393941e-01</H>

      <I>-2.175401e-04</I>

      <J>3.475757e-05</J>

      <CPCOR>-9.570000e-08</CPCOR>

      <CTCOR>3.250000e-06</CTCOR>

      <CSLOPE>1.000000e+00</CSLOPE>

   </Calibration>

   <Calibration format='STRAIN0' id='Main Pressure'>

      <SerialNum>3220369</SerialNum>

      <CalDate>21-Dec-10</CalDate>

      <PA0>8.222195e-01</PA0>

      <PA1>1.566037e-02</PA1>

      <PA2>-6.194425e-10</PA2>

      <PTCA0>5.244452e+05</PTCA0>

      <PTCA1>4.417653e+00</PTCA1>

      <PTCA2>-9.798927e-02</PTCA2>

      <PTCB0>2.510725e+01</PTCB0>

      <PTCB1>-1.150000e-03</PTCB1>

      <PTCB2>0.000000e+00</PTCB2>

      <PTEMPA0>-5.917147e+01</PTEMPA0>

      <PTEMPA1>5.387460e+01</PTEMPA1>

      <PTEMPA2>-2.653169e-01</PTEMPA2>

      <POFFSET>0.000000e+00</POFFSET>

      <PRANGE>5.076000e+03</PRANGE>

   </Calibration>

   <Calibration format='VOLT0' id='Volt 0'>

      <OFFSET>-4.687158e-02</OFFSET>

      <SLOPE>1.247988e+00</SLOPE>

   </Calibration>

   <Calibration format='VOLT0' id='Volt 1'>

      <OFFSET>-4.719579e-02</OFFSET>

      <SLOPE>1.248132e+00</SLOPE>

   </Calibration>

   <Calibration format='VOLT0' id='Volt 2'>

      <OFFSET>-4.684526e-02</OFFSET>

      <SLOPE>1.248324e+00</SLOPE>

   </Calibration>

   <Calibration format='VOLT0' id='Volt 3'>

      <OFFSET>-4.678105e-02</OFFSET>

      <SLOPE>1.247145e+00</SLOPE>

   </Calibration>

   <Calibration format='VOLT0' id='Volt 4'>

      <OFFSET>-4.669684e-02</OFFSET>

      <SLOPE>1.248307e+00</SLOPE>

   </Calibration>

   <Calibration format='VOLT0' id='Volt 5'>

      <OFFSET>-4.709579e-02</OFFSET>

      <SLOPE>1.247697e+00</SLOPE>

   </Calibration>

   <Calibration format='FREQ0' id='external frequency channel'>

      <EXTFREQSF>9.999977e-01</EXTFREQSF>

   </Calibration>

</CalibrationCoefficients>
<EventCounters DeviceType='SBE19plus' SerialNumber='01906740'>

   <EventSummary numEvents='241'/>

   <Event type='ErrorFLASHUncorrectableError' count='241'/>

</EventCounters></InstrumentState>
<Headers>

cast  87 03 Dec 2018 10:35:17 samples 75218 to 75775, avg = 1, stop = mag switch

</Headers><InstrumentRawData>
<SBEDataUpload startAddr='1278689'>

   <Type>1</Type>

   <DataFormat>SEACATPLUS0</DataFormat>

   <Bytes>9486</Bytes>

   <Data>
13EF03D7FE0BD503082554254B1709F4
FB05EF03D0260CDB030826542D4D0D09
F4FB50EF03A42E0CE403082654974C11
09FBFBAFF20353310CEB03082654F44B
1E09FAFBC3F7031B3C0EF20308265472
4B6A0458382BFB0331CF14F903082854
F64A6E045C382FFD0363D314FB030828
54A24A6F045F385EFE03C43E16FB0308
28545F4A6E04683837FF03B48A17FB03
0828540A4A6F03BC22CDFF035C0C18F9
03082954DE497603BF22450004B4261B
FF03082954B1496C03BF22AB0004C827
1B0804082A54A3497B03C222ED000469
241B1404082B54804900030B15330104
D6231B1D04082C548B49FF0202158301
04F1201B2704082D54844904031115B6
0104471E1B2704082D54724908030915
E80104C11D1B2204082E545649060308
15220204861D1B1C04082D5461499E02
7D0F580204E21D1B1A04082E545449A6
028A0F7B0204E21D1B1F04082E545049
AD028A0F8D0204701E1B2704082E5458
49A8027C0F9402044A1F1B2C04082E54
5B49C5023C0F9402047C1F1B2D04082E
543849D2023E0F970204B01D1B270408
2F543049D102430F9D0204121D1B2104
0830542D49D602380F930204FC1C1B1E
040830545149E102C010830204A31D1B
20040830546449ED02B510760204DE1D
1B24040831546349E802BD106A02042E
1D1B2A040831545249E502BA106F0204
471D1B2C040830545C49E20255128B02
04FC1C1B2B040830544749D7024C12B2
0204441C1B29040830545049DA025612
DA0204CB1B1B27040830546349DA0252
12FB0204D41B1B28040831545449E302
4C12100304D71B1B26040832546A49D9
028D0F200304A11B1B28040832548C49
D9027D0F2B03048C1B1B2B04083254F0
4ADB02780F2E0304BA1B1B2C04083254
A34AC002830F220304091C1B2D040832
54404AE202510F1803041E1C1B2A0408
3254154AD202520F040304F51B1B2704
083254E949E302510FE10204E81B1B26
04083254BD49E702560FB20204491C1B
2A040832549249D7024F0F880204BD1C
1B2D040831547049D7024F0F6C020437
1D1B2D040831545749CF02540F560204
791D1B29040830541849CD025A0F4502
04321D1B2704083054FD48E302740F38
0204221D1B2704083054E248E7026C0F
2702043B1D1B2804083054BC48E0027E
0F190204711D1B2E04083054BE48E202
6D0F100204B81D1B2F04083054B448E0
02760F080204FF1D1B2F04082F548548
CD024E0F040204361E1B2B04082F546B
48D702580FFD01044F1E1B2904082F54
5248CC024A0FFC0104FB1D1B2804082F
543048CC02490F000204C51D1B2A0408
2E543548EF02630F080204B01D1B2B04
082E541748F102620F120204BC1D1B2F
04082F540148F702610F1A0204EF1D1B
3204082F54D347EC02620F1E0204AC1E
1B3404083054B947FC02170F1E020474
1F1B3304083054A447ED021E0F1E0204
9E1F1B2E040830547747F102110F2002
040B1F1B29040830547C47EC02280F23
0204C41E1B29040830545C47C002020F
280204791E1B28040831544347BC02FD
0E2C0204461E1B2A04083254F246C802
FA0E300204461E1B2C04083254BA46C0
02F50E310204431E1B3004083254A846
BB02F70E3202043A1E1B30040832548B
46DB02DD0F360204321E1B3104083254
7046E302D80F370204B71E1B32040832
545846E702EE0F360204F11F1B300408
33543446E502D60F3202040F201B2C04
0833542C46C202450F2D0204131F1B2A
040833541946D802440F2E0204C01E1B
2904083254F545CD02470F320204791E
1B2C04083254ED45D8023B0F34020423
1E1B2E04083254C145D802740F370204
E21D1B3104083254C145CC02680F3D02
047D1E1B3504083254A945CA02790F41
020488201B3604083254AB45C702720F
420204DC201B31040831549145E60249
0F3C02042B211B2C040832548345DD02
490FFD0104C7201B27040832547345DB
023A0FD5010430201B26040832546645
D3023C0FC70104651F1B28040833543E
45DB024B0FBA0104FA1E1B2E04083254
1D45DB02500FB40104181F1B31040833
541D45E402580FBD010449201B350408
33541C45DF02440FCA01041A211B3304
0833540845EA02510FD601042F211B31
04083354F544DD025A0FA701044D211B
2F04083354E344E102580F3301045D21
1B2B04083354F844DD02560FC4000438
211B2A04083354D544DC02670F6F0004
B6201B2A04083354D644C602440F3E00
040A201B2C04083354C544CB023D0F42
00046B201B30040833549D44CF024E0F
51000412211B3104083254A944D20244
0F63000483211B3204083254A244C702
190F7D00049C211B31040831549D44C9
021E0F730004BD211B2F040831548344
D002240F2D0004CF211B2F040832547E
44CC02220FF4FF03B5211B3004083254
8744C9021C0FE4FF037F211B32040832
547844D7023A0FD4FF0394211B320408
32546B44D002370FCAFF03C2211B3104
0832547344CE02330FBDFF0344211B2F
040832546B44CC02200FC4FF035A201B
2E040832542C44C802360FE4FF03D21F
1B2C040832541B44CA02270F550004AE
1F1B2B040833541F44D102360FDB0004
801F1B2C040833542644D402330F5401
04031F1B2C040833541844DC02A60FC7
0104291E1B33040833540E44DC02BC0F
2102044F1E1B36040834540C44E202AD
0F570204741F1B3C040834540444DE02
A90F8402044D201B38040834540E44BD
027E0FAB0204C3201B3304083354E143
AA027A0FCA0204E8201B2D04083254DF
43AE02850FDE020490201B2804083254
E343B402810FD202042D1F1B2A040832
54E643AD027C0FCD0204FF1D1B2E0408
3154F643D902530FDD02049B1D1B3804
083254EA43DF02530FF60204C81E1B3E
04083254DC43E4024D0F070304AE1F1B
3D04083154E343E902570F1603044620
1B3604083054F443F102520F25030495
201B2E04083054D443EF02420F270304
DC201B2904083154C443FD02530FE102
042C201B2704083154CD43ED024A0FA3
0204921E1B2A04083054BA43D0023D0F
910204371D1B3404083054BD43D70231
0FA10204751D1B4004083054CC43CF02
310FC402049A1E1B4504083054D243D6
022D0FEA0204561F1B4104083154B843
C902310F060304EE1F1B3404083254AA
43CF02440F1C03042C201B2604083254
B443D7023C0F2A0304CC1F1B1F040832
54C143D5023E0F0D03043A1E1B200408
3254BC43C902420FF40204151D1B2A04
083254A743DB02670FEB02045C1D1B38
04083254BA43E302760FFC02044B1E1B
3F040833549C43DE02670F150304FF1E
1B4104083354AB43ED02720F2D030461
1F1B3E040833549E43F202910F400304
BB1F1B3B04083354A943ED029E0F4E03
04F51F1B31040833548043F7028C0F58
030423201B2C040833546943F302960F
5F030441201B27040833548E43E9027E
0F520304AA1F1B26040833549543E202
850F4003045B1E1B2B04083454A543DA
02820F3C0304B41D1B34040834549143
E202850F450304E31D1B3B040834548C
43E202830F4703043E1E1B3E04083454
A843DF02870F490304AB1E1B3C040834
546543E0027E0F4F0304C01E1B360408
34545A43E0027A0F510304A71E1B3104
0834546243E802830F570304A71E1B2F
040834546B43D3025B0F5B0304031F1B
2E040834545443C8025B0F5D03046B1F
1B32040834545743D002460F5F0304B7
1F1B34040833543E43C402560F610304
EA1F1B32040834544A43D1024E0F6103
041B201B31040833543043C902370F63
030452201B2F040833542743D302370F
6503046B201B35040833541543D00238
0F63030462201B3B0408335420430103
710F61030441201B3D04083354494302
03760F5D03040F201B3B040833544743
0B03730F5803041E201B320408325440
4306036E0F55030462201B2A04083254
3B43EA025E0F52030499201B28040832
541A43F102530F4E0304B6201B280408
32541F43F9025A0F480304C7201B3004
0832541C43EF025C0F3A0304B6201B37
040832541A43F7025E0F2E030484201B
4404083154F342DC02690F2903044920
1B4404083254E342D8027A0F2803041E
201B4004083254D142E7026E0F280304
52201B3504083254D242E102710F2403
049D201B2E04083254AE42E8022F0F1D
0304CB201B2B040832548542E902380F
140304E0201B27040832549C42EA023B
0F0B0304F5201B2D04083254A542EA02
340F030304F9201B34040832546E42B1
02850FF80204E0201B3E040832547442
AE027C0FF6020483201B45040832545E
42B702800FF4020441201B4404083254
5742AA02890FF8020452201B3D040832
5466420503570FF60204C7201B2E0408
3254814206034A0FF1020406211B2404
083354904200035B0FEA020484201B26
040833549642FF02590FE80204C41E1B
310408335498420003530FF60204D11D
1B3E040833545942E202B70F0B030466
1D1B45040833545442E002AF0F240304
151D1B44040833541D42E802A90F4203
04151D1B3A040833541C42D702B10F50
0304B41D1B3204083354EE41F102830F
5A0304531E1B2E040832540742000382
0F5E0304A21E1B2F04083254F541F102
7F0F650304F21E1B3204083254DB41ED
02850F6C0304241F1B36040832540F42
F702850F7303043D1F1B3B04083254EC
41ED027F0F790304411F1B4104083254
E641F0028A0F7B0304391F1B40040832
54F241EA027D0F7B0304181F1B3E0408
3254E541EA02850F7E0304F61E1B3A04
083154E141EC027E0F7B0304131F1B37
04083154FB41EF027D0F7B03042D1F1B
3604083054E341EA02850F7A03042D1F
1B3704083054C141FC02850F78030420
1F1B3504083054C741DB028F0F780304
391F1B3304083054C141DD028A0F7603
04741F1B32040830549841E8028D0F74
0304841F1B3204083154B141E102950F
750304FA1E1B3904083154B641CD026C
0F730304AF1E1B4504083154B841CA02
630F740304811E1B4B04083254AE41C6
026E0F7703042D1E1B4E04083354C341
CD026B0F790304031E1B4B04083354A7
41E102660F7A0304F31D1B4404083354
AD41D4025C0F7E0304251E1B3D040833
54A741DB025A0F820304571E1B380408
33549A41E802610F7F0304EF1D1B3904
083454A741CC02620F830304EF1C1B44
040834549A41C002660F8E0304231C1B
52040833549B41D9025B0F9D0304DB1B
1B5C04083354A341DA025D0FAA0304E0
1B1B64040833543F42D502650FB20304
011C1B66040833549A42EA027E0FB303
04EC1B1B5C040833546942F902870FB4
0304511C1B54040833544642ED027D0F
B40304A81C1B53040833542842EA0287
0FB40304191D1B57040833542942D802
A10FB20304711D1B6104083354EE41DE
029A0FB20304821D1B66040832542042
E502A80FB503043B1D1B6C04083254F4
41D702A30FB60304151D1B6604083254
D941D7028E0FB50304261D1B65040833
54DD41D4028D0FB603046E1D1B640408
3254EE41D702920FB50304E61D1B6304
083354E841C802910FB60304F71D1B67
040832540542CB02580FB60304E61D1B
6B040833540542C902570FB50304971D
1B6D04083354EC41C2024D0FB50304B4
1D1B71040833540142C4024D0FB30304
821D1B7204083354F941CA02530FB203
04581D1B7304083354F241C202670FAF
0304261D1B7004083254E141C1025C0F
AE0304261D1B6D04083254F041D1025A
0FAE03047E1D1B6E04083254BF41D702
530FAE0304541D1B7304083254C141E1
027D0FAE0304B11C1B7D04083254DA41
DD02800FB103042F1C1B8804083254A3
41DF02830FBC0304A3191B8C04083254
9541E002870FD8030461181B88040832
54B941D802A30F110404BF171B7F0408
33548441CF02980F4F040480171B7504
0833546841DB029C0F7804046F171B6F
040834546841D902A10F9104045A171B
75040833547541D302A70F9B04045A17
1B82040833548C41D0029E0FA3040452
171B9004083454A441D302A20FAB0404
31171B9904083454A741C902A00FC604
04D1161B9B04083554DF41CD02A20FF0
040492161B9704083454F341E002870F
1305048A161B9104083454FC41E00287
0F23050496161B8D040834541042E402
820F210504B3161B8F040834541C42D9
028B0F180504C4161B94040835543B42
F4024B0F0A0504CC161B96040834548E
42EF024D0FF80404EB161B9704083554
9142EC02510FE90404EE161B97040834
54BF42E502510FE10404E5161B960408
3454C042ED02E30FD90404E5161B9504
0833540D43EC02E70FD60404E1161B9B
040833542B43EF02DF0FD50404E1161B
A8040834547543EA02E50FCE04040317
1BB2040834547D43FC027F0FC60404EE
161BB9040834548A43F0027F0FCC0404
D1161BBC04083454ED43F3027F0FD504
04C8161BBB040834540744EA02850FDA
0404C0161BB3040834541844F102870F
DF0404BF161BAF040835541144E60252
10E10404CC161BAF040835540344F502
5310E00404C8161BB7040835540444EF
025B10DF0404C4161BC2040834541044
00035510E9040492161BCA0408345421
44D902A50FFF04045C161BCD04083454
5C44E002A50F1605044F161BC7040834
546E44E4029C0F2A05044B161BBF0408
34547944DB02A10F34050447161BB804
0834546B44E802840F3B05044F161BBD
040835547644E602860F3805044B161B
C5040835549F44D7027C0F3905044616
1BD1040835549944D902800F3F05042E
161BD704083654B244F2020D10460504
21161BDD04083654C544FC0200104C05
0425161BDD04083554CB44F102FD0F4E
050421161BD804083654E344F302FE0F
50050425161BD704083654E644EA0203
104F050425161BDB04083754E644FA02
890F4F050425161BE304083854C644F1
02800F4B05042A161BEC04083854DB44
F402870F4F050425161BEF04083854E8
44F302830F5005041D161BF304083954
18450103AF0F51050415161BF7040839
542A450603B50F5705040E161BFD0408
39543E450203B00F5805040C161B0505
0839543E450B03AB0F5C050404161B0B
050839546845E00284105F050408161B
14050839548045E00280105F05040816
1B20050838547145E20291105E050408
161B2B050837547A45EC0290105C0504
11161B3805083754B145E202E40F5605
0425161B4205083754CB45E002E00F4F
050421161B4D05083754E645E102E30F
4E050421161B55050837540A46D902D8
0F4C050421161B5705083654E245DF02
E20F4C050426161B5805083654ED4505
03580F4805042E161B5A05083654B545
0803610F48050425161B6005083654B9
450003610F48050425161B6905083554
D645F602560F48050421161B74050835
54ED4503038F0F4D05041D161B7A0508
3554D645F8028D0F4D050411161B7E05
083554BE45FA028D0F52050419161B7F
05083554C245FF028D0F4E05042A161B
8205083554D345E602730F4C05042516
1B8505083554BA45E602740F4B050421
161B8905083554F445E802710F4C0504
1D161B8E05083554BC45E4026D0F4F05
0416161B9405083554B445E2025A0F52
050415161B98050836548D45FB025C0F
55050411161B9D050835549245FC0260
0F56050419161B9E0508355495450E03
600F53050421161B9A050835548D45F7
025F0F4F05042A161B98050835547E45
06036E0F4C050421161B9905083554CE
45FF02680F4D05041D161B9C05083554
D2450D03700F4E050419161BA4050835
54EB4505036B0F4F050419161BAD0508
3454E245E602800F50050419161BB505
083454E545F602800F4F050415161BBD
05083554DF45ED02850F5005041A161B
C0050835540846FE02840F4E05042116
1BC3050835540346D402830F4B050421
161BC2050834541146DC027A0F480504
21161BC7050835542546DE02850F4805
0421161BD4050834542C46E102890F45
05042E161BE3050834542246E202870F
41050432161BF0050834543C46E40291
0F3D050447161BFC050835546246E002
9B0F3505043E161B07060835546D46DE
028A0F3B050421161B0F060835545E46
D902920F40050421161B15060834547D
46FC02D40F45050426161B1C06083454
85461003D10F46050425161B23060835
5488460103CB0F4405042E161B2A0608
35547C460003D20F43050432161B3006
0836545546EE02B00F42050432161B37
060836545246F002AA0F3F05043E161B
3D060835546E46F402B60F3B05044716
1B45060834546346FD02AC0F33050453
161B470608345442460603E20F290504
68161B450608345452460603D90F2005
046C161B3E060834545A460003E30F19
05046C161B37060835547446F902DA0F
17050468161B35060835545F460203E5
0F1705045E161B36060834546546E702
560F1A05045C161B39060834546D46EB
02640F1A05045C161B3C060833546746
EC025A0F1D050460161B3F0608345499
46E4025D0F1D050460161B4406083454
8C46CD0241101E05045C161B4C060834
54C346CE0232101E050464161B540608
3454BD46C80222101705047D161B6006
083354E846CA0235100D050485161B6C
060833540F47EA02870F08050481161B
74060833541047F302830F0305048E16
1B7B06083454EC46ED02820FF60404BB
161B7F06083354EC46F102880FE70404
B3161B8506083354FF46FB02980FE404
04AF161B8F06083354E4460903A10FE1
0404AF161B96060833540547F7029F0F
E30404B3161B9B060833541D47FB02A4
0FDF0404B3161BA30608345418470903
A10FE30404AB161BA806083454F446FA
027E0FE604049A161BB106083554FA46
F802810FEE04049A161BC006083554D1
46F7027C0FF4040492161BD106083554
D446E202830FFA040485161BDC060836
54D546F5028D0F01050482161BE00608
3654C94607038D0F0505047D161BE106
083554FF46F8028F0F0B050475161BE3
060835542E4704038F0F0D050479161B
E9060835541347F4026B0F0E05047D16
1BEE060835540447F702700F0C050481
161BFB06083554C946EE02700F0B0504
81161B07070836549A46F202690F0B05
0481161B12070836547F46ED028E0F0A
05048A161B1A070836546346F202910F
0505049E161B1A070835546546F10294
0FFD0404A3161B17070834547F46EC02
8E0FF70404A3161B16070835548E46F1
02910FF50404A2161B15070834547946
C802B70FF104049A161B15070834547F
46CE02AD0FF404049A161B1507083454
6B46D402B60FF5040496161B19070833
544746C802B10FF804049A161B1E0708
3354454604037F0FF9040496161B2407
08335474460503790FF704049A161B2C
0708335467460603830FF7040496161B
38070833545946FF027B0FF804049E16
1B40070833548A46F3026B0FF80404A3
161B4607083354C746EA02660FF30404
AB161B4E07083354D646E5026F0FEE04
04B7161B5207083454DD46F8026C0FEA
0404B3161B5507083454D0460403E90F
E50404BC161B5F07083454C346FF02E5
0FE20404C8161B6F070835547C46FE02
D50FDD0404C0161B7C070835549246F7
02DC0FDE0404B3161B8B070835546146
0703D10FE40404B3161B91070835545C
46F302BF0FE40404B8161B9A07083554
7D46E602C90FE60404BC161B9F070836
547B46F102C90FE70404AF161BA50708
36547146F002C20FEA0404A7161BAF07
0836547F4613039F0FF00404A2161BB6
070837545B460D03A00FF30404A3161B
BF07083654314614039E0FF30404A716
1BC507083654184611039C0FF50404A7
161BC8070837541A46E102D70FF40404
A3161BC707083754F645DD02CD0FF804
049E161BC407083754F045E002D80FF7
04049E161BC107083654E045EF02C70F
F90404A3161BBF07083554F245F40270
0FF40404AB161BC207083554E245EB02
6B0FF30404AF161BCD07083554B445EA
02780FF30404AB161BD707083554F345
EA02740FF30404A3161BE10708355409
46E602670FF6040496161BE807083454
0446F702E70FFE040492161BEE070834
540E46F902F40FFF04049E161BF20708
34540F46FB02F40FFD04049E161BF207
083454F3450203F10FFB04049E161BF8
070833541946E602F70FFA04049E161B
FD070834540146F602EB0FFC0404A316
1B05080835540B46ED02F60FFC04049A
161B15080834541646F602F40FFC0404
9E161B1C0808345415471E03ED0FFA04
04B8161B1F08083454AF461F03FD0FEE
0404C8161B1E0808345484462003F40F
E60404C7161B1F080835545C461703F8
0FE40404C0161B1E0808355443461703
8210E10404C0161B1E08083554124621
038B10E50404B3161B1F080835541F46
20038610E80404AB161B1F08083554FA
451C038D10EE0404A7161B1E08083454
0F461B039110F20404AB161B1F080834
540746F8025210F30404AF161B1E0808
355416460B035E10F10404AF161B1F08
0835540C4606034D10F00404B3161B1F
08083554ED45FE025110EC0404B3161B
1A080835545846F6025B10EA0404BB16
1B0D08083554674609035810E90404B8
161BFA070835540A4601036710E60404
AF161BE9070836542546FF025A10E804
04AF161BDC070836540A46F102AD0FEA
0404AF161BC7070835540F46EE02B20F
EB0404A7161BB6070835544346ED02B4
0FEB0404AB161BA6070835540146E502
AD0FEB0404AB161B9907083654FC45EB
02610FEB0404AB161B8207083654E245
EF025E0FEB0404AB161B6807083754F6
45F3025A0FEA0404A3161B5907083754
E045F6025E0FED0404A3161B4E070837
54F245EF025D0FEF04049A161B410708
3854CD4500030310F3040496161B3807
083854D5450603FE0FF804048E161B2E
07083854C4450103FD0FF904048E161B
1C07083754C2450B030310FC04048516
1B0607083754D0450C03B40FFF040485
161BF806083754C0451503B40F010504
81161BEB06083754C9450903AF0F0305
0481161BDB06083754E3451603AE0F03
05047D161BCA06083754CE450803D70F
05050481161BC006083754C5450403DA
0F04050481161BAF06083754BD45F802
DF0F0405047E161B9B06083654C64500
03E60F0305047D161B8906083654B845
0B03850F0305047D161B7906083654E8
45FB02800F02050481161B6606083654
F045FF02890F00050481161B56060836
54E845FB02810FFD040481161B4A0608
3554C045FE027F0FFE04047D161B3C06
083654CF45FD027C0FFE040475161B2B
06083554EB45FC02800F01050475161B
2006083754D5450503820F0505046C16
1B1406083654CC450003860F07050464
161BFF05083654EF451E03E80F0A0504
5E161BEA05083654FB451703F50F0F05
0458161BDA05083654DC452203E90F13
05044F161BCA0508355405462103E90F
1805044B161BBD050835542546D10280
0F1A05044F161BB5050835542C46C802
870F1905044F161BB0050835543A46D7
02830F18050458161BA6050836543B46
D3027B0F1705045C161B94050835543A
46D9029C0F15050458161B8205083554
6346E202A00F14050458161B74050834
543046E702A50F12050458161B5D0508
34542246DE02A50F0F050458161B4605
0834542F46DD029A0F0E05045A161B3A
050834544046D802B50F0D05045C161B
33050833543746E002AD0F0905045816
1B28050833543646DB02AD0F0A05045C
161B22050833544346DB02B30F0D0504
5C161B17050832544F46381A28220A05
0458161B05050832545746461A2E2209
050453161BEE040833545C46361A2F22
09050453161BDC040832542F46301A31
220A050458161BD3040832544F466505
5F180905045C161BC604083254734660
055A1807050460161BBC040831547B46
5E055F180405045E161BB8040831547C
4669055F1804050464161BAF04083254
6146D4027F0F01050464161BA0040832
546146E402830F00050464161B8E0408
32545946D902820FFE040464161B8204
0832545C46E602800FFD040464161B74
040832545046D9027E0FFB040468161B
5F040833542246CE02580FF804046C16
1B53040832542746CC025E0FF304047D
161B4C040831544A46D302620FEA0404
8E161B40040832543E46D2025C0FE104
0496161B2E040832542E46D4029C0FD7
04049E161B23040831540346CF02A00F
D00404A2161B1F040832543346D3029A
0FCE04049E161B14040831546746D502
990FCA0404A3161B0B040832543B46E2
01C60DC60404AB161B03040832542A46
D201BA0DC00404C0161BFF030832542F
46D901BC0DB20404E5161BFE03083154
3446E301C50DA50404F2161B00040831
543846E202D80F94040403171B050408
31543D46DF02E50F7F040439171B0C04
0831543446E002D80F4C0404F5171B11
040831542F46E102E20F120404F1171B
12040831543446DE02D40FF40304D017
1B0C040832540046C0028A0FE70304C3
171B04040832544046BD02800FE10304
DC171B00040832544246C502800FD403
041F181B04040832545146BD02880FB4
030459181B0A040833543E462E03380F
9E030444181B0D040834545646310338
0F9B03041A181B060408345444463303
350FA50304F9171BF303083454E54631
03340FB00304FD171BDD030834542047
5A05960AB1030416181BCC030834543A
475D05950AAF03041F181BC403083454
FB465E059D0AAB0304043C18C2030833
54FA466205980AB90304456B0FC30308
3354EE46D607101113040469460FC303
0833541A47D10711117F0404ADE70EC3
030833541D47DA072611CE0404478E0F
C2030833548047D7072311170504AA72
0FC4030833541C48D30729116C05049E
010FC20308335417489D02C503CA0504
540C0FC203083354B747A002C3032406
04532C0FC3030833546847A302D00370
0604C9A80EC4030833544747AA02C303
A006049CBA0EC20308335446479D02BF
03BB060412610FC20308325452479E02
C103E4060490ED0FC3030832545247A8
02C8032507049D250EC6030833543347
A402C5036907044B6B0DC30308335412
47A102C503BC0704C6F70CC303083254
A546A002C503190804CD960CC5030833
54B846AA02C4037C0804DD880CC30308
3354BD46A402C703D3080429860CC403
083354D646A402C70302090457850CC4
03083354CD46A302C10304090486580C
C503083354F6469A02BF03E70804AF27
0CC303083354ED46A202C303C108048F
FB0BC403083254CF469E02BB039F0804
53E10BC503083254A146A602BD03</Data>

   <DataCRC>3739876f</DataCRC>

   <BytesSent>9486</BytesSent>

</SBEDataUpload>
</InstrumentRawData>
</SBEDataUploadFile>
