<?xml version="1.0"?>
<!-- SCPlusV2_RS232 -->
<SBEDataUploadFile>
<ApplicationData>
<Seaterm232>
<SoftwareVersion>2.6.3.104</SoftwareVersion>
<BuildDate>30-Jun-2017</BuildDate>
</Seaterm232>
</ApplicationData>
<InstrumentState>
<HardwareData DeviceType='SBE19plus' SerialNumber='01906740'>

   <Manufacturer>Sea-Bird Electronics, Inc.</Manufacturer>

   <FirmwareVersion>2.2d</FirmwareVersion>

   <FirmwareDate>9 February 2011 08:30</FirmwareDate>

   <CommandSetVersion>1.1</CommandSetVersion>

   <PCBAssembly PCBSerialNum='25307' AssemblyNum='41054G'/>

   <PCBAssembly PCBSerialNum='25737' AssemblyNum='41580B'/>

   <PCBAssembly PCBSerialNum='24669' AssemblyNum='41606'/>

   <PCBAssembly PCBSerialNum='24372' AssemblyNum='41059D'/>

   <MfgDate>  08 DEC 2010</MfgDate>

   <InternalSensors>

      <Sensor id='Main Temperature'>

         <type>temperature0</type>

         <SerialNumber>01906740</SerialNumber>

      </Sensor>

      <Sensor id='Main Conductivity'>

         <type>conductivity-0</type>

         <SerialNumber>01906740</SerialNumber>

      </Sensor>

      <Sensor id='Main Pressure'>

         <type>strain-0</type>

         <SerialNumber>3220369</SerialNumber>

      </Sensor>

   </InternalSensors>

   <ExternalSensors>

      <Sensor id='volt 0'>

         <type>SBE 43 OXY</type>

         <SerialNumber>432005</SerialNumber>

      </Sensor>

      <Sensor id='volt 1'>

         <type>not assigned</type>

         <SerialNumber>not assigned</SerialNumber>

      </Sensor>

      <Sensor id='volt 2'>

         <type>ECO-FLNTURT CHL</type>

         <SerialNumber>FLNTURTD-2025</SerialNumber>

      </Sensor>

      <Sensor id='volt 3'>

         <type>ECO-FLNTURT TURB</type>

         <SerialNumber>FLNTURTD-2025</SerialNumber>

      </Sensor>

      <Sensor id='volt 4'>

         <type>not assigned</type>

         <SerialNumber>not assigned</SerialNumber>

      </Sensor>

      <Sensor id='volt 5'>

         <type>not assigned</type>

         <SerialNumber>not assigned</SerialNumber>

      </Sensor>

   </ExternalSensors>

</HardwareData>
<StatusData DeviceType='SBE19plus' SerialNumber='01906740'>

   <DateTime>2018-12-07T14:28:32</DateTime>

   <LoggingState>not logging</LoggingState>

   <EventSummary numEvents='241'/>

   <Power>

      <vMain>12.2</vMain>

      <vLith>5.4</vLith>

      <iMain>61.5</iMain>

      <iPump>36.4</iPump>

      <iExt01> 4.1</iExt01>

      <iExt2345>20.6</iExt2345>

   </Power>

   <MemorySummary>

      <Bytes>1492821</Bytes>

      <Samples>87813</Samples>

      <SamplesFree>3782666</SamplesFree>

      <SampleLength>17</SampleLength>

      <Profiles>111</Profiles>

   </MemorySummary>

</StatusData>
<ConfigurationData DeviceType='SBE19plus' SerialNumber='01906740'>

   <ProfileMode>

      <ScansToAverage>1</ScansToAverage>

      <MinimumCondFreq>3226</MinimumCondFreq>

      <PumpDelay>60</PumpDelay>

      <AutoRun>no</AutoRun>

      <IgnoreSwitch>no</IgnoreSwitch>

   </ProfileMode>

   <Battery>

      <Type>alkaline</Type>

      <CutOff>7.5</CutOff>

   </Battery>

   <DataChannels>

      <ExtVolt0>yes</ExtVolt0>

      <ExtVolt1>no</ExtVolt1>

      <ExtVolt2>yes</ExtVolt2>

      <ExtVolt3>yes</ExtVolt3>

      <ExtVolt4>no</ExtVolt4>

      <ExtVolt5>no</ExtVolt5>

      <SBE38>no</SBE38>

      <OPTODE>no</OPTODE>

      <GTD>no</GTD>

   </DataChannels>

   <EchoCharacters>yes</EchoCharacters>

   <OutputExecutedTag>yes</OutputExecutedTag>

   <OutputFormat>raw HEX</OutputFormat>

</ConfigurationData>
<CalibrationCoefficients DeviceType='SBE19plus' SerialNumber='01906740'>

   <Calibration format='TEMP1' id='Main Temperature'>

      <SerialNum>01906740</SerialNum>

      <CalDate>07-Jan-11 </CalDate>

      <TA0>1.255288e-03</TA0>

      <TA1>2.593288e-04</TA1>

      <TA2>-2.376104e-07</TA2>

      <TA3>1.449298e-07</TA3>

      <TOFFSET>0.000000e+00</TOFFSET>

   </Calibration>

   <Calibration format='WBCOND0' id='Main Conductivity'>

      <SerialNum>01906740</SerialNum>

      <CalDate>07-Jan-11</CalDate>

      <G>-1.033008e+00</G>

      <H>1.393941e-01</H>

      <I>-2.175401e-04</I>

      <J>3.475757e-05</J>

      <CPCOR>-9.570000e-08</CPCOR>

      <CTCOR>3.250000e-06</CTCOR>

      <CSLOPE>1.000000e+00</CSLOPE>

   </Calibration>

   <Calibration format='STRAIN0' id='Main Pressure'>

      <SerialNum>3220369</SerialNum>

      <CalDate>21-Dec-10</CalDate>

      <PA0>8.222195e-01</PA0>

      <PA1>1.566037e-02</PA1>

      <PA2>-6.194425e-10</PA2>

      <PTCA0>5.244452e+05</PTCA0>

      <PTCA1>4.417653e+00</PTCA1>

      <PTCA2>-9.798927e-02</PTCA2>

      <PTCB0>2.510725e+01</PTCB0>

      <PTCB1>-1.150000e-03</PTCB1>

      <PTCB2>0.000000e+00</PTCB2>

      <PTEMPA0>-5.917147e+01</PTEMPA0>

      <PTEMPA1>5.387460e+01</PTEMPA1>

      <PTEMPA2>-2.653169e-01</PTEMPA2>

      <POFFSET>0.000000e+00</POFFSET>

      <PRANGE>5.076000e+03</PRANGE>

   </Calibration>

   <Calibration format='VOLT0' id='Volt 0'>

      <OFFSET>-4.687158e-02</OFFSET>

      <SLOPE>1.247988e+00</SLOPE>

   </Calibration>

   <Calibration format='VOLT0' id='Volt 1'>

      <OFFSET>-4.719579e-02</OFFSET>

      <SLOPE>1.248132e+00</SLOPE>

   </Calibration>

   <Calibration format='VOLT0' id='Volt 2'>

      <OFFSET>-4.684526e-02</OFFSET>

      <SLOPE>1.248324e+00</SLOPE>

   </Calibration>

   <Calibration format='VOLT0' id='Volt 3'>

      <OFFSET>-4.678105e-02</OFFSET>

      <SLOPE>1.247145e+00</SLOPE>

   </Calibration>

   <Calibration format='VOLT0' id='Volt 4'>

      <OFFSET>-4.669684e-02</OFFSET>

      <SLOPE>1.248307e+00</SLOPE>

   </Calibration>

   <Calibration format='VOLT0' id='Volt 5'>

      <OFFSET>-4.709579e-02</OFFSET>

      <SLOPE>1.247697e+00</SLOPE>

   </Calibration>

   <Calibration format='FREQ0' id='external frequency channel'>

      <EXTFREQSF>9.999977e-01</EXTFREQSF>

   </Calibration>

</CalibrationCoefficients>
<EventCounters DeviceType='SBE19plus' SerialNumber='01906740'>

   <EventSummary numEvents='241'/>

   <Event type='ErrorFLASHUncorrectableError' count='241'/>

</EventCounters></InstrumentState>
<Headers>

cast  75 03 Dec 2018 08:04:59 samples 67445 to 68216, avg = 1, stop = mag switch

</Headers><InstrumentRawData>
<SBEDataUpload startAddr='1146548'>

   <Type>1</Type>

   <DataFormat>SEACATPLUS0</DataFormat>

   <Bytes>13124</Bytes>

   <Data>
AC1404D2350FC70308E853B551AC02CA
032C0B04F02012CD0308E853D251A402
C503070404D55215D50308E85358549F
02C3031600040C6317DF0308E9534D57
A402CD03A4FD0380201AE40308EA5357
554106090A34FC038CA519E70308EB53
16543B060C0AA1FB03248B1AE50308ED
5319534106100A63FB03BC7E1AEA0308
ED536B5239060C0AC1FA03C8161BF103
08EE534052EE06773AE8F90375251BFC
0308EF53B951F1066B3AF0F80364261B
FB0308F0534B51F006733A20F803C426
1BFC0308F1531951ED06653AA4F703FB
251BFE0308F2531851E406D71A60F703
EF221B020408F453C850D906D71A54F7
036A221B020408F653A550DC06DF1A5E
F7033A251B020408F6536750DA06D41A
5EF7034F251B030408F6538350DF06CE
1A4FF70364241B070408F853C7502501
0F0F3BF703A3241B0B0408F853125121
01000F3AF703E3211B0D0408F953CC50
2B01070F4EF7034E201B120408F853A9
503601070F88F70356201B140408F753
7250B1027A0DB9F70395201B140408F6
538750AA02710DC6F703A5201B110408
F6536150AA02700DC9F70316221B0E04
08F6537C50B4026E0DB4F7032A241B0E
0408F6536F50C003B30C93F70343251B
140408F6539550BF03B10C73F7031B25
1B1D0408F6533A51BF03B50C4EF7037B
201B1F0408F7531A51C003B00C3BF703
791E1B1F0408F75334515103900E6CF7
03251E1B190408F65310515A03880E25
F9035B1E1B180408F65327515403910E
F8FA03CC1E1B180408F75327515A039E
0EA3FB03AF1E1B1A0408F753D8504F03
920E99FB034B1E1B1E0408F853C3503A
04B10D1BFB03C71D1B210408F853EB50
3904B10D95FA03DF1C1B210408F85354
513904B30D20FA03B61B1B210408FA53
76513704B10D6EFA034C1C1B1E0408FB
5348519C04560E5FFC03A01C1B1E0408
FB5329519E04570E06FE03721C1B1F04
08FB5321519904580EC7FE03441C1B22
0408FB5330519F04510E3CFF03131B1B
240408FB5309517003A00E88FF03ED1A
1B260408FB53BE507403A10EA5FF032C
1B1B250408FA53B5506D03A60E31FF03
181C1B220408FA53945071039A0E3FFE
03E11E1B1E0408F953B25062034E0EC1
FC03F4211B1D0408FA53C8506903520E
24FB03C5241B1D0408FA53E9505F0356
0EC6F903DE251B230408F953D1516B03
550EC6F803DE251B280408F9530B5267
034D0E0FF803DA251B290408FA53D751
C2011E11A0F70398251B270408FA5399
51C20112115DF7039F251B240408F953
B651C10116112EF70314261B1E0408F9
53D551BB0119110AF703B4261B1B0408
F953AB515202880CF5F6032D271B1B04
08F9536A5152028D0CEBF60325271B1F
0408F853225150028A0CDAF603A3261B
240408F853E85059028B0CD2F603E025
1B290408F853CE508C02030EE4F60336
251B290408F853A1508F02040EF1F603
82241B280408F85384508D020E0EF1F6
0393241B220408F95358508C02090EF5
F60375251B1E0408F9534F50C9025B0D
FDF603E6251B1D0408F9533850CF0251
0DF9F603F5251B200408FA531C50CD02
550DF5F603C0251B230408F953FD4FD1
02550DF4F60329251B250408F953C04F
D602560DFFF603C5241B270408FA5387
4F81029A0D08F7038E241B250408FA53
574F7B02AB0D00F70300251B240408FA
533C4F7A029B0DF2F60364251B220408
FB531C4F7D02A30DE9F6035B251B2504
08FA53124FBC02750DE4F60347251B24
0408FB53C54EBB02770DDFF60336251B
240408FB53B24ECC02710DD6F6030C25
1B250408FC53874EC002730DD2F603CD
241B250408FB537C4E0306560EC9F603
CD241B240408FB538B4E0306520EC0F6
034F251B220408FB535A4EFC05520EB4
F603AC251B230408FB535A4E0306530E
B2F603A3251B260408FB53254E1C0454
10B8F60371241B280408FB533F4E2104
5110CEF60301211B280408FB53234E19
045210DAF603A21F1B250408FB53ED4D
1F045410CEF6034D201B230408FB53F0
4D1C045410D2F6038F221B200408FB53
F34DAF02CD0EF5F603CE231B230408FB
53DA4DAE02CF0EFFF6035E241B240408
FB53F44DB102CA0EFAF60315241B2504
08FC53B54DB302CE0EFDF603E7231B29
0408FC53B84DAA02B10EFBF60343231B
280408FC53B44DB702B60EFEF603A521
1B230408FB535D4DAC02B90E12F70366
201B1F0408FB536B4DAE02AE0E1EF703
41201B1E0408FB53704D1E03FA0F1EF7
03C7221B200408FB534F4D0C030E100D
F70332241B250408FC534E4D0C03FE0F
F6F6039B241B290408FB53444D150302
10F3F6034C231B2E0408FB53E24C0303
A30E11F703BE211B290408FB53C54C06
03AD0E14F703BE201B240408FB53B54C
FB02B30E07F7035A201B1C0408FB53BF
4C0C03B60EF7F603C1221B1A0408FB53
D94CFC02AF0EF1F60345241B210408FA
53D44C3503A40EF2F6032A241B280408
F953AB4C3A03A20EFAF603CA211B2D04
08F9537B4C2F039E0E0DF70306201B2C
0408F953574C3403A40E07F7031C1F1B
250408F953344C7502560FFDF603DD1E
1B230408FA53F34B6A02490FFCF60335
1F1B230408FB53F54B7502530F0FF703
B21F1B240408FB53FF4B7102530F34F7
035E201B280408FB53274C0703610F51
F703F1201B2D0408FA53F84B1303580F
5FF7036F201B2F0408FB53D64B0F0367
0F76F703E91F1B2D0408FB53984B1203
690F97F703741F1B2A0408FB539F4BCA
02A30EB5F703891E1B260408FB537C4B
BD02950ED1F703E11E1B260408FB536B
4BBE02860EDDF703B3201B280408FB53
7B4BCB02950ECEF7035D211B2C0408FB
53644BBA02850EB2F703E0201B2F0408
FB53314BE302020FA4F70330201B2D04
08FB53224BE602FD0EAAF7038D1F1B2C
0408FB53F34AEC02090FB3F703FF1E1B
260408FB53F44AEA02FE0EB5F703A920
1B2B0408FB53EA4A2B03DC0EA9F7036A
211B2D0408FA53EF4A3403D50E8AF703
DF201B310408FA53F14A3403DA0E7BF7
03EC201B2F0408FA53E24A3803D10E7A
F70384201B260408FA53CE4AC902000F
7AF7036B1F1B210408FB53BB4ACC02F1
0E83F703891E1B220408FA53F24AD802
F90E86F703601E1B260408FB53E84AD3
02FA0E89F703891F1B2E0408FB53D44A
B702B50E85F703CF201B320408FB53C5
4AB802CA0E72F703BD211B320408FC53
854ABD02CD0E5BF70377211B310408FB
53794ABE02BE0E4BF7037F211B2D0408
FC53624AC202BA0E4AF70398211B2604
08FC534D4AF902BA0E49F70390211B24
0408FC535E4AEF02BC0E48F7033C211B
210408FC535D4AF302C20E47F7032721
1B290408FC537A4AEE02BA0E4CF703D3
211B320408FC534E4AD202BF0E43F703
F5211B370408FD531B4AD602B80E39F7
03DF211B380408FD530C4AD402B80E31
F70383211B300408FC53F649CD02CD0E
35F7038C201B290408FC530B4A080306
0F49F703C71F1B240408FD53FB490203
040F5DF703281F1B250408FC53334A00
03FD0E6AF703A71E1B270408FD533D4A
0003090F69F7036C1E1B2D0408FC5317
4ACA02DD0E6BF703841E1B330408FC53
0F4AD102E20E6FF703811E1B380408FC
53254ACA02E60E7DF703921E1B390408
FD53DD49D302DB0E8BF703F21E1B3504
08FC53D749D102DE0E98F7034E1F1B28
0408FC53DA49FB02C70EA2F703F51F1B
1E0408FC53D0490603C60EA3F703D720
1B1A0408FC53DD490003B60E92F703AC
231B250408FC53CE490A03C90E65F703
3B251B340408FB53E049FA020A0F49F7
0371251B3E0408FB53C849F302F80E3C
F70371251B3C0408FB537349F202020F
2DF70325251B310408FB536149EF0206
0F24F7030C251B250408FB534549B002
D20E21F703D6241B1C0408FB534749AE
02DB0E1BF703FC231B1B0408FB536E49
AC02CB0E1CF70303231B220408FA5393
49BC02CD0E22F703B4241B330408FA53
A149D102DE0E11F70381251B3F0408FA
538649C502DE0EF0F603DE251B410408
FA535649CF02DD0ED9F60303261B3904
08FB533249C802E20ECBF6039F251B2C
0408FA534749D702E60EC7F6039F251B
1F0408FA535649D3021A0FC3F603AE24
1B200408FB536749CA020F0FC4F603D6
231B270408FC534749D2021C0FC4F603
25251B330408FC53C349D402090FBDF6
030C261B3D0408FC539B490D03F40EAC
F60385261B400408FB53C6491103EE0E
A1F6039A261B390408FC53A8490F03EF
0EA9F603F3251B2D0408FB537E491003
E10EB8F603BA241B250408FB537C49D7
02B40EC2F60393231B290408FB53F049
F002B30EBEF603D6231B310408FC530E
4ADE02B20EB3F6030C251B3B0408FC53
684AE102B30EAEF603CD251B3F0408FC
533E4A6703D00EA4F603FF251B3D0408
FB53654A5F03BC0E97F603E9251B3704
08FB53574A5A03C40E91F60353251B2E
0408FC53784A6703B70E97F6037E241B
2B0408FB53624A6503BD0EA6F603A423
1B2E0408FC53664AF9020E0FB4F60361
231B390408FB53AE4AF102180FB6F603
C5241B450408FC531E4AF5021A0FB3F6
03CD251B4C0408FB53834AEF020F0FA8
F60329261B4D0408FC535F4AFF02CC0E
9CF603AB251B410408FC53364A0103C6
0EA1F603D1241B370408FC53244A0703
C00EB5F60379241B320408FC53284A0C
03CB0EC1F603E6251B360408FC53174A
D702110FBAF603F7261B400408FD5385
4AEB02150FAAF60353271B4B0408FC53
6A4AE3020F0FAAF60370271B4F0408FD
53634AE2020E0FB1F60379271B4D0408
FE53334AE602100FB2F60346271B4604
08FE53FF49D502150FB4F603C4261B44
0408FD53DD49E6020A0FBCF603F3251B
410408FD53C149EB02180FC7F6036425
1B440408FC53B249EF021E0FCBF6032E
251B4A0408FD53C449FD02C10ECAF603
23251B4F0408FD53AC49EF02BC0EC4F6
030C251B520408FD539649F502C50EC3
F6033E251B530408FE53A649EF02BE0E
C2F6030C251B530408FD538849F102CA
0EC3F6031D251B520408FD539649EB02
CD0EC5F60364251B520408FD538749F2
02C00EC3F60336251B4F0408FD537549
E802D10EC6F603E3241B510408FD5301
49E202F10ECAF60319251B540408FD53
2949ED02E30ECEF60396251B560408FD
53DC48F202DC0ECCF6039F251B580408
FD530149D802E10ECAF6036D251B5904
08FC531F49DB02DB0EC9F603A7251B61
0408FD533F49E102E00ECBF60310261B
6A0408FD534349DE02BE0EC6F6034D26
1B710408FD53A249DD02D60EBFF60364
261B750408FD53DF49D302CE0EBAF603
96261B6E0408FD53C549F002FF0EB6F6
0360261B680408FC539549EF02020FB8
F60321261B660408FC53B249F102010F
BDF6038A251B6B0408FC536E49F302FB
0ECCF603CC251B790408FC538C49DA02
D80ED4F603A7261B840408FC53B149E3
02DC0ECCF6031C271B890408FC53ED49
EF02E30EBCF60375271B860408FC53A7
49E802EA0EB0F60310271B7D0408FC53
7949FF02E10EADF60353261B760408FC
5358490603DC0EB9F603BC251B720408
FB534349FE02D70EBEF60357251B7504
08FC535B490403E10EBBF60360251B7E
0408FC5355490F03CE0EB8F60364261B
890408FC5365491003E10EB5F6031427
1B920408FB5361490F03D70EACF60370
271B940408FC5341490D03C70E9FF603
7D271B8E0408FC5343490D03DE0E95F6
034B271B850408FB5345490203DF0E94
F60392261B7D0408FC533849FE02E00E
9EF60347261B7C0408FC53F0480A03E9
0EA8F6034A291B830408FC5359490B03
ED0E9CF6032D2A1B8F0408FC535949C6
02E90E88F6034B2A1B990408FC534B49
D502E20E70F6035B2A1B9E0408FD53F9
48D402E40E58F603622A1B990408FD53
1149D002E20E47F603702A1B920408FE
533F49E402F50E3CF6037D2A1B8B0408
FE536549EA02000F34F603812A1B8904
08FE533149F102FE0E30F603892A1B92
0408FE537949D302FA0E2FF6038E2A1B
980408FE53B049F802DB0E2DF6039B2A
1BA00408FF538A49F702DE0E2BF6039A
2A1BA00408FF538A49F402E20E28F603
A32A1B9E0408FF53FF49F102DC0E22F6
03B32A1B99040800543E4AF602DF0E21
F603C02A1B980408FF53704AFC02BD0E
1FF603C02A1B9E0408FF53A04AFC02CC
0E1CF603BF2A1BA50408FF53E94AF502
CE0E1AF603C42A1BAF0408FE53364BF9
02C00E16F603D12A1BBA0408FD53D44B
ED020E0F16F603D52A1BBD0408FD53C8
4BEF02190F17F603EE2A1BC00408FE53
CE4BF902060F17F603EE2A1BC10408FD
53DF4BF8020F0F15F603EB2A1BC70408
FD53034CED02110F16F603F22A1BD004
08FE53284CF3021E0F16F603F22A1BD6
0408FE53474CF302120F17F603032B1B
DD0408FE53464CF102190F15F603032B
1BE00408FD533B4C2F03F40E17F603FF
2A1BE00408FE53334C1703F50E14F603
002B1BDC0408FE533D4C2203F00E13F6
03FF2A1BD90408FE535A4C1A03FF0E13
F6030C2B1BDA0408FE53974C2403F20E
12F603072B1BDF0408FF53A24C11032F
0F13F6030C2B1BE90408FE53984C0B03
250F13F603072B1BF20408FF53D14C17
03330F12F603082B1BFA0408FF53214D
11031F0F15F603142B1B0005080054F8
4D25031A0F14F603142B1B0705080054
404E2503240F11F603182B1B05050800
54334E1E03310F0EF6031C2B1B030508
0054E14D2503230F12F603182B1B0505
08FF53B94D1403EB0E12F603202B1B0D
0508FF53A44D1103EF0E11F603212B1B
190508FF53A04D1A03F10E13F603182B
1B240508FF538F4D1A03EF0E12F60314
2B1B230508FE53B34D0203C90E0FF603
142B1B1C0508FE53984DEF02D00E0FF6
03182B1B130508FE53F04DF102D20E10
F603182B1B090508FE53214EF402D40E
0FF603182B1B080508FE53024EF302CB
0E13F6031C2B1B0F0508FE53194E0803
F90E13F603212B1B1A0508FE532D4E0B
03010F12F603252B1B280508FE53354E
0B03FA0E10F603292B1B340508FE53D7
4E1103020F0EF603342B1B3C0508FE53
9B4F0703EC0E11F6032D2B1B400508FE
53B84F0D03E30E11F6032D2B1B3A0508
FE534E4F1503E00E16F6032D2B1B3805
08FE532C4F1003E10E15F6032D2B1B3D
0508FE53F94EF402F80E14F603312B1B
4B0508FE53254FF102FA0E15F603342B
1B540508FF53C54EE902F10E14F6032D
2B1B5C0508FF53CA4EF302F30E13F603
2D2B1B5C0508FF53F74EF502130F12F6
03292B1B560508FE534C4F00030F0F14
F603292B1B4B0508FE535E4FEF02130F
16F603282B1B430508FE536B4FF6021C
0F15F603292B1B420508FF53464FED02
120F19F603292B1B480508FF532C4FFF
02220F1AF6032D2B1B510508FF53194F
F902040F17F6032D2B1B5D0508FF5321
4F0103120F16F603292B1B650508FF53
2C4F0C031A0F17F6032C2B1B670508FE
53534F0303C90E19F603292B1B610508
FF53394F0703DC0E1BF6032D2B1B5C05
08FE53294F0803D90E19F603292B1B56
0508FF53FF4EFD02DD0E1AF603292B1B
5A0508FF53194FF602BA0E1CF603292B
1B5D0508FF532F4FEC02C40E1CF60324
2B1B630508FF53454FEC02BE0E1CF603
312B1B660508FF533B4FF202C90E1DF6
032D2B1B650508FF53584FEA02120F1C
F6032D2B1B630508FF53424FE302110F
1AF603312B1B650508FF533A4FE10219
0F19F603362B1B690508FE53354FEC02
0D0F17F603342B1B6F0508FE536C4FE2
02120F17F6033E2B1B6E0508FE53A04F
0003E00E13F6033E2B1B6A0508FE5385
4FFD02DF0E13F603422B1B660508FE53
4C4F0303EE0E11F603462B1B640508FF
533C4F0403EB0E0FF603462B1B690508
FF53354F1E03C50E10F603482B1B7405
08FE531C4F1103BE0E10F6034B2B1B7E
0508FE53154F0903CD0E0EF603462B1B
860508FE53254F1203BC0E0BF6034F2B
1B830508FE53FB4EF502C80E0EF60346
2B1B7A0508FE531B4FFA02D20E11F603
422B1B750508FE53DA4EF102D80E12F6
03402B1B760508FF53DF4EF802D00E11
F603462B1B7B0508FE53D14EEA02DC0E
10F6034B2B1B820508FE53B24EF702CF
0E10F603462B1B880508FE53BD4EF702
D00E0FF6034B2B1B890508FE53AE4EF7
02D00E0FF6034B2B1B850508FE53B64E
F202D80E0EF6034C2B1B7B0508FE53C2
4EF702ED0E0CF6034F2B1B740508FE53
B04EFC02DB0E0BF6034F2B1B790508FD
539C4EFE02E40E0EF6034B2B1B830508
FD53B14E0103F40E0DF6034B2B1B9205
08FE53A24E0003F80E0CF6034F2B1B9C
0508FE53BF4EFC02090F0AF603502B1B
990508FD53BE4E0203040F0AF603532B
1B8A0508FD53C74EFC02FE0E0BF60357
2B1B7E0508FC53E64E1B03BC0E09F603
572B1B760508FD53B34E2B03B60E0AF6
035B2B1B780508FC539A4E2B03D20E07
F6035B2B1B820508FC53BF4E2903BE0E
07F6035D2B1B910508FC53844E1E03BE
0E06F603602B1B9D0508FC536B4E0403
CF0E05F603602B1BA20508FC53784E09
03D80E05F603602B1B9D0508FC53604E
FE02D90E05F603602B1B970508FC5367
4E0803CE0E05F603602B1B930508FC53
8E4EF502D50E04F603612B1B930508FD
539B4EF102BE0E04F603602B1B950508
FD53574EF502C60E04F603602B1B9805
08FE53704EEA02C00E04F603602B1B98
0508FE53854E15031D0F07F603642B1B
9A0508FE535D4E1103250F07F603642B
1B9F0508FE53544E1003290F06F60365
2B1BA60508FF53234E0D031E0F04F603
682B1BAA0508FF53434E1303D80E05F6
03682B1BB00508FF53004F1103D20E03
F6036C2B1BB005080054034F1503C90E
03F6036C2B1BB305080054944E1D03D1
0E01F6036C2B1BBB050801549E4E1703
C40E02F6036D2B1BC3050800545F4EF6
02E20E05F603702B1BC9050801543A4E
EF02DA0E03F6036C2B1BCF05080154DA
4EF102E60E01F603702B1BCA05080154
D04EF902DE0E01F603702B1BC6050801
54C04EF802F80E00F6037D2B1BC10508
0254804EF002090FFFF503752B1BC505
080154624EE502090FFEF503752B1BCB
050801545D4EF102050F00F603792B1B
D505080154394EFC02D90E01F603752B
1BDB050800542B4E0203D30EFFF50375
2B1BDE05080054244E0803D10EFEF503
792B1BDD05080154144EFE02D80EFCF5
03792B1BD805080154184EF602D50EFB
F5037D2B1BD405080154EF4DF902D80E
FDF5037D2B1BD005080154DC4DF002D6
0EFBF5037D2B1BD305080054FC4DF602
CD0EFBF5037D2B1BDB05080154074EF0
02DC0EFEF503812B1BE305080154074E
0303C20EFCF5037D2B1BEA0508015402
4E0503CE0EFBF503812B1BE905080154
294E0E03C40EF8F503812B1BE6050800
54C44D1403B70EF9F503852B1BDE0508
0054CC4DE402BA0EF9F503852B1BE105
080154A64DDF02B70EF8F503852B1BE8
05080154BE4DE102C20EFBF503852B1B
F205080254B84DDF02C40EFBF503852B
1BF305080254BC4DF102DE0EFAF50385
2B1BF605080154A74DF002DA0EF9F503
852B1BF305080154A54DFA02E00EFAF5
03852B1BF205080154954DEC02DF0EFB
F503852B1BEF05080154A24DF902E20E
FCF503852B1BEE05080154884D0103E0
0EF8F503812B1BEC05080154664D0503
DA0EF9F503852B1BEF05080154884D01
03DD0EFAF503852B1BF605080054804D
0603D20EFCF503852B1B00060800547C
4D0B03F40EFAF503892B1B0106080054
544D0F03ED0EF9F503852B1B00060801
54464D1603EB0EFEF5037D2B1B030608
0054844D0603000F00F6037D2B1B0706
0800549A4DE702130F05F603752B1B0B
0608FF53E54DFC020F0F09F603752B1B
120608FF532D4EF7021A0F08F6037D2B
1B1806080054604EE9020F0F09F60379
2B1B2006080054854E0B030F0F0AF603
792B1B240608FF53F24E0B03FD0E08F6
03792B1B280608FF53094FF4020A0F07
F603812B1B2D0608FF53AD4EF702030F
07F6037D2B1B350608FF53874E15030A
0F07F603812B1B3D06080054874E1003
0A0F05F603812B1B460608FF535D4E0E
03090F01F6038A2B1B480608FF53504E
1C03F80E01F6038A2B1B470608005466
4E1403F50E01F6038A2B1B4706080054
524E1A03120F00F603812B1B44060800
54554E0F032C0F03F603812B1B440608
0154504E0C03260F03F603852B1B4706
0801544D4E17031C0F02F6038A2B1B51
06080154AA4EF602FC0E00F6038E2B1B
5806080154984EF902F60EFEF5038E2B
1B6006080054984EEF02FF0EFFF5038D
2B1B6706080154FD4EF002F10EFFF503
8A2B1B6E06080154384F0403F80E03F6
038A2B1B7506080254E34F0B03F90E03
F603852B1B7906080154CD4F1303F00E
05F603852B1B7B06080154E24F0403FA
0E05F603852B1B8106080054EE4FE402
DA0E06F603852B1B8B060801543C50F3
02DF0E06F603852B1B94060801540B50
FB02E10E07F603852B1B9C0608015401
50F702EB0E07F6038A2B1BA006080154
3A50EA02D50E02F603962B1BA7060801
5494500E03F50EFAF503A72B1BA90608
015496501403000FF4F503B12B1BA406
08015478500F03EF0EEEF503AF2B1BA4
0608005458500D03FA0EEBF503B42B1B
A20608005431502003010FE8F503B42B
1BAB06080054FA4F1A03090FE8F503AF
2B1BB006080054B84F2903FB0EE8F503
AB2B1BBC06080154AF4F2903FC0EE8F5
03B52B1BC506080154D24FEB02090FE6
F503BC2B1BCA06080154F94FED02120F
E2F503C42B1BCD060801548650F4021C
0FDEF503C92B1BD006080154E350EA02
060FDDF503CD2B1BD006080154CE50E4
02D30ED9F503CD2B1BCF060801545050
E202D40ED8F503CE2B1BD4060800542C
50E402C90EDAF503CD2B1BDC06080054
3850D702DA0EDAF503CD2B1BE30608FF
533150D702D60ED6F503D12B1BEA0608
FF5399501703EF0ED6F503D12B1BEE06
08FF53F2501103F50ED7F503D12B1BED
0608FF53D0501903F80ED6F503D62B1B
EE0608FF53A3501103F70ED5F503D92B
1BF80608FF5396502403F60ED4F503DE
2B1B050708005492502603F20ED3F503
DE2B1B1307080054BC502403030FD3F5
03E22B1B1D0708005440512603F00ED0
F503E22B1B26070800543A51FC021C0F
D1F503E22B1B2D070800542E51EC0226
0FCDF503E62B1B31070801542C51EF02
1A0FCBF503EE2B1B39070801541451F1
02220FCBF503EE2B1B40070801543A51
0F031C0FCAF503F32B1B49070802543B
51F902210FC9F503F22B1B5407080254
55510D032B0FC8F503F32B1B5D070802
54615107032E0FC7F503EE2B1B650708
025454510203180FC8F503F32B1B6B07
0802544851F8025E0FC7F503F32B1B6C
070803547A5104035F0FC6F503F72B1B
6E07080254C851FA02610FC9F503F22B
1B7007080254BC510A03620FC9F503F3
2B1B7007080154AC510603FC0EC9F503
EE2B1B6F0708025444510603120FCBF5
03EE2B1B75070802544C510703FE0EC9
F503F32B1B80070802546551FE02070F
CBF503F32B1B8F070802549551170333
0FCAF503F62B1B9F07080354E4512003
380FC7F503F72B1BA90708035417521A
03420FC7F503FB2B1BAD070804545552
1C03360FC5F503032C1BAB070804541B
523103240FC2F503032C1BAC07080354
C6513903120FC2F503032C1BAD070803
5499513203180FC2F503022C1BB50708
0354895135030B0FC3F503032C1BBD07
080354845131030B0FC1F503032C1BC7
070803546C51FA02D50EC1F503032C1B
CA070804548751E802DE0EC3F503FB2B
1BD207080454B851F302DE0EC6F503F7
2B1BD9070804542252FD02D80ECBF503
F62B1BE2070804541752FB023A0FCBF5
03F72B1BE9070804541E52FB023A0FCE
F503F32B1BF207080554F451EA024A0F
D0F503F72B1BF6070805541552F90242
0FCEF503F72B1B00080804540F52D902
EE0ED0F503F32B1B0C080804542852D7
02000FD1F503F62B1B17080804544852
E202F70ED3F503F72B1B210808045480
52DA02FD0ED3F503F72B1B2B08080554
C5521703100FD6F503EA2B1B2A080805
54CD520E03100FDCF503E22B1B2E0808
05543E5215030F0FDCF503E22B1B3308
080554C2521203130FDEF503DE2B1B3F
08080554CD520E03050FDFF503E62B1B
4B08080454A7520F03FE0EE1F503E22B
1B5308080454CD52F302FF0EE1F503DE
2B1B5608080454FD52F802090FE3F503
E22B1B5C0808035440530B03010FE4F5
03E22B1B5F080802546553F702270FE3
F503D92B1B620808025438530903390F
E2F503E22B1B62080803540653070323
0FE0F503E22B1B63080803540D530203
390FE2F503DE2B1B6208080354DE52ED
02E90EE1F503E22B1B6B08080354FB52
F802F50EE1F503E22B1B7408080254EB
52E802FD0EE0F503E22B1B7D08080254
F652F502F30EE1F503E62B1B88080802
541C53FF021D0FE1F503E62B1B8F0808
0254765306031C0FDEF503E62B1B9108
0803548553F902110FDCF503EE2B1B91
08080354B85306031A0FD8F503F22B1B
94080803547053F5020F0FD6F503F32B
1B9A080803547553E4024A0FD5F503F3
2B1BA9080804548A53F1024B0FD5F503
F72B1BB708080454AA53F5024F0FD6F5
03FF2B1BC7080804547553EF02450FD3
F503FB2B1BD1080804547E530603110F
D4F503FA2B1BDE080803549453FB0214
0FD3F503FB2B1BE6080803548C53F502
140FD4F503FB2B1BEA08080354735308
030E0FD3F503FB2B1BF0080803547F53
0C03110FD0F503082C1BF50808035454
531603150FC7F5031D2C1B0009080354
4B531603180FBFF5031E2C1B0E090803
548D530B03110FB9F503252C1B140908
0354D753ED02730FB3F503292C1B1609
080354CE53F002740FB1F503252C1B15
09080354D953F1026F0FB2F503292C1B
1509080354ED53F0026D0FB0F5032B2C
1B15090803549353F102690FB0F5032D
2C1B130908025459532603900FAEF503
322C1B150908025488531E03920FABF5
03362C1B16090802547A532203940FAB
F5033A2C1B1509080254AD532803890F
AAF5033A2C1B160908035491530003A5
0FA9F503372C1B1509080254A7530403
B80FA9F503362C1B1509080254BF5300
03BC0FA7F5033A2C1B1009080254CA53
0603B20FA4F5033E2C1B1109080254B6
532103A50FA2F5033A2C1B1209080254
BB531203B10FA1F5033E2C1B14090803
54C9531C03B30FA2F503432C1B110908
02548F531D03B30FA1F503472C1B1409
08025486530B03DC0F9CF503472C1B15
090802546E530003E30F9DF5034B2C1B
160908035478530203E00F9BF5034B2C
1B1609080354AF53FE02D60F9CF50347
2C1B1709080454A5530503DA0F9EF503
472C1B180908045494531903CE0F9EF5
03422C1B18090805548D531C03D10F9F
F5033A2C1B19090806548D532403D60F
A4F503362C1B1A09080554DA531E03D2
0FA7F5032D2C1B170908065489532203
CF0FACF503292C1B1409080654885320
03BD0FB2F503222C1B0C09080654B453
2203C50FBAF503182C1B060908065485
532103C50FC0F503142C1B0409080554
74530F03600FC4F5030C2C1BFF080805
5443530603530FC6F5030C2C1BFB0808
055441530703590FC9F503062C1BF108
0805543B531C03560FCDF503FF2B1BEE
0808055463531303240FCCF503082C1B
EA0808055461530C03240FCDF503082C
1BE40808055442531203190FCEF50303
2C1BDF080805545F531403280FD0F503
032C1BDB080805544B531803270FCEF5
03022C1BDE080804547453E802D50ED0
F503032C1BE608080554AC53EE02D30E
CFF503082C1BEB08080554B653F102DC
0ECFF503082C1BEE08080554BD53EE02
D40ECAF5030C2C1BEA08080654EA53F5
02150FC6F503142C1BE308080654B053
F002150FC3F5031A2C1BD90808065466
53F702090FC1F5031D2C1BD408080654
6553EB02170FC1F503182C1BD7080807
547F5316031E0FBEF503182C1BDD0808
07544F5310031E0FBEF503182C1BE408
080754525315032C0FBDF503182C1BE8
080807543F530F032F0FBDF5031A2C1B
E8080806544353EE02080FBFF503142C
1BE4080806547253DB02FC0EBFF50318
2C1BD7080807547A53E802020FC0F503
142C1BCD08080654B253DB02FE0EC0F5
03102C1BC708080754A353E102FA0EC4
F503142C1BC808080754AC5304030A0F
C2F503122C1BC508080754C753F30203
0FC1F503102C1BBC080806548C53F902
000FC3F503082C1BAE080806547F5306
03070FC4F5030C2C1BA4080806548753
E602390FC6F503082C1B9F0808065487
53E0023C0FC6F503022C1B9508080754
5F53E402330FC7F503032C1B86080806
545653E102390FCBF503FF2B1B750808
0754BB531703D60ECDF503FF2B1B6D08
080754AA530503D80ECCF503FF2B1B66
080807549B530603E20ECEF503F72B1B
5A08080754D3531503E10ED0F503F22B
1B4508080654B2530503E40ED3F503EE
2B1B3608080754BA530B03E00ED4F503
F32B1B2E08080754D0530703E40ED6F5
03EE2B1B2B08080754A153FB02D90ED5
F503EA2B1B210808075492530803DD0E
D8F503E62B1B100808075476530D03BE
10D8F503E62B1B030808085441530803
B310D8F503EA2B1B020808075447530E
03BD10D7F503EA2B1B00080807542853
0B03B510DAF503E62B1BFC070806545A
530B03020FDAF503EA2B1BFA07080654
63530D03040FDAF503E22B1BF4070806
547D5303030A0FDAF503E62B1BEE0708
06548B5302030E0FDAF503E62B1BEF07
0806545653E202020FDBF503E62B1BF1
070806541753D902020FDBF503EA2B1B
F5070806542153DA02040FD7F503EA2B
1BF707080754FE52DE02FF0ED6F503EE
2B1BF30708075405531303000FD5F503
EE2B1BEA070805541E531303030FD3F5
03F32B1BDD0708055451531903FA0ED1
F503F32B1BD1070805545B531803FE0E
D2F503F32B1BC6070805545453080306
0FD3F503EE2B1BBB070804544F53E802
150FD0F503EE2B1BAA070804542D53F4
02100FCFF503EE2B1B95070806543C53
ED02170FCFF503EE2B1B8207080654D1
52ED02160FCDF503EE2B1B7107080654
F7520703CF0ECDF503EE2B1B65070806
543953F702CF0ECDF503EE2B1B5E0708
0654F6520703C90ECCF503F22B1B4F07
0806540B53FE02E00ECAF503EA2B1B39
07080654FE520F03ED0ECBF503EA2B1B
2307080654B4521103F80ECCF503EA2B
1B100708065486521703F10ECCF503EA
2B1B060708065446520B03F80ECCF503
E62B1BFD060806544952F1023A0FCDF5
03E62B1BF8060806547B52E202310FCF
F503E22B1BEF060806545352ED02380F
D0F503E22B1BDB060806543C52EB022E
0FD2F503DE2B1BC2060806542A52F402
210FD1F503D92B1BB0060806540F52E6
02FC0ED2F503D92B1BA7060805540151
E602EC0ED2F503DA2B1BA30608055438
51F302F80ED2F503DE2B1BA306080554
3351E902F60ED2F503DE2B1B9E060805
540C510503E00ED0F503DE2B1B920608
0554D850F902E30ED0F503DE2B1B7F06
0805549A500E03E10ECEF503DE2B1B69
060805548350FC02DA0ECDF503DE2B1B
52060805547650F102F10ECEF503D92B
1B47060805547750EF02EB0ECEF503DE
2B1B45060805547450F202F80ECEF503
DE2B1B45060805547650F302F60ECDF5
03E22B1B45060805547350F6020D0FCB
F503E22B1B40060805545B50F102000F
CBF503E22B1B37060805541E50F30209
0FCAF503DE2B1B2406080654F64FF702
FC0ECBF503DE2B1B0C06080654F14FF5
02110FCAF503D92B1BF505080654E64F
0B031F0FCBF503D92B1BE705080654DE
4F0C032B0FCBF503DE2B1BDD05080654
8C4FFC021A0FCBF503DE2B1BD8050806
54704FF702220FC9F503DE2B1BD90508
06544A4FFE02E60EC9F503DE2B1BDD05
080654534FF102DC0EC9F503DE2B1BE0
05080654444FFB02E20ECAF503DE2B1B
E1050807540E4FEE02DF0EC8F503E22B
1BE0050806540E4FF602DC0EC5F503E6
2B1BE405080654044FF902DE0EC4F503
E62B1BE705080654EC4E0303DA0EC5F5
03E62B1BEA05080654D44E0003EB0EC3
F503EA2B1BE705080654DC4EF7027F0F
C2F503E62B1BE305080654AA4EE6027D
0FC3F503E62B1BDC05080654894EFF02
7F0FC1F503EA2B1BDD05080654554EED
027E0FC0F503E62B1BE305080654654E
E802830FC0F503EA2B1BEA0508065483
4EF1020B0FBEF503EA2B1BF405080654
864EED020C0FBEF503EE2B1BFA050806
544B4EF102FE0EBFF503EE2B1BF90508
0654324EF402010FBBF503F72B1BF805
080754274EED02190FB8F503FF2B1BF1
050807542F4EF102110FB4F503FF2B1B
F0050807542F4EF002180FB3F503FF2B
1BF005080754444EEF020F0FB4F503FB
2B1BF3050807544C4ED602F10EB6F503
F62B1BF805080854494ECF02F50EB6F5
03FB2B1B00060807543C4ED102F10EB4
F503FF2B1B0306080854384ED302F20E
B2F503032C1B03060808543D4EFC0212
0FB0F503082C1B0306080854484E0103
170FAEF503102C1BFE050808545A4E04
031C0FABF5030E2C1BFA050809546C4E
FD02090FA9F503102C1BF5050808545F
4E0403120FA7F5030C2C1BEF05080854
5D4E2903DF0EA7F503102C1BE9050808
544E4E1B03E20EA8F503082C1BEB0508
0854304E2003E20EA9F5030C2C1BF405
080854584E1903E80EA8F5030E2C1BF3
050807543A4EE202050FA9F5030C2C1B
F205080754444ED902FA0EA7F5030C2C
1BF105080754254EE102050FA9F5030C
2C1BEE050807541E4EE002080FA8F503
102C1BF505080754054EF4023F0FA9F5
030E2C1BF4050808540B4EEB023A0FA7
F5030C2C1BDF050808540B4EF7024B0F
A8F503082C1BBB050808543D4EF40246
0FAAF503032C1B9505080854DD4EF602
000FA8F503082C1B7A05080854F64EF5
02030FA7F503032C1B6105080854A64E
F402040FA8F503062C1B4405080854FD
4FE502030FA8F503082C1B2805080854
474EEF02060FA7F503FF2B1B11050808
54754EDE02630FA8F503FF2B1B060508
0854854ED902710FA8F503FB2B1BFE04
0808546A4EE002710FA7F503EE2B1BE1
04080854854EE002760FACF503EA2B1B
B404080954C04EF7020B0FAEF503D12B
1B8E04080854EF4E0603180FAEF503E2
2B1B6E04080854044F0803140FB0F503
E22B1B5B040808546D4F0203160FB0F5
03E62B1B50040808544550FC02230FAF
F503EA2B1B45040807543D510D031C0F
ADF503EE2B1B38040807543052FF022B
0FABF503EA2B1B280408075467530603
200FA9F503EE2B1B170408075405556A
03E60EA9F503F32B1BFF030806545359
6B03EF0EA8F503FB2B1BED03080654EB
5A6903F10EA5F5038E2A1BED03080654
2D5A6003E70EA5F503F22B1BF3030807
543E5A6003F80EA7F503082C1BFC0308
0654625A3C069B10A4F503102C1B0004
0806546E5A3F06A710A2F503E62B1B01
04080654BE5A3C06A0109EF503032C1B
FF03080654655B3B069C10A3F503FB2B
1BFF03080654D05B3E03550EAAF503F6
2B1BFB03080754135D4703550EA9F503
F72B1BF803080754615E45034E0EACF5
03FB2B1BF4030807548D5F4203550EAA
F503FB2B1BF503080754166043028A0C
A9F503FF2B1BFB03080754796041028D
0CA9F503022C1B0304080754AE604402
9F0CA9F503FF2B1B0704080854F5603D
028C0CA8F503FB2B1B06040808548961
ED02230FACF503F32B1BFF03080854D2
61EF021E0FADF503EE2B1BFA03080854
6862F3021A0FACF503F32B1BF9030808
54D862F402240FADF503FA2B1BF40308
09541F63F102320FABF503FF2B1BF303
0809546E6391026E0FA8F503FF2B1BEE
030809545E639302740FA6F503FF2B1B
E303080A54AA6393026B0FA2F503032C
1BD203080A54B2678F02710F9DF50308
2C1BCA03080A543867880533149AF503
0A2C1BC503080A5444668005351497F5
03943E19C603080A54BD6580054614A1
F503A0C514C503080A548A657C054414
D1F50353800FC503080A544E6509FC3C
0C02F603F00C0DC503080B544F6508FC
3C0C19F603842E0EC603080A54ED64FA
FB300C22F603B3140FC403080A547864
03FC420C2BF60396F90EC503080A54CE
64410A271235F603EF0E0FC403080A54
B164340A1D123FF603FA910EC503080A
541D632C0A281246F603E71E0FC60308
0A5485611C0A301249F603D22B10C703
080954DC5F290A1F1250F603251C10C5
03080954215E9E02C5035FF6037F240F
C503080954855CA402BD036BF6035F1A
0FC503080A54335BA602C10371F60378
EA0EC503080954FD59A702C20374F603
CDEA0EC6030809542759A602C40378F6
0320CC0EC403080A547758A902CC037F
F6035EC30EC4030809542059A202C603
85F603C3A50DC503080954255EA202C1
0398F603F6840DC503080954185D9502
A503AFF603FCD70DC603080A54075B97
02A003C1F603AE870DC503080B549359
9502A303</Data>

   <DataCRC>79b46ea7</DataCRC>

   <BytesSent>13124</BytesSent>

</SBEDataUpload>
</InstrumentRawData>
</SBEDataUploadFile>
