<?xml version="1.0"?>
<!-- SCPlusV2_RS232 -->
<SBEDataUploadFile>
<ApplicationData>
<Seaterm232>
<SoftwareVersion>2.6.3.104</SoftwareVersion>
<BuildDate>30-Jun-2017</BuildDate>
</Seaterm232>
</ApplicationData>
<InstrumentState>
<HardwareData DeviceType='SBE19plus' SerialNumber='01906740'>

   <Manufacturer>Sea-Bird Electronics, Inc.</Manufacturer>

   <FirmwareVersion>2.2d</FirmwareVersion>

   <FirmwareDate>9 February 2011 08:30</FirmwareDate>

   <CommandSetVersion>1.1</CommandSetVersion>

   <PCBAssembly PCBSerialNum='25307' AssemblyNum='41054G'/>

   <PCBAssembly PCBSerialNum='25737' AssemblyNum='41580B'/>

   <PCBAssembly PCBSerialNum='24669' AssemblyNum='41606'/>

   <PCBAssembly PCBSerialNum='24372' AssemblyNum='41059D'/>

   <MfgDate>  08 DEC 2010</MfgDate>

   <InternalSensors>

      <Sensor id='Main Temperature'>

         <type>temperature0</type>

         <SerialNumber>01906740</SerialNumber>

      </Sensor>

      <Sensor id='Main Conductivity'>

         <type>conductivity-0</type>

         <SerialNumber>01906740</SerialNumber>

      </Sensor>

      <Sensor id='Main Pressure'>

         <type>strain-0</type>

         <SerialNumber>3220369</SerialNumber>

      </Sensor>

   </InternalSensors>

   <ExternalSensors>

      <Sensor id='volt 0'>

         <type>SBE 43 OXY</type>

         <SerialNumber>432005</SerialNumber>

      </Sensor>

      <Sensor id='volt 1'>

         <type>not assigned</type>

         <SerialNumber>not assigned</SerialNumber>

      </Sensor>

      <Sensor id='volt 2'>

         <type>ECO-FLNTURT CHL</type>

         <SerialNumber>FLNTURTD-2025</SerialNumber>

      </Sensor>

      <Sensor id='volt 3'>

         <type>ECO-FLNTURT TURB</type>

         <SerialNumber>FLNTURTD-2025</SerialNumber>

      </Sensor>

      <Sensor id='volt 4'>

         <type>not assigned</type>

         <SerialNumber>not assigned</SerialNumber>

      </Sensor>

      <Sensor id='volt 5'>

         <type>not assigned</type>

         <SerialNumber>not assigned</SerialNumber>

      </Sensor>

   </ExternalSensors>

</HardwareData>
<StatusData DeviceType='SBE19plus' SerialNumber='01906740'>

   <DateTime>2018-12-07T14:28:32</DateTime>

   <LoggingState>not logging</LoggingState>

   <EventSummary numEvents='241'/>

   <Power>

      <vMain>12.2</vMain>

      <vLith>5.4</vLith>

      <iMain>61.5</iMain>

      <iPump>36.4</iPump>

      <iExt01> 4.1</iExt01>

      <iExt2345>20.6</iExt2345>

   </Power>

   <MemorySummary>

      <Bytes>1492821</Bytes>

      <Samples>87813</Samples>

      <SamplesFree>3782666</SamplesFree>

      <SampleLength>17</SampleLength>

      <Profiles>111</Profiles>

   </MemorySummary>

</StatusData>
<ConfigurationData DeviceType='SBE19plus' SerialNumber='01906740'>

   <ProfileMode>

      <ScansToAverage>1</ScansToAverage>

      <MinimumCondFreq>3226</MinimumCondFreq>

      <PumpDelay>60</PumpDelay>

      <AutoRun>no</AutoRun>

      <IgnoreSwitch>no</IgnoreSwitch>

   </ProfileMode>

   <Battery>

      <Type>alkaline</Type>

      <CutOff>7.5</CutOff>

   </Battery>

   <DataChannels>

      <ExtVolt0>yes</ExtVolt0>

      <ExtVolt1>no</ExtVolt1>

      <ExtVolt2>yes</ExtVolt2>

      <ExtVolt3>yes</ExtVolt3>

      <ExtVolt4>no</ExtVolt4>

      <ExtVolt5>no</ExtVolt5>

      <SBE38>no</SBE38>

      <OPTODE>no</OPTODE>

      <GTD>no</GTD>

   </DataChannels>

   <EchoCharacters>yes</EchoCharacters>

   <OutputExecutedTag>yes</OutputExecutedTag>

   <OutputFormat>raw HEX</OutputFormat>

</ConfigurationData>
<CalibrationCoefficients DeviceType='SBE19plus' SerialNumber='01906740'>

   <Calibration format='TEMP1' id='Main Temperature'>

      <SerialNum>01906740</SerialNum>

      <CalDate>07-Jan-11 </CalDate>

      <TA0>1.255288e-03</TA0>

      <TA1>2.593288e-04</TA1>

      <TA2>-2.376104e-07</TA2>

      <TA3>1.449298e-07</TA3>

      <TOFFSET>0.000000e+00</TOFFSET>

   </Calibration>

   <Calibration format='WBCOND0' id='Main Conductivity'>

      <SerialNum>01906740</SerialNum>

      <CalDate>07-Jan-11</CalDate>

      <G>-1.033008e+00</G>

      <H>1.393941e-01</H>

      <I>-2.175401e-04</I>

      <J>3.475757e-05</J>

      <CPCOR>-9.570000e-08</CPCOR>

      <CTCOR>3.250000e-06</CTCOR>

      <CSLOPE>1.000000e+00</CSLOPE>

   </Calibration>

   <Calibration format='STRAIN0' id='Main Pressure'>

      <SerialNum>3220369</SerialNum>

      <CalDate>21-Dec-10</CalDate>

      <PA0>8.222195e-01</PA0>

      <PA1>1.566037e-02</PA1>

      <PA2>-6.194425e-10</PA2>

      <PTCA0>5.244452e+05</PTCA0>

      <PTCA1>4.417653e+00</PTCA1>

      <PTCA2>-9.798927e-02</PTCA2>

      <PTCB0>2.510725e+01</PTCB0>

      <PTCB1>-1.150000e-03</PTCB1>

      <PTCB2>0.000000e+00</PTCB2>

      <PTEMPA0>-5.917147e+01</PTEMPA0>

      <PTEMPA1>5.387460e+01</PTEMPA1>

      <PTEMPA2>-2.653169e-01</PTEMPA2>

      <POFFSET>0.000000e+00</POFFSET>

      <PRANGE>5.076000e+03</PRANGE>

   </Calibration>

   <Calibration format='VOLT0' id='Volt 0'>

      <OFFSET>-4.687158e-02</OFFSET>

      <SLOPE>1.247988e+00</SLOPE>

   </Calibration>

   <Calibration format='VOLT0' id='Volt 1'>

      <OFFSET>-4.719579e-02</OFFSET>

      <SLOPE>1.248132e+00</SLOPE>

   </Calibration>

   <Calibration format='VOLT0' id='Volt 2'>

      <OFFSET>-4.684526e-02</OFFSET>

      <SLOPE>1.248324e+00</SLOPE>

   </Calibration>

   <Calibration format='VOLT0' id='Volt 3'>

      <OFFSET>-4.678105e-02</OFFSET>

      <SLOPE>1.247145e+00</SLOPE>

   </Calibration>

   <Calibration format='VOLT0' id='Volt 4'>

      <OFFSET>-4.669684e-02</OFFSET>

      <SLOPE>1.248307e+00</SLOPE>

   </Calibration>

   <Calibration format='VOLT0' id='Volt 5'>

      <OFFSET>-4.709579e-02</OFFSET>

      <SLOPE>1.247697e+00</SLOPE>

   </Calibration>

   <Calibration format='FREQ0' id='external frequency channel'>

      <EXTFREQSF>9.999977e-01</EXTFREQSF>

   </Calibration>

</CalibrationCoefficients>
<EventCounters DeviceType='SBE19plus' SerialNumber='01906740'>

   <EventSummary numEvents='241'/>

   <Event type='ErrorFLASHUncorrectableError' count='241'/>

</EventCounters></InstrumentState>
<Headers>

cast 101 04 Dec 2018 09:39:27 samples 81467 to 82014, avg = 1, stop = mag switch

</Headers><InstrumentRawData>
<SBEDataUpload startAddr='1384922'>

   <Type>1</Type>

   <DataFormat>SEACATPLUS0</DataFormat>

   <Bytes>9316</Bytes>

   <Data>
EDFB03DA0D15F103083F54E14FA602D5
13CCFC03CC3B15F603084054714FA202
DB1366FD03E86715FB030840542D4FA9
02D313DBFD0355101BFC03083E54E64E
A202D41331FE03BA6A170204083D5493
4EB70255136EFE03002B1B0204083D54
8E4EB8025913C3FE03E2291B0304083C
54594EB20256133CFF03E2271B050408
3B543B4EB1025D13BBFF033A261B0604
083C54344ED302F612670004C1241B07
04083C54214EDA02F51255010490211B
0C04083C54EA4DD302F7127F02040F20
1B1504083B54CF4DD802F212A20304EA
1D1B1A04083B54BB4DE102ED12B00404
861D1B1C04083B54AF4DDE02E212AD05
04E31C1B1E04083B54B14DE602E01274
0604E41B1B1F04083B54A74DE402E612
110704BB1A1B1F04083C54914DE302E1
12910704D5191B2104083B54874DD502
C812040804F8181B2104083C547E4DD4
02C51276080483181B2004083C547E4D
D502CD12EE08041A181B1E04083F548F
4DD302C4125C09041F181B1E04084054
824DCB029012B209046C181B1D040840
54864DC4028112EB090498181B1F0408
4154934DC6028C12070A04FD171B1F04
084054814DBB028812170A046F171B1F
04083F54944DD0028512250A0467171B
1F04083F54A74DD1028C12240A045217
1B1F040840549E4DD8028512200A0431
171B1F04084054AC4DD8028312210A04
3D171B2004084054A84DE40277122D0A
0413171B2004083F549E4DE0027B123F
0A04E5161B2104084054064EE6027B12
520A040B171B2404083F54A64EE4027D
125D0A04FB161B2304084054584ED902
75126E0A04D5161B2404083E54FC4DE6
028312800A04DD161B2004084154A14D
E0028612900A04E1161B1F04083F5471
4DEA028612A50A04E5161B2004083F54
454DE4027F12B20A04EA161B2404083F
54354DB3028312C30A04EA161B230408
3F54284DB7028312D30A04EA161B2404
084054054DAC028A12DD0A04EA161B24
04084054E94CA9028112E30A04B8161B
2304084154BF4CC6029712EE0A045316
1B21040841549E4CC4029012FE0A04E7
151B2404084254784CC3029712090B04
A6151B2504084354534CC00297120C0B
0465151B2604084254294CF902741210
0B042F151B2804084154034CFC027812
210B044C151B2604084154DE4BF1027B
123B0B047A151B2404084154B14BEE02
72124F0B04A8151B2304084254804BF5
0274125D0B04D2151B25040841546B4B
D10232126B0B0408161B25040841544F
4BD10238127A0B0425161B2604084054
344BDA0231127C0B0443161B27040840
54224BDE023912830B043A161B250408
40540E4BF2027912860B040E161B2604
084054044BF0027612910B04B5151B25
04084054EA4AEA027B129B0B047E151B
2604084054D14AF0027B12A30B045515
1B2604084154AD4AD4023B12A70B0440
151B24040841548F4AD9023512AD0B04
27151B27040840548A4AD7023812B00B
040A151B2504084154684AD2023512B7
0B04F1141B23040842544E4AF1021C12
C00B04E8141B2504084354384AF70227
12C60B04E0141B2504084354154AF302
2512CC0B04CB141B26040843540E4AF1
022B12D30B04C3141B2704084354074A
EA022312E30B04B2141B2704084354F0
49CE023D12F20B04A5141B2704084454
D349D1023512FC0B0478141B24040845
54B449D9023612040C0456141B230408
47548C49D6023412080C044E141B2404
0847546249D602FB110B0C044A141B24
040847544649D402F6110F0C0452141B
24040847543F49D502F711100C045A14
1B27040847543249CA02F8110F0C045A
141B26040847541C49E0023412130C04
5F141B27040847541249E2023612150C
0446141B26040847541F49E002351218
0C0439141B2504084754F048ED023B12
1C0C0431141B2704084754E548E00208
121A0C0429141B2804084754D448E402
0F121C0C0428141B2704084754D348E4
020612220C0428141B2604084854B848
DD020D12260C0431141B2904084854AC
48E202FF11290C0441141B2704084754
B148FE0227122A0C0456141B27040847
549F4801032A12290C0467141B250408
46549348040331122A0C046F141B2604
0846548D48080327122C0C046B141B25
040846547648E902F6112D0C0478141B
26040846546F48E902F4112F0C049914
1B28040845546648E702F6112F0C04C7
141B28040845545748E602FC112A0C04
0A151B280408455458480003FE11220C
048A151B25040845545448FE02031214
0C0421161B25040844543E48FF020312
050C0471161B2604084454334804030F
12FA0B0479161B26040845542F48E602
C311F10B044F161B29040844542848E1
02BD11E70B044B161B28040844541E48
DC02BE11E40B048A161B26040844540F
48E802C311DD0B04CC161B2804084554
0948D702C311D70B047D161B29040845
54F047CC020A12D20B0460161B280408
4554EB47CE020C12D20B043E161B2B04
084554E047D7020712D00B0476161B2A
04084454C247D1020F12D00B04F6161B
2A04084554C247DF02F411C80B042017
1B2A04084554B047EA02FA11BC0B0467
171B2904084554A647EF02F611B30B04
8C171B2A040844549647DC02F611A90B
04A5171B2C040844548247C002D811A0
0B049D171B2D040844546E47B702CD11
980B0473171B2C040844545C47CB02D9
11940B0478171B2D040844544347B702
D6118D0B04AA171B2D040845543247D4
02EB11880B040A181B2C040845542547
D402DF11810B0428181B2B040845541C
47CF02EE11790B0438181B2C04084454
0147E002E511740B0427181B2B040844
54F546D002EC116B0B042F181B2E0408
4554F8460603B111670B0448181B2D04
084554DB46FC02BD115F0B047F181B2C
04084554D646F802B811580B0487181B
2D04084454AD460403B111510B049418
1B2E040845548A46D702A7114C0B04A0
181B2D040845548046D602A711450B04
B9181B2D040846546D46D402A7113E0B
04CA181B2D040846546546D302B41135
0B04C9181B2D040846544A46B602C711
2F0B04BD181B2D040846544746C102C8
11290B04A0181B2E040846543446BE02
CA11240B04C6181B2E040845542746B9
02C9111F0B0400191B2C040845541846
BB029411180B0419191B2E0408465402
46C802A111130B0411191B2D04084654
FF45C60286110F0B0404191B2E040846
54F545B7029F11060B040D191B2F0408
4554F545B4028E11010B0432191B2D04
084554EB45F002B011FB0A0455191B2C
04084654DA45EA02B611F70A0460191B
2F04084754B045FF02AE11F10A044B19
1B2D04084754A8450203B511EB0A0436
191B2F04084754B145D7028D11E40A04
47191B3104084654AB45CE028B11E20A
0475191B2B04084654AB45D7029211DA
0A049B191B2D04084654A345D6028A11
D60A049B191B2F040846549E45DE02BE
11CF0A0475191B2F040846549E45E402
C011C90A0447191B2F040846549A45E3
02BB11C50A0445191B2F040846548945
E002B511C10A0475191B2F0408465480
45BD02A911BD0A04BC191B2D04084754
6345C302B411B80A04E6191B2D040847
546745CA02AC11B40A04DE191B2D0408
46545545CE02BB11AE0A04B4191B2F04
0846544C45C302BC11A70A048E191B30
040846544245EF029811A30A0492191B
30040845544245DC028C119F0A04B019
1B30040846542E45E402A5119A0A04D1
191B2E040845542C45E2028F11970A04
D6191B2D0408465424450103A411910A
04DE191B2D040846541545FE02B0118B
0A04D9191B2E0408465410450C039F11
840A04E2191B2E0408475414450003A3
11830A04E2191B2D04084754FF44DF02
CC117C0A04F2191B2B04084754F544D2
02D211770A04071A1B2E04084654EA44
CD02D111730A04101A1B2F04084654E4
44D302D9116F0A04141A1B2C04084554
E444050378116B0A04FF191B2D040845
54CF4406038011650A04EA191B2D0408
4554CA44FF028311610A04E6191B2D04
084454B74406037D115D0A04F2191B2D
04084554B744000380115A0A041C1A1B
2E04084554B444E202A111560A04201A
1B2E040845549B44E002A511500A040C
1A1B2D04084654A944EA02A6114E0A04
F2191B2E040846549944F402A311490A
04EA191B2E040845549044D702A11144
0A04FF191B30040846548D44EF02A211
400A04101A1B30040845547444DE0290
113D0A04261A1B2D040846546544DE02
A311390A04311A1B2B040846545B44B7
029611360A04311A1B2D040847545944
BC02A211330A04201A1B2D040847544E
44C7029A11300A04FB191B2F04084854
5B44C402A1112B0A04EA191B2D040848
5434440D03B411260A04F2191B2E0408
485430440603B911220A04101A1B3004
08485434440503B011200A041C1A1B2D
040849543144FC02AC111F0A04351A1B
2E0408495434440803BB111A0A04161A
1B2C040849544044DB02D611140A0418
1A1B2C040849541D44DA02D811150A04
421A1B2B04084954FB43DD02DA110F0A
04531A1B2C04084954F743D302D8110D
0A04391A1B2E040848540244ED026911
0C0A04FF191B2C04084854F243DD0265
11060A0464191B3204084754EC43E602
6711080A04CA181B3604084754F643E0
027011130A0487181B3804084654F243
FC02B411230A0461181B3D04084654E3
43EF02B4113B0A0478181B3F04084654
E343E4029D114E0A04A0181B41040845
54DA43EA02A111590A04EB181B450408
4654C743D1026511530A0400191B4404
084654AD43D40269114A0A0404191B43
04084554AA43D7027211430A0411191B
4304084554BA43C80265113F0A042619
1B4504084454AA43D50267113B0A04EF
181B43040843549C43EF026E113B0A04
A4181B4804084454A343DB0272114D0A
043C181B4D040844549743EC0267116E
0A041C181B54040845549E43D1026511
9A0A0401181B58040845549F43000353
11B70A04AA171B5C0408455483430B03
6311DB0A04CF171B5B040846546343FA
025311EF0A0438181B5A040846544D43
FE024D11F20A0401181B5F040847545A
43DB024B11F80A04BA171B6404084654
3943E00243110B0B0491171B67040846
543243DE024711280B04B6171B6F0408
46542943E4024811380B04BF171B7004
0846543A43FD023F113E0B0488171B70
040846540E430B034111500B04D0171B
6F040847541443FC024511570B041618
1B6F04084754064302034711560B0440
181B7004084754FC42FA024E114F0B04
38181B7004084754EF42CA02F8104B0B
0412181B7004084754E242CA02FE1047
0B04F5171B7304084754EE42D202F410
4B0B04FD171B7404084754D642D70203
11510B041A181B7204084654D042DD02
1B11510B0455181B7204084754C842D9
0218114D0B0461181B7104084654AC42
EE021811490B0468181B7304084654A4
42EF021A11420B0459181B7504084654
AC42D20229113F0B0412181B77040846
549B42CC022B113C0B04FD171B7B0408
4654A442CF021B11430B04BF171B7E04
084654B242C70228114F0B049D171B83
04084654AC42E8020211620B044E171B
8704084554B342DD0206117A0B042017
1B8F04084654E042D1020611970B040B
171B9504084654DD42DC020C11B00B04
FE161B9C04084654BF42E0021511C50B
044A171B9D04084654B342EB02F810CA
0B042B171BA604084654B042EF02FE10
CB0B04AB161BAA04084654AD42F50204
11FA0B04A2091BB304084754B342EC02
F4108C0F0478F71AB7040847548D4204
03D51095160418F61AB7040847546A42
FC02CD10891B0403F51ABB0408485450
42FC02E110591E04C3F41ABF04084854
4042FD02D810CF1F047FF41AC6040849
543542ED02C71092200449F41AC80408
495428420203CE10F7200445F41ACD04
0849544C42F302D21029210413F41AD1
04084A545A42ED02C01045210407F41A
D704084A549642EC0290105A2104EEF3
1ADB040849549D42D6027E10692104EE
F31ADD04084A54D842F00288106F2104
E6F31AE304084A540543E20290106E21
04E2F31AE804084A543E43DE0280106C
2104D5F31AEC04084B547743EF026310
6F2104C1F31AF304084C549843F50265
10732104ACF31AF504084C54DC43FC02
65107D2104A8F31AF604084C540944EE
025210822104C5F31AF604084C542E44
D9028A10782104ACF31AF804084C5471
44DB029310762104C1F31AFB04084C54
A344E2028B106B2104EEF31A0105084B
54C544E4029210562104A4F31A080508
4B54E644D302391060210455F31A0C05
084C542245C4023C1083210445F31A0F
05084C544545CB0240109E210444F31A
1205084C547845D5024010AD210441F3
1A1605084C549C45C9023710B221043D
F31A1905084C54B745ED023E10B52104
30F31A1E05084B54D345F8022D10BB21
04F6F21A2205084B54F645EF023110D9
210424F21A2805084A541846F8023810
232204F6F11A2805084A542046CF02EF
0F6022040BF21A2905084A544246D102
FA0F7D22042CF21A2B05084A546446CA
02EA0F7F22040BF21A3105084A549046
D902ED0F8C22046EF01A3605084A54B4
46F902191021230424EC1A3D05084A54
B246F8021E10C7240416E81A4005084B
54D946F70220101A27048FE61A420508
4B54E446EA021810E42804D0E71A4305
084A54F046F50212107429041DEA1A47
05084A54F646F702101004290445E81A
4A05084A542347ED021D102B290493E6
1A4F05084A543447F2021910E8290429
E51A5505084A543347FC020010CD2A04
26E31A5A05084B544A47FF02FA0FD32B
04F0E31A5805084B544747040300104A
2C045FE41A5805084B544A470303FA0F
4C2C04FBE51A5605084B545F47040300
10C92B04E9E61A5605084A545247DF02
AD0F1A2B04D8E71A5805084A546A47EC
02B40F6B2A0465E61A6105084B547B47
DB02A80F662A04FCE31A6905084A548A
47E002AC0F532B04B3E21A6C05084A54
B547E602E00F592C0482E21A7205084A
54CC47E602E30FF32C0426E31A770508
4B54CE47E402EC0F162D0412E31A7D05
084B54D147D902DE0F242D0465E21A84
05084B54F947EB02BF0F652D045AE11A
8B05084A54ED47E402C70FC12D04FAE1
1A9205084A54D747E402BC0FE42D04D7
E01A9C05084A54F047EA02CC0F412E04
63E01AA305084B54F047D802C20FA52E
04B6E01AAA05084B54F147D302900FCC
2E04E0DF1AAE05084A541148CE02950F
0E2F04B3DF1AB305084A542048C50291
0F522F0487DE1ABB05084A541848CC02
910FC82F04E7DD1AC205084A542D48C2
02A70F40300418DE1AC5050849541248
D702960F79300419DE1AC70508495413
48CD02A20F983004F3DD1AC805084954
1148C4029A0FAD300410DE1AC7050849
5403480203530FAA300472DE1AC60508
4854FA470403530F873004F2DE1AC905
08495411480F03550F47300472DE1ACF
050849542448FB024B0F4130040CDE1A
D8050849543148FD027D0F6E3004C7DD
1AE005084A545E480503920F973004F7
DD1AE605084A544F48F702850FB03004
78DD1AED050849544248FE02850FCE30
0457DD1AEF05084A542F480003840FE4
30043ADD1AEF05084A543948F202560F
FE300467DD1AEF05084A542D48F30249
0F013104CADD1AED05084A542E48E902
500FE93004CADD1AEB05084A544148F7
024F0FD13004EEDD1AEC05084B543848
DC02410FB93004EBDD1AEC05084B5433
48CC02380FB03004B1DD1AEE05084C54
3D48CB023D0FB9300490DD1AF105084B
542848D602370FCB300499DD1AF20508
4B543448FA025C0FCF3004B1DD1AF205
084A543E48FB025E0FCC3004C6DD1AF2
05084B543948FA02650FC33004CCDD1A
F705084B543D48EE02640FC230049EDC
1AFE05084A544148FC02240F1C3104E1
DB1A0506084A546648F602200F943104
8FDB1A0E06084A545848F5022C0FF731
0456DB1A1806084A546848FE022D0F3B
3204B4DB1A2106084A546948F702190F
473204AADA1A2C06084A546B48040320
0F953204CED91A3306084A5474480203
270F16330476D91A3806084A546848F8
02290F713304E5D91A3E06084A546B48
0A03280F7B33044BDA1A4006084B5458
48DB021E0F6333044BDA1A4106084A54
5D48DC02220F5333042EDA1A4106084A
545148E2022F0F50330422DA1A420608
4B545548D1021F0F5433042CDA1A4506
084B544748DD02040F52330478DA1A4B
06084B543C48DE02FD0E333304B6DA1A
5606084B547948E802FE0E0D3304BADA
1A5E06084B547248E202F80EF33204C6
DA1A6706084B5462480203040FE43204
C6DA1A6F06084B547548FF02070FDA32
04BEDA1A7706084A5464480403050FE2
320435DA1A8006084B548248F602FD0E
0A3304C0D91A8606084B549048F80207
0F4F33047ED91A8C06084B546D480D03
110F8E330461D91A9006084B5469480F
030E0FB7330451D91A8F06084B546B48
0E030B0FD0330461D91A9006084B544F
480D03140FD733046AD91A9106084B54
4A48EA02EF0ED4330468D91A9506084B
544F48EA02F90ECE330455D91A9D0608
4A547A48D102F80EDA330461D91AA406
084B547E48E202FC0EDC33045DD91AAE
06084B547E48E002E60ED8330449D91A
B806084C546548E102E30EDE330420D9
1AC206084B547F48E602E00EEA330445
D91ACC06084C549248E102DE0EF23304
CED81AD506084C549448F4020F0F0E34
04DED81AD806084C547E48F6021B0F23
3404EAD81AD706084C547E48F4020C0F
2B3404F7D81AD806084C546D48E4020F
0F26340418D91ADB06084C547648F402
0C0F16340413D91AE806084C547A48F9
02FA0E103404E7D81AF206084C549448
F102F80E14340418D91AFE06084C5496
48F802FC0E0F34040FD91A0507084C54
8748F402FD0E0E34040BD91A0707084D
548048DF02F30E0E34040FD91A0A0708
4C547A48E102FC0E0B34040FD91A0F07
084C547F48EB02F10E07340401D91A19
07084D549E48DF02F00E093404F7D81A
2607084C54D848EF02E00E0F340403D9
1A3107084D54C848F102EA0E0E340407
D91A3D07084C54D248F102D30E0B3404
0BD91A4707084C54EF48ED02E00E0934
0403D91A4F07084C54FB48D302F20E0E
3404FFD81A5007084C54D848D102DE0E
1034040ED91A5107084C54C548D102DA
0E0C34040FD91A5707084C54C948E402
DC0E06340424D91A5C07084C54B448CB
02E50E01340428D91A5F07084C54B048
E302FE0EFA330434D91A6107084C54CD
48EA02020FF1330434D91A6907084C54
0A49DE02F30EEE330439D91A6B07084D
54C948E702020FEB33043CD91A6B0708
4C54DE4807032E0FE733043CD91A6C07
084C54BC480D031E0FE4330441D91A73
07084C54C14808031E0FDD330434D91A
7907084C54D64802031C0FE1330434D9
1A7E07084C54C548D902820FE5330451
D91A8307084C54984ACB02830FDB3304
79D91A8507084D54CC4AD302810FCA33
0461D91A8607084D544B4ACE02840FC8
330445D91A8507084D54F8490F032710
D0330455D91A8707084D54C349180314
10D0330461D91A8607084D549B490C03
1D10C833047AD91A8707084D5475491A
032F10BD33048AD91A8707084E545549
0D031810B033049BD91A8607084E544A
492503A317A533049BD91A8707084E54
41491F03B317A033048AD91A8507084D
54B64A2A03B217A233048FD91A840708
4E54D74A2403B617A233049BD91A8107
084E545B4A38038A149E3304ABD91A84
07084E54324A3A038C14953304B0D91A
8007084E54F84935038A148F33049BD9
1A7B07084E54D24937039314923304A3
D91A7E07084E54164AEF028D0F913304
AFD91A7D07084E54DB49F602870F8D33
04A3D91A7E07084E54B449F902880F87
3304CCD91A7B07084E54A349FF02780F
7C3304C8D91A7707084D547049F7027B
0F7A3304D2D91A7307084D545449F502
700F743304C8D91A7107084C544749EE
02730F75330493D91A7207084C545B49
F502710F8733048AD91A7807084B5443
49F7027E0F9433048FD91A7907084B54
2B49DB02420F9A33048FD91A7C07084B
54F748DA02460F9D330476D91A7D0708
4B54C749DD02420FA733048AD91A7A07
084B543A4AEA023E0FA43304B8D91A77
07084B54AF4AFF02950F963304C0D91A
7607084B548A4A0603910F873304ABD9
1A7607084B544C4A06038F0F8833048F
D91A7B07084B54404A0F03930F943304
82D91A7C07084B542D4AD902870F9A33
04A8D91A7A07084B54D749F102800F98
3304ABD91A7807084B54AC49E902810F
8F3304D0D91A7307084B548049E10283
0F7F3304E1D91A6E07084C545849F902
4B0F713304E9D91A6A07084C543D49F6
024A0F673304E9D91A6A07084C541E49
F002510F633304DCD91A6C07084D54FC
48EE02550F673304C6D91A6C07084C54
EA48EA024F0F6F3304B3D91A6B07084C
54E948F202390F783304C0D91A6C0708
4C54EA48F5023B0F7C3304C4D91A6B07
084C54E748EF022D0F7A3304C0D91A6B
07084C54D448ED02360F7C3304B8D91A
6C07084C54B848D302100F7F3304AFD9
1A6D07084C54C048DC021A0F8633049B
D91A6E07084C54A148D5020F0F933304
72D91A6D07084C549148D302150F9F33
0476D91A7007084C549C480003190FAA
33046AD91A7107084C549248F102230F
B233046AD91A7507084B548F48F1020B
0FB7330465D91A7407084C547E48F902
0D0FBC330463D91A7107084D548B48F8
02820FBD330465D91A6007084D547D48
F902810FB9330497D91A4107084C5467
48F3027B0FA933049FD91A2207084D54
6D48E6028B0F9C330482D91A0707084C
547548E502810F9B33046AD91AF10608
4C547048F802020FA5330459D91AD706
084B546448F902020FAE33044AD91AB8
06084B546848F2020D0FB8330451D91A
9C06084B546E48F902040FBA330459D9
1A8906084B5481481803FB0EB7330482
D91A8706084A5493480403E90EA93304
B8D91A7906084A5473481503E60E9333
04B8D91A6006084A545D480D03F50E83
3304A7D91A3D06084A547E48E202000F
7E330492D91A1E06084B546448D80202
0F85330472D91A0206084A545E48E102
F90E9333046ED91AE6050849546048ED
02FE0E9D330461D91AC5050849545348
F202B60EA2330445D91AAB05084A5460
48FC02B50E89330412DA1A9F05084A54
8248EF02AF0E5C33045FDA1A9D05084A
54AF48E502B50E2A33048DDA1A960508
4B549148EE02B10EFD320491DA1A8005
084B549648DE02D60EE7320485DA1A60
05084B547C48EB02C90EDB3204B2DA1A
4305084B547848E602D50EC6320429DB
1A2D05084B548148DB02CC0E933204A6
DC1A1B05084A548948FA02D60E043204
47DD1A0D05084A548948F602C80E7131
04B9DD1AF704084A547948F702C20EF8
300487DE1ADC040849547948ED02C30E
70300437DF1AC9040849547648EB02C0
0EE72F04DFE01ABC04084A547B48EA02
C20EFC2E0404E51AAE040849547648F5
02C40E522D04A7E61A91040849546F48
EF02C50EC72B04CCE71A7A04084854AE
48E002CF0E592A04ADEC1A6804084954
BA48DE02CC0E3A280413F01A63040849
54C048D902C70EEF25045EF11A620408
4854B048DD02D50E37240441F11A6304
084754B448D502CE0E5723040BF11A66
04084854B548E802DE0EE9220417F21A
6704084754B548E602E20E6522040BF3
1A6304084854B148D902E40ECD21040F
F31A5D04084854B648E402E50E7B2104
97F21A5304084754B8480403BE0E7521
04F2F21A4904084854C548FC02B70E61
2104C5F41A4004084854C7480703C10E
CB2004D2F51A3B04084854CD480203D0
0ED51F0423FA1A2E04084854CD48EB02
BA0E331E04D4F91A2304084954C948E9
02B00E371D0476FB1A1D04084954F248
F102BB0E281C04BFFE1A1904084954DB
48E602B60EC01A04DAFC1A1404084A54
DC48D802BE0E171A0417031B1304084A
54ED48D002BC0E171804C5081B110408
4954D948DA02C90E0E1504DA0A1B1004
084A54F848D002C90EB21204E4091B0E
04084A54F948D102BD0EAB1104C3091B
0D04084A540549AE02D20E401104290B
1B0E04084A540049B702CB0E8E1004E2
0E1B1204084B541349A602CA0E190F04
69101B1404084A540949B302CE0EB40D
0412101B1804084A543B49CD02FC0EE7
0C0487101B1B04084A540949C502E40E
810C049B101B1A04084A543C49C902EB
0E510C0444101B18040849543749BF02
EF0E620C040E101B16040848543E49E2
02B60E840C04FD0F1B16040848545449
E202B60EA10C0405101B14040847544C
49E402AD0EB20C04840F1B1204084754
4E49DB02BB0EE90C042B0E1B09040847
545549DF02C50E730D04D10C1B000408
47545249E402C30E3A0E04BA0B1BF703
0847546049E502C00EF60E04E20C1BE9
030847546349DD02C90EE90E047A101B
DA030848547949E602C00EF00D04F710
1BCC030848544B49E707C80EDA0C0405
151BC3030847549849EC07CB0ED30A04
A7191BBE030848548649E707B90E0E08
0417B112BE030849547C49E807C50E57
06049C100FBF03084954754A09FCF508
FB05046F4A0EC003084954594AFCFBF4
08340604698F0EC103084A54E44AFFFB
F408AA0604AF540EC003084A54E04AFE
FBFD082F0704A8A00EC003084A54EF4A
A802CB03B6070416480EC003084B54E9
4AA702C50346080495320EC003084B54
C04AAE02BC03D9080495960EC203084B
54AA4AA602C8036F090453E40EC20308
4B54844AA202C303F80904ABEA0EC003
084B54F04AA402BB03630A0492EE0EC1
03084B54764B9E02C503AF0A04D3A50E
C203084B541C4BA602C803E10A04ED45
0EC103084B54D84AA902C503070B04DA
520EC003084B54BF4A9B02CB032C0B04
56000FC003084B54924AA402C3034D0B
04E65B0EC103084A54D04A9D02C20375
0B0463530FC003084A54444B9A02C403
B30B04FFBC0EC103084A54064BA202C8
031B0C04173F0EC003084B54DF4A9A02
BD03C80C04C0B20EC003084B54CF4AA0
02BD03930D0437EB0DBF03084B548F4A
A402CA03</Data>

   <DataCRC>842462fd</DataCRC>

   <BytesSent>9316</BytesSent>

</SBEDataUpload>
</InstrumentRawData>
</SBEDataUploadFile>
