<?xml version="1.0"?>
<!-- SCPlusV2_RS232 -->
<SBEDataUploadFile>
<ApplicationData>
<Seaterm232>
<SoftwareVersion>2.6.3.104</SoftwareVersion>
<BuildDate>30-Jun-2017</BuildDate>
</Seaterm232>
</ApplicationData>
<InstrumentState>
<HardwareData DeviceType='SBE19plus' SerialNumber='01906740'>

   <Manufacturer>Sea-Bird Electronics, Inc.</Manufacturer>

   <FirmwareVersion>2.2d</FirmwareVersion>

   <FirmwareDate>9 February 2011 08:30</FirmwareDate>

   <CommandSetVersion>1.1</CommandSetVersion>

   <PCBAssembly PCBSerialNum='25307' AssemblyNum='41054G'/>

   <PCBAssembly PCBSerialNum='25737' AssemblyNum='41580B'/>

   <PCBAssembly PCBSerialNum='24669' AssemblyNum='41606'/>

   <PCBAssembly PCBSerialNum='24372' AssemblyNum='41059D'/>

   <MfgDate>  08 DEC 2010</MfgDate>

   <InternalSensors>

      <Sensor id='Main Temperature'>

         <type>temperature0</type>

         <SerialNumber>01906740</SerialNumber>

      </Sensor>

      <Sensor id='Main Conductivity'>

         <type>conductivity-0</type>

         <SerialNumber>01906740</SerialNumber>

      </Sensor>

      <Sensor id='Main Pressure'>

         <type>strain-0</type>

         <SerialNumber>3220369</SerialNumber>

      </Sensor>

   </InternalSensors>

   <ExternalSensors>

      <Sensor id='volt 0'>

         <type>SBE 43 OXY</type>

         <SerialNumber>432005</SerialNumber>

      </Sensor>

      <Sensor id='volt 1'>

         <type>not assigned</type>

         <SerialNumber>not assigned</SerialNumber>

      </Sensor>

      <Sensor id='volt 2'>

         <type>ECO-FLNTURT CHL</type>

         <SerialNumber>FLNTURTD-2025</SerialNumber>

      </Sensor>

      <Sensor id='volt 3'>

         <type>ECO-FLNTURT TURB</type>

         <SerialNumber>FLNTURTD-2025</SerialNumber>

      </Sensor>

      <Sensor id='volt 4'>

         <type>not assigned</type>

         <SerialNumber>not assigned</SerialNumber>

      </Sensor>

      <Sensor id='volt 5'>

         <type>not assigned</type>

         <SerialNumber>not assigned</SerialNumber>

      </Sensor>

   </ExternalSensors>

</HardwareData>
<StatusData DeviceType='SBE19plus' SerialNumber='01906740'>

   <DateTime>2018-12-07T14:28:32</DateTime>

   <LoggingState>not logging</LoggingState>

   <EventSummary numEvents='241'/>

   <Power>

      <vMain>12.2</vMain>

      <vLith>5.4</vLith>

      <iMain>61.5</iMain>

      <iPump>36.4</iPump>

      <iExt01> 4.1</iExt01>

      <iExt2345>20.6</iExt2345>

   </Power>

   <MemorySummary>

      <Bytes>1492821</Bytes>

      <Samples>87813</Samples>

      <SamplesFree>3782666</SamplesFree>

      <SampleLength>17</SampleLength>

      <Profiles>111</Profiles>

   </MemorySummary>

</StatusData>
<ConfigurationData DeviceType='SBE19plus' SerialNumber='01906740'>

   <ProfileMode>

      <ScansToAverage>1</ScansToAverage>

      <MinimumCondFreq>3226</MinimumCondFreq>

      <PumpDelay>60</PumpDelay>

      <AutoRun>no</AutoRun>

      <IgnoreSwitch>no</IgnoreSwitch>

   </ProfileMode>

   <Battery>

      <Type>alkaline</Type>

      <CutOff>7.5</CutOff>

   </Battery>

   <DataChannels>

      <ExtVolt0>yes</ExtVolt0>

      <ExtVolt1>no</ExtVolt1>

      <ExtVolt2>yes</ExtVolt2>

      <ExtVolt3>yes</ExtVolt3>

      <ExtVolt4>no</ExtVolt4>

      <ExtVolt5>no</ExtVolt5>

      <SBE38>no</SBE38>

      <OPTODE>no</OPTODE>

      <GTD>no</GTD>

   </DataChannels>

   <EchoCharacters>yes</EchoCharacters>

   <OutputExecutedTag>yes</OutputExecutedTag>

   <OutputFormat>raw HEX</OutputFormat>

</ConfigurationData>
<CalibrationCoefficients DeviceType='SBE19plus' SerialNumber='01906740'>

   <Calibration format='TEMP1' id='Main Temperature'>

      <SerialNum>01906740</SerialNum>

      <CalDate>07-Jan-11 </CalDate>

      <TA0>1.255288e-03</TA0>

      <TA1>2.593288e-04</TA1>

      <TA2>-2.376104e-07</TA2>

      <TA3>1.449298e-07</TA3>

      <TOFFSET>0.000000e+00</TOFFSET>

   </Calibration>

   <Calibration format='WBCOND0' id='Main Conductivity'>

      <SerialNum>01906740</SerialNum>

      <CalDate>07-Jan-11</CalDate>

      <G>-1.033008e+00</G>

      <H>1.393941e-01</H>

      <I>-2.175401e-04</I>

      <J>3.475757e-05</J>

      <CPCOR>-9.570000e-08</CPCOR>

      <CTCOR>3.250000e-06</CTCOR>

      <CSLOPE>1.000000e+00</CSLOPE>

   </Calibration>

   <Calibration format='STRAIN0' id='Main Pressure'>

      <SerialNum>3220369</SerialNum>

      <CalDate>21-Dec-10</CalDate>

      <PA0>8.222195e-01</PA0>

      <PA1>1.566037e-02</PA1>

      <PA2>-6.194425e-10</PA2>

      <PTCA0>5.244452e+05</PTCA0>

      <PTCA1>4.417653e+00</PTCA1>

      <PTCA2>-9.798927e-02</PTCA2>

      <PTCB0>2.510725e+01</PTCB0>

      <PTCB1>-1.150000e-03</PTCB1>

      <PTCB2>0.000000e+00</PTCB2>

      <PTEMPA0>-5.917147e+01</PTEMPA0>

      <PTEMPA1>5.387460e+01</PTEMPA1>

      <PTEMPA2>-2.653169e-01</PTEMPA2>

      <POFFSET>0.000000e+00</POFFSET>

      <PRANGE>5.076000e+03</PRANGE>

   </Calibration>

   <Calibration format='VOLT0' id='Volt 0'>

      <OFFSET>-4.687158e-02</OFFSET>

      <SLOPE>1.247988e+00</SLOPE>

   </Calibration>

   <Calibration format='VOLT0' id='Volt 1'>

      <OFFSET>-4.719579e-02</OFFSET>

      <SLOPE>1.248132e+00</SLOPE>

   </Calibration>

   <Calibration format='VOLT0' id='Volt 2'>

      <OFFSET>-4.684526e-02</OFFSET>

      <SLOPE>1.248324e+00</SLOPE>

   </Calibration>

   <Calibration format='VOLT0' id='Volt 3'>

      <OFFSET>-4.678105e-02</OFFSET>

      <SLOPE>1.247145e+00</SLOPE>

   </Calibration>

   <Calibration format='VOLT0' id='Volt 4'>

      <OFFSET>-4.669684e-02</OFFSET>

      <SLOPE>1.248307e+00</SLOPE>

   </Calibration>

   <Calibration format='VOLT0' id='Volt 5'>

      <OFFSET>-4.709579e-02</OFFSET>

      <SLOPE>1.247697e+00</SLOPE>

   </Calibration>

   <Calibration format='FREQ0' id='external frequency channel'>

      <EXTFREQSF>9.999977e-01</EXTFREQSF>

   </Calibration>

</CalibrationCoefficients>
<EventCounters DeviceType='SBE19plus' SerialNumber='01906740'>

   <EventSummary numEvents='241'/>

   <Event type='ErrorFLASHUncorrectableError' count='241'/>

</EventCounters></InstrumentState>
<Headers>

cast  82 03 Dec 2018 09:25:06 samples 71462 to 72170, avg = 1, stop = mag switch

</Headers><InstrumentRawData>
<SBEDataUpload startAddr='1214837'>

   <Type>1</Type>

   <DataFormat>SEACATPLUS0</DataFormat>

   <Bytes>12053</Bytes>

   <Data>
7C2704B5970BC50308FC53F14AC8025F
118E27047BD80BC70308FC53B24AC402
67119E2704E4010CC70308FD53474BBF
026511AE27047F0E0CC60308FF534E4D
C6026B11C12704F2060CC60308005424
4DF6FB9811D22704AB100CC703080154
4A4C07FC9511E52704C00C0CC7030802
547E4BF3FB9311F727043F190CC70308
0454B44CFCFB93110A28046B3F0CC703
0806542F4DD702A90F1E280475450CC6
03080854D34CD102A70F2E280467470C
C703080954554CE102AB0F4128042660
0CC703080A541D4CD702A80F512804C2
580CC603080D54EC4BE804C103622804
7E360CC603080F54F04BEF04C8037228
04ED1E0CC603081054E54BF104C30382
2804C2090CC503081354E54BEE04C103
9228044CED0BC803081554D34BEB04C8
03A02804ABDF0BC703081754AF4BA802
C303AF2804ECE40BC603081854914DA3
02C403BF280437DD0BC603081954B94F
A202C803CE280458CB0BC603081A54F0
4E9E02C503DF2804735A0CC803081A54
7D4EC80AF9122F27041E920CCE03081B
54154FC40AF512A72304D0AC0CDB0308
1B541656C60AF4127C200430A00CEB03
081C54FA55C50AF912471A043A280DF2
03081D54A454770A3B45F915044AA60D
F403081E54D2536E0A3845A512048170
12F803081F54E152740A3B45E00F04BB
F214F603081E543252770A4345190E04
753015F403081F54A651B902F547D30C
043F7715F503081E546751BB02FD471B
0C04E38016F603081E542751B902FA47
A30B049C801AF703081E54CE50C302FB
47400B045C021BF803081E547850BF02
F947110B0421041BF803081E540D501F
03E32AEC0A046A061BFE03081D540B50
2403E62AB80A041C061B0404081D5463
502A03E22A960A041D071B0B04081D54
80502203EC2A6B0A04B80A1B0B04081D
54F44FE502E40F320A04010A1B0D0408
1D543150E502E20FF30904880B1B0F04
081D54664FDE02DC0FC10904CB0B1B13
04081D54264FE502DA0FA30904390B1B
1804081D54A44EE3027710810904290B
1B1F04081D547A4EE4026A106409047C
0B1B2404081D54484EDC026F10500904
0D0C1B2404081D54694EE8026A105909
049F0C1B2504081D546A4EBF02520F81
09044C0C1B2604081D54784EBB02500F
A90904260C1B2704081D54764EBF0255
0FCC09045A0B1B2504081D54784EB302
530FE90904F70A1B2804081E548F4EB0
024A0FFD09049F0A1B2804081E547D4E
B0020F0F130A04CF091B2904081F54BC
4EAB02FA0E260A048D091B2C04081F54
BA4EB102010F310A04800B1B2E04081F
54A34EB202000F370A04E00B1B2F0408
1F54CB4EA702020F390A04ED0B1B2D04
081F54CA4E9F02FA0E110A041A0C1B2A
04081F54D64EB502060FE60904AC0C1B
2804081F54DD4E9D02050FC20904030D
1B2A04081F54A64EC302800FB009040F
0D1B2D04081F54D650BA02760FA80904
180D1B3104081F54A950BC027C0F9809
04200D1B32040820543450BD02830F89
0904F70C1B3304082054C44FD002340F
6B09040B0D1B3104082054BE4FD3022B
0F4A0904310D1B2D040820547D4FD002
340F2509047C0D1B2F04081F541F4FCA
02330FF80804BA0D1B2F04081F54DD4E
D5022C0FCD0804050E1B3004081F54A3
4EC802FE0EA40804EC0D1B3004081F54
894ECC02FB0E860804CB0D1B3004081F
54754ECE02000F720804840D1B300408
1F54224EC802F50E650804630D1B3004
081F54F64DAF02CB0E610804180D1B31
04081F54E54DAE02CE0E650804750C1B
3204081F54BB4DA402D50E6F0804650C
1B2F04081F54A04DB202CF0E780804E9
0C1B2F04081E54574DB702FC0E800804
280D1B2E04081E543A4DC002020F8908
040F0D1B3404081E542C4DBE02020F94
0804D50C1B3704081D54F34CCF02000F
A408046D0C1B3B04081E54B84CDB02DF
0EB80804FD0B1B3C04081E547C4CE502
E80EC80804AE0B1B3904081E542A4CE8
02E60ED20804310B1B3704081E54344C
E002E40ED508044A0B1B3704081E54DD
4BE602DB0ED808043D0B1B3804081E54
DB4BCF02490FDF08044A0B1B3804081E
54E94BDB02410FE30804670B1B350408
1E54C24BD7023C0FE70804630B1B3704
081D54CD4BD302490FE90804630B1B39
04081E54AF4BD4021A0FF40804F20A1B
3804081D54854BCA02020FFD0804B908
1B3904081D547F4BD002050F0D09041B
081B3504081E545A4BD602130F1A0904
14091B3404081E54434B90022D0F2B09
04DC091B3304081E54E64AA102330F38
09047E0A1B3404081F54ED4AA102320F
380904DE0A1B3504081F54764AA60239
0F3C0904F20A1B3904081F546C4ADC02
FE0E4D0904EE0A1B3B04081F54474AE2
02000F620904B10A1B3A04082054214A
DF02F20E7709047A0A1B38040820540C
4AE2020D0F8B0904610A1B3604081F54
004AD102090F9C0904690A1B3404081F
54DD49AF02200FA80904590A1B360408
1F54DB49BD02210FAE0904690A1B3404
082054CE49B102180FB90904970A1B32
04081F54B349A702220FBC0904D50A1B
36040820549749C602320FBB0904180B
1B39040820548249BB024D0FB6090410
0B1B3C040820548349B7024B0FB00904
D50A1B3D040820543049BC024B0FAB09
04A80A1B3D040820543049C002150FAA
0904760A1B3D040820541D49BF02100F
A40904970A1B3B040820542449BD0207
0F980904030B1B3A04081F541449C202
080F8E0904290B1B3B04081F54FD48DF
02E60E810904290B1B3E04081F54B548
D902DA0E780904EA0A1B3F04081F54A5
48E702E00E750904A30A1B3F04081F54
6948E002D60E7B0904F9091B4004081F
546A48D502E80E860904D4071B3D0408
1F542748C902280F9C0904DB061B3904
081F544148BD02230F9C0904CC071B3B
04081E542D48C202300F9E09042D091B
3B04081E542A48C202240F9B09048409
1B3D04081E54EF47EE02E10E8B0904C1
091B4004081E54FC47E002E50E7D0904
31091B3E04081E54ED47DF02E50E8009
0496071B3F04081F54CF47DB02E30E9C
09049C061B3C04081E54BB47EA02CF0E
AB09042A071B3C04081E54D447D902C9
0EAD0904E9071B3A04081E54F247D402
CB0EAD09046A081B3A04081E54E147D5
02C60EB10904EB081B3704081E54AE47
D202DE0EA90904C3091B3B04081E5476
47C702E30E9B0904270A1B3C04081E54
4B47CC02E40E970904DA081B3E04081E
544147CC02E30EA7090443071B3D0408
1E542C47D102EF0EB8090456061B3C04
081E54244700030F0FBA0904F6051B3A
04081F541D47F9020F0FB70904CD051B
3904081F54F046FE02110FB509041706
1B3804081F546B460A03100FCC090436
071B3C04081E54A346CB02EA0EEB0904
BF071B3E04081E544C46DB02EF0E130A
0464071B4004081E546846D602F80E41
0A04DF061B3D04081E545E46D202F10E
630A0441061B3C04081E544946C002F6
0E780A04DD051B3A04081E544846C702
000F800A0404071B3C04081E542D46C9
02F90E7C0A04C3071B3D04081E542246
CB02FC0E670A0468071B3D04081F5407
46C902220F5E0A04B9061B3C04081F54
0846B902270F670A040B061B3D04081F
54D945C2021B0F710A048E051B3A0408
1F549A45BB02200F790A042F051B3A04
081F549745BD021B0F7B0A04E4041B39
04081F54BC45BD02BC0E800A04BF041B
3B04081F54D245BD02CB0E890A04B204
1B4004081F54AC45BC02B80E930A04E4
041B4204081F54A945B402B90E9B0A04
12051B4004082054A045D702150FA50A
0433051B4404081F54A145EA021B0FAC
0A0412051B4504081F548645D302160F
B80A0405051B45040820544845DA0216
0FC20A0409051B46040820544945C302
C60ECD0A0492061B48040820543345B8
02CF0EC40A0496071B4D040820541145
C502D10EA20A04CC071B52040820542C
45C502D30E840A0481071B5504082054
1845CC02F70E7A0A0415071B5504081F
541545C202E90E790A0430061B540408
1F540345B802F20E7C0A0454051B5504
081E541345B902F80E750A04DC041B54
04081F541145BF02F00E6F0A049D041B
5704081E54E744D902C70E6E0A040905
1B5A04081F54F044EE02DE0E720A041A
051B5C04081F54FD44DC02D10E790A04
61051B5E04081F54DF44E302E10E820A
0454051B6404081F54D544FC025F0F8D
0A0458051B6804081F54D94400035E0F
9A0A04A7051B6904081F54B44406035A
0FA00A0471051B6704081F54A444F902
5D0FA40A04FD041B6904081F54D644C1
02070FB00A0446041B6B04081F54B744
C1021C0FB80A0404041B6F04081E54D9
44B302110FC00A04EF031B7204081F54
AA44B502000FCB0A04FB031B7604081F
549A44C002F90ED70A0436041B790408
1F54D044B502FD0EE20A0453041B7B04
081F545F44BC02F30EED0A0446041B7B
04081F549244C102F80EF90A0442041B
7B040820546C44C502F50E050B046C04
1B7B040820546344AE02160F120B04B0
051B7D04081F544A44B902280F0B0B04
7B061B8104081F546C44A702120FEF0A
0457071B86040820547044AB02290FBE
0A04D8071B8D040820547544DB02290F
900A04F9071B8E040820547744D4022D
0F740A04C8071B8E040820544A44D902
1A0F6B0A0432071B8C040820544C44DA
02220F750A0481071B8E040820547C44
CB02420F7B0A047E081B93040820544B
44D802470F710A04DE081B9804081F54
4044CF02400F660A0421091B9C04081F
544944D102420F630A0425091B9F0408
20544C44C602530F650A043E091BA004
0820545644C7025E0F680A046B091BA0
040820545944CA02580F660A0467091B
A4040820545844D502670F650A044D09
1BA9040821543244D9025E0F650A045B
091BAA040821544A44E402E00F690A04
42091BAE040821544944D702FB0F6C0A
040C091BB1040820542444DE02FC0F75
0A04B9081BB1040820542E44D902E10F
7B0A04A0081BB4040820542144DA02E6
0E840A047A081BB8040820541A44F102
DB0E8D0A045D081BBA040820541044ED
02E00E920A0466081BBC040820543844
DB02DB0E990A0448081BC1040820541A
44EF024D0FA10A044D081BC504082054
1244F302560FA50A046E081BC9040820
541644F302530FAA0A0466081BCB0408
20541A44EB02560FAA0A048B081BCA04
0820544C44D302160FAD0A0455081BC9
040820542744C602060FAC0A04E9071B
CD04082054F343C802130FB00A04A207
1BD304081F54C043D0021D0FB60A04AF
071BD704081F543944CA02200FBC0A04
ED071BDB04081F541644D8020F0FC10A
0455081BDE04081F542D44D902050FC3
0A047A081BDE04081F541444E202FA0E
C30A0451081BE004081F541444E602FB
0EC40A0402081BE304081F54BC43BD02
7E0FC90A04DC071BE704082054E443C4
02890FCD0A040E081BEC04082054D743
BB02820FD50A0472081BEB04082054E6
43BE02870FD80A049C081BEE04082054
E343DB021B0FDA0A048F081BEB04081F
542E44D8021D0FDC0A049C081BF00408
1F541444E4022C0FE00A0493081BF304
082054FA43DC022B0FE60A04F5081BF9
04082054F843C402D10EE90A045B091B
FC04081F54F643C602CE0EE50A04BF09
1BFD04082054ED43C002DC0EE60A04D8
091BFF04082054D843C602D90EE70A04
010A1B0105082054BF43CD02D10EEB0A
04220A1B0405082054A543E002280FEF
0A043B0A1B0705082054BE43DE022A0F
FA0A04760A1B0805082054BA43E40228
0F030B04860A1B0D050820549843DB02
150F0C0B04B40A1B12050820549D43DD
02E40E170B04DE0A1B15050820549C43
D902D80E1E0B04FB0A1B170508205489
43EC02E00E260B04F70A1B1605082154
8943DE02DA0E2E0B04DA0A1B19050821
547A43B702130F330B04C90A1B180508
21546F43C9020D0F390B04BC0A1B1D05
0820549243B702190F3F0B04D50A1B20
05082054A543CF020B0F430B04030B1B
27050820549C43B202D80E460B04350B
1B2B05081F54A043AF02DE0E420B0452
0B1B2B050820547F43B302DF0E440B04
460B1B2B050820547343AF02E60E4B0B
043D0B1B2B050820549443AD02DA0E53
0B04FF0A1B29050821548B43E602C40F
5A0B04EE0A1B2F050821547543E402BC
0F630B04590B1B33050821548A43E002
BF0F670B04990B1B3B050820545543EA
02B80F6B0B04D70B1B3F050820543843
E102E10E710B04010C1B43050821543C
43ED02E40E730B04090C1B4605082154
3843DB02D10E710B04050C1B46050821
544E43DB02D70E720B04010C1B430508
21544043EA02000F750B04240D1B4305
0822542D43E602FC0E7B0B04840D1B48
050822545343F002FC0E800B04A10D1B
4C050822546043DD02070F7C0B04B20D
1B53050823549443BE02CC0E790B04BA
0D1B5E050822546943C302D10E760B04
BE0D1B61050822547443BD02C90E750B
04BA0D1B5D050822548C43C702CD0E77
0B04BE0D1B59050821549443BD02CB0E
760B04CB0D1B5905082154C643CD0235
0F730B04CF0D1B5D05082154EE43CB02
2F0F700B04D70D1B64050821540944D9
02250F6D0B04DB0D1B68050821543744
CB022F0F700B04D30D1B69050821546E
44E402020F710B04DA0D1B6805082154
9744E7020B0F720B04DB0D1B6A050820
54AB44E502FD0E720B04E40D1B6C0508
20541345E502090F700B04E80D1B6F05
081F543845EA02EA0E700B04EC0D1B71
050820545345E902F10E6F0B04EC0D1B
75050820547A45EF02F10E6F0B04E80D
1B7705082054A445FC02F00E720B04E8
0D1B7905082054D845D702E50E730B04
E40D1B7A05081F541A46C902F70E770B
04E80D1B7F05081F543246CD02EB0E78
0B04E80D1B8205081F544F46D302E60E
770B04EC0D1B8105081F547346D702FC
0E750B04F00D1B8705081F548246D302
FA0E760B04E80D1B8D05081E54DD46E4
02090F7A0B04DB0D1B8F05081E54E846
D902F80E820B04D30D1B8F05081E54E3
46ED02090F890B04CF0D1B8B05081F54
0647C002520F8B0B04D70D1B8C05081F
543247C502410F8C0B04E00D1B920508
1F543247BF024C0F8B0B04E20D1B9B05
081F546747C802440F8A0B04DB0D1BA3
05081F546E47EF02090F8A0B04D30D1B
A605081F547D47EE02000F900B04D30D
1BA505081F548247F002050F930B04D3
0D1BA505081F547047EB020B0F930B04
D30D1BA605081F54B147E202F30E960B
04D70D1BA805081F54AA47DC02F30E95
0B04D70D1BA8050820549147E802F60E
930B04DB0D1BAA05082054C547E502F4
0E950B04D70D1BAD05082054D247E002
F80E930B04DB0D1BB105082054F947C2
02730F920B04E40D1BB405082054E447
BD02690F8D0B04E80D1BBC05081F54F0
47C302710F8D0B04E80D1BC005082054
1848C4026F0F8C0B04E80D1BC3050820
543C48C002140F890B04EC0D1BC30508
20545148CE02150F8A0B04E80D1BC305
0821543A48C402020F8A0B04E80D1BC3
050821544648CF02120F8C0B04EA0D1B
C5050821546948C802040F8A0B04F00D
1BCC050821546348BB02FC0E8B0B04E8
0D1BCF050821547048C902F90E8E0B04
E40D1BD1050821548448B802FF0E910B
04E00D1BD0050821548348BD020E0F94
0B04E00D1BD4050821549848D102060F
950B04E00D1BDA050821548548D102F9
0E960B04E40D1BDF050821548348D702
050F980B04DB0D1BE7050822546148C8
02FF0E970B04E40D1BEC050822546848
E602390F970B04E00D1BEE0508225488
48E402440F990B04E00D1BF005082254
B848E102460F9C0B04E00D1BF0050821
54F448D602380F9B0B04E40D1BF20508
21541449CC02290F9B0B04E40D1BF705
0821547649D602440F980B04E40D1BFC
050821546E49C702320F990B04E80D1B
FF050820544949DC022E0F990B04E40D
1B02060820544749FC02240F9A0B04E2
0D1B020608215468490103420F990B04
E40D1B0506082154324900033A0F990B
04E80D1B0506082154014906032B0F9A
0B04EC0D1B030608225407490303E20E
990B04EC0D1B0A060821542449C502C9
0E970B04F00D1B10060821541649B902
C10E950B04F00D1B17060821543049C2
02C40E920B04F40D1B1D060821540549
C302C60E960B04F00D1B20060822541B
49C302400F930B04F00D1B2706082254
1A49BB02430F940B04F00D1B28060822
541F49C202490F950B04F00D1B2A0608
22541449BD02400F950B04F00D1B2A06
0822540949F102FD0E950B04F40D1B2A
060822541C49F302FA0E930B04F90D1B
31060822541249F302FB0E920B04F90D
1B35060822540D49F702070F920B04FD
0D1B3A060821542049C002EB0E900B04
050E1B39060821543549C202F90E8C0B
04FD0D1B40060821545F49C502F70E90
0B04F60D1B42060821547049C302F30E
910B04F00D1B43060821547749B902F1
0E950B04F00D1B45060821547449E002
260F980B04EC0D1B47060822546F49E4
022A0F9F0B04F00D1B48060821547A49
E702160F9E0B04EC0D1B4F060821547F
49D9021D0F9F0B04EC0D1B5806082154
7C49E802360FA00B04E80D1B60060820
546C49E6022D0FA10B04E80D1B660608
20549349DB02300FA10B04E40D1B6A06
0820548C49E702220FA40B04E80D1B69
060820547349DB02200FA30B04EC0D1B
67060821547749E0021A0FA40B04E80D
1B68060821548849DB02290FA30B04E8
0D1B6B060822547F49E002280FA20B04
EC0D1B70060822547949D002F80EA40B
04EC0D1B76060821548149CE02000FA5
0B04EC0D1B7C06082154AD49D302030F
A30B04EC0D1B7E06082154AA49CE0209
0FA20B04EE0D1B8306082054B849CF02
050FA30B04F00D1B8106082054BB49D3
02FC0EA20B04EC0D1B8106082054AE49
E002F80EA00B04EC0D1B8406081F54B5
49DB02010FA20B04F00D1B8806082054
C349D902FE0EA40B04F40D1B8D060821
54A549C302680FA30B04F00D1B8D0608
2154AB49C802600FA00B04F40D1B9106
082054BC49CA02620FA10B04F90D1B9C
06082054A349C202550FA10B04F40D1B
A506082054B249F902EA0EA10B04F00D
1BA506082054D949EB02F30EA20B04F4
0D1BA306082054BD49EF02F30EA30B04
F40D1BA406082054C349F102F50EA20B
04F90D1BA406082054EA49CB02180F9E
0B04F90D1BAB06082154ED49C802130F
9E0B04F90D1BAD06082254BD49CA021B
0FA00B04F40D1BB006082354CD49D002
1D0F9F0B04F40D1BB106082354C949D6
02250FA00B04F90D1BB7060823547149
E002DF0EA00B04F60D1BBB0608245436
49E002DC0EA00B04F40D1BC006082354
6149DE02D50EA20B04F40D1BC1060823
546E49E102DF0EA10B04FD0D1BC40608
23543649D002510FA00B04FD0D1BC706
0824543649CD025A0FA00B04FD0D1BC8
060823544749CF02520F9E0B04F90D1B
CD060823545849D302450FA00B04F90D
1BD0060823547D49F302360F9F0B04FD
0D1BD3060823545A49ED02340F9D0B04
FD0D1BDA060823548C49F202370F9F0B
04F90D1BE206082354CF49F402360F9F
0B04F90D1BE306082254E14905032F0F
9E0B04010E1BE406082254D549040336
0F9E0B04010E1BE906082154E149F502
3A0F9E0B04050E1BEF06082054BF4903
03360F9E0B04010E1BF206082054B849
0703310F9F0B04050E1BF006081F54D3
49DB02280F9E0B04050E1BF006082054
B549E202340F9E0B04060E1BF3060820
54A549DD02360F9C0B04090E1BF80608
2054C849E302330F9B0B04090E1BFD06
082054B149D002290F9D0B04050E1B04
07082154A549CB022A0F9C0B04090E1B
09070821547F49D3022F0F9B0B040D0E
1B0C070821548549D9022C0F9D0B0409
0E1B0B070820548049CC02400F9D0B04
090E1B0907082054CF49CD02400F9D0B
04090E1B0C07082054E249D5023E0F9B
0B04090E1B1007082154C349C902450F
9B0B040D0E1B1107082054C149F90274
0F990B040D0E1B1607082154D949FC02
690F990B040D0E1B1D07082154CE49F1
02710F9A0B040D0E1B2307082154EE49
F702780F9B0B04090E1B2607082254EE
49F902630F9B0B04090E1B2807082154
E849D502FE0E9C0B04090E1B2B070821
54E349D302F90E9C0B04090E1B2F0708
2154004AC002020F9B0B04060E1B3507
082054EC49D102050F9D0B04090E1B37
070820548F49D202FE0E9B0B04050E1B
37070820549649C602020F9D0B04090E
1B3A07082054C649D102090F9C0B0409
0E1B3B07082154D949DB02050F9D0B04
090E1B3D07082054E249C802220F9B0B
040D0E1B4407082054044AD302200F9A
0B04090E1B4B07082054E349D902240F
990B040D0E1B4F070820549649DB0222
0F9A0B040D0E1B4E070821548A49EF02
680F990B040D0E1B4E07082154C149F4
02760F990B040D0E1B4C070820548549
F502730F980B040D0E1B4E07082054CA
49EA026B0F970B04120E1B4D07082054
AB49E902640F970B04120E1B4E070821
549C49E602FA0E950B04160E1B510708
21549249D902F90E940B04120E1B5507
0822547849DE02F50E960B04120E1B59
070822548A49E202F00E940B04120E1B
5E070821548C49AA02520F960B040E0E
1B5F07082254AB49AC024F0F970B0412
0E1B5E07082254AD49A702580F960B04
120E1B5F07082254A649AC02460F960B
04120E1B6307082254B749CA02280F96
0B04160E1B68070822549249D6021B0F
960B04120E1B6E07082254B949D1021B
0F960B04120E1B71070821549F49CA02
220F970B04120E1B77070822548B49F5
02450F970B04120E1B7907082254B049
F0023E0F980B04120E1B7B0708235487
49EE024D0F960B04120E1B7C07082354
A049E602390F980B04120E1B84070823
54D749E8023A0F980B04120E1B860708
2254A149C6023E0F990B04120E1B8807
082254D249C502400F9A0B04120E1B89
07082254EE49C202430F980B04120E1B
8C07082254D949BB023D0F990B04160E
1B9107082254DE49F7020A0F990B0416
0E1B9507082254EC49F1020F0F970B04
160E1B9B07082354F149EF02040F980B
04160E1B9D07082354EC49FA02120F96
0B041A0E1BA007082354E049E202500F
950B04160E1BA207082354D449E1024D
0F970B041A0E1BA307082354CA49DD02
580F950B041A0E1BA807082354A549DC
02530F940B041A0E1BAA070823548149
ED02220F950B041E0E1BB00708225492
49EB021A0F940B041E0E1BB507082254
8149ED021E0F940B041A0E1BB9070822
548149EB02180F910B041E0E1BBD0708
23548349EC02220F910B041E0E1BBF07
0823548249D2021C0F930B041E0E1BBE
070822549049CC02240F920B041E0E1B
BF07082354B049DA02160F920B041E0E
1BBE070822549B49CC02250F920B0422
0E1BBC070822548C49DE02060F920B04
1E0E1BC107082254CB49ED02050F900B
04220E1BC607082154A649D802010F92
0B04260E1BD107082154C249DB02FD0E
910B04220E1BDD07082154CF49F80211
0F920B04220E1BE307082154E949FB02
1C0F930B041E0E1BE507082154F249FE
02140F950B041E0E1BE307082154F849
F902130F950B041E0E1BE107082154C3
49EC02FF0E950B04220E1BE207082154
DB49F602FC0E920B04260E1BE7070821
54CE49FC02010F900B042B0E1BED0708
2154D849E302F80E900B042B0E1BF307
082154D349EB02010F920B04260E1BF9
07082154E149EB02800F900B042B0E1B
FB07082054BF49E402820F910B042B0E
1BFE07082154D449F102840F920B0426
0E1B0008082154044AEF027E0F920B04
260E1B0008082154E449E2022F0F910B
04260E1B0108082254044AE7022D0F92
0B04260E1B0108082354FE49E902310F
930B042B0E1B07080822540B4AE50236
0F930B042A0E1B0C080823541F4ADE02
200F940B04260E1B1108082354F749E2
02250F940B04220E1B1408082354CE49
E5021B0F950B04220E1B120808225406
4AD3021F0F960B04260E1B1108082254
BF49D902100F960B04220E1B16080822
54CA49D9021E0F940B04220E1B1C0808
2254CA49EB020C0F930B04260E1B2608
082354C049DA02090F930B04260E1B2D
08082354DE49E202090F930B04260E1B
3608082354B949CE02580F930B042B0E
1B3D08082354C149D302610F920B042B
0E1B3E08082354B249D502630F8E0B04
2B0E1B3A080823547349CD025D0F900B
042B0E1B39080823549849E802EB0F8F
0B042B0E1B3A08082254A349E402EC0F
8E0B042B0E1B4008082254F849D202F3
0F8C0B042F0E1B4708082254D549E002
E50F8C0B042F0E1B4B08082254D249E8
02900F8B0B04360E1B5108082354BB49
D6028D0F880B04330E1B5308082254C5
49DB028B0F860B04330E1B5708082254
F349DE028F0F840B04370E1B59080822
54084AF5022D0F830B04370E1B5A0808
2254034AF602380F7F0B043F0E1B5E08
082254104AEC022D0F7C0B04440E1B5D
08082254D749F202280F790B04440E1B
6308082254214AF102240F750B04480E
1B6908082154394ADF02310F740B0450
0E1B6E08082154294AE602230F700B04
480E1B7408082154044AE502340F710B
04480E1B75080821540D4AE002360F73
0B044C0E1B75080821541E4AD0023D0F
720B04480E1B79080822541B4AD6024C
0F730B04440E1B7E08082254284AC902
3C0F750B04480E1B87080821544C4AD5
02390F760B04440E1B8E08082054004A
DE02AE0F760B04480E1B9408082054C7
49D802B40F750B044E0E1B9A08082154
B149D902AA0F6D0B04610E1B9E080821
549449E202AF0F660B04760E1B9E0808
2154AA490803900F5B0B047E0E1BA308
082154C1490703900F4F0B04820E1BA7
08082154AF4904038D0F480B048A0E1B
A908082154B549FE028E0F410B04930E
1BB208082254D04901038B0F3B0B0497
0E1BB908082254394ADB02EF0F350B04
9F0E1BBF080822542A4AE202EA0F2D0B
04A80E1BBD08082254334AD502E50F27
0B04A80E1BBC080822543D4ADC02EB0F
260B04A80E1BBB080822540D4AFA02A5
10250B04A80E1BBD08082254ED49FB02
A410230B04AC0E1BBF08082254DB4901
03AB10230B04AC0E1BBF08082254DD49
FB029F10210B04AC0E1BBF0808235409
4AE2029110210B04AC0E1BBE08082254
DD49E2029A10220B04AC0E1BBF080822
54D549DB029E10230B04AE0E1BBE0808
2254B749D8028D10210B04A80E1BC108
082254C149F102B910230B04AC0E1BC0
080822549B49EF02BA10220B04AC0E1B
C1080821543449F102BC10240B04A80E
1BC2080821546449EA02BC10230B04A8
0E1BC108082154A749F702B810220B04
AC0E1BC208082154C5490C034310220B
04B00E1BC308082054034A0603451021
0B04B40E1BC308082154CA490B035210
1E0B04B40E1BC408082154214A0D0358
101C0B04B80E1BC408082154194AEF02
60101A0B04BC0E1BC308082254284AEE
0261101A0B04BC0E1BC208082254144A
F3025E10170B04C10E1BC20808225429
4AF3026210170B04BC0E1BC308082354
374AF3028710160B04BC0E1BC3080824
540C4AF2028910170B04BC0E1BC30808
24540A4AED029210170B04BE0E1BC308
082354014AEB029010170B04BC0E1BC1
08082454C9491103C410190B04B80E1B
C208082554A5491203C9101A0B04BC0E
1BC208082554F1490403C710170B04C1
0E1BBF080824541A491103CB10170B04
C10E1BC008082454C2480F03C510180B
04BC0E1BBF08082454C848F9029B1019
0B04B80E1BBF080824541449F4029810
1B0B04B80E1BBF080824541949F20294
101C0B04B00E1BBF080824548F49EF02
94101E0B04B00E1BBF080824549649D7
023C11200B04B00E1BBF080824549D49
DC023411230B04A30E1BC008082454F6
49D40246112A0B04970E1BBF08082454
A349DF024111320B04930E1BBF080823
54C849EF02C510380B049B0E1BC00808
2354DB49DE02C710390B04970E1BC108
082354D949F102CA103A0B049B0E1BC1
08082354ED49EF02CB10380B049A0E1B
C008082354C449CA02AF10380B04930E
1BBE08082354EA49D002A0103B0B0493
0E1BC008082354B049CF02A7103D0B04
8F0E1BBD080823540E4AC502B0103D0B
04930E1BB208082454FB49CD02A6103D
0B04970E1B9A08082354034A0F038610
3A0B04970E1B8508082354EA491A038D
10360B049B0E1B7208082354E8490B03
8C10370B04970E1B61080823541A4A0A
039210350B048F0E1B5008082354154A
EF027A0F3A0B048A0E1B4008082354D5
49F502870F3D0B047A0E1B2E08082354
D749F702830F450B046D0E1B1F080823
54C649F302850F4E0B04690E1B150808
2354D449CE02390F570B04580E1B0E08
0823548649D2022F0F600B04500E1B0F
08082254BF49CD02390F680B04480E1B
0708082254BF49D6022B0F710B043F0E
1BF307082254D549F102530F770B043A
0E1BD307082254A049E8024B0F790B04
3B0E1BB807082254C549F1025D0F7C0B
04440E1BA1070822549349EF024F0F7D
0B043F0E1B9107082254A449F702580F
7E0B043F0E1B8407082254DD49DD0261
0F7D0B043F0E1B76070823545849E502
5A0F820B0447071B69070823547649E4
02530F820B04260E1B62070823543A49
DD025E0F870B04370E1B600708235436
49DB023E0F880B042B0E1B5907082354
3649D202460F8B0B04260E1B42070823
546149E2023F0F8E0B04220E1B250708
23545749E402460F8E0B041E0E1B0907
0822549F49E002150F900B04260E1BF4
060823548749DF02120F8E0B04220E1B
E5060823548C49E4021A0F8E0B041E0E
1BE0060823547E49D7020D0F900B041A
0E1BD1060823547349E002DF0E900B04
1A0E1BC3060822548249E102D70E8F0B
041A0E1BB4060822549949E402E00E91
0B041A0E1BA6060822549D49E602E40E
910B041E0E1B9D06082154A449E602DB
0E900B041E0E1B9406082154EA49C902
F80E900B04160E1B8306082054EA49CA
02F60E900B04160E1B6506082154E849
D502F10E8F0B04160E1B450608215414
4AD202EB0E900B04160E1B2D06082054
104AF302040F8E0B041A0E1B1F06081F
54D049ED02FF0E8C0B041A0E1B150608
1F54A849EE02FD0E8C0B041A0E1B0706
081F549849F502000F8B0B041A0E1BF5
05081F54BF49D102370F8D0B041A0E1B
E305081F54EA49C902360F890B041A0E
1BD605081E54D149D902360F890B041A
0E1BCF05081E54D949CA02330F880B04
1A0E1BC605081E54C649CF02E90E890B
04160E1BA805081D54C149D102ED0E87
0B04120E1B8505081E54DB49D902EB0E
890B04120E1B6405081E54F749CD02E9
0E880B04120E1B4C05081E54DF49D502
EB0E890B040D0E1B3F05081E54EC49C0
02110F880B04090E1B3405081E54D549
C102110F870B040D0E1B2705081D540C
4ABE020F0F830B040D0E1B1C05081E54
C649BD020C0F810B04090E1B1405081E
54DC49C502C00E7F0B040D0E1B170508
1F54D749B902BC0E7F0B04090E1B1305
082054E149C302BD0E7F0B04090E1B02
05082054FF49C002C30E7B0B040D0E1B
E404082054344ACA02160F790B040D0E
1BC5040820541B4AD502100F750B040D
0E1BAD040820541F4ACF020E0F6F0B04
2B0E1B9604082154224AD302130F5E0B
04500E1B8B04082154EC49BC023B0F4A
0B04760E1B8504082054E449C2023E0F
300B04930E1B7B04082054EC49BF0241
0F160B04B40E1B6D04082054DE49C402
4A0FFD0A049B0E1B5B04082154DC49BA
02490FEA0A04C60E1B4D04082154DF49
CD023A0FDB0A04D10E1B4204082254CA
49CF022F0FCA0A04EA0E1B3304082254
D349D2022B0FB20A04180F1B20040822
54D649C802360F960A04670F1B140408
2254EA499E02FC0E6B0A04CB0F1B0D04
082054FE499D02010F2D0A042B101B0E
040820540F4A9502040FF009046E101B
1004082154094AA002040FA309040C11
1B1304082154AE498C02CD0E5B09041D
111B1204082154CB499302D00E390904
DA101B0F04082154CA499902CF0E3509
04E2101B1004082154D1498E02CB0E27
090404111B1304082154D549E102170F
1B090421111B0F04082154DD49DF0211
0F0D090436111B0F04082054FC49DF02
120FFE080443111B0804082054D149E8
02190FE9080468111BFD03082154FD49
DD02100FD8080478111BEF0308205496
4B8F02620EC9080485111BE303082054
784B9002610EBD080496111BD903081F
54144B8F02660EB20804B3111BD60308
1F54044B8A02610E9B0804E5111BD303
082054CE4AD006DD22890804ED111BCC
03082054CB4AD006D722780804F5111B
C903082054214BC206D522600804A721
1AC703082054E84AC106E7225A08044D
2F13C603081F54D44A09040B0F930804
7A090EC503082054AD4AFF03130FE008
0429F00EC503081F54AA4AFF03130F13
0904BD490FC603082054834AFA03170F
400904CBD60FC703082054AF4A1B0336
08710904A50A10C803082154BD4A1803
2F08A9090442A20FC603082154EF4A1C
032B08DF09040D290FC8030821542B4B
21032608260A04B13110C7030821548B
4B22032E08630A04B4020FC703082154
544B6C046E05910A04F86C0EC6030822
54434B76047505BA0A04448F0EC50308
2254294B6E047105D70A048E720EC703
082354B54B68047105EC0A04671A0FC7
03082354F64BFCFB4709FD0A04F5CC0E
C603082354B44B05FC4D09050B043DFD
0DC703082354DD4B09FC4709100B041B
0A0ECA03082354304CFEFB4B09280B04
30CE0EC7030823549A4C8800550E430B
04B74E0EC703082454954C8C00520E5E
0B043CFC0EC803082454DA4C8700530E
740B045A4F0EC7030824547E4D8F004F
0E830B0442660EC703082454CD4C00FC
7E10870B0464330EC7030824543D4C02
FC8010850B042EF80ECA030823547E4C
02FC8110860B044E790DC8030823546C
4EF7FB7B10</Data>

   <DataCRC>25163866</DataCRC>

   <BytesSent>12053</BytesSent>

</SBEDataUpload>
</InstrumentRawData>
</SBEDataUploadFile>
