<?xml version="1.0"?>
<!-- SCPlusV2_RS232 -->
<SBEDataUploadFile>
<ApplicationData>
<Seaterm232>
<SoftwareVersion>2.6.3.104</SoftwareVersion>
<BuildDate>30-Jun-2017</BuildDate>
</Seaterm232>
</ApplicationData>
<InstrumentState>
<HardwareData DeviceType='SBE19plus' SerialNumber='01906740'>

   <Manufacturer>Sea-Bird Electronics, Inc.</Manufacturer>

   <FirmwareVersion>2.2d</FirmwareVersion>

   <FirmwareDate>9 February 2011 08:30</FirmwareDate>

   <CommandSetVersion>1.1</CommandSetVersion>

   <PCBAssembly PCBSerialNum='25307' AssemblyNum='41054G'/>

   <PCBAssembly PCBSerialNum='25737' AssemblyNum='41580B'/>

   <PCBAssembly PCBSerialNum='24669' AssemblyNum='41606'/>

   <PCBAssembly PCBSerialNum='24372' AssemblyNum='41059D'/>

   <MfgDate>  08 DEC 2010</MfgDate>

   <InternalSensors>

      <Sensor id='Main Temperature'>

         <type>temperature0</type>

         <SerialNumber>01906740</SerialNumber>

      </Sensor>

      <Sensor id='Main Conductivity'>

         <type>conductivity-0</type>

         <SerialNumber>01906740</SerialNumber>

      </Sensor>

      <Sensor id='Main Pressure'>

         <type>strain-0</type>

         <SerialNumber>3220369</SerialNumber>

      </Sensor>

   </InternalSensors>

   <ExternalSensors>

      <Sensor id='volt 0'>

         <type>SBE 43 OXY</type>

         <SerialNumber>432005</SerialNumber>

      </Sensor>

      <Sensor id='volt 1'>

         <type>not assigned</type>

         <SerialNumber>not assigned</SerialNumber>

      </Sensor>

      <Sensor id='volt 2'>

         <type>ECO-FLNTURT CHL</type>

         <SerialNumber>FLNTURTD-2025</SerialNumber>

      </Sensor>

      <Sensor id='volt 3'>

         <type>ECO-FLNTURT TURB</type>

         <SerialNumber>FLNTURTD-2025</SerialNumber>

      </Sensor>

      <Sensor id='volt 4'>

         <type>not assigned</type>

         <SerialNumber>not assigned</SerialNumber>

      </Sensor>

      <Sensor id='volt 5'>

         <type>not assigned</type>

         <SerialNumber>not assigned</SerialNumber>

      </Sensor>

   </ExternalSensors>

</HardwareData>
<StatusData DeviceType='SBE19plus' SerialNumber='01906740'>

   <DateTime>2018-12-07T14:28:32</DateTime>

   <LoggingState>not logging</LoggingState>

   <EventSummary numEvents='241'/>

   <Power>

      <vMain>12.2</vMain>

      <vLith>5.4</vLith>

      <iMain>61.5</iMain>

      <iPump>36.4</iPump>

      <iExt01> 4.1</iExt01>

      <iExt2345>20.6</iExt2345>

   </Power>

   <MemorySummary>

      <Bytes>1492821</Bytes>

      <Samples>87813</Samples>

      <SamplesFree>3782666</SamplesFree>

      <SampleLength>17</SampleLength>

      <Profiles>111</Profiles>

   </MemorySummary>

</StatusData>
<ConfigurationData DeviceType='SBE19plus' SerialNumber='01906740'>

   <ProfileMode>

      <ScansToAverage>1</ScansToAverage>

      <MinimumCondFreq>3226</MinimumCondFreq>

      <PumpDelay>60</PumpDelay>

      <AutoRun>no</AutoRun>

      <IgnoreSwitch>no</IgnoreSwitch>

   </ProfileMode>

   <Battery>

      <Type>alkaline</Type>

      <CutOff>7.5</CutOff>

   </Battery>

   <DataChannels>

      <ExtVolt0>yes</ExtVolt0>

      <ExtVolt1>no</ExtVolt1>

      <ExtVolt2>yes</ExtVolt2>

      <ExtVolt3>yes</ExtVolt3>

      <ExtVolt4>no</ExtVolt4>

      <ExtVolt5>no</ExtVolt5>

      <SBE38>no</SBE38>

      <OPTODE>no</OPTODE>

      <GTD>no</GTD>

   </DataChannels>

   <EchoCharacters>yes</EchoCharacters>

   <OutputExecutedTag>yes</OutputExecutedTag>

   <OutputFormat>raw HEX</OutputFormat>

</ConfigurationData>
<CalibrationCoefficients DeviceType='SBE19plus' SerialNumber='01906740'>

   <Calibration format='TEMP1' id='Main Temperature'>

      <SerialNum>01906740</SerialNum>

      <CalDate>07-Jan-11 </CalDate>

      <TA0>1.255288e-03</TA0>

      <TA1>2.593288e-04</TA1>

      <TA2>-2.376104e-07</TA2>

      <TA3>1.449298e-07</TA3>

      <TOFFSET>0.000000e+00</TOFFSET>

   </Calibration>

   <Calibration format='WBCOND0' id='Main Conductivity'>

      <SerialNum>01906740</SerialNum>

      <CalDate>07-Jan-11</CalDate>

      <G>-1.033008e+00</G>

      <H>1.393941e-01</H>

      <I>-2.175401e-04</I>

      <J>3.475757e-05</J>

      <CPCOR>-9.570000e-08</CPCOR>

      <CTCOR>3.250000e-06</CTCOR>

      <CSLOPE>1.000000e+00</CSLOPE>

   </Calibration>

   <Calibration format='STRAIN0' id='Main Pressure'>

      <SerialNum>3220369</SerialNum>

      <CalDate>21-Dec-10</CalDate>

      <PA0>8.222195e-01</PA0>

      <PA1>1.566037e-02</PA1>

      <PA2>-6.194425e-10</PA2>

      <PTCA0>5.244452e+05</PTCA0>

      <PTCA1>4.417653e+00</PTCA1>

      <PTCA2>-9.798927e-02</PTCA2>

      <PTCB0>2.510725e+01</PTCB0>

      <PTCB1>-1.150000e-03</PTCB1>

      <PTCB2>0.000000e+00</PTCB2>

      <PTEMPA0>-5.917147e+01</PTEMPA0>

      <PTEMPA1>5.387460e+01</PTEMPA1>

      <PTEMPA2>-2.653169e-01</PTEMPA2>

      <POFFSET>0.000000e+00</POFFSET>

      <PRANGE>5.076000e+03</PRANGE>

   </Calibration>

   <Calibration format='VOLT0' id='Volt 0'>

      <OFFSET>-4.687158e-02</OFFSET>

      <SLOPE>1.247988e+00</SLOPE>

   </Calibration>

   <Calibration format='VOLT0' id='Volt 1'>

      <OFFSET>-4.719579e-02</OFFSET>

      <SLOPE>1.248132e+00</SLOPE>

   </Calibration>

   <Calibration format='VOLT0' id='Volt 2'>

      <OFFSET>-4.684526e-02</OFFSET>

      <SLOPE>1.248324e+00</SLOPE>

   </Calibration>

   <Calibration format='VOLT0' id='Volt 3'>

      <OFFSET>-4.678105e-02</OFFSET>

      <SLOPE>1.247145e+00</SLOPE>

   </Calibration>

   <Calibration format='VOLT0' id='Volt 4'>

      <OFFSET>-4.669684e-02</OFFSET>

      <SLOPE>1.248307e+00</SLOPE>

   </Calibration>

   <Calibration format='VOLT0' id='Volt 5'>

      <OFFSET>-4.709579e-02</OFFSET>

      <SLOPE>1.247697e+00</SLOPE>

   </Calibration>

   <Calibration format='FREQ0' id='external frequency channel'>

      <EXTFREQSF>9.999977e-01</EXTFREQSF>

   </Calibration>

</CalibrationCoefficients>
<EventCounters DeviceType='SBE19plus' SerialNumber='01906740'>

   <EventSummary numEvents='241'/>

   <Event type='ErrorFLASHUncorrectableError' count='241'/>

</EventCounters></InstrumentState>
<Headers>

cast 103 04 Dec 2018 09:56:33 samples 82775 to 84323, avg = 1, stop = mag switch

</Headers><InstrumentRawData>
<SBEDataUpload startAddr='1407158'>

   <Type>1</Type>

   <DataFormat>SEACATPLUS0</DataFormat>

   <Bytes>26333</Bytes>

   <Data>
222C0459560DC30308D1535C4AA802CE
032E2C04FDBC0DC10308CF53354AA802
C9033E2C04B2FA0DC20308CD53364AA3
02CD034A2C04CC750DC20308CC53C74A
AC02CE03562C04FCEF0CC10308CB5322
4BA902C003582C0446950CC10308CA53
E44AA802C5035D2C04F2810CC30308CA
53E94AA602C103662C041D950CC10308
CA53C44AA602C203712C0447A20CC103
08C9539D4AAC02C4037A2C04BE720CC1
0308C7539E4AA502C3038A2C04804F0C
C30308C653C44AAE02CB03B72C046F13
0CC30308C553014BA502C103D52C04F5
E80BC50308C553044BA502C103D12C04
5DDA0BC60308C553084BA902C803D02C
045A250CCA0308C453044BA802D003E7
2C04A37C0CCB0308C353D94AA202C503
E72C04A5130DD00308C253F84B9D02C4
03DC2A04590D0DD20308C353BB4C9D02
C103151D049BCF0CDB0308C4532A4DA6
02BF03CC0E04CD3E0DE20308C553FB4C
A802C2034E05043FC20DE60308C45379
4DA402C803A9FF036F3714EB0308C553
1E4D1A05B21238FC0373D712EF0308C5
53DA4C1105B0121CFA03AC6C12F40308
C453844C0805BF12F5F8030DF615F903
08C553394C0D05B71258F80346D818FE
0308C6532C4C8C03440D33F803444B16
010408C653F24B8B03430D0AF803B2C3
1A010408C653DF4B93034C0DFCF70352
171B020408C7532D4C8803410DFEF703
271C1B090408C653D14B0102240E5CF8
03101E1B0A0408C653BF4B03021E0EF7
F8030F1F1B100408C753B04BF3012A0E
7AF9037D1F1B140408C653B34BF80126
0ED3F9036B201B180408C753934BFE01
1A0E28FA03FE1F1B170408C753A14BB1
029E0E63FA030A201B1B0408C653B44B
B502A20E84FA038C201B1F0408C753B3
4BB502A20E99FA03BE201B1D0408C653
B54BAF02A90EACFA037B211B1F0408C6
53BA4BBA02530EAFFA0348221B1F0408
C753C24BCA025A0E83FA031F231B2104
08C653C34BC902550E40FA03A4231B21
0408C653C54BBC02490E0CFA03F3231B
210408C753D14B9902790EECF903F823
1B230408C753DD4BA402840EF2F90332
241B250408C653E54BA202800E10FA03
8B231B270408C653DF4BA002770E2BFA
0397231B290408C753F94B9E02D50E47
FA03B8231B270408C653034CA402CB0E
56FA037A231B280408C653FD4BAA02CF
0E59FA0361231B290408C653124C9902
D30E67FA0304231B2B0408C6532A4C9A
02DB0E7DFA034B241B2B0408C653334C
F702000F8DFA0308241B2A0408C6534B
4CF702ED0E9BFA03C9231B2D0408C753
924DF502E80EABFA03AC231B2C0408C6
53134EF302FD0EBAFA033F231B2E0408
C653C84DAD02CD0ED1FA03C1221B2B04
08C753844DB102C80EECFA0376221B2C
0408C8535E4DB302D20E05FB0350221B
2A0408C753354DAA02DA0E23FB033322
1B2A0408C753104DA1029E0E41FB03FD
211B2B0408C753F34C9B02A90E5AFB03
BD211B2B0408C753D54CA202B30E73FB
0366211B2C0408C753B64C9B02A20E83
FB0359211B2C0408C853A14C7D02720E
8CFB0359211B2B0408C953884C830266
0E8EFB035D211B2D0408C953614C8102
610E8CFB0383211B2B0408C953324C86
02680E84FB03C2211B2C0408C953014C
86025E0E7BFB03DB211B2A0408C953E0
4BB102AF0E77FB039D211B2B0408C953
D44BB202A60E79FB0349211B2A0408C9
539F4BB002A80E7AFB03D3201B2A0408
C853924BAC02AF0E7CFB03A1201B2904
08C753784B8402820E7AFB0345201B2A
0408C6535D4B8402960E7BFB03E11F1B
2B0408C653344B8402930E7DFB03671F
1B2D0408C7531E4B7C02910E7EFB0324
1F1B2B0408C753004B0303970E7BFB03
511F1B2A0408C753E94AF702930E7AFB
03E11F1B2A0408C653DC4AF902950E72
FB034D201B2D0408C653C44AFE02930E
6EFB0399201B2D0408C553B54AA80290
0E68FB03E4201B2D0408C6538D4AB102
890E6AFB031F211B2E0408C5537C4AB7
029E0E70FB0351211B2E0408C553734A
AA02890E76FB0362211B2D0408C55344
4AB302990E7FFB0358211B2C0408C553
3E4AF902970E89FB034D211B2C0408C5
530A4AEA029D0E8FFB035D211B2C0408
C653F749EC02AC0E92FB0372211B2C04
08C753CC49F3029A0E98FB0398211B2B
0408C753C4490703920EA1FB03AD211B
2B0408C753B249FE02890EAFFB03A921
1B2E0408C8538D49F702A20EBBFB03A9
211B2C0408C8538D490403A00ECEFB03
8C211B2C0408C8537749A002A40EDBFB
0366211B2D0408C85376499B02A60EEA
FB0351211B2B0408C9536849A3029D0E
F3FB0359211B2C0408C9536849A302A9
0EF4FB0366211B2B0408C8535549A802
CD0EF0FB035D211B2C0408C8532F49A6
02B50EF2FB0334211B2C0408C9532B49
9D02CF0EF1FB0334211B2B0408C95311
49A602CF0EF1FB0338211B2B0408C953
07499B02CD0EE9FB032B211B2A0408C9
53FC48D802AE0EDFFB032F211B2A0408
C8530149C602B30ED8FB0327211B2C04
08C753EF48CF02A40ED1FB032B211B2D
0408C753E548D902B80EC9FB0334211B
2C0408C753D948F102A20EC1FB031221
1B2D0408C653C748EF02990EB8FB0318
211B2A0408C653BE48F302AB0EB4FB03
E8201B2C0408C753BF48F702B30EACFB
03CB201B2D0408C653AF48CB02900EA6
FB0388201B2E0408C653B148C802910E
A3FB03F11F1B2C0408C6539548D2028A
0EA6FB03B81D1B2B0408C7538E48D102
960EC2FB03611C1B2B0408C6537C48FE
02550EEAFB03531E1B2A0408C6537C48
04035A0EF8FB03311F1B2A0408C55372
480503640EF1FB039E1F1B2B0408C553
60480403660EE8FB032D1F1B2D0408C5
536148FE026D0EE0FB03AC1D1B2C0408
C4534A48FA029C0EF2FB03441C1B2C04
08C5533B48F9029A0E13FC03891A1B2D
0408C5533448E2029A0E30FC03D9191B
2A0408C5532C48FA02A70E41FC039B19
1B2B0408C5533248CB02A10E4FFC03B4
191B2C0408C5532048D002970E59FC03
1E1A1B2D0408C4532548D102840E63FC
03291A1B2B0408C4531148CF02930E6B
FC030D191B2C0408C453FE47B602300E
77FC03A5171B2A0408C553F247BD0229
0E85FC03AB161B2B0408C453E347C702
320E93FC036C161B2B0408C553C647C2
023D0EA1FC03C4161B2B0408C453BD47
AA02860EAFFC03C4161B2C0408C553A8
47AA02820EBFFC03C8161B2B0408C553
9647AA02890ECEFC0325161B2B0408C4
538547BA028B0EDCFC0338151B2C0408
C5537047AE02860EEEFC03BD141B2A04
08C5536A478702800EFEFC038C141B2B
0408C653524789027E0E10FD03A1141B
2A0408C55348479302890E20FD03E014
1B2B0408C55337479702860E30FD03CF
141B2C0408C5532947AA02AD0E41FD03
80141B2D0408C553FF46A802B30E50FD
03DD131B2E0408C553E5469902A90E62
FD036D131B2B0408C553E846A102AF0E
73FD03FC121B2A0408C453E346A20285
0E83FD03DB121B290408C453C5469B02
7C0E93FD03E3121B2A0408C553B646A0
028F0EA3FD0315131B2A0408C553B546
A0027E0EB6FD032E131B2D0408C55389
46D702740EC3FD039C121B2D0408C553
7746D802750ED2FD033C121B2D0408C5
536946D202720EE1FD03E1111B2E0408
C6534B46E002740EF2FD03E1111B2D04
08C5534546D6027C0E01FE03A6111B2C
0408C5532946E402970E10FE0385111B
2C0408C5532146D602AA0E20FE037411
1B2B0408C5530E46E602B40E33FE0364
111B2D0408C5530A46EC029E0E40FE03
70111B2B0408C553F445D302870E4DFE
035F111B2C0408C553E245D302890E5B
FE030C111B2A0408C553D645CB02870E
69FE03B9101B2B0408C553BD45D10280
0E76FE035D101B2B0408C553C045B202
820E87FE0344101B2C0408C553B245AE
027F0E95FE036E101B2C0408C5539945
BC027A0EA3FE039F101B2D0408C55397
45B702870EB0FE0361101B2C0408C553
8645CC02B30EBDFE0316101B2A0408C6
537945C902B70ECAFE0312101B2C0408
C6536245C702AE0ED6FE032B101B2B04
08C6535F45D802AD0EE2FE0344101B2A
0408C6533B45D802BC0EEDFE03EC0F1B
2C0408C6533745CE028B0EF9FE03AA0F
1B2C0408C7531445CC028A0E07FF0363
0F1B2D0408C7532145D302840E13FF03
630F1B2C0408C7530645D602810E20FF
036B0F1B2D0408C753F344B9026F0E2E
FF036B0F1B2D0408C753D044C702760E
3BFF034A0F1B2C0408C653D244C20273
0E45FF03290F1B2E0408C753C444C002
760E51FF032D0F1B2F0408C653B444CC
02840E5CFF03F70E1B2E0408C653B844
D602830E69FF03560F1B2F0408C653A0
44D8028E0E73FF03CB0F1B2E0408C653
8C44CF02940E7BFF03420F1B2F0408C6
535C44B802770E83FF03CD0E1B300408
C5536C44B602750E8EFF03460F1B3104
08C5536944C402730E97FF03AF111B34
0408C5536044B702730E91FF0396131B
360408C5534544B5027C0E75FF03D513
1B360408C4534644C802A40E5BFF03E7
121B380408C5533644EA02B30E5AFF03
BF111B360408C5533144D502AA0E6DFF
034A111B370408C5532944D102B90E7F
FF03D4111B380408C5530344D3028D0E
8AFF0323121B380408C6531A44C80285
0E8FFF03B9121B370408C553FE43C002
800E8DFF0371131B3B0408C653E543C2
02830E82FF03C4131B3C0408C653E243
E602990E6BFF033F131B3F0408C553D9
43E402890E5DFF03DB121B410408C553
D343DC02980E5BFF0354131B420408C6
53D443D802960E55FF03B1121B420408
C653AB43C702B70E55FF031F121B4104
08C653AB43BC02A90E62FF0338121B43
0408C653BE43C502B30E6EFF0379131B
450408C6539643BB02B10E66FF031814
1B480408C6539A43C402B60E46FF037C
141B480408C6538E43C7028F0E17FF03
AF131B470408C5538543B702930EFFFE
03DB121B480408C5537C43C502910E02
FF037F121B490408C5536F43C4028D0E
13FF034F121B480408C5537C43A50280
0E25FF037F121B4A0408C5537E439802
870E30FF0394121B4B0408C5536E4394
02860E37FF0390121B4B0408C5535A43
9E02890E3AFF03EB121B4C0408C55347
43E302960E34FF037F121B4D0408C453
4143F502920E31FF0302121B4C0408C5
534143EE02930E3AFF03BB111B4E0408
C4533B43F802940E47FF0338121B4D04
08C4532243D502980E4DFF031B121B51
0408C4534543D002910E53FF0306121B
510408C4532243CF028C0E54FF031F12
1B540408C4531343CA02990E5DFF03D4
111B560408C4530643D202950E62FF03
45121B560408C4530443B302A60E65FF
03B8121B5A0408C453EE42AD02A30E5E
FF033C121B5B0408C453FA42AC029C0E
5AFF039E111B590408C553F642A602A2
0E63FF03A2111B580408C553E342D402
A40E6CFF03AA111B590408C553E642DE
029F0E75FF039E111B5A0408C553DD42
C702AD0E7DFF0389111B5C0408C653CD
42D3029C0E88FF03E9111B5F0408C653
DF42D102B50E8CFF031B121B630408C6
53D042C502B80E8DFF031B121B620408
C653C842CF02B00E8AFF036C111B6504
08C653C242CE02B80E8EFF0310111B66
0408C653AA42D5028A0E98FF0336111B
670408C653B442D402860EA3FF036C11
1B680408C553BA42D702880EA9FF03D8
111B6A0408C653AE42D902840EACFF03
EB111B6B0408C6539D42DC02890EADFF
03E1111B6D0408C6539842BC02950EAC
FF034A111B6B0408C653A042C1028F0E
B3FF03F3101B6B0408C6538142C1028B
0EBEFF03EF101B6B0408C7538A42C002
910ECDFF03EF101B6B0408C7537242D7
02940EDAFF0310111B6F0408C6536A42
C8028B0EE3FF035F111B700408C75364
42CC028E0EE9FF0391111B6E0408C753
5A42CF028D0EECFF0385111B6F0408C7
536242C002A50EEFFF0329111B6F0408
C7535742C402A20EF2FF03DE101B7004
08C7535442BB02A50EFCFF03B9101B71
0408C8533242B6029E0E070004FA111B
730408C8535D42B302B30EF9FF039823
1B730408C9538A42AF02AB0E1AFF03B8
271B740408C9536E42B902B30EEEFD03
36281B750408C8536342B902BB0E1CFD
0364281B720408C9535342B302B60EA8
FC0357281B740408C8535342D7029C0E
7AFC0357281B740408C8535642D50286
0E65FC034A281B750408C8537142D302
890E67FC03BC271B760408C7539D42D7
027D0E95FC037D271B780408C753AD42
CC029D0EC5FC03AF271B780408C653EC
42B502A60ED3FC03EE271B780408C653
1643C002A30ECAFC0307281B790408C6
536043CA02AD0EBAFC03FF271B7A0408
C6539C43B102870EAFFC038E281B7C04
08C553D243AE027E0E8CFC03B8281B7D
0408C6530644AF02830E6DFC03E2281B
810408C5536944B502890E4CFC033129
1B820408C5538344CE029C0E1BFC0318
291B840408C553AA44CA029C0E02FC03
A7281B880408C553EF44CE02A30E1BFC
0356281B860408C6532445DB02A90E46
FC035F281B8A0408C6534A45CD029F0E
64FC0331281B8C0408C6537245DE029A
0E81FC0342281B8B0408C653AD45CF02
B10E88FC035F281B8C0408C753CF45C4
02A80E89FC035F281B8C0408C753F045
D4029A0E87FC032D281B8A0408C65332
46D3029C0E91FC036A281B8C0408C653
4146C402A90E88FC037D281B8C0408C6
537046C6029C0E7DFC037D281B8E0408
C5538046CC02A40E76FC0364281B9004
08C653B746DA029F0E7BFC036C281B90
0408C653B246E4029B0E7AFC0368281B
910408C653E846E4029F0E80FC034E28
1B940408C6531747D802A60E89FC035B
281B950408C7530647E902980E8DFC03
53281B950408C6532347DB029C0E90FC
0353281B950408C5535B47E802A60E92
FC034F281B970408C5536147E202A10E
96FC034A281B970408C4537547EA02A3
0E96FC0352281B970408C4538047CF02
C30E95FC0321281B990408C453A247CB
02C40EA7FC0303281B9B0408C453B747
D802BA0EB9FC0307281B9E0408C553B8
47D102BC0EC9FC03B8271B9F0408C553
D947C502AB0EE5FC03C0271B9E0408C6
53E447C502B40EF4FC03C8271BA20408
C653F647C002B10EFAFC0374271BA204
08C6530648C302AB0E12FD0357271BA4
0408C6530B48CA02970E30FD0364271B
A50408C6532448BB028D0E3DFD036827
1BA40408C6533148C402930E40FD036C
271BA50408C6534B48CA02970E42FD03
64271BA70408C7536A48B302830E45FD
0323271BAA0408C8537448B2027F0E5B
FD0318271BAB0408C8537248AF02820E
6AFD030C271BAF0408C853B148AE028D
0E75FD0321271BB20408C953BA48BA02
800E77FD032D271BB20408C953C548B9
02071073FD032D271BB20408C953BC48
B502031073FD0325271BB20408C953B7
48B902031071FD032F271BB20408C953
C148BE02FE0F6FFD0336271BB50408C9
53D348B502850E6BFD034F271BB60408
C853D648BB02860E64FD0346271BBB04
08C853F148AE02900E61FD0325271BC1
0408C853E348B3027E0E69FD0329271B
C50408C953FA48B702B00E70FD032F27
1BC60408C953F848C102B80E70FD0329
271BC40408C853F348BD02B10E72FD03
29271BC40408C7530F49BA02B10E74FD
0329271BC50408C7530449AA02930E75
FD031C271BC50408C7530749B5029A0E
7AFD0307271BC60408C853FF48B20291
0E7EFD03F7261BC80408C7530849AE02
8A0E8AFD03EF261BC90408C753F448B7
029C0E94FD03E2261BC90408C7531649
D202CC0E9DFD03EA261BCB0408C75329
49CA02C30EA0FD03EA261BCA0408C753
3D49CD02C10EA1FD03E6261BCC0408C7
534249D802BE0EA1FD03E6261BCD0408
C6532249D002A10EA4FD03FF261BCD04
08C7531A49B702A90E9AFD030C271BD0
0408C6533349C602A10E92FD0307271B
D00408C6533649CC029C0E8FFD03FF26
1BD00408C6531A49E802950E94FD03FB
261BD10408C7533B49E902960E96FD03
E6261BD00408C7533D49E302A40E9BFD
03DE261BD10408C8533D49D602A50EA4
FD03E3261BCF0408C8533849D302A60E
A7FD03E6261BD20408C7533F49D102AB
0EA9FD03E6261BD60408C7534149C202
A20EA8FD03E6261BD90408C8533B49CD
02A40EAAFD03CD261BD90408C8533649
D902A00EAFFD03DE261BDC0408C85338
49D002AD0EB0FD03EA261BDD0408C953
4049D702A00EABFD03EB261BDC0408C8
533A49D102A40EA9FD03DE261BDF0408
C9533449D1029F0EAFFD0357261BE304
08C9535949D702A20EDAFD033A261BE6
0408C9533A49E102980EFEFD033A261B
E60408C8535249DB02A30E10FE034226
1BE90408C9534949D7029C0E1EFE0311
261BEA0408C8535749CE028B0E27FE03
DE251BEA0408C8535B49D1027C0E3AFE
03E6251BEA0408C8536E49DA02880E4E
FE03D5251BEA0408C9537649D102880E
58FE03EF251BEC0408C8536E49DD029A
0E5EFE03BC251BED0408C8537049CD02
8D0E66FE0358251BEE0408C8536349CA
02930E7FFE0353251BEE0408C8536749
CD02910E81FE0303261BF00408C85361
49D302920E58FE033A261BF00408C853
65499E02970E40FE0386251BF30408C8
537649A3028A0E76FE03B0241BF00408
C853654998028F0ECEFE0386231BF304
08C85367499D02890E72FF0326221BF6
0408C8538049BB02CE0E210004D7221B
F70408C9535149CA02C90E5C00047222
1BF70408C8536C49C302B80E6C0004A8
221BF90408C8537649BD02CC0E770004
3C211BFA0408C8535B49D102800EEC00
04FD201BFC0408C8536E49CC02820E5B
0104CF201BFE0408C7536E49CF02830E
AC0104AE201B000508C7537049C70282
0EDE01049D201B040508C8536A49D002
A00EFD01048F201B050508C8537449D2
02A20E0F02049D201B070508C8538D49
C8029D0E19020484201B070508C9539D
49D302980E1B02048C201B060508C953
9049DB02AB0E1F0204A5201B060508C9
536D49CC02930E17020499201B060508
C9536C49C702900E11020490201B0705
08C9537849D502960E1502048C201B08
0508C8537D49D7029C0E1702048F201B
0A0508C8538F49D0029D0E1A02047B20
1B0E0508C853AE49C902A60E1D0204B6
201B100508C853A849CD02A20E0D0204
06211B100508C9539349D5029C0EE401
0459211B140508C9538949C402A20EB8
01047B211B180508C953AA49BE02A50E
98010444211B1A0508CA53A949C8029B
0E8C010499211B1D0508CA539F49C402
A30E77010490211B1D0508C953A749BD
02AF0E6D01045D211B1E0508C853A649
DD02B10E7201045D211B1D0508C853B3
49E602B60E6B010459211B1E0508C853
8D49E202BC0E6D010459211B1D0508C9
53A549E302B80E75010459211B200508
C953C449EB02970E81010438211B2305
08C953D749D9028D0E8F010424211B27
0508C953E149DE02950E9C010423211B
280508C953BF49E602930EA001043C21
1B2B0508C953B449C802C80E9F01043C
211B2D0508C953C649D102C50E9F0104
E8201B300508C953D549C702BC0EB701
04C7201B300508C953CA49D802C70ED0
0104C3201B310508C953CD49C702A40E
DE0104EC201B310508C8539B49C002A4
0ED901040C211B330508C853AE49C402
A50ED10104F5201B380508C953BF49BA
02A60EC9010406211B3A0508C953AC49
CA029D0EBE01041F211B380508C8539D
49CC02830EB2010423211B3C0508C853
A449C9028D0EAD010427211B3D0508C8
539D49E002830EA9010449211B3E0508
C853AA49D7027B0EA1010438211B3F05
08C853B049DB02A70E9E01044C211B40
0508C953AE49CE02A90E97010466211B
410508C9539049CD029C0E8E01045921
1B420508C9539B49D002A20E8E01044D
211B420508C9539249C802C30E900104
62211B420508C8539049CA02C00E8801
0490211B400508C9538449C802C10E76
0104BE211B3F0508C9538B49CF02C50E
5B0104B5211B440508C9539249F002BA
0F5001042B221B470508C953A749EA02
C10F20010422231B480508C9538749F7
02C20FBE0004A4231B4B0508C9539649
F402BA0F550004D6231B4C0508C953A0
49EB02C20F0B0004D2231B4D0508C953
A549E102AC0EE6FF03C5231B4C0508C9
538E49E902B40ED5FF03D9231B500508
C8538A49E902AB0ECCFF03B0231B5305
08C8538B49E302B10ED6FF039B231B54
0508C8539A49CC028B0EE0FF03AC231B
550508C8539549D402820EE0FF039B23
1B550508C8537B49D402870EE5FF037A
231B560508C8537949CC02840EECFF03
76231B580508C953A849A702A90EFFFF
0393221B5C0508C9539849B102BD0E52
000405221B600508C9539549B602B80E
B50004F8211B610508C9537E49B502B6
0EEF0004DF211B640508C9538349F002
C40E100104EC211B650508C8538E49DD
02CC0E1701043B221B660508C8538149
D902C90E0801040D221B690508C953CA
49E502BD0E06010422221B6D0508C853
C849E402CA0E07010436221B6E0508C9
53B949C202940EFE000405221B6B0508
C853BE49C302950E040104FD211B6E05
08C953B749B9028E0E120104C6211B73
0508C853C549C402970E2401046A211B
790508C853B249CD02830E530104C720
1B7C0508C8539E49BE02810E9D0104D3
201B7D0508C853AB49B9027E0ECC0104
DC201B7E0508C8539549C6027E0ED901
0400211B7E0508C8539049C502AE0ED5
0104FD201B810508C8537849BD02A10E
CE010427211B7E0508C8537349CF02A4
0EBE01046E211B800508C9537F49C802
A60EA2010459211B830508CA537C49D0
02830E94010423211B860508CB53A349
D202860E9C01041A211B860508CA539B
49D3028B0EA9010423211B890508CA53
8549D402800EAE010424211B890508CB
538649DD028A0EAD01042F211B8A0508
CB539449D102A20EA901043C211B8D05
08CC538349D802A30EA5010434211B8F
0508CC538249C802A40EA501042B211B
8E0508CC537C49CC029D0EA901042B21
1B910508CC537E49C802930EA9010423
211B900508CB537849D4028F0EAD0104
24211B900508CB537049D202910EAD01
0423211B920508CB536D49D7029A0EAF
010423211B970508CB53B349BE02840E
AE01042F211B9B0508CA53B249B90280
0EA9010438211B9D0508C953A149C202
840EA6010438211B9F0508CA539B49C5
02820EA4010440211BA00508CA539849
D302C40EA101043C211BA00508CB539B
49E402BC0EA001043C211BA00508CB53
8749E202C60E9C010440211BA10508CB
539F49E202C00E9D010444211BA40508
CB538149D602C00E9B01044D211BA705
08CB539949DD02D80E9401046E211BAB
0508CB539449ED02EC0E88010472211B
AC0508CB538D49E202E20E7E01047221
1BA90508CB538049E102D50E79010466
211BAB0508CC536149B402C30E7B0104
68211BA90508CC537E49A802C60E7C01
0462211BAB0508CC538A49B502C20E7F
010477211BAF0508CD538F49A602BF0E
78010483211BAF0508CD538B49FB0293
0E7301048C211BB10508CD539649E602
9C0E6B0104B5211BB30508CD538E49EF
02940E5C0104CA211BB40508CC538749
ED02930E4D0104B9211BB40508CC53BF
49E302D20E450104F4211BB80508CB53
A549DB02D70E320104E3211BB80508CB
53AC49E502D60E2E0104E3211BBC0508
CA53A749E002D60E2A010433221BBF05
08CA538749DF02CB0E1601046E221BC1
0508CA539549F702A20EEA0004A4221B
C40508CA539F49FE02A60EC50004B122
1BC50508CA53A749EF02A10EB10004AE
221BC50508CA53A549F402A30EA60004
A4221BC60508CA537F49B802840EA500
04A8221BC70508CA539E49B5028A0EA1
0004AD221BC90508C9538349AD02860E
A00004B1221BC80508CA536A49AC0282
0E9E0004B1221BCB0508CA539049D102
930E9E000476221BD10508CA539D49D2
02950EAC000476221BD10508CA539449
CC02920EBA000472221BD40508CA53C1
49D702960EBF000487221BD80508CA53
D149E8029E0EC0000483221BDB0508CB
53DA49F102A00EBE000409221BE00508
CB53F249FE029C0EE1000455211BE205
08CB53CD49F702AA0E3001042F211BE4
0508CB53D049EF02A70E6E010477211B
E30508CC53C649E6029C0E7A0104A121
1BE40508CC53C849DD029B0E6C010498
211BE50508CC53F149DF02A10E650104
A9211BE70508CC53CA49E602A20E5C01
04B5211BE70508CB53BD49AE02960E55
0104A5211BEA0508CC53D549AE02910E
550104AD211BEC0508CC53D749B40295
0E56010490211BED0508CB53D949B002
970E6301045C211BED0508CB53C749D2
02940E74010483211BED0508CC53B349
D602960E75010477211BEF0508CC53CA
49D4029A0E7D0104FD201BF60508CC53
C049D702930EA10104BE201BF70508CC
53B749E202960ECF0104E0201BFB0508
CC539B49DE028C0ED801041F211BFB05
08CC53B049E602990ECD010416211BFD
0508CD53CA49E002970EBE010444211B
000608CD53C349DC028D0EAE01043C21
1B010608CD53BA49CF02860EA3010423
211B030608CD53DF49D102850EA80104
3C211B040608CD53CC49CC02850EA701
0444211B090608CE53F949C802830E9E
01044D211B0C0608CE53444AE602B50E
9901041F211B110608CD53804AE302BA
0EAC0104A9201B1A0608CD53694AEC02
BB0ED801049F201B1E0608CD535A4AE2
02B10EF90104AE201B1F0608CD53384A
BD02DD0E030204B2201B1E0608CC5340
4AC602DC0E060204A9201B200608CC53
2C4AC002D90E080204A5201B230608CC
53264ABF02E40E090204A5201B210608
CB53EB49DF02BE0E0D0204A5201B2406
08CB53BB49E102C40E0D02049D201B26
0608CB53DD49DD02C90E10020493201B
2C0608CB53FB49E702BD0E150204BE20
1B320608CA53C749E402BE0E07020434
211B340608CA53BC49DA02890EE20104
1A211B350608CB53BB49D902820ECD01
04E8201B340608CB53C349D3028A0ED0
0104E4201B360608CA53D349DE02810E
DA0104E8201B340608CB53C349E80291
0EDC0104FD201B360608CB53B849E202
970ED6010414211B370608CB53B949E6
02970EC9010440211B3A0608CB53B149
E4028F0EB6010440211B3B0608CC53B8
49E402900EA9010462211B3F0608CD53
D149E0028F0E9801046A211B400608CD
53C649E2029B0E8D010462211B430608
CE53E549E1028E0E89010466211B4406
08CD53BC49CB02930E88010460211B44
0608CD53CD49C202900E88010466211B
450608CD53CB49C202930E8801046221
1B450608CD53C249C202960E8801045D
211B450608CC53BD49C502900E8A0104
5D211B490608CB53B049D302040F8D01
0427211B4C0608CB53B049DE02030F9E
0104DC201B4D0608CC539E49D402F80E
BF0104B2201B4E0608CB53B449D502FC
0EDE01048B201B500608CB53DB49CF02
B00EFE010484201B520608CB53CF49D6
02A90E1702048C201B530608CC53DD49
D402AB0E1F020473201B560608CC53D2
49CC02AA0E27020449201B570608CB53
BB49D402950E3A02045A201B590608CB
53B749D102940E4502043D201B600608
CB53CF49D5028F0E4E020423201B6606
08CB53DC49D5029C0E5D02040A201B6B
0608CB53C649C002A50E6C020417201B
6E0608CB53D449BD029E0E7202040620
1B740608CB53DB49C302A00E7902040A
201B7B0608CB53FF49BC02A70E7C0204
06201B810608CB53FA49BE029A0E7F02
04FE1F1B830608CB53E449EB02A00E80
02040F201B810608CB53F049E002A50E
7D02040F201B820608CC53D949E202A2
0E7B02040E201B880608CC53BF49DB02
A40E7A02040F201B870608CC53BB49BB
02CE0E7B02040A201B880608CC53B249
C402D70E79020406201B8D0608CB53DC
49BC02D80E7A0204FE1F1B8D0608CC53
D549CA02CC0E7F020402201B900608CC
53D049D102C30E7F020406201B920608
CC53CD49CF02CD0E810204FA1F1B9306
08CC53C549CF02C90E82020402201B94
0608CC53BF49D602C60E82020406201B
920608CC539749E2029E0E8002040A20
1B960608CD53B049E0029E0E7E02040F
201B960608CE53AE49E802A10E7C0204
0A201B9A0608CE53A849D5029D0E7C02
0417201B9A0608CE538C49DC02A20E7A
020417201B9C0608CD539049D402AC0E
7302041B201BA00608CD539B49CD02B4
0E7402041E201BA30608CD53A249CA02
AB0E71020423201BA30608CE53CA49D2
02B20E6E020423201BA50608CD53AD49
C202B60E6B020423201BA50608CD53BD
49C102BA0E6A020428201BA90608CD53
C949C202B10E6902041F201BB00608CC
53DE49C302B70E6B020413201BB60608
CD53EB49E602B10E6E020430201BB806
08CD53E149E602B30E6702042A201BB9
0608CE53CB49E402AD0E6702041B201B
BA0608CE53DB49E402AD0E6D02041B20
1BBD0608CE53D949E6027E0E6D02042C
201BBD0608CD53BB49E0027B0E6B0204
2C201BBF0608CD53C649EA027C0E6A02
0428201BBF0608CE53CE49E502860E6A
020428201BC20608CE53F049DC02850E
6902042C201BC60608CE53E349C50209
0F6A020416201BCB0608CE53F949BF02
030F6D02041B201BD20608CE53F949C4
02040F7102040F201BD70608CE53FC49
D102FE0E75020406201BD80608CF53D9
49E102CA0E7A02040F201BDA0608CF53
BD49DF02D10E7D02040F201BDA0608CF
53CD49DD02DA0E7B020417201BDB0608
CF53D549E302D80E7802040F201BDA06
08CF53E349DD02A10E77020416201BDD
0608CF53C649DB02A70E76020417201B
DD0608CF53F249EF029D0E7602040F20
1BE20608CE53D249E3029F0E790204FA
1F1BE60608CE53D949DA02A20E800204
F11F1BE60608CE53D649D302A40E8B02
04ED1F1BEA0608CE53D249D6029D0E8F
0204D01F1BEB0608CF53C249CF029F0E
970204E11F1BEC0608CE53C849D1029C
0E9B0204CE1F1BEE0608CE53CE49C202
CC0EA10204DC1F1BEF0608CE53C849C1
02BE0EA20204DC1F1BF10608CE53AA49
BD02C20E9E0204FA1F1BF00608CE53C5
49C402C70E99020402201BF50608CF53
A149D8029E0E89020456201BF90608CF
53B049D402A20E6E020423201B010708
CE53D249D202A90E6C0204C71F1B0507
08CE53D249D302A10E8A0204691F1B06
0708CE53C149EA02F80EB80204781F1B
070708CE53C149D802FD0ED00204AE1F
1B040708CE53A549ED02EC0ECD0204BF
1F1B070708CE53C749E202F30EC10204
D01F1B080708CF53AD49D902A30EB302
04C31F1B060708CF53B949DA02A20EB0
0204CC1F1B070708CF53B449E0029F0E
AE0204CC1F1B090708CF53BA49E0029F
0EAC0204CE1F1B0E0708CF53B249D902
9B0EAB0204D41F1B0D0708CE53CC49F4
02AE0EA90204D81F1B0F0708CE53CE49
EA02B30EA50204D81F1B130708CD53D5
49F302B90EA20204B71F1B150708CD53
B149FA02B20EAB0204B71F1B160708CD
53B249D302B60EB50204AA1F1B190708
CD53C049D502B50EBB0204B21F1B1E07
08CE53A449D902B80EB70204DE1F1B1F
0708CF53BB49CC02B80EAC0204E91F1B
220708CE53C149F102C60EA20204F11F
1B210708CF53A249EF02C20E9C0204E1
1F1B240708CF53A349F102C20E9A0204
ED1F1B250708CE53C449E602C10E9702
0430201B2A0708CE53CE49E202900E84
020438201B2C0708CE53D049E8029B0E
6F020430201B2B0708CE53B049E90291
0E6902042A201B2A0708CE53B549E302
8D0E6902041B201B2C0708CF53A549E1
028F0E6E020423201B2F0708CF539C49
E402A00E71020452201B340708D053A7
49E002A10E64020456201B360708CF53
AE49DF02A00E5402045A201B390708CF
53B849E402A30E4B02045A201B3C0708
CF53BC49E702A10E48020473201B3D07
08CF53E249E002A30E3E0204CF201B42
0708CF53094AE302A10E1F0204BE201B
400708CF53BF49E802A00E110204A120
1B3F0708CF53DD49E702AF0E1202049D
201B3F0708CF53B249E402B30E170204
8C201B400708D053D549E302B50E1D02
0490201B400708D053D849D802B00E1F
020499201B430708D153CE49CD028B0E
1D0204A5201B410708D153E149CC0288
0E1C02049B201B440708D253BF49CC02
930E1A020495201B440708D2539B49D0
02990E1D020495201B470708D2539049
C702940E1F020490201B480708D2538D
49CE02A20E21020488201B490708D353
A349C902A90E25020484201B4C0708D2
539649CE02A00E2502047B201B4E0708
D3539449C602A20E2A02046F201B5007
08D2537249DA02BB0E31020477201B4E
0708D2538049D202B30E34020477201B
500708D2538949C602B20E3602047720
1B520708D1538649D002BA0E3602046F
201B520708D2537649CF028F0F390204
73201B540708D1539E49D302910F3902
0462201B560708D253A749CE02910F3D
02045E201B560708D153C649D8029A0F
42020466201B540708D1539449EA02BA
0E4102046B201B550708D153A049E802
C00E41020466201B560708D2537B49DD
02C60E3F020466201B570708D253AA49
D902BC0E41020462201B5A0708D1536B
49E302C60E4402045A201B5A0708D153
7E49FA02BF0E4702045A201B5D0708D1
538E49F702C40E47020456201B5E0708
D153BF49F602C20E4A02045A201B5E07
08D253BC49EA02CB0E4A02045B201B5F
0708D253AB49EA02A60E4A02045A201B
600708D253DC49E102B00E4902046620
1B610708D253E349DB029D0E43020466
201B620708D2537D49DB02A90E3F0204
62201B610708D3538049E402A70E4302
0462201B630708D3537B49E8029F0E44
020466201B650708D3538349D802A50E
4402045F201B670708D353A549E702A2
0E4602046B201B6A0708D3535D49DD02
B30E410204A5201B6E0708D3538749E6
02AF0E320204A5201B700708D253C349
DA02AD0E230204B6201B710708D35362
49E402BA0E170204A9201B700708D353
3E49E402AB0E1402049D201B720708D4
531849B0029C0E180204A1201B760708
D4530249B502A20E1B0204A7201B7507
08D353EE48B702A00E160204A1201B79
0708D453E548AE02A80E18020488201B
7A0708D453FC48CA02A90E2002049020
1B7C0708D453F848D502A60E2302046F
201B7C0708D453FF48D102A80E2C0204
73201B7A0708D453E048D102A40E3502
0456201B7B0708D353DD48CD02BA0E3F
02042C201B7A0708D353E148D302BE0E
50020463201B7A0708D353D048DE02BB
0E4D020480201B790708D353C448D702
B20E40020488201B7C0708D253C548BA
02A60E3702044D201B7B0708D253D048
C302A00E42020466201B7B0708D253CD
48C0029C0E4702046B201B7E0708D253
D848B902A60E490204FA1F1B7E0708D2
53D348C2029B0E710204BB1F1B800708
D153D648D902940E9E0204D21F1B8307
08D153E448D3028D0EB10204701F1B82
0708D153ED48D202950ECB0204841F1B
830708D153D348D402930EDB02045B1F
1B860708D053D248E302A70EEE020431
1F1B870708D053DC48DB02A20E020304
391F1B890708D053D948DC02A40E0A03
04911F1B880708D053C948E602A00EF5
0204FE1F1B8A0708D053DF48DB029C0E
C80204F61F1B890708D053E148DE0293
0EA9020413201B8B0708CF53CA48DE02
8B0E93020445201B910708CF53DC48DE
02990E72020490201B930708D053D848
FF02A30E4E020488201B910708D053C9
4800039F0E3902049D201B920708D153
CB48FB02A70E2F020445201B940708D2
53CC480503A60E400204D81F1B970708
D153D748FF02A30E750204901E1B9C07
08D253F948F502DE0EF70204FB1D1B9D
0708D253E948F902E00E720304FF1D1B
A00708D253FA48F302DD0EB90304EA1D
1BA30708D2530449EB02DE0EE10304DE
1D1BA30708D2530649D202D80EF80304
E61D1BA30708D253FF48D502D80E0304
04E21D1BA50708D253F148CC02D00E08
0404E61D1BA80708D253FA48D102D60E
050404DA1D1BAD0708D253FF48140315
0F070404D31D1BAB0708D353F5481103
100F0C0404DE1D1BA90708D453114912
03190F0B0404E61D1BAA0708D3530949
1303150F080404EF1D1BA80708D353FA
48E602A90E020404F31D1BAD0708D353
F848D702A60EFD0304E21D1BB10708D3
531F49DE02A50E000404C91D1BB50708
D4534149E002A90E090404CD1D1BB607
08D4530F49D8029E0E110404C71D1BB6
0708D4531A490A03B60F150404BC1D1B
B70708D4531E49FB02AF0F180404C11D
1BB90708D453FD48FE02AC0F1A0404C5
1D1BBB0708D453DD480103AF0F1B0404
C51D1BBE0708D4530549C002AA0E1D04
04821D1BBE0708D553FA48C202A00E2A
0404B41D1BBE0708D5530249C002A40E
2C0404A31D1BC00708D553ED48C802A2
0E2E0404B01D1BC00708D5530649E702
9E0E2904049E1D1BC20708D453F248E3
029C0E2B0404791D1BC60708D453EF48
E1029E0E390404751D1BC60708D453F7
48DE02A90E4204048E1D1BC90708D453
ED48F502B20E4304049B1D1BCB0708D4
53F948EF02AB0E3D0404971D1BCB0708
D553EB48FC02B20E3C04048E1D1BCC07
08D553EE48F202B50E3D0404861D1BC7
0708D653DC48FC02B10E3D04048A1D1B
C90708D553D448FE02940E3F0404921D
1BC90708D553DD480D03930E3E040497
1D1BCA0708D653E1480503930E3B0404
931D1BCE0708D653DA480303910E3804
048A1D1BD20708D653F048D902A20E3B
0404931D1BD30708D653D948E302A00E
3A04048E1D1BD30708D553E148E202A3
0E3D0404821D1BD40708D653D648E002
A00E3A04049B1D1BD40708D753EE48E3
02930E3604049E1D1BD70708D653E148
E2029A0E350404A31D1BD90708D653F3
48DF029B0E300404B81D1BDC0708D653
E148E002970E280404C51D1BDB0708D6
53FB48C202D80E1F0404E21D1BDC0708
D753F448C102CD0E140404EA1D1BDE07
08D653E948B702CE0E090404EA1D1BE0
0708D553EC48C502D90EFE0304251E1B
E10708D653F748BB02D10EF20304D51D
1BE20708D753FF48FE02B40EFD0304C3
1D1BE30708D6530649FE02C60E090404
E61D1BE40708D653F6480C03B30E0B04
04D11D1BE40708D653E7480003AD0E0E
0404C91D1BE30708D653CF48D902B90E
100404D11D1BE50708D753E648DB02B4
0E0E0404DA1D1BE50708D653D148E102
B90E0B0404EF1D1BE60708D653D648E0
02B90E050404101E1BE60708D653EF48
DE020C0FF70304101E1BE90708D553F2
48DE02090FEF03040B1E1BEA0708D653
D148DC020B0FEC0304211E1BEB0708D5
53D648E802180FE20304251E1BED0708
D553D848F502A90EDA0304EF1D1BEE07
08D5530749FA02A60EE80304C11D1BF2
0708D653E648ED02A30EFE0304E61D1B
F40708D553E048F8029F0E060404DE1D
1BF70708D553F748F202A00E0E0404A7
1D1BFD0708D553EB48D902B80E150404
031E1BFB0708D553E148DF02C20E0904
04D51D1BFE0708D553F248E902C00E08
0404E21D1B020808D5530549DE02C70E
040404EF1D1B050808D553F848D50293
0EFD0304FF1D1B050808D6530349D002
930EF503040C1E1B060808D653ED48CA
02910EF00304211E1B070808D653E548
CD02930EE40304361E1B080808D753F9
48EF02980ED703043E1E1B090808D753
E148F502910ECF03043F1E1B080808D6
53E048F5028F0EC90304421E1B0B0808
D653DE48F302940EC40304461E1B0F08
08D653E048F202E00FC103044B1E1B10
0808D653F748ED02EA0FC00304571E1B
140808D753FD48F502E00FBB03044F1E
1B160808D7530349FE02E00FB6030453
1E1B160808D753D848F502E20FB60304
531E1B170808D753F9480003AB0EB503
04571E1B1A0808D853FC480C03A90EB6
0304571E1B1C0808D853FC48F902B30E
B40304601E1B1C0808D753FC48F902AD
0EB00304681E1B1B0808D653E648EF02
AF0EAD0304601E1B1C0808D653D448E9
02AF0EAC03045B1E1B1D0808D653D848
F002B10EAE03045B1E1B240808D653F9
48F102AD0EAB03046C1E1B260808D653
F248DC02AF0EAA0304421E1B260808D6
53D448E502B50EB40304371E1B280808
D653D848DE02B10EBB0304421E1B2908
08D553EE48E602AD0EC103044B1E1B2D
0808D453E948F502C90EC003043E1E1B
300808D453F048F202C40EC203043A1E
1B300808D453E048EE02C20EC603043A
1E1B300808D453CD48F602CA0EC70304
3A1E1B310808D453DB48F002C60EC803
043A1E1B350808D453C448D702AD0EC7
03043B1E1B390808D453DB48D102AF0E
C70304421E1B3A0808D553CA48CC02B1
0EC40304461E1B3F0808D553D848D202
BC0EC203044F1E1B400808D553E948D9
02B50EC003044F1E1B3F0808D553CF48
E802B70EBD0304461E1B400808D553D4
48E402B50EBE0304461E1B420808D553
DA48E602AB0EBE0304461E1B3E0808D5
53E048FD028E0EBF03044B1E1B3F0808
D553CE48F302980EBE0304471E1B3F08
08D653E748E602900EBF03044B1E1B40
0808D753E548FC02970EBE03044B1E1B
430808D753DA480403B80EBE0304461E
1B480808D653F8480603B10EBF03043E
1E1B480808D653E7480003B30EC40304
3A1E1B4C0808D653E148FE02AB0EC703
043E1E1B4F0808D653E1480A03B50EC7
03044F1E1B500808D753C548E902B70E
C20304471E1B520808D753DA48E202B5
0EBF03045B1E1B560808D753DD48D902
B30EBA0304601E1B580808D753DC48E0
02BC0EB40304601E1B590808D753ED48
F602C60EB103044F1E1B5A0808D653DF
48EF02CB0EB50304461E1B5C0808D753
DB48F202C40EB903044B1E1B600808D7
53D448F902C60EBD03043E1E1B630808
D753DA48DF02B90EBF0304371E1B6808
08D653D948DE02C20EC603042D1E1B6D
0808D653D748E402C10ECA0304321E1B
6D0808D653D248E302C00ECE03042D1E
1B6E0808D653C348E402A40ECF03042D
1E1B710808D653E048DE02A30ED20304
361E1B700808D753DB48D902A50ECF03
043A1E1B700808D653CF48E8029C0ECE
03043A1E1B700808D653CC48DE02A40E
CD03043A1E1B710808D553D648DC02AC
0ECE03043B1E1B730808D553C948E502
A70ECD03043E1E1B780808D553D948DE
02A90ECA0304361E1B7B0808D553DE48
E0029F0ECA0304361E1B7D0808D553D4
48CE02C70ECD0304361E1B7C0808D453
D348CE02CB0ECD03043A1E1B7E0808D5
53D648D302C40ECE0304361E1B800808
D553EE48D602C40ECE0304361E1B8108
08D653EA48F002AC0ECE0304331E1B83
0808D6530D49E602A50ECE0304361E1B
890808D653FF48F1029A0ECE03043A1E
1B8B0808D7530249EF02A40ECE03043E
1E1B8C0808D753E448F202900ECE0304
3A1E1B8B0808D753F248F702970ECC03
043A1E1B8E0808D753F748F302950ECA
03043E1E1B920808D853F348F1028E0E
CA03043E1E1B940808D8530F49F10290
0ECB03043E1E1B9B0808D953FF48D502
DD0ECA03043B1E1BA00808D9531F49D5
02E60ECA03043A1E1BA20808D9531A49
D602DA0ECC0304361E1BA20808DA53E3
48DA02E20ECF03043E1E1BA50808DA53
0649E002C30ECD03043E1E1BA70808DA
53F248E802BC0ECC0304291E1BA50808
DA53EB48DC02CB0ED20304251E1BA708
08DA53FC48E302CB0ED60304291E1BA9
0808DB53E748D502B90ED60304071E1B
AC0808DB53FD48CF02BC0EE00304F31D
1BB10808DB530149D202CB0EF30304C1
1D1BB30808DB53ED48D202C90E080404
BC1D1BB20808DA53E648D902C20E1604
04DA1D1BB20808DB53D748F002C20E14
0404FB1D1BB40808DA53EE48ED02C20E
080404081E1BB50808DA530549F602BE
0EFB0304101E1BB60808DA53EC48EF02
BA0EF40304141E1BBA0808DA53F248E5
02AF0EEE03042B1E1BBE0808DA531749
E202B10EE40304291E1BBF0808DA5321
49E002BC0EDE03040C1E1BC20808DA53
0449E502AE0EE40304EF1D1BC40808DA
530349F702A90EF10304F31D1BC60808
D9530549F402A70EF90304F71D1BC508
08D9531449F502A00EFB0304EA1D1BC8
0808D9532749F4029C0EFF0304EF1D1B
C90808D8531149FC028D0E010404FF1D
1BC80808D7531C49FA028F0EFF03040B
1E1BCB0808D7530D490603910EFA0304
031E1BCA0808D85317490803970EFA03
04C11D1BCC0808D853FE48FB02A10E0A
04049B1D1BD00808D853E3480703C70E
1E0404C51D1BD00808D853F7480D03C9
0E1E0404D11D1BD10808D853E7480003
C60E160404C11D1BD60808D853DE4809
03C40E1A0404AC1D1BD90808D853D648
0703A40E2504049A1D1BDB0808D853D3
480703A40E310404BC1D1BDE0808D853
00490F03A10E2D0404D51D1BE00808D8
53E5480503A50E200404D51D1BE10808
D953F748DC02C90E1A0404C51D1BE408
08D953FB48E602C70E1C0404C11D1BE3
0808D8531149E602C10E1F0404C91D1B
E50808D853F648E202C60E1F0404C91D
1BE40808D953FC48E202C40E160404E2
1D1BE80808D953F848E202BE0E0F0404
D71D1BEB0808DA530B49DF02C80E1004
04D51D1BEB0808D9531049E202BE0E10
0404D51D1BEC0808D9531C49D902BC0E
120404D51D1BEA0808DA5319490303BF
0E120404DE1D1BEA0808DA530B49FA02
C90E100404DE1D1BE90808DB53134903
03BF0E100404DA1D1BEC0808DB530B49
0203BB0E100404E21D1BEE0808DB53F6
48F502AD0E0E0404EF1D1BEF0808DB53
F348F202AC0E080404F31D1BF30808DC
53F248F402B70E070404E21D1BF50808
DB530B49F902B90E080404EA1D1BF408
08DB530149E202D10E070404F31D1BF1
0808DB531849E402D10E030404F71D1B
F10808DB530E49DD02D80E000404FB1D
1BF50808DB530D49DB02D30EFD0304F7
1D1BF70808DB531B49F7028F0EFC0304
081E1BFC0808DA531A49ED02930EF803
04E71D1BFF0808DA531049EF02900EFA
0304EF1D1B000908DA53FE48F002950E
FA0304FB1D1B040908D9531E49EE0292
0EF90304FF1D1B060908D9531F49F802
B20EFA0304F71D1B0A0908D8531B49F1
02AD0EF90304081E1B0A0908D8530949
F702AF0EF60304181E1B0C0908D85311
49EA02B30EED03041D1E1B100908D853
1449F802A40EE903041F1E1B120908D8
530B49F902A10EE50304251E1B110908
D8530B49ED02A20EE20304291E1B1309
08D9531749F4029E0EDE0304291E1B14
0908D9530749E402A10EDC0304251E1B
120908DA531E49DB02A60EDD0304321E
1B160908DA532349E002A60EDB030436
1E1B1A0908D9533649E602A30ED80304
361E1B1E0908DA530E49D302AF0ED503
04361E1B220908DA535D49D1029D0ED3
03043B1E1B250908DA535449D5029C0E
D20304421E1B260908DB533A49CC02AB
0ED00304421E1B280908DA535549D302
A20ECD0304421E1B2B0908DB53344902
03B60ECC0304461E1B2C0908DB531849
0103B30ECA03044F1E1B2D0908DB5337
49FC02B70EC803044B1E1B350908DB53
2A490203AE0EC70304531E1B340908DC
531E49D502DD0EC20304571E1B350908
DC531049D502DC0EC20304531E1B3609
08DD530749D102E40EBF0304531E1B35
0908DC53FB48D202E30EBF0304571E1B
370908DC53FA48FF02B30EBF0304601E
1B390908DB530949FA02B60EBC030460
1E1B3C0908DB5310490C03B70EB80304
6C1E1B3D0908DB530C490203B10EB503
04701E1B3E0908DC530749E302D10EB2
0304701E1B400908DC531949DB02CF0E
AE0304781E1B410908DC532849EA02CE
0EAB0304791E1B430908DC531049E602
D60EA90304601E1B450908DD530449E3
02CC0EB003042D1E1B450908DD530749
DE02B60EC50304FF1D1B480908DD5313
49DB02AD0EDF0304081E1B4D0908DC53
1149E602AB0EF20304AC1D1B500908DC
530E49DB02B60E0C0404E21D1B540908
DC5305490203BD0E140404E31D1B5109
08DB530D490703B40E110404A71D1B50
0908DB530D490103A80E210404B81D1B
4F0908DC530B490103AD0E270404DE1D
1B4E0908DE531549DC02D30E1F0404EA
1D1B4E0908DD530149E802D80E130404
EA1D1B500908DD53FC48E202D80E1004
04B41D1B560908DD53FA48E102D80E1C
0404A31D1B5C0908DC530149F902B00E
2B0404751D1B5C0908DC531849F802AB
0E4304043A1D1B610908DC531749F902
B10E5E0404471D1B650908DB530849F5
02B80E6B04045C1D1B650908DB532D49
F002B00E6C0404711D1B690908DC5317
49F302F30E680404691D1B6A0908DC53
2149FA02F10E620404791D1B6C0908DD
531649F002F50E5F0404751D1B6C0908
DC530E49F102F20E610404691D1B7009
08DD530D490503E10E600404711D1B75
0908DE5318490503DE0E6104046E1D1B
790908DE530549F702DA0E6104048E1D
1B7C0908DD531049FE02E20E5A040497
1D1B820908DD530049FB02360F4E0404
501D1B820908DD530B49F502300F5D04
04E31C1B800908DD530949F4022C0F82
0404A01C1B820908DC531749EF02330F
B10404A81C1B820908DD530B49DF02C0
0ECD04046E1C1B830908DC532E49E002
CD0EEF04040E1C1B880908DC531A49E0
02C60E1D0504CC1B1B8B0908DC533149
E802C40E4A0504CB1B1B8E0908DB5316
49E302BD0E660504CB1B1B900908DC53
034910032B0F780504AD1B1B950908DB
531C491503250F840504AD1B1B980908
DC5328491703260F8B0504B61B1B9809
08DB531C4916031F0F8C0504B61B1B9A
0908DB5304490603A00E8D05047F1B1B
9A0908DB5305490903A80E9D05047B1B
1B9B0908DB5304490203A60EA8050484
1B1B9F0908DC5315490F039B0EAB0504
7F1B1BA10908DD5309490303B90EAE05
047F1B1BA50908DE5310490203BE0EB1
0504841B1BA90908DE5323490503CB0E
B10504491B1BAA0908DE530E49FC02C1
0EBE0504411B1BAB0908DF5309491403
B10ECA0504341B1BAC0908DF53234914
03BC0ED60504451B1BB00908E0530949
0D03B80ED60504731B1BB00908E05310
490F03B60ECC0504741B1BB20908E053
10491403B00EBF0504B61B1BB90908E1
530049E202F50EAA0504C71B1BBB0908
E1530B49E302F00E950504B21B1BBE09
08E253F148DE02F30E8D0504BE1B1BBD
0908E2531049E102F30E890504B61B1B
BC0908E253F6481003030F8A0504A91B
1BBB0908E153FC481103030F8B0504AD
1B1BB70908E053ED481703010F8B0504
A91B1BBA0908E05309491203030F8B05
04C41B1BBD0908DE531949FE02CA0E85
0504F91B1BBF0908E053FE480403BC0E
760504E01B1BC00908E053F748FE02C9
0E7105049D1B1BC30908DE53FA480703
BC0E810504561B1BC40908DE530249FE
02D60EA00504521B1BC60908DE531149
0A03CD0EB70504521B1BCB0908DE5310
490603D40EC10504561B1BCE0908DE53
FF480B03D30EC505045A1B1BCC0908DE
5336490303D00EC805045E1B1BCD0908
DD53FF48EA02A00EC70504531B1BCB09
08DC533149FC02A10EC70504661B1BCF
0908DC530849F902A00EC30504841B1B
D70908DB531349F3029C0EB70504731B
1BDF0908DD5303490203000FBA050410
1A1BE30908DD53FD48F502F30E110604
071A1BE40908DD530A490003F60E5B06
04891A1BE30908DE53FD48FC02E90E62
0604D41A1BE20908DD53FF48EC02C30E
460604ED1A1BE40908DE530B49F602C0
0E2D06048F1A1BEA0908DF531149F402
C40E3D0604FB191BEB0908DF531149F3
02B80E740604D9191BED0908DF53F448
F502CE0EA30604F7191BEE0908DE5315
49F902D00EB20604421A1BF00908DF53
0B49F502CF0EA60604251A1BF20908DE
530349F002D30EA00604D5191BF50908
DF531C49F202CB0EB10604B8191BF509
08DF531649DE02D90EC806043F191BF7
0908E153FC48D802CE0EF606042A191B
F70908E053FB48DB02D80E1807047D19
1BF80908E0530649E802D30E16070475
191BFD0908DF53FF480C03CD0E100704
71191B030A08DF533949FE02C70E0F07
0492191B070A08DF530F490803CA0E06
0704B0191B060A08E05332490403C50E
F60604CD191B050A08DF531C49F402BF
0EE30604C4191B010A08DF531049EA02
C30EDC0604C0191B030A08DD531C49F1
02B80ED90604D1191B030A08DE53FF48
EB02C90ED10604EE191B090A08DE5317
491603C60EC90604D6191B0E0A08DD53
0C491A03BD0EC90604C9191B100A08DD
5305491303BE0ECD0604EE191B110A08
DD53F6481903BF0EC60604EE191B140A
08DD5305490A03C20EC10604031A1B14
0A08DD53E148FF02D50EB406042D1A1B
190A08DE53DC48FB02D00EA406044E1A
1B190A08DD53F4480303D30E90060439
1A1B1A0A08DD53E5480203D30E8C0604
351A1B1C0A08DE530149F002840E8906
044E1A1B220A08DE53E748FA02890E82
0604461A1B290A08DE53D148F6028B0E
780604531A1B2C0A08DF53DA48F30284
0E770604571A1B2B0A08E053DB480603
A30E7606044E1A1B2D0A08DF53DC48F9
02A10E780604461A1B2D0A08DF53D448
FC029C0E7B0604311A1B2B0A08DF53B9
480B03A80E880604B0191B2C0A08DF53
B4482003A20EB40604DF181B2F0A08E0
53A5482303A50E17070407171B310A08
E053B1481F03A10EC80704C4161B320A
08E053AF4822039C0E520804A6161B34
0A08E053DA482403980EA608043E161B
380A08E053AF480B03D00EEB0804DE15
1B3A0A08E1538748FB02CB0E270904AB
161B3D0A08E353A348FF02DB0E1A0904
68161B3F0A08E15393480B03D80E1909
0436161B420A08E153A5480803E00E24
09048A161B420A08E0539A48FB02E20E
10090484171B430A08DF539A480E03E2
0EC8080473171B430A08DF5395480A03
E70E920804B6171B450A08E0538A48F5
02C20E670804E4171B470A08E0538F48
EF02C30E42080414181B4A0A08DF5385
48F202C30E24080433181B4A0A08E153
A048F502C40E0408044D181B4B0A08E1
5393480503B30EEA070498181B4C0A08
E053A3480203AC0EC8070494181B4E0A
08E053B2480603AD0EB5070459181B54
0A08DF53B648FF02AE0EBA070448181B
550A08DF53BA480A03AD0EC407042718
1B580A08DE53D6481303350FC60704DB
181B570A08DE53C3481903330FA40704
B1181B580A08DE53CF4810032B0F9807
04B1181B5A0A08DF53B7481703330F93
070485191B5F0A08DE53D548FC02CE0E
4D07049E1A1B620A08DE53C648FA02D3
0EDA0604701A1B620A08DE53C548FC02
D70E980604531A1B620A08DE53C94801
03D80E860604251A1B620A08DE53BA48
E202BF0E8B0604181A1B630A08DE53C0
48E602C60E9006045B1A1B640A08DE53
BA48E202C10E810604811A1B660A08DE
53B448DF02BE0E6A0604891A1B660A08
DF53BC48EE02D50E5B0604C81A1B6B0A
08E053C448F502D00E410604E71A1B72
0A08E153D448F102D10E4306048C171B
790A08E153C948F102CF0E0F07040317
1B770A08E153AD48F802CD0ED6070487
181B760A08E253BF480F03B10EE00704
2A191B7C0A08E353C1481A03B50EAB07
04AA171B7D0A08E353B6480F03B50EDF
0704B2171B800A08E353C0481803A60E
1308045F171B840A08E453AB48F702A9
0E4708049E161B840A08E453C448F902
B80E9508047D161B850A08E553AB48FA
02B60ED10804AB161B850A08E553BE48
F002B10EE20804D9161B880A08E553AB
481503C00EDD0804DD161B890A08E453
A5481303C10ED50804FA161B8E0A08E4
53BA481103CA0EC80804B8161B900A08
E353AB481703CB0ED40804A3161B950A
08E353CE481903BF0EE508049E161B99
0A08E153B7480D03B90EED080496161B
9A0A08E253C5481503C60EF508048E16
1B9B0A08E253B9481303BC0EF9080496
161B9A0A08E053B8480B03C60EF60804
85161BA00A08E153B5481503C20EFC08
042A161BA40A08E053AD481503CB0E1C
090402161BA60A08E253C3480F03C40E
3C09042A161BA70A08E253BE481103C9
0E4109044F161BA90A08E353CD481603
CB0E35090408161BAF0A08E353C54818
03D00E4F090446141BB60A08E353A348
0F03D80ED2090492131BB60A08E353B0
480D03D80E660A04F2131BB60A08E353
AB480803C00EA00A0428141BB60A08E3
53AC480703C10EA60A045F141BB70A08
E353A7480703BD0E960A044E141BBA0A
08E453A0480003C80E8B0A0431141BBB
0A08E353A5480803D50E940A04D5131B
BF0A08E353C8480603DA0EB10A04E013
1BC40A08E453C548F802D50EBD0A04E6
131BC50A08E453B6480103D00EC70A04
F6131BC70A08E353B948FE02D80EC50A
040B141BC50A08E353AF48EA02B70EB9
0A0452141BC60A08E253BC48F202AB0E
A10A0403141BC90A08E153BA48FC02B9
0EA80A04C4131BCD0A08E153BA48EF02
B30EC00A04DD131BCF0A08E253A3481A
03C40EC80A04D9131BD50A08E253C448
1503C40ECC0A04BC131BD70A08E1538E
481703C40ED70A048A131BDA0A08E253
8B481903BE0EE90A0486131BDA0A08E1
53C0480403B10EFA0A0492131BD80A08
E353BE48FE02B20EFD0A044C131BD90A
08E153BE48FA02B60E150B0400131BDC
0A08E253AB480803B50E3A0B04A9121B
DE0A08E153B648E002B00E680B049012
1BE10A08E153C048D902B50E8D0B045E
121BE00A08E153BA48DE02B10EB00B04
FE111BE70A08E253A748DD02B30EDA0B
043C121BEB0A08E253B948E002B80EE9
0B0417121BED0A08E353A448FF02D90E
F20B040E121BED0A08E3539B480303D5
0EFD0B044D121BF00A08E35398480203
CF0EF20B0423121BF20A08E253AB4806
03D10EF70B0496111BF20A08E153A548
0B03BC0E1E0C04B7111BF30A08E153BE
480003C80E350C0470111BF50A08E153
9A48FF02C90E4E0C04BB111BF70A08E1
538B480403C20E4B0C0406121BF80A08
E153B1480D03B80E2E0C0455121BFC0A
08E353A548F802AC0E090C04ED111B02
0B08E353B8480203B80E140C0476101B
0A0B08E353AF48FF02B40E7F0C04CB0F
1B0E0B08E353B0480B03C80E010D04D8
0F1B0F0B08E453B8481103C90E4A0D04
F50F1B0D0B08E453A3481303BF0E650D
0412101B0F0B08E353A7482003BF0E63
0D0433101B100B08E453B8480F03BC0E
5B0D041E101B0E0B08E453C0481403C5
0E570D042B101B0F0B08E453B2481303
CC0E520D04F90F1B110B08E453AF481B
03C00E5D0D040E101B160B08E553B648
1103C80E610D04D80F1B190B08E653AD
480103BF0E7D0D04390F1B1B0B08E753
A048FE02C10EAD0D046A0F1B1E0B08E7
53C1480603C10EC60D04200F1B1E0B08
E453B948F902C40EDE0D04390F1B1F0B
08E453BE480403C40EEA0D04180F1B1F
0B08E553BC48FC02C40EF80D04DA0E1B
220B08E453BC480403C00E150E047A0E
1B240B08E353D1480203C30E410E049B
0E1B260B08E353D4480303F00E530E04
FD0D1B290B08E353C0480803F40E970E
045A0B1B2C0B08E353DA48FC02F30E79
0F04590A1B310B08E353C3480003F50E
5710048F0A1B310B08E353C3480203F8
0ECB1004C90A1B320B08E353C0480503
DC0EEC1004E60A1B320B08E453CD480D
03E20EF510043B0A1B350B08E353DA48
0D03DA0E1F1104270A1B380B08E253D4
480603E00E471104270A1B3A0B08E353
CF482F03BD0E5D11040E0A1B3D0B08E3
53C9482603BE0E6E1104F5091B3E0B08
E453C9483403C30E801104A2091B440B
08E453C3483503C30EA0110474091B45
0B08E553C5480F03F70EC511044E091B
450B08E653C5481A03ED0EE411043109
1B480B08E753B7481803FC0EFD1104DE
081B4D0B08E653AB481503EF0E2C1204
6E081B4D0B08E753BF482003B30E6012
04A8081B4E0B08E853C9481E03B40E73
120487081B4E0B08E753B2482B03B10E
8312042B081B510B08E753C1481C03B1
0EA8120496071B510B08E753A3481C03
B80EF6120462061B540B08E853A6481E
03D80E84130489041B5A0B08E953BA48
1603DB0E891404BB011B5F0B08E953A8
482303CF0EE31504FFFF1A610B08E953
B4482203CF0E1D170483001B610B08E9
539F483403D50EB7170404011B600B08
E9539D483003CF0ED917040C011B620B
08EA53A7483103CD0ED7170404011B62
0B08E953A3483303D30EDC170488001B
670B08E95397482603DE0EFB1704AD00
1B6D0B08E95390481D03E30E02180453
011B700B08E95393482203E10ED71704
29011B6D0B08EA5397481F03E70EC117
0432011B6E0B08E9539C481B03CD0EB6
170419011B700B08E95381481E03D60E
B417046B001B700B08E95388482203D1
0E0D18044FFD1A750B08E9537F481E03
CD0E1E19043CFB1A760B08E953894821
03D50E731A0422F91A770B08E8539148
4503F10EE51B04A5F71A790B08E9538F
484403E80E291D044AF71A790B08E953
87484003EC0EFC1D0452F61A7C0B08E9
5399484703F10EA81E0408F61A7E0B08
EA5391481103CE0E251F0431F61A7E0B
08EA538C481503DA0E591F048CF61A80
0B08EA5390481203D00E531F04A6F61A
830B08EB536E481503D20E471F04E3F6
1A890B08EB536F482203130F271F0453
F71A8D0B08EA5380481F03130FF21E04
ADF61A8C0B08EA536F481703170F231F
0439F41A8B0B08EA537F482703120FE6
1F04BDF31A8B0B08EA53844833030D0F
8A2004E2F31A8C0B08EA538548330311
0FDE2004B4F31A8A0B08EB5378483403
150F372104DDF01A8B0B08EB5357482A
03180F37220438EF1A8C0B08EB537F48
3703140F5823044DEE1A8E0B08EA537B
482F03E00E412404D5ED1A8A0B08EB53
70482F03DE0EE62404C1EC1A8C0B08EB
5373482D03DE0E8D250452EC1A8B0B08
EC5378482E03E00E0A26045AEC1A8A0B
08EA535E481D03020F4426047FEC1A8B
0B08EA536D482603FF0E5D260435EC1A
8C0B08E9536B481703090F76260410EC
1A8C0B08E9536B481F03010F8A260466
EC1A8D0B08E8537A483303210F802604
9CEC1A8B0B08E85371482F031E0F6626
0498EC1A8B0B08E8536A482703270F50
2604F7EC1A8D0B08E8536A483403230F
2926040BED1A8C0B08E8536748420302
0F0A2604D6EC1A8E0B08E75360484303
020F0C260408EC1A8E0B08E7535D4849
03FD0E5326047CEA1A8E0B08E8535A48
4303040FE82604DBEA1A8C0B08E6535E
484703040F2627042DEC1A8A0B08E653
5A480B03F80EDF260430ED1A890B08E5
5364481703F40E5F2604E2EC1A8A0B08
E35342481603F70E25260484EC1A8E0B
08E45343481403F10E2D260462EC1A94
0B08E3534D484003DF0E4426045AEB1A
970B08E3535A484503E10EAF2604DFE9
1A9A0B08E25346484703E00E6127043F
E91A9C0B08E5534D484103D70EFF2704
19E91AA00B08E35340482403200F6128
04F0E81A9F0B08E4533E482003130F9D
2804C7E81AA00B08E45340481F03100F
C82804C3E81AA10B08E3534C481D0311
0FE0280479E81AA30B08E3533D481B03
310F0129040AE81AA30B08E3534A4821
03360F392904E3E71AA20B08E3534348
1A03380F5F290447E81AA20B08E35344
482F03350F5829046CE81AA60B08E353
3A481B032B0F3D290479E81AA70B08E2
5340481E031A0F31290426E81AAC0B08
E453314818031E0F432904DCE71AAE0B
08E5532B481E031B0F6A29041FE71AB2
0B08E45341481903230FBD290438E61A
B40B08E453544826034A0F372A04F6E5
1AB50B08E45342482003410F922A040F
E61AB80B08E4533E481E03440FC52A04
31E51ABD0B08E45353482603420F1A2B
04F4E41AC30B08E3533C484503A00F67
2B04ADE41AC40B08E45324483E03A00F
A22B04A9E41AC40B08E45326484003A0
0FB72B0439E51AC20B08E4531C483D03
9F0F9B2B04FBE41AC10B08E353494814
03D70F902B04CEE41AC20B08E2535548
1703DB0F9B2B04C2E41AC10B08E35355
481103CA0FA72B04BAE41AC30B08E353
49481803D80FAE2B04DAE41AC20B08E4
5338481303D50FA22B045BE51ABF0B08
E35359485103E10F752B04D1E51AC10B
08E35331485703E20F362B04C9E51AC0
0B08E5534B485103E90F0D2B04B0E51A
C00B08E6533D485A03DC0F012B04B0E5
1AC10B08E6533A483003F10FFF2A04F2
E51AC30B08E7533E482F03F70FEE2A04
FFE51AC00B08E8534E483703EF0FDE2A
041BE61AC30B08E9534F483203EC0FCE
2A0438E61AC10B08E853554851031A10
B92A0428E61AC20B08E85348484C0323
10AB2A04D3E51AC30B08E95378485203
1E10BB2A04F6E51AC40B08E953834851
032410BF2A04A0E51AC50B08E9538448
3203F60FCF2A0490E51AC30B08E95398
483303F10FE42A04A4E51AC30B08EA53
8E482E03EF0FEE2A0494E51AC50B08EA
5391483303F00FFD2A0452E51AC40B08
E953A0482F03F10F162B0456E51AC50B
08E953A94851033310252B045EE51AC6
0B08E853A34853033410252B0475E51A
C50B08E9539648500334101F2B0445E5
1AC50B08E85383484F033610252B0439
E51AC60B08E8538E4826030B10312B04
F3E41AC60B08E853954836030E10482B
0488E41AC70B08E753984831030D107C
2B048CE41AC50B08E853AF4835031210
A32B0457E41AC60B08E7539E485303E8
0FC22B0432E41AC60B08E753A2485503
E20FE02B042EE41AC50B08E653944853
03E20FF32B042AE41AC50B08E753AF48
5103E00FFF2B042FE41AC40B08E65391
4838035310062C0425E41AC50B08E553
8B48370351100C2C0442E41AC30B08E6
5397482A035A10FE2B04CAE41ABE0B08
E75399482B034710CC2B04A8E51AB50B
08E7539E48310350104D2B04EDE71AAA
0B08E75396483003910F562A0447E91A
9D0B08E7539A4835038E0F44290484EB
1A940B08E853AF483303980F052804EE
EC1A910B08E853B8482B03980FD62604
3DEE1A920B08E7539C484603EE0EBC25
0407F01A950B08E8539C484403EE0E84
240480F11A980B08E75394483D03F00E
7E23040FF11A990B08E8539E483D03EF
0E0623041BF11A9A0B08E853A9482E03
080FD32204D5F01A9B0B08E7538E4834
03070FF0220487EE1A9A0B08E7539C48
3803070FB823049CEC1A970B08E953A7
483803FD0ECF24047FEB1A920B08E953
9E481703000FC7250404EB1A8D0B08EA
53A8481803080F622604FFEB1A810B08
EA53A4481503FF0E62260407EE1A730B
08E95396480F03FA0EB425041BF01A63
0B08EA53AF4817030E0F9624046EF21A
550B08E9539F483103D40E3523044DF4
1A460B08E95399482F03CD0EC5210415
F71A3C0B08E85396483103DC0E2E2004
A6F81A300B08E9538E483603D70EA71E
040BFC1A1D0B08E853A2481103B00E84
1C042B021B070B08E95395480D03B70E
E919042B021BF50A08E95377481003B6
0E031804DD051BE20A08E95387481303
B80EFC1504D3091BD30A08EB538A4811
03CB0EAB1304DE0A1BC50A08EA53A048
1103D50EF611041A0C1BB10A08EB5396
481503D50E971004200F1B9F0A08EA53
A2481503D50E230F045B0F1B940A08EB
53AB481503D80E220E0474111B8D0A08
E953B8481803D80E0D0D04DB121B850A
08E953A0481403CD0E120C04A9121B7A
0A08E953B9481703D50E8A0B04B1121B
680A08E853C3481203D50E410B043213
1B530A08E653CD48F002B70EF10A045F
141B3B0A08E753C148EF02BB0E7E0A04
12151B280A08E653D348F602B10EF309
04CC161B150A08E753CD48F302B40E32
090477171BFF0908E753D6480803C50E
8908048F181BEB0908E853D848F902C8
0EE50704C6181BD70908E853D2480103
CC0E790704E7181BC50908E853E748FC
02C20E3907046D191BB00908E853D648
FD02A40EE80604391A1B980908E753E1
480003A70E820604701A1B800908E753
DF480003A40E3A0604851A1B6C0908E7
53D448F9029E0E0D0604D81A1B5B0908
E753D2480603AF0EE40504FE1A1B4709
08E753DB481603B50EC00504681B1B2F
0908E653DF481103B10E8E0504BA1B1B
1A0908E753F3481203AF0E5D0504B61B
1B080908E953DC481103BA0E43050423
1C1BF60808EA53EC48FC02A30E1B0504
511C1BE00808EA53FA48FF02A10EEA04
04B51C1BC60808E9530D49FE029E0EBD
0404A01C1BB10808E8530049FD02A60E
A10404001D1B9D0808E9530949E202AC
0E790404471D1B840808E853F548E002
AF0E5204043E1D1B690808E853FF48DB
02B10E3204049B1D1B520808E7530249
E602B30E1304049F1D1B3E0808E75308
49EF02B80EFA0304E21D1B2B0808E853
0149F302A90EDA0304211E1B120808E8
53F048F902B40EB30304A71E1BFC0708
E853EC48F502B80E790304DD1E1BE507
08E853F048EA02B10E430304D51E1BD4
0708E953EE48D102B20E270304041F1B
BD0708EA53FC48D202B10E0F0304131F
1BA50708E953E848D302AC0EFC020428
1F1B8E0708E853F048DA02BA0EEC0204
241F1B7C0708E853F748CF02A00EE302
04241F1B6A0708EA531849DC02A30EDE
0204391F1B500708E953F248CF02A10E
D502045F1F1B380708E953FA48CE02A2
0EC50204991F1B230708E953EC48E302
9C0EAE0204951F1B110708EA530049E7
02A50E9F0204991F1BFD0608E953E348
E802A60E910204CC1F1BE10608E953EE
48DB02A10E76020438201BC90608E953
0149CB02A40E4F02045E201BB60608E8
53FB48CC02A40E2D020462201BA30608
E853FD48CE02A00E14020495201B8F06
08E753FB48CE029C0EFE01047B201B73
0608E8530549CC02970EF001049F201B
5D0608E7531649C102930EE40104B220
1B480608E6530C49C802910ED90104AE
201B350608E753F548C4028E0ED10104
B6201B190608E653FD48BE028F0EC701
0406211BFE0508E5533249C8029E0EAA
010455211BEC0508E7531D49D5029C0E
840104A0211BDD0508E6530749D602A2
0E540104E3211BC80508E5530449D402
A20E21010456221BAC0508E5531C49CA
02950EDE00040D231B960508E4531149
D5028F0E8400042E231B830508E65303
49CF02970E3D00044C231B720508E453
1049DA02950E090004A8231B570508E3
530849CE02950ED2FF0371241B3F0508
E3530A49D602960E7EFF0343251B3005
08E453FC48D7028E0E04FF0341261B24
0508E353EE48CA02920E79FE0392261B
190508E3530249D302960E0EFE038A26
1B010508E4532A499D02C70ED5FD0392
261BF30408E3534749AA02BE0EBAFD03
D9261BEA0408E35348499E02C00E99FD
0307271BDF0408E5531F499F02BF0E78
FD0303271BCD0408E4535149EB02C50E
66FD03F3261BB40408E4535049D902C3
0E60FD0357271BA20408E5534849DD02
C20E39FD0336281B990408E6531249E4
02C20EE7FC0368281B910408E8532B49
E602A00E9EFC0381281B7A0408E8530F
49E402A20E70FC0364281B5F0408E953
2549E102A60E5BFC033C291B4F0408EA
531349E102A00E18FC03DD291B450408
E9530949C002710EBDFB03292A1B3B04
08E8531B49BD026F0E64FB039A2A1B26
0408E9531249C4027E0E14FB03D92A1B
100408E8530749BC02780ED6FA03962B
1B030408E8532349C402730E6FFA03D8
2C1B000408E85314496602C510DCF903
4B2D1B020408E8530C496402CB1061F9
03B42D1B030408E75312496602CB10FC
F803822E1B000408E8531C495A02C710
86F803C12E1BFC0308E853254931039D
0A2FF803B92E1BFA0308E7530F492A03
970A06F803F22E1BFC0308E653184936
03960AE2F703042F1BFD0308E5530049
3403960AC8F703EF2E1BFC0308E553FC
4811027A0EC3F703E32E1BFC0308E553
0A491402750EC5F703FC2E1BFB0308E5
5309491002710EBFF703162F1BFB0308
E7530D491202720EB3F703222F1BFD03
08E7530849BB000F08AAF7030D2F1BFC
0308E8531649B7001308ADF703262F1B
FB0308E9531749BB000C08A9F703332F
1BFD0308EA530849C2000F08A3F70326
2F1BFF0308EA531049BB001108A5F703
262F1BFF0308EA530849D302360EA7F7
030D2F1BFE0308E8531649D502330EAF
F703FC2E1BFF0308E8530149DB02310E
BCF703C52E1BFF0308E7530249D30233
0ED3F703D22E1BFC0308E7530A49A602
D20DDBF703EE2E1BF90308E85304499B
02CF0DD9F703B92E1BF10308E8533349
A002D50DE5F703DA2E1BEB0308E85318
499F02DA0DDAF703A02F1BE10308E853
3249BC077B0E90F70305311BDA0308E7
532749B507770EDEF603D9321BD20308
E6534149B407730EF8F50320331BCB03
08E7530049B4077F0E5EF503D0321BC3
0308E653E748C204720316F503CD261B
C30308E653E548BD047303E9F4032CB9
10C30308E553EB48C604760310F503F3
AD0FC40308E3534B49BC0479036AF503
A22A0FC50308E3533549C1047203BBF5
036F210FC20308E5534F49A702C203FE
F503FDA40EC30308E5532349AC02C803
2FF6039FF00EC30308E6532149AD02CA
035EF603A41B0FC40308E7533A49A602
C403A6F60341030FC20308E8536349A6
02C10307F70386310EC30308E753A549
AA02C30368F703A0E10EC40308E8539C
499E02C403C5F703403D0FC40308E853
204AA602C50324F803FF110FC30308E8
53CE49A202C8036AF8031B0C0FC30308
E853A549A002C5039AF803760E0EC403
08E8535849A902C203ADF803F8890DC1
0308E8532149B102C203B5F803E9C30D
C40308E8532B49A702C703BEF8032C41
0EC40308E95332499B02C8030EF90350
570EC30308EA532449A202CE030EFA03
FFDC0DC30308EB53124AA202C00318FB
0353F70DC50308EB531C4A9B02C30378
FB0382390EC20308EC53124AA702CA03
79FB03BB4A0EC20308EB53F249A302C5
0362FB030A2E0EC20308EA53064A9E02
CA0341FB036F400EC40308E8536549A3
02C5031EFB0302450EC40308E9532249
A602BF0301FB035F4D0EC30308E8535F
49A202C303EBFA03BD2E0EC30308E853
EF499D02C503E0FA03F43B0EC30308EA
530F4AA602C303E1FA035AEE0DC40308
EA535F496C044909EBFA03B4560EC303
08EB535F4972044709FCFA030BEA10C3
0308EB5355496E044E090EFB032E0E16
C20308E9533F49770446091EFB033471
16C40308E9534549930220062AFB034E
D614C20308E853274993022406</Data>

   <DataCRC>b8bed854</DataCRC>

   <BytesSent>26333</BytesSent>

</SBEDataUpload>
</InstrumentRawData>
</SBEDataUploadFile>
