<?xml version="1.0"?>
<!-- SCPlusV2_RS232 -->
<SBEDataUploadFile>
<ApplicationData>
<Seaterm232>
<SoftwareVersion>2.6.3.104</SoftwareVersion>
<BuildDate>30-Jun-2017</BuildDate>
</Seaterm232>
</ApplicationData>
<InstrumentState>
<HardwareData DeviceType='SBE19plus' SerialNumber='01906740'>

   <Manufacturer>Sea-Bird Electronics, Inc.</Manufacturer>

   <FirmwareVersion>2.2d</FirmwareVersion>

   <FirmwareDate>9 February 2011 08:30</FirmwareDate>

   <CommandSetVersion>1.1</CommandSetVersion>

   <PCBAssembly PCBSerialNum='25307' AssemblyNum='41054G'/>

   <PCBAssembly PCBSerialNum='25737' AssemblyNum='41580B'/>

   <PCBAssembly PCBSerialNum='24669' AssemblyNum='41606'/>

   <PCBAssembly PCBSerialNum='24372' AssemblyNum='41059D'/>

   <MfgDate>  08 DEC 2010</MfgDate>

   <InternalSensors>

      <Sensor id='Main Temperature'>

         <type>temperature0</type>

         <SerialNumber>01906740</SerialNumber>

      </Sensor>

      <Sensor id='Main Conductivity'>

         <type>conductivity-0</type>

         <SerialNumber>01906740</SerialNumber>

      </Sensor>

      <Sensor id='Main Pressure'>

         <type>strain-0</type>

         <SerialNumber>3220369</SerialNumber>

      </Sensor>

   </InternalSensors>

   <ExternalSensors>

      <Sensor id='volt 0'>

         <type>SBE 43 OXY</type>

         <SerialNumber>432005</SerialNumber>

      </Sensor>

      <Sensor id='volt 1'>

         <type>not assigned</type>

         <SerialNumber>not assigned</SerialNumber>

      </Sensor>

      <Sensor id='volt 2'>

         <type>ECO-FLNTURT CHL</type>

         <SerialNumber>FLNTURTD-2025</SerialNumber>

      </Sensor>

      <Sensor id='volt 3'>

         <type>ECO-FLNTURT TURB</type>

         <SerialNumber>FLNTURTD-2025</SerialNumber>

      </Sensor>

      <Sensor id='volt 4'>

         <type>not assigned</type>

         <SerialNumber>not assigned</SerialNumber>

      </Sensor>

      <Sensor id='volt 5'>

         <type>not assigned</type>

         <SerialNumber>not assigned</SerialNumber>

      </Sensor>

   </ExternalSensors>

</HardwareData>
<StatusData DeviceType='SBE19plus' SerialNumber='01906740'>

   <DateTime>2018-12-07T14:28:32</DateTime>

   <LoggingState>not logging</LoggingState>

   <EventSummary numEvents='241'/>

   <Power>

      <vMain>12.2</vMain>

      <vLith>5.4</vLith>

      <iMain>61.5</iMain>

      <iPump>36.4</iPump>

      <iExt01> 4.1</iExt01>

      <iExt2345>20.6</iExt2345>

   </Power>

   <MemorySummary>

      <Bytes>1492821</Bytes>

      <Samples>87813</Samples>

      <SamplesFree>3782666</SamplesFree>

      <SampleLength>17</SampleLength>

      <Profiles>111</Profiles>

   </MemorySummary>

</StatusData>
<ConfigurationData DeviceType='SBE19plus' SerialNumber='01906740'>

   <ProfileMode>

      <ScansToAverage>1</ScansToAverage>

      <MinimumCondFreq>3226</MinimumCondFreq>

      <PumpDelay>60</PumpDelay>

      <AutoRun>no</AutoRun>

      <IgnoreSwitch>no</IgnoreSwitch>

   </ProfileMode>

   <Battery>

      <Type>alkaline</Type>

      <CutOff>7.5</CutOff>

   </Battery>

   <DataChannels>

      <ExtVolt0>yes</ExtVolt0>

      <ExtVolt1>no</ExtVolt1>

      <ExtVolt2>yes</ExtVolt2>

      <ExtVolt3>yes</ExtVolt3>

      <ExtVolt4>no</ExtVolt4>

      <ExtVolt5>no</ExtVolt5>

      <SBE38>no</SBE38>

      <OPTODE>no</OPTODE>

      <GTD>no</GTD>

   </DataChannels>

   <EchoCharacters>yes</EchoCharacters>

   <OutputExecutedTag>yes</OutputExecutedTag>

   <OutputFormat>raw HEX</OutputFormat>

</ConfigurationData>
<CalibrationCoefficients DeviceType='SBE19plus' SerialNumber='01906740'>

   <Calibration format='TEMP1' id='Main Temperature'>

      <SerialNum>01906740</SerialNum>

      <CalDate>07-Jan-11 </CalDate>

      <TA0>1.255288e-03</TA0>

      <TA1>2.593288e-04</TA1>

      <TA2>-2.376104e-07</TA2>

      <TA3>1.449298e-07</TA3>

      <TOFFSET>0.000000e+00</TOFFSET>

   </Calibration>

   <Calibration format='WBCOND0' id='Main Conductivity'>

      <SerialNum>01906740</SerialNum>

      <CalDate>07-Jan-11</CalDate>

      <G>-1.033008e+00</G>

      <H>1.393941e-01</H>

      <I>-2.175401e-04</I>

      <J>3.475757e-05</J>

      <CPCOR>-9.570000e-08</CPCOR>

      <CTCOR>3.250000e-06</CTCOR>

      <CSLOPE>1.000000e+00</CSLOPE>

   </Calibration>

   <Calibration format='STRAIN0' id='Main Pressure'>

      <SerialNum>3220369</SerialNum>

      <CalDate>21-Dec-10</CalDate>

      <PA0>8.222195e-01</PA0>

      <PA1>1.566037e-02</PA1>

      <PA2>-6.194425e-10</PA2>

      <PTCA0>5.244452e+05</PTCA0>

      <PTCA1>4.417653e+00</PTCA1>

      <PTCA2>-9.798927e-02</PTCA2>

      <PTCB0>2.510725e+01</PTCB0>

      <PTCB1>-1.150000e-03</PTCB1>

      <PTCB2>0.000000e+00</PTCB2>

      <PTEMPA0>-5.917147e+01</PTEMPA0>

      <PTEMPA1>5.387460e+01</PTEMPA1>

      <PTEMPA2>-2.653169e-01</PTEMPA2>

      <POFFSET>0.000000e+00</POFFSET>

      <PRANGE>5.076000e+03</PRANGE>

   </Calibration>

   <Calibration format='VOLT0' id='Volt 0'>

      <OFFSET>-4.687158e-02</OFFSET>

      <SLOPE>1.247988e+00</SLOPE>

   </Calibration>

   <Calibration format='VOLT0' id='Volt 1'>

      <OFFSET>-4.719579e-02</OFFSET>

      <SLOPE>1.248132e+00</SLOPE>

   </Calibration>

   <Calibration format='VOLT0' id='Volt 2'>

      <OFFSET>-4.684526e-02</OFFSET>

      <SLOPE>1.248324e+00</SLOPE>

   </Calibration>

   <Calibration format='VOLT0' id='Volt 3'>

      <OFFSET>-4.678105e-02</OFFSET>

      <SLOPE>1.247145e+00</SLOPE>

   </Calibration>

   <Calibration format='VOLT0' id='Volt 4'>

      <OFFSET>-4.669684e-02</OFFSET>

      <SLOPE>1.248307e+00</SLOPE>

   </Calibration>

   <Calibration format='VOLT0' id='Volt 5'>

      <OFFSET>-4.709579e-02</OFFSET>

      <SLOPE>1.247697e+00</SLOPE>

   </Calibration>

   <Calibration format='FREQ0' id='external frequency channel'>

      <EXTFREQSF>9.999977e-01</EXTFREQSF>

   </Calibration>

</CalibrationCoefficients>
<EventCounters DeviceType='SBE19plus' SerialNumber='01906740'>

   <EventSummary numEvents='241'/>

   <Event type='ErrorFLASHUncorrectableError' count='241'/>

</EventCounters></InstrumentState>
<Headers>

cast  76 03 Dec 2018 08:19:15 samples 68217 to 68944, avg = 1, stop = mag switch

</Headers><InstrumentRawData>
<SBEDataUpload startAddr='1159672'>

   <Type>1</Type>

   <DataFormat>SEACATPLUS0</DataFormat>

   <Bytes>12376</Bytes>

   <Data>
E0E203F4080CC003084154EB52A802C5
03F5E20361DE0BC0030841543E53A002
CA030FE30359F30BC00308435459529B
02C30329E30396EC0BC003084354B951
A002C30342E3035BDD0BBF03084454BD
538503270F58E30307CE0BC103084654
25528E03290F70E3032BA00BC1030846
54B3518503280F87E30370950BC00308
46540A528703270F9CE30353980BBF03
084854BC5504028A06B1E303B69D0BC2
03084754805907028D06C6E3038B9E0B
C1030848543E58FF018106D9E30355A0
0BC003084954E55605027906ECE30347
A10BC10308495435563A088E0AFEE303
BDA30BC103084A54A35639088B0A15E4
037FA70BC003084B541D563108890A27
E403B3900BC003084C54795539088A0A
3AE403B1860BC203084E54EB5434088E
0A52E40371850BC103084F545654B601
F8FB64E403048C0BC303084F54AA54B6
01FFFB7FE403CF8A0BC1030850545156
C001FFFB99E403E2780BC0030850544B
56BF01F9FBB0E4030A600BC103084F54
AE55DE0AB210C9E40380570CC2030850
544055E20AB01048E5031F700ECC0308
50542654E70AB0105CE60393C50CD003
0850549A56E20AAC101BE703BAD10FD4
03085054575E600F4C0CA1E703045D11
D7030851548C68630F500CF8E7031207
14DC030851540E69570F4A0C1EE80395
110FE503085154DF645B0F3E0C32E803
B2230EEC030851549B614004CB1C42E8
03749C14F103085254BC5F4C04C91C4E
E803641B15F303085254E45D5104CC1C
56E8036E1B15F603085154465C5004D3
1C5AE803B6CC15F3030852544E5B4C04
CA1C5EE803364515ED03085254E25AB2
00060E63E803107A15E603085154845A
BA00000E6AE803335718E303085154F3
59BC00020E6FE803043F1BEA03085254
D058B5000B0E66E803983F1BF8030851
541258E7052B3651E80306401B030408
52544357ED05213632E803F93F1B0704
085154DF56E9052B3609E80384401B02
040852547856EE052736DBE7035A401B
FC030852540E5605021811AFE703E540
1BFB03085354ED55FE011D118EE7033A
411B03040853546455F8011F116CE703
C1411B0E040853541F55FC01181154E7
03D6411B1704085454B154CF02680E3D
E703CD411B19040854546C54D202630E
32E703A8411B16040853543854D50262
0E2BE7039B411B11040853541F54CC02
6E0E27E703A8411B0E04085354F953D3
02650E26E703D5411B0F040854540454
E602F00E22E703F4411B1504085454A5
53E002F30E1DE703FC411B1B04085454
8E53E402F50E17E703F0411B1F040855
548453DE02EB0E14E703C9411B1F0408
55547253E202820E16E703AC411B1E04
0855548653DE027F0E18E70303411B1F
040854547953E6027C0E18E703BD411B
1F040854543653E402900E17E703ED41
1B22040854541E537A03AB0E13E703FC
411B22040854542B537503AA0E11E703
0D421B210408545406538003A40E0CE7
0312421B250408545414567A03A20E0C
E703FE411B29040854549756A8026B0F
09E70305421B2B040855548F559B0271
0F0AE70305421B2904085554EB54A202
6F0F09E703F8411B24040855545754A0
02730F0AE703F5411B2004085554E253
9802720F09E70301421B210408565498
53B102500E07E70312421B2504085654
3D53AC025E0E08E7030D421B2B040856
54EE52B102480E08E703F9411B310408
5654B152B302590E07E703CE411B2B04
0856545D523D03F30E09E703BD411B22
040857542D524603E80E0CE703BC411B
1C04085754E0514E03EE0E0BE703E741
1B1B0408585499515303EE0E0DE703E7
411B240408585479512303460E0CE703
D2411B2C04085854745127034C0E0CE7
0377411B32040858543C512203520E0F
E70368411B2C040858541C5123034C0E
1CE70358411B2304085854F750CA026D
0E3BE7035C411B1E04085754D950D302
5F0E55E7036B411B1E04085754A450D9
02650E5FE70382411B24040857548150
CD026A0E56E7037E411B2B040857545E
50CA02710E49E70358411B2C04085754
42504F03BD0E3EE70336411B2A040857
5424504403C20E38E70329411B240408
5754FE4F4603C80E31E7033A411B2004
085854CA4F4003C50E2EE70353411B1F
04085754B24FD102750E27E70380411B
1F040857547B4FD3026D0E1FE7039341
1B2504085754364FC902720E1DE7039F
411B28040856541D4FD4026B0E15E703
9F411B2A04085654F54EBF029B0E11E7
0390411B2D04085754C44EB402A70E0F
E7035C411B2804085754D34EC202A90E
11E70318411B2104085754AC4EB30293
0E12E70353411B1B04085854904E1303
BD0E0EE7038C411B1F04085854654E10
03D40E0EE703C1411B2404085854374E
1103B60E0CE703B5411B2E040858543A
4E0D03BF0E0BE70364411B2F04085854
034E1003C20E0CE7032A411B2A040858
54ED4D2803F00E0AE70321411B260408
5854C04D2403DE0E08E7033E411B2104
085754C14D1C03E90E0BE7035C411B20
04085854C04D2103DB0E0BE7036F411B
2204085754B04DDB02C90E0AE7039741
1B26040857548E4DE702C00E0AE703A4
411B2B04085754734DDD02CA0E09E703
64411B2F04085754564DE202BA0E07E7
031E411B2C04085754694DE902180F09
E70310411B2404085754574DE5020E0F
09E7031C411B2104085654264DD7021C
0F0CE70353411B21040856541C4DE402
190F14E70373411B2404085754EF4CCE
02E00E18E7037E411B2A04085654F04C
D702ED0E18E7035C411B2B04085754EC
4CCC02DC0E18E70332411B2704085754
D44CCF02EF0E16E7033A411B26040856
54BC4CD302DF0E13E70375411B290408
5654E44C0E03B80E0EE7038E411B2B04
085754A44C0F03BD0E0CE7036B411B2E
04085754A24C0F03CB0E0AE70332411B
2E04085854844C0D03BE0E09E7030741
1B2904085854794CA902E50E06E703F6
401B24040858544A4CB202D80E04E703
F5401B21040858543B4CAE02DC0E02E7
0321411B2004085854304CAA02EB0E03
E70358411B24040858542A4CC2024D0F
05E7038A411B2D04085954F64BB90244
0F05E7038C411B3104085954FC4BC602
4C0F03E70364411B3004085854C44BBA
02550F05E70321411B2C04085854D64B
BC03AB0E06E703FB401B2304085854F7
4BBD03B80E07E703F1401B1F04085854
BD4BB803BE0E05E7030B411B20040859
54AB4BBC03AA0E05E7033A411B240408
5954B64BCE03B50E02E70347411B2A04
085954BF4B79037F0E01E7033F411B31
04085954AF4B74038F0EFFE60318411B
3304085954AB4B7503820E02E703F640
1B3104085954834B70037A0E01E703D9
401B2904085A548B4BDC02B90E02E703
C5401B1F04085A54764BE702B30E02E7
03D0401B2004085A54654BE802C50E03
E703FF401B2104085B54584BDE02B50E
06E70325411B2604085B54604B0F03B0
0E03E70326411B2E04085B543C4B0503
A70E04E70307411B3004085B54384BFE
02BC0E06E703E1401B2C04085A545C4B
0103B30E0AE703C8401B2604085A5458
4B2603EC0E0BE703B4401B1F04085A54
484B1C03FD0E0CE703BB401B1A04085A
542F4B2903F90E0EE703EA401B1D0408
5A54354B2303FD0E11E70325411B2604
085A54394B1903000F12E70347411B2E
04085954244B18030D0F13E7034B411B
3204085954474B1103050F13E7033641
1B2F04085954204B0503110F13E70307
411B2604085954184B0C03090F13E703
E1401B1F04085954174BF902CD0E11E7
03EE401B1F04085A54044BF102DA0E12
E7032D411B2304085A540F4BE002D50E
10E7035C411B2E04085954124BF002D7
0E14E7036F411B3204085954F44ADC02
F10E11E7036D411B3004085954CD4ADE
02F80E0FE70358411B2704085954C04A
DB02F30E0EE70325411B1E04085954B7
4AEA02EE0E10E7033F411B1B04085A54
BD4AE702D80E0EE7038A411B20040859
54B14AF502D70E0CE703C1411B2B0408
5A548F4AE402D50E0AE703CA411B3104
085954954AF102D00E0AE703C9411B31
04085A54834AF502CF0E08E703C5411B
3104085A54824AEE02300F08E703B941
1B2B04085A54954ADA022B0F08E703A8
411B2A04085A548D4AE202340F09E703
A0411B28040859547C4ADA02280F0BE7
0393411B2504085954844AD602D30E0A
E70386411B2604085954774AD602C70E
0AE7037B411B25040859546C4ADA02D3
0E0BE7037E411B28040859545F4AE602
D80E0AE70375411B2804085954504AE9
02D40E0AE70375411B2804085954524A
ED02E50E0AE7036F411B29040859543B
4AED02EA0E07E70371411B2504085954
494AED02E50E07E70368411B26040859
544D4AD502090F06E70368411B260408
59545E4ACD02F80E08E7036B411B2804
085A545F4AD402050F09E7036D411B2B
04085A54784ADE02FE0E09E70371411B
2D04085A546D4ACA02080F08E7037141
1B2704085A54784ADB02DB0E08E7036B
411B2504085A54804ADB02D00E09E703
5C411B2604085B546C4AD502D00E0AE7
034F411B2604085A54734ADF02C60E08
E7034F411B2C04085A54804A0D032C0F
09E70357411B2C04085B54784A0F0322
0F0AE70364411B2F04085B545B4A0D03
240F0BE7036D411B2E04085B54544A15
03270F09E70371411B2804085B54484A
CC02F20E0BE70373411B2304085B543D
4AD902EF0E0BE70364411B2404085B54
1E4AC902F30E0CE7034B411B2404085B
54314ACE02F80E0CE70347411B2B0408
5B54224ACF02CF0E0FE70353411B2D04
085B54194AD102DA0E10E7035C411B30
04085B540A4AC802D50E12E70364411B
2D04085C54F349CC02D10E11E7036041
1B2B04085C54DF49C802DA0E15E70367
411B2704085B54CA49E502E10E17E703
79411B2704085B54E949E202E80E18E7
038A411B2A04085B54C049D702E90E17
E7038E411B2B04085B54AC49E602E50E
17E70398411B2A04085B54BF49F5021F
0F16E7039B411B2904085A54D449F002
2D0F12E70397411B2B04085A54BF49ED
022D0F12E7039F411B2B04085A54DD49
E8021F0F11E703A4411B3104085A54B7
49E6021C0F0EE703A8411B3304085A54
BA49F2021E0F0EE703A8411B3304085A
54A849E902150F0DE703A4411B2B0408
5A549049F502180F0DE703A4411B2304
085B548A49AC02DD0E0CE7039F411B1E
04085A548C49B302E60E0CE703B0411B
2004085B548549B102DC0E0BE703C541
1B2604085A54A749B502DA0E0AE703D6
411B3104085B547649A902E40E09E703
EB411B3704085B548149D102CF0E0AE7
03F0411B3604085C548549CC02D20E08
E703F1411B2E04085C547449D502C50E
0BE703EB411B2404085C546249C702D5
0E0AE703CA411B1E04085C546949BF02
150F0CE70397411B1F04085C545149C3
020F0F0EE70384411B2904085C545749
D102120F0EE703AC411B3204085C546D
49C702100F0DE703CE411B3604085C54
6249D902DA0E0AE703D2411B3504085B
546449E002E60E0DE703D5411B300408
5B546149D302D20E0AE703BD411B2904
085B546549E602DE0E0DE703AC411B24
04085B546849D302C90E0CE70397411B
2204085B546C49D702C60E0CE7039841
1B2C04085C543F49D002D80E0EE703CE
411B3904085C543B49C602CF0E0BE703
E7411B3E04085C546B49D502DA0E0DE7
03F0411B4304085C545A49F4021B0F0C
E703F9411B3F04085C545B49E6020F0F
0DE703F8411B3204085C546849EF0213
0F0DE703DF411B2904085C546549ED02
150F0DE703BD411B2F04085D54844920
03040F0DE703F5411B3E04085D54E449
2203F90E0DE7031E421B4C04085D54B8
4917030A0F0DE70327421B5304085D54
85491A03070F0DE70327421B5004085D
549F49BF02CF0E0EE7030E421B470408
5E547B49AB02D60E0FE703E3411B4004
085E547449B802CF0E0FE703BD411B3C
04085E548749AE02C90E0EE703B5411B
4704085E54A749C102CB0E0DE703C941
1B5404085E54B549BC02D80E0AE703FC
411B5E04085E54BA49C302D30E0EE703
05421B6404085E54AA49BF02CB0E0EE7
030A421B6204085E54AD49BA02CA0E0D
E70305421B5B04085E548549C602E00E
0DE703F0411B5804085D548349C202E8
0E0EE703D6411B5D04085E549249C202
D80E0EE703D9411B6204085D548C49BD
02E00E0DE703F8411B6E04085E54AA49
C602DF0E0DE70312421B7704085E5480
49CB02DB0E0DE7031A421B7A04085E54
7649D802E90E0CE7031E421B7A04085E
549B49C402E20E0CE7031E421B790408
5E5473490603DC0E0EE70362421B7904
085F54CE490A03EF0E0EE7037F421B79
04085E54AF490403DE0E0DE70388421B
7D04085F54C449FC02DB0E0DE7039042
1B8304085F54E8490E03020F09E70395
421B8404085F54D7490B03030F09E703
90421B8B04085F54CC490403FB0E08E7
038C421B9304085F54D0490C03070F09
E70399421B9704086054014A1903050F
08E7039D421B9B04086054134AFA02FA
0E08E70395421B9D04085F542C4AED02
020F0AE7038C421B9D04086054584AF7
02FA0E0DE70390421B9D040860548D4A
E8020A0F0DE70395421B9E04086054CB
4AFE02E40E0FE70399421BA204086054
F14A0403E40E0DE7039C421BAB04085F
54444B0D03D30E0DE70399421BB50408
6054644B0303DE0E0EE70395421BBD04
086054764BD802040F0FE70390421BBF
04086054A64BDF02FC0E0EE70390421B
B904085F54D24BDB02FA0E0FE7039042
1BB404085F54D84BDC02000F0FE70395
421BB104085F54034CDB020F0F0FE703
98421BB804085F54474CE202180F0EE7
0399421BC004085F54764CE0021F0F0B
E70399421BCB04085F54C24CDE02130F
0CE70399421BD404085F54D54CDE021E
0F0DE70398421BD704085F54D74CED02
2D0F0EE70395421BD404085F54E64CF1
023A0F0EE70399421BD304085F54064D
F702340F0EE7039D421BD404085E542D
4DF402330F0EE7039C421BD604085E54
3E4D0003D00E0BE7039D421BDC04085F
54604D0203CD0E0CE7039D421BE00408
5F548F4D0703D50E0DE70395421BE504
085E54CD4D0703D90E0FE70394421BE9
04085E54CC4DEF02C60E0FE70395421B
EB04085F54214EE902CB0E0EE7039542
1BEE04085F54224EFD02C30E10E70395
421BF104086054254EF402C70E12E703
94421BF704086054284EF1020C0F12E7
0395421BF904085F54474ED1020B0F12
E70395421BFB04086054554EDB02110F
12E70399421BFB040860547C4EDE0215
0F11E70398421BFD040861547E4EF302
180F12E70399421BFF040861549E4EE6
02DC0E11E70399421B0705086154874E
F402E50E10E7039C421B130508615488
4EF002D80E10E7039D421B1C05086254
794EFF02DA0E0FE7039D421B1E050862
54A54EDC02EF0E0CE703A5421B1A0508
6254934EDF02F80E0AE703B0421B1805
086354B64ED302F50E08E703AA421B17
05086354BD4ED902DD0E08E703AE421B
1905086254F04EE802DC0E08E703AE42
1B1E05086254FD4EE402E40E08E703B0
421B2405086254144FEC02E20E06E703
B2421B2905086154104FDB02E00E07E7
03B6421B2C05086154284FE002E00E04
E703B6421B2D05086154184FCF02DC0E
06E703B0421B3205086154394FE602D2
0E04E703B6421B3605086154584FE602
E80E04E703B2421B37050861543B4FE7
02DA0E06E703B6421B3A05086154364F
0603100F05E703B4421B3F0508605432
4F00030B0F05E703B6421B4305086054
4D4FF7020B0F04E703BB421B43050860
543D4FF202160F04E703B6421B430508
5F54314FE102E20E02E703B8421B4305
085F54654FEB02DD0E02E703BB421B45
050860546A4FFC02E60E02E703BB421B
4905086054674FED02E00E03E703BD42
1B52050861545D4F0903DC0E01E703BF
421B58050860547F4F0903E20E01E703
B6421B5B05086154754F0203E60E02E7
03B6421B59050861547D4F0603E20E04
E703B4421B5505086154954F0503090F
03E703BB421B5105086154934F13031F
0F02E703BF421B5605086054A24F0E03
360F00E703BF421B5F05086054AD4F07
032B0FFFE603C1421B6805086054A94F
1303240FFEE603C3421B6E05086154AD
4FFE020E0FFFE603BB421B6F05086154
B54FF502090FFEE603BB421B6F050861
54974FED020D0F02E703B8421B6C0508
6154A84FED02150F01E703BB421B6A05
086154AF4F0003CD0E02E703BB421B6D
05086054A04F0803CE0E03E703BB421B
73050861549F4F0803CF0E03E703C142
1B7905086054B34FF602D00E02E703BF
421B8005086154C64F0903C70E02E703
BB421B8705086154D34FFC02BC0E03E7
03BB421B8B05086154DE4F0303C00E05
E703B4421B8A05086154E14F0E03C90E
07E703B6421B8505086154CE4FFA02BD
0E06E703BB421B8605086154F64F1C03
D80E08E703B8421B8905086254E64F0B
03ED0E06E703BF421B8B05086154CE4F
0B03DF0E05E703BF421B9205086254C2
4F1603DC0E04E703BF421B9C05086254
CF4FFB02060F04E703B8421BA3050862
54A14FFC02040F06E703BB421BA40508
6254AC4FF402080F05E703B6421BA005
086254E14FFE020B0F05E703BB421B9D
0508635402500403C60E06E703BD421B
9C05086354FA4FF902C40E07E703BB42
1B9E05086354E34FFF02BD0E07E703BB
421BA60508635400500303C50E07E703
BB421BB6050863540950FF02E00E06E7
03BD421BC005086354FE4F0503E40E07
E703BB421BC805086254DC4F0303E60E
08E703BB421BC705086254E24F0503DF
0E07E703BF421BC105086354F94F0B03
E30E05E703BD421BBE050863540250E2
02FA0E06E703BF421BBF05086454F54F
D702F90E05E703BF421BC4050864543E
50E802F50E06E703BF421BCD05086354
0E50DB02FA0E07E703C5421BD7050864
542350F502040F00E703CC421BE00508
6454FE4FF502000F00E703D0421BE705
086454FD4FEA02020FF9E603D8421BE8
050863541750EA02000FF7E603D5421B
ED05086354F74F0003D80EF5E603D842
1BF0050863542250FE02E30EF4E603DC
421BF7050863540350F702E10EF2E603
D5421BF9050864542D500203DA0EF3E6
03D4421BF605086354F94F1303DA0EF1
E603D8421BEE05086354FD4F1903EB0E
F3E603D8421BEF050863543C500D03DB
0EF0E603D9421BF60508645413500C03
DE0EF1E603DC421BFE050864540F5010
03E00EF1E603E1421B06060863541B50
1703040FF0E603DC421B0D0608635418
501303FC0EF0E603D9421B0E06086354
1E500603040FF1E603DC421B0E060863
5407500703020FF3E603D8421B150608
635418500C03010FF3E603DC421B1D06
086354165016030C0FF2E603E1421B25
0608635427501103FE0EF2E603DC421B
2C0608645401500D03030FF3E603E142
1B2F06086454FC4FDE02490FF0E603E1
421B2E060864542450E202490FF2E603
E1421B2E060864541F50E2024C0FF0E6
03E5421B2E060865543050DB02490FF0
E603E5421B340608655413502003D40E
F0E603E5421B3D060866540E502003CE
0EEEE603E1421B4A060866542B502003
D30EF0E603E5421B51060866543E501E
03D60EEDE603E5421B55060866541A50
1703C60EEDE603E5421B550608665425
50F702560FEEE603E5421B5506086654
20500403560FEFE603E5421B54060866
54325006035D0FEFE603E5421B580608
6654295004034F0FEDE603E1421B5B06
0866543550FE02DE0EECE603E9421B60
0608665423500703DA0EEFE603E9421B
68060865542D500403D90EEDE603E942
1B73060865545B500103EB0EEDE603ED
421B79060865543950FB02E40EEBE603
ED421B7B060865542D500D03E00EEDE6
03ED421B7A060865542D500403DA0EEC
E603ED421B770608645460500F03E20E
EAE603ED421B7A060864543650FF0256
0FECE603E9421B800608655465500B03
550FEDE603F2421B89060865545350FB
024D0FEBE603F2421B90060865543C50
01034F0FEAE603F5421B96060865543C
50FD02470FE9E603F2421B9806086554
09500F03CA0EE9E603F2421B98060865
540B501103CB0EE7E603F1421B9A0608
6554DB4F1103D50EE9E603F2421B9C06
086554FC4F0603D10EE9E603F2421B9B
06086554EF4F1D03D40EEBE603F2421B
A206086554FC4F2403DC0EE9E603F542
1BAD06086554F74F1A03E80EE8E603F6
421BB606086554F34F2403DC0EE8E603
F6421BBB060865540D501303DD0EE8E6
03FA421BC006086554EF4F0803CB0EE8
E603FA421BC006086554FA4F1103CA0E
E7E603FA421BC206086654FA4F0F03D1
0EE7E603FA421BCB06086654ED4FEF02
2F0FE7E603FA421BD506086654F14FFB
02380FE5E603FA421BDD060866540050
F9022A0FE4E603F6421BE20608675419
50F9022B0FE9E603ED421BE906086754
3650EB02290FEDE603E5421BE7060867
541750F802050FF0E603E9421BE40608
67540350F802070FF3E603E9421BE906
0867541B500803FE0EF2E603F2421BF4
060867543C500303080FEFE603E9421B
000708675437503103150FF2E603E142
1B06070868543E502D030F0FF4E603E1
421B070708685437503003130FF6E603
E1421B050708685430502B03100FF6E6
03E5421B07070868541A501503E60EF6
E603E5421B0A0708685434500803FC0E
F5E603E5421B120708675438500F03F5
0EF7E603E5421B190708675435500B03
F40EF7E603E5421B2107086754205011
03200FF9E603E9421B2B07086754F44F
1C03250FF6E603E9421B350708675402
500803230FF4E603ED421B3D07086754
0F501503270FF3E603ED421B3D070868
542B501703210FF3E603ED421B3D0708
67544750DF02F20EF2E603ED421B4007
0867545050E002ED0EF2E603F6421B4C
070867544550E402F00EF4E603FA421B
57070867542B50E202EC0EEDE6030B43
1B60070868542B50F902150FE7E60313
431B65070868543E500003080FE4E603
13431B67070868544150FA020B0FE1E6
0316431B66070868542050F902180FE0
E60318431B63070868541A500103030F
DFE60318431B66070868542350F90204
0FDEE6030F431B66070868542050F902
FC0EDBE60312431B6A0708685400500B
03020FDFE60313431B72070868541C50
0103210FDFE60313431B7D0708685427
500003260FDDE6031E431B8607086754
0F50FF022A0FDEE60320431B89070867
541A5009031A0FDCE6031C431B890708
6854315002031A0FDAE60320431B8607
08685418501103100FD8E60316431B86
0708675435501A031A0FDBE60320431B
8907086754425013030A0FD9E6032043
1B920708675430500D030F0FDAE60324
431B9F0708675441500403110FD7E603
26431BA80708665454500603150FD9E6
0324431BB0070866543C500603110FD5
E60324431BB1070867541B500B03150F
D6E60324431BAE070867540B50010300
0FD6E6032A431BAD0708685438500503
0D0FD6E60324431BB3070868543C500E
03020FD4E6032D431BBC070867543C50
0603000FD3E60329431BC8070867545D
500F03360FD4E6032A431BD507086854
785011032F0FD5E60329431BDD070868
546C500E032F0FD3E6032D431BDE0708
68542D501C03300FD4E6032A431BDC07
086854425009032D0FD6E6032D431BDA
0708685431500F03000FD4E60329431B
DC0708685439501303090FD3E6032D43
1BE60708695424500B03020FD2E6032E
431BF20708685442501503070FD4E603
31431B02080869545D501303E50ED4E6
032D431B0A080869546E501503DE0ED2
E6032D431B0C0808695440500803DE0E
D4E6032E431B0C080868544A501303E4
0ED4E6032D431B08080868543A500903
F30ED5E60331431B0A080868542F5009
03F30ED4E60331431B13080868546750
1203ED0ED2E60337431B22080868544A
500E03F20ED3E60331431B3008086854
5C5011030F0FD3E60335431B35080869
5415501103000FD2E60339431B3A0808
695435501103010FD0E6033B431B3708
08695463500F03070FD0E60339431B38
080869546B500803F80ED0E60339431B
3A080869544050F902F30ECFE6033943
1B440808695423500003F40ECFE6033B
431B4B08086A544B500D03F40ECEE603
3E431B5708086A544C500203EC0ECFE6
0342431B5F08086A54285006030E0FCC
E6033F431B630808695429501603110F
CEE60339431B61080869540A50120310
0FCDE6033E431B5F0808695400501603
170FCEE6033E431B6008086A54F84F08
03340FCEE6033F431B61080869542B50
1503320FCCE60342431B6408086A5413
501603330FCDE60342431B6C08086A54
23500C03310FCCE60342431B73080869
541950F902610FC9E60343431B760808
6A5406500303600FCAE60342431B7808
086954F34F0703580FCAE60342431B7B
080869540250FD025E0FC9E60342431B
7F080869542250FD02580FCAE6034343
1B810808695445501303240FC8E6033E
431B8308086A541D501903270FC8E603
46431B8E08086A54045012031D0FC9E6
0346431B9608086A5431500E03270FCA
E60343431B9E08086A5422500803130F
C9E6033E431BA308086B542B50FE0211
0FC9E60335431BA408086A5431501103
0D0FC6E6033B431BA608086A543250FE
020F0FC5E6033E431BA508086B544550
FF022C0FC7E6033E431BAA08086A543D
500103360FC4E60342431BB308086A54
3E500603320FC4E60347431BBB08086B
542050FF02360FC4E6034A431BC10808
6B542C500E03880FBFE6034F431BC208
086C5427501403860FBCE6034F431BC3
08086C543D500F03810FBAE6034F431B
C108086B5465500803870FBBE6034F43
1BC508086B5465501303790FBAE6034F
431BC508086A542F50FC02AB0FBAE603
53431BC608086B5430500203AE0FBAE6
034F431BC608086A542D50FE02AF0FBB
E60353431BC708086A543350FB02BA0F
B6E60353431BC508086A5431501303BC
0FB6E60353431BC608086A543D500403
BD0FB5E60357431BC308086A543E5010
03BD0FB3E6035B431BC208086B543850
0E03C10FB4E6035B431BC308086B5454
500A03A20FB2E6035B431BC308086A54
715005039E0FB2E60357431BC108086A
54675017039E0FB2E6035F431BC30808
6A54615017039F0FB0E6035B431BC208
086A5458502003B80FB1E6035B431BC0
08086A5451501E03B20FB1E6035F431B
C108086A5448502503B20FB1E6035B43
1BC008086A5458502703B20FB0E6035B
431BC008086B5440502103B90FB1E603
5F431BC108086B544B500903CF0FB0E6
035B431BC108086B542E50F502D50FAE
E6035B431BC108086C544B500003CD0F
B0E6035B431BC008086C545F50FC02CB
0FB0E6035F431BC008086C547D500B03
C60FB0E6035F431BC008086B54965006
03BC0FAEE6035F431BC108086A547C50
FC02C00FABE60368431BC008086B5472
500003BE0FAAE60367431BC008086A54
805012037F0FA9E6035F431BBE08086B
5456501503870FAAE60364431BBF0808
6B5440500B037C0FA9E60363431BC008
086B543B500E03820FA9E60364431BBF
08086C544D500C03D90FA8E60364431B
C208086C5457500F03D30FA6E6036443
1BC208086C5439500B03D10FAAE60363
431BC208086C545E501503D20FAAE603
5F431BC108086B546A500D03D80FACE6
0364431BC108086B5485502A03BE0FAB
E60368431BC108086B547C503503C20F
ABE60363431BC308086C5467502F03C2
0FA8E60368431BC308086C544A503703
C00FA8E60368431BC708086D542F500D
03C00FA8E60368431BC508086E545F50
0003C70FAAE60367431BC508086E546D
500603C70FAAE60368431BC408086E54
44500B03C70FABE6035F431BC408086E
545950F3020E10ABE60364431BC50808
6D546D50F1020B10AAE60363431BC608
086E542B50F5021410ACE60368431BC6
08086E542C50F9020D10ABE60364431B
C808086E542B50F802DE0FABE6036343
1BC708086E545A50FE02E00FADE60364
431BC608086F544B500C03E00FADE603
64431BC508086F545E500303E00FACE6
0368431BC508086F543650FB02DA0FAC
E60367431BC308086F5440501303D30F
AAE60368431BC308086F5445501003CC
0FA9E60368431BC408086F5449500B03
D20FA9E60368431BC408086F543D5015
03D60FAAE60363431BC008086F545650
0F03DB0FACE60364431BB40808705440
501703E60FADE60364431B9E08087054
50501203DE0FABE6035F431B86080870
5453500F03DC0FAEE6035F431B710808
705477500703F60FACE6035F431B5F08
086E54AE500403FE0FACE60357431B51
08086F54A15003030310B1E6034F431B
4808086E54BD50FF02FE0FB7E6034743
1B4008086D54B0501B03580FBBE6033E
431B3708086D54A7501C03620FC2E603
3E431B2C08086D54C55018035F0FC5E6
033B431B1F08086D5472500A035D0FC7
E60335431B0308086D548D5014035F0F
CAE60331431BE507086C547C500003DF
0ECAE6032D431BC807086D5485500503
E00ECEE60326431BB007086C54A750FD
02DC0ED2E60324431B9F07086C54A450
FB02DE0ED4E60324431B9307086B54A9
500603DF0ED5E60324431B8607086B54
7E500703DA0ED7E60322431B7B07086C
547D50F702E30ED6E60324431B6C0708
6C54A950FA02E10ED7E60320431B4E07
086C54DA500F03DA0ED6E60320431B33
07086C54B950F902E20ED8E6031E431B
1B07086D54AF500903E60ED6E6031C43
1B0507086D549E500703E00ED8E6031C
431BF206086D5459501603E20ED8E603
18431BE306086E5480501403DA0ED8E6
0316431BD106086E54A3501A03DC0EDB
E60318431BC506086F5498501803E20E
DAE60313431BBD06086F54B1501103DE
0EDCE60312431BC106086E54B5500B03
D30EDDE60313431BC006086E549E5014
03CF0EDCE6030B431BC306086F548850
1203CF0EDFE6030B431BC306086F546A
500D03D50EE1E6030A431BC306086F54
7350F802E10EE1E60307431BC406086E
548750FA02E00EE2E60307431BC10608
6E547C500103E10EE4E60307431BC306
086E547C500E03E50EE3E60306431BBF
06086E545E50E802D00EE2E6030B431B
BF06086D545E50E002CD0EE5E6030B43
1BC106086C544A50DD02D50EE4E6030B
431BCD06086C546750E202D60EE1E603
0A431BD006086C547750FE02130FE4E6
0307431BD006086C547450F1020F0FE5
E60302431BCD06086C547850E902190F
E6E60307431BCB06086C548150E80211
0FE5E6030A431BCD06086C546B50F202
0D0FE4E6030F431BD206086D54505013
031C0FE2E6030B431BD706086C543E50
0803270FE2E6030B431BD906086C5459
5010032D0FE2E6030A431BD706086C54
65500E03240FE4E6030B431BD206086C
5445500903D00EE3E6030B431BD20608
6D5431501103DA0EE2E6030E431BD406
086C545E501903CD0EE1E6030F431BD9
06086C5467500F03D20EE0E6030B431B
DB06086C547250EF020A0FE2E6030B43
1BCF06086D546C50EF02000FE2E6030A
431BB806086E545450F202040FE2E603
0B431B9F06086E543E50F202070FE2E6
0307431B8706086E5458500203E00EE1
E60307431B7206086E546F500403DB0E
E0E60306431B6706086E5473500803EC
0EE2E60302431B6006086D546B50FB02
E70EE0E60302431B5506086D544050FA
02E00EE2E60302431B4606086D543950
E602070FE2E603FE421B3306086D5441
50E202FE0EE4E603FE421B2206086D54
4950E002060FE3E60302431B0606086D
542F50E002F80EE4E603FE421BE80508
6D542F50EF02F10EE1E60306431BC905
086D543C50F202F00EDEE60307431BB0
05086E545650F702E70EDDE60302431B
A205086E545850F302F60EDCE603FA42
1B9705086E547850F502E20EE0E603F5
421B8705086C548050FC02ED0EE1E603
ED421B7405086E547E50ED02DE0EE4E6
03ED421B6005086D548150F402DF0EE6
E603E9421B5005086C548950F202EF0E
E5E603ED421B3905086B546B50EF02F4
0EE7E603E9421B2105086C545650F102
EE0EE7E603E5421B0605086C545850F5
02E60EE9E603E1421BEB04086C544750
F302F00EE9E603E1421BDA04086D5462
500003DE0EE9E603E1421BD704086D54
49500403E70EEAE603E1421BD604086D
542D500203DF0EEBE603E1421BCF0408
6E543C50FE02DB0EEAE603DC421BC204
086E543C50B802F50EE9E603DC421BB3
04086E542950BF02EF0EECE603DC421B
A504086E543C50C402E90EECE603D942
1B9404086E540350C202F10EECE603AE
421B7D04086E5422503103FE0EEEE603
BB421B6404086E5434502C03000FEEE6
03BF421B4804086E5446503303020FEF
E603D1421B34040870543E502F03040F
EFE603D4421B2B040870542F50E60242
0FF1E603D0421B2904086F542B50E402
470FEFE603D0421B2D04086F540550E7
02420FF1E603D1421B3704086E54E54F
E302440FF2E603CC421B3B04086D54F5
4FE002410FF2E603D0421B3A04086D54
FF4F1503D70EF2E603D1421B3304086E
5400501403D10EEFE603D4421B280408
6E54FD4F0F03D40EF1E603D4421B1E04
086D5417500E03D50EEFE603D0421B1A
04086C54F84FA102F20EF0E603D1421B
1204086C5404509B02F80EF0E603D442
1B1504086B54FB4F9E02F80EEBE603D8
421B1804086B54F44FA002FA0EE8E603
ED421B1704086B5404505503A30FDEE6
0302431B1304086C5402504B039C0FD6
E60307431B0E04086B542F505803A60F
CFE60302431B0704086B543A505A039E
0FCEE60302431B0004086C542B500403
110FCEE603FE421BFD03086B54AB5008
03070FD0E603F6421BF903086C54FB50
0A03190FD3E603F6421BF203086D54B7
510003180FD5E603F2421BE803086C54
2751FF02150FD6E603F1421BD903086C
548B5130045311D5E603ED421BCA0308
6C5498512F045911D8E603E9421BC303
086C54BA5131045211D8E603BD7C1AC1
03086D54605229046111F2E6037F9311
C003086E54445273064A1744E7034197
0EC103086E54E4517906511795E70319
270FC203086E548B5183065617DDE703
D9DF0EC103086F5487517B064F1725E8
0353050FC303086E548951F8FBE60E51
E8030CA00FC103086F540C5300FCE60E
8BE803F75D0FBF03086E54375C05FCDE
0EE8E80335890FC303086E541F58FFFB
E20E54E903C6280FC203086F543E5500
FC9106AAE90350DC0FC203086E54C254
08FC9106F5E903D5730EC303086F54D9
54FCFB910609EA0304A70FC203086F54
BF5305FC9206A4EA03FF2410C303086F
546F5209FC910650EB030D0C0EC10308
6E54E651A602C203</Data>

   <DataCRC>129d9045</DataCRC>

   <BytesSent>12376</BytesSent>

</SBEDataUpload>
</InstrumentRawData>
</SBEDataUploadFile>
