<?xml version="1.0"?>
<!-- SCPlusV2_RS232 -->
<SBEDataUploadFile>
<ApplicationData>
<Seaterm232>
<SoftwareVersion>2.6.3.104</SoftwareVersion>
<BuildDate>30-Jun-2017</BuildDate>
</Seaterm232>
</ApplicationData>
<InstrumentState>
<HardwareData DeviceType='SBE19plus' SerialNumber='01906740'>

   <Manufacturer>Sea-Bird Electronics, Inc.</Manufacturer>

   <FirmwareVersion>2.2d</FirmwareVersion>

   <FirmwareDate>9 February 2011 08:30</FirmwareDate>

   <CommandSetVersion>1.1</CommandSetVersion>

   <PCBAssembly PCBSerialNum='25307' AssemblyNum='41054G'/>

   <PCBAssembly PCBSerialNum='25737' AssemblyNum='41580B'/>

   <PCBAssembly PCBSerialNum='24669' AssemblyNum='41606'/>

   <PCBAssembly PCBSerialNum='24372' AssemblyNum='41059D'/>

   <MfgDate>  08 DEC 2010</MfgDate>

   <InternalSensors>

      <Sensor id='Main Temperature'>

         <type>temperature0</type>

         <SerialNumber>01906740</SerialNumber>

      </Sensor>

      <Sensor id='Main Conductivity'>

         <type>conductivity-0</type>

         <SerialNumber>01906740</SerialNumber>

      </Sensor>

      <Sensor id='Main Pressure'>

         <type>strain-0</type>

         <SerialNumber>3220369</SerialNumber>

      </Sensor>

   </InternalSensors>

   <ExternalSensors>

      <Sensor id='volt 0'>

         <type>SBE 43 OXY</type>

         <SerialNumber>432005</SerialNumber>

      </Sensor>

      <Sensor id='volt 1'>

         <type>not assigned</type>

         <SerialNumber>not assigned</SerialNumber>

      </Sensor>

      <Sensor id='volt 2'>

         <type>ECO-FLNTURT CHL</type>

         <SerialNumber>FLNTURTD-2025</SerialNumber>

      </Sensor>

      <Sensor id='volt 3'>

         <type>ECO-FLNTURT TURB</type>

         <SerialNumber>FLNTURTD-2025</SerialNumber>

      </Sensor>

      <Sensor id='volt 4'>

         <type>not assigned</type>

         <SerialNumber>not assigned</SerialNumber>

      </Sensor>

      <Sensor id='volt 5'>

         <type>not assigned</type>

         <SerialNumber>not assigned</SerialNumber>

      </Sensor>

   </ExternalSensors>

</HardwareData>
<StatusData DeviceType='SBE19plus' SerialNumber='01906740'>

   <DateTime>2018-12-07T14:28:32</DateTime>

   <LoggingState>not logging</LoggingState>

   <EventSummary numEvents='241'/>

   <Power>

      <vMain>12.2</vMain>

      <vLith>5.4</vLith>

      <iMain>61.5</iMain>

      <iPump>36.4</iPump>

      <iExt01> 4.1</iExt01>

      <iExt2345>20.6</iExt2345>

   </Power>

   <MemorySummary>

      <Bytes>1492821</Bytes>

      <Samples>87813</Samples>

      <SamplesFree>3782666</SamplesFree>

      <SampleLength>17</SampleLength>

      <Profiles>111</Profiles>

   </MemorySummary>

</StatusData>
<ConfigurationData DeviceType='SBE19plus' SerialNumber='01906740'>

   <ProfileMode>

      <ScansToAverage>1</ScansToAverage>

      <MinimumCondFreq>3226</MinimumCondFreq>

      <PumpDelay>60</PumpDelay>

      <AutoRun>no</AutoRun>

      <IgnoreSwitch>no</IgnoreSwitch>

   </ProfileMode>

   <Battery>

      <Type>alkaline</Type>

      <CutOff>7.5</CutOff>

   </Battery>

   <DataChannels>

      <ExtVolt0>yes</ExtVolt0>

      <ExtVolt1>no</ExtVolt1>

      <ExtVolt2>yes</ExtVolt2>

      <ExtVolt3>yes</ExtVolt3>

      <ExtVolt4>no</ExtVolt4>

      <ExtVolt5>no</ExtVolt5>

      <SBE38>no</SBE38>

      <OPTODE>no</OPTODE>

      <GTD>no</GTD>

   </DataChannels>

   <EchoCharacters>yes</EchoCharacters>

   <OutputExecutedTag>yes</OutputExecutedTag>

   <OutputFormat>raw HEX</OutputFormat>

</ConfigurationData>
<CalibrationCoefficients DeviceType='SBE19plus' SerialNumber='01906740'>

   <Calibration format='TEMP1' id='Main Temperature'>

      <SerialNum>01906740</SerialNum>

      <CalDate>07-Jan-11 </CalDate>

      <TA0>1.255288e-03</TA0>

      <TA1>2.593288e-04</TA1>

      <TA2>-2.376104e-07</TA2>

      <TA3>1.449298e-07</TA3>

      <TOFFSET>0.000000e+00</TOFFSET>

   </Calibration>

   <Calibration format='WBCOND0' id='Main Conductivity'>

      <SerialNum>01906740</SerialNum>

      <CalDate>07-Jan-11</CalDate>

      <G>-1.033008e+00</G>

      <H>1.393941e-01</H>

      <I>-2.175401e-04</I>

      <J>3.475757e-05</J>

      <CPCOR>-9.570000e-08</CPCOR>

      <CTCOR>3.250000e-06</CTCOR>

      <CSLOPE>1.000000e+00</CSLOPE>

   </Calibration>

   <Calibration format='STRAIN0' id='Main Pressure'>

      <SerialNum>3220369</SerialNum>

      <CalDate>21-Dec-10</CalDate>

      <PA0>8.222195e-01</PA0>

      <PA1>1.566037e-02</PA1>

      <PA2>-6.194425e-10</PA2>

      <PTCA0>5.244452e+05</PTCA0>

      <PTCA1>4.417653e+00</PTCA1>

      <PTCA2>-9.798927e-02</PTCA2>

      <PTCB0>2.510725e+01</PTCB0>

      <PTCB1>-1.150000e-03</PTCB1>

      <PTCB2>0.000000e+00</PTCB2>

      <PTEMPA0>-5.917147e+01</PTEMPA0>

      <PTEMPA1>5.387460e+01</PTEMPA1>

      <PTEMPA2>-2.653169e-01</PTEMPA2>

      <POFFSET>0.000000e+00</POFFSET>

      <PRANGE>5.076000e+03</PRANGE>

   </Calibration>

   <Calibration format='VOLT0' id='Volt 0'>

      <OFFSET>-4.687158e-02</OFFSET>

      <SLOPE>1.247988e+00</SLOPE>

   </Calibration>

   <Calibration format='VOLT0' id='Volt 1'>

      <OFFSET>-4.719579e-02</OFFSET>

      <SLOPE>1.248132e+00</SLOPE>

   </Calibration>

   <Calibration format='VOLT0' id='Volt 2'>

      <OFFSET>-4.684526e-02</OFFSET>

      <SLOPE>1.248324e+00</SLOPE>

   </Calibration>

   <Calibration format='VOLT0' id='Volt 3'>

      <OFFSET>-4.678105e-02</OFFSET>

      <SLOPE>1.247145e+00</SLOPE>

   </Calibration>

   <Calibration format='VOLT0' id='Volt 4'>

      <OFFSET>-4.669684e-02</OFFSET>

      <SLOPE>1.248307e+00</SLOPE>

   </Calibration>

   <Calibration format='VOLT0' id='Volt 5'>

      <OFFSET>-4.709579e-02</OFFSET>

      <SLOPE>1.247697e+00</SLOPE>

   </Calibration>

   <Calibration format='FREQ0' id='external frequency channel'>

      <EXTFREQSF>9.999977e-01</EXTFREQSF>

   </Calibration>

</CalibrationCoefficients>
<EventCounters DeviceType='SBE19plus' SerialNumber='01906740'>

   <EventSummary numEvents='241'/>

   <Event type='ErrorFLASHUncorrectableError' count='241'/>

</EventCounters></InstrumentState>
<Headers>

cast  73 03 Dec 2018 07:37:22 samples 66072 to 66516, avg = 1, stop = mag switch

</Headers><InstrumentRawData>
<SBEDataUpload startAddr='1123207'>

   <Type>1</Type>

   <DataFormat>SEACATPLUS0</DataFormat>

   <Bytes>7565</Bytes>

   <Data>
6008045F430BFA03080954B954880035
0E2C0704745F0BFD0308075470548600
370E9006040E420BFC030807542A5490
00350E270604D2240BFD030805541054
9700370E7C0604B1340BFF03080354B4
537004AE0E9D0804953C0B0104080154
B8536B04B50E2C0904DE7F0B050408FF
53BB537B04B80E1709045B950B080408
FE5398536D04AB0EBE0804A0810B0904
08FD5394536E0411104C08046A3B0B0A
0408FD539253740416100608040B2A0B
0C0408FC53C85372041110F10704801C
0B0F0408FC53C1536F041610EE07042D
2A0B110408FA53B353ED02640FFD0704
58140B130408FA539053F402610F7008
04FF0B0B100408F8539653F302660F1E
090419100B0F0408F753D453F0026C0F
66090450140B140408F753DD53F10266
0F8F0904524D0B190408F753E3531703
460FAE090436530B1F0408F953F4530F
03460FDF09041D4A0B220408F953FC53
17034B0F070A049BEA0B200408FA531F
541703420F2A0A0421200B190408FB53
3254F2025210580A04EA270B130408FD
535D54F1025310750A04DE370B120408
FD537454F3025410BD0A0401F3131704
08FD535754F9025710490A046DBB131F
0408FD5344544804440F790804CB7A0D
250408FD537E544C04470F2408045E5F
0C270408FE5385544804440F960A043B
2D13250408FF53A5545204410FE40B04
62E9131E0408FF53BA54C502920F710C
0487E0131A04080054B254BF028B0FEC
0C044DD2131904080254CC54C2028D0F
020D048DC2131C04080254D954C50298
0FC80C0448F60F2004080354DE54B702
8F0F900C04CE740B2704080254B954D6
02680FCC0C040BB50E27040804548A54
D302670F330D04ABC00B250408045493
54CD02670F9B0D04B21B132204080454
8A54CC02620F060E04A2CF131F040805
5482540303AA0F6E0E0480FA0E220408
06549B540503B00FC50E046402102604
08075486540B03B80FE90E04E18D0B25
0408085479540203B40F080F04421614
2704080854A554DE0220102D0F0403B9
1323040808548654DF022010570F0453
B6131F04080854A454DE0216107A0F04
4F6A0F2104080754A754E3022410910F
04E87D112404080754D754EA02880F99
0F04FE7F0D2504080854E154FD028B0F
A60F04FBD20B2504080754E654F50286
0FC20F045B840F2504080754F054EE02
7E0FEB0F0401EC0F2504080654E854EA
027A0F0F100436791223040806540255
FA028B0F3010043B5810230408065402
55FB02A40F4A100430090D2504080654
1355F802920F68100430930B28040805
5429550803930F8F10043E820C260408
05542F557103730FB21004055E0C2A04
0805542B556703770FCB100459E70F27
0408045451557103760FE710043E1D13
24040804544B556C03770FFC10047E4C
0D21040804544D55EF026B0F171104F9
810E23040803544755E802640F3E1104
362C1025040803549255FB02620F7111
0425D20B29040803549055F5025E0FB4
1104E4E40B2B040802549A55BE02BF0F
E811047F6D0D2A040802549455C402CD
0F0C120426040C2904080254BD55C202
CC0F3312049E9B0F24040802549555C1
02B90F4D1204D1D30C22040801549B55
BA02BC0F5C12042EEA0C2204080154A9
55E102760F691204DCAB0B2404080254
B455D5027F0F7812045A870B29040803
54AF55DF02780F8A120461260B290408
0354A255D302810FA41204CE550B2704
080354B355C102BE0FB51204D0770B23
04080354B555C502B70FC21204DF270E
1D04080354D155C502B50FC81204311B
0C1D04080354B655C202B10FCF12045D
940C2004080454C255C5027B0FD91204
A809122404080454A255BA02710FC012
04D9A3132904080354C955BF02750F6D
1204728B0C2B04080454C355BC02730F
2912048FA9132704080454A3551D03BD
0FFF1104A5880D2404080454A6552603
BE0F1E1204588D0F22040803549B5529
03BB0F6412040B9D0B2204080454A255
2003CA0FB7120430B10B220408045494
552303BA0FEA1204605C0B2004080354
9C55FC029B0F1513041FB60B24040802
5496550503820F37130447B30B220408
035495550203950F58130412EE112804
08025472550403890F70130492DA122A
0408025480551A03A50F81130407B20C
2C040802547E551303B40F9513044148
11290408015476551303AF0FA91304D5
1F13260408015497550E03BA0FB41304
9F7C1124040801548A55F102DC0FC113
044F53132504080254A055F302CC0FC5
1304B7540D2C040802549C55FB02CD0F
CB13049DD60B2C04080254AD55FB02E0
0FCF1304552D0C2C04080154A955F702
E70FCE13041F71102A04080254C655F2
02F60FC21304645E0F2804080254B955
ED02F60FBA1304B64E132504080254D2
55ED02EE0FAE1304A37F112904080254
EB55E802EF0FA7130487D80C2B040802
54DF55FA02960FA61304A3540C2B0408
0154F255F7029C0FAC130400470F2A04
080254E15500039C0FAC1304658F1029
04080254ED55F602900FA813046D2D13
2704080254E7550103D60FA113045857
0D2804080254EB550503D80F9E130487
120E2904080254F8550A03CE0F9C1304
2A9D0B290408035401560A03D60F9C13
04A93D0C2804080354FA55BD02D80F95
130461F8102404080354EC55BA02CF0F
8E13048DC4132404080354F055C402CE
0F711304B7D2132704080354FE55BB02
CE0F2C1304FACD132D040803540A56F7
02F60FE612048AF90F30040803542156
EE02F00FD51204DB900E2F040802542E
56E502EA0FC5120442F40F2904080354
4E56F502F20FC912041A031323040803
542B56E402F60FDA120410B113220408
03541F5606030110E3120498A3132504
080354FF55FB02FE0FEC120408A20E29
0408035403560303FC0F00130491F50C
2A040802540C560803081016130477E1
102A040802540556BA02D80F1F1304C7
6B132804080254E455C102D10F221304
DBCA1328040802541256C102C90F1A13
04EB7B102B040801543B56C102D10F1B
1304215A0D29040801544A56D0020910
241304CDBF0E28040801544556CE0203
10291304F5F20E26040801543756CB02
0D10351304E70C1324040801541556D3
02001040130434AA1329040801542C56
F902E70F4A1304FE83132B0408015427
560603EB0F48130499790C2C04080054
FF550703EF0F511304F6551329040801
543056FF02E30F5013040FF712260408
00541B56FD02D80F5213042638122504
0800541F56C602F50F5F13041BB41327
040800544956D902FC0F601304D3B213
27040800543156C902EF0F5A13045F61
0F2B040800541456CB02EC0F5F13045E
B6122D040800544456DF02C80F611304
BE7D132A040800543D56EB02D80F5813
0465A8102B040800541F56D102CF0F5D
1304DC78102A040800541D56E202CB0F
66130420C61125040800542556DA02E2
0F6A130441D01324040800545556E402
D60F5313049FDB1325040800543D56E5
02D80FFD1204E9E5132D040800543656
E102DC0FF911040FD01331040800543D
56D202C00FA81004FF40103104080154
4C56D302D00F371004B3C5132C040800
543D56C902E30F22110456DE13240408
00547556D302D60FDE1104D6D4131E04
0800549A56C502DC0F38120436F21322
040800546956F802AA0F48110449BB16
2C0408FF5351560903A40F710E046D2B
14360408FF533D560403B60FAC0B04C9
8310340408FF532F56FE02A80FB60C04
3E1D142E0408FF533D56DC023A10D50E
048B1B14220408FF538956E0023510BD
0F04221314220408FF539D56E4023C10
E50F04202814280408FF538856EB0234
10670F04B90E142E0408FF538156EC02
BE0F200F047EF213330408FF537056F1
02C30FFC0E04D7F713330408FF536956
EA02C40FA10E04C5ED132F0408005453
56FA02C50F430F04D5EB132C04080054
5C562903021078100447F3132A040800
544D562403FF0F18110449F7132A0408
00545656240306105F11048BEC132C04
08005474562503FB0F1F120429AC132F
040800546C562203F90F06130439A713
2D040800545F56CF02E90F61130486ED
132C040800544256CF02F40F851304C2
F6132B040800543556D002F80F9D1304
90F9132D040800545056CC02E60F8513
0430F6132C040800544756DD02BC0F5F
1304ABF4132D040800543F56DA02CF0F
3813041DEE132F0408FF537456E902B2
0F2E13044CE313300408FF537056E502
B30F5F130453E3132D0408FF53995608
03A00F8A130446EE132D0408FF538856
0003B30F7213041FF5132D0408FE5374
56F902B10F2F130454EA132F0408FE53
56560A03AA0F1B13042BE5132E0408FF
539056F002F40F231304DEEF132E0408
FF538C56EE02F40FF212041AF7132E04
08FF538256F302FA0F961204CDEE132E
0408FF537856EE02FC0F711204F1EB13
2E0408FF537956FE02E90F6A1204F4EF
132E040800545F560003AA0F4A12042B
F2132B0408FF539656F702B20F141204
AFF1132A040800548C56E602AD0FE311
04C3F5132A040800549C56F602BE0FAC
11040AF8132D040800546D56E4021610
631104CDF81331040801548A56EA021B
10141104B4F21335040801548556D102
1210E31004ABE51334040801549356E0
021410F0100417E9132D040801547B56
E402FC0FED100406F9132A040800548F
56E202EE0FA7100406F9132904080054
A456DE02F50F6E10040AF7132B040800
547156EA02F10F5C1004ADF8132E0408
00545D56E602E00F3E100455F5133004
0800545856F802D60F2E100414F41331
040801545B56F902E90F191004B8F113
31040800543D56F902E10F1610047BF2
1331040800546656FA02DE0F121004A7
F0132D0408005490560403C40F111004
6DEA132D040800545556FA02B60F2010
0416E8132C040800545956FB02C20F38
1004A0EB132A040800549E56FC02B80F
4410043FF5132B0408FF53CE56E302ED
0F2E1004F1F3132E0408FF53AA56E602
E50F18100420F8132F0408FF539356DD
02EB0FFB0F0470F6132E0408FF539D56
DB02F50FD30F047010142E0408005496
56ED021510340F04A90E14290408FF53
B056F7021E10810E0436F813290408FF
53B15600032610200E04D6F9132A0408
FF53F556F4021810B20D0490F9132E04
08FE53F856F302E00F700D04AEE61330
0408FE530657EA02DE0F8B0D044EEB13
310408FE53C656EF02E50FC00D043DF4
13320408FE53F056ED02D80F0C0E04F9
F813360408FE53DB56F102E30F390E04
4B0714390408FE53C856DF02B60F220E
04E509143B0408FE53B656EB02C00FFE
0D04F21214410408FE539B56EC02C90F
BC0D04541414440408FE53B256D902C5
0F5E0D04203514490408FE539956D902
1E10B90C04D48714520408FE53BF56E1
021D10BF0B04C09C195A0408FE53C856
E0022010790A0493471A640408FE53BF
56ED021410BC0804C3751A6F0408FE53
0257EA02D70FA10604B3721A790408FE
531557EA02D70FEC0404A6371A810408
FE530857D702D80F7C03049C0A1A8704
08FE530F57ED02C60FE703042C071A8B
0408FF535557DB022A10530604374D1A
8E0408FF539457D9021C10D307045EA4
1A990408FF53B557E0023310EE06044F
CD1AA70408FF53D857E2022910740404
C6981AAF0408FF530958E00216109B02
0418551AB50408FF531858DC023110B3
0104B03D1ABA0408FF534858F0022C10
01030497791AC10408FF537A58E2022D
10A50404C8C01ACB0408FF539C58ED02
4010780404B2E31AD80408FE53CB59E3
02BA0F160304E8D51AE00408FE530A5D
D902B70FE90104A38D1AE50408FE5355
5CDC02BD0F330104BB721AE80408FE53
EB5BE402C30FE00104A1741AED0408FE
539A5B1303A50F2703046FB21AF50408
FE53985B0C039F0F410404B8E11A0105
08FE538E5B1103A70FD10304A4DE1A06
0508FF537B5B13039A0F21030466B01A
0B0508FF53885BF7021610A20204579F
1A0A0508FF53D85BEA022510200304F8
9D1A0D0508FF53D15BF2021410010404
2A9E1A110508FF53FD5BDD021C10FC04
0423C31A180508FF53225CDB0223103B
050465E71A210508FF536C5CDD021410
AD0404FAEE1A2905080054795CDA0207
10FD03044EEA1A2E050800549E5CE002
12108D0304FCD31A3405080054DB5CE8
02221043030498C71A300508FF534D5D
F202F10F0C03049EC41A310508005461
5DF602ED0FEA0204C3BC1A3305080054
5D5DF002F60F41030435BF1A37050800
54985DF902F10FCE030446D01A3C0508
0054A95DE80209100504044EE51A3F05
080054EC5DE2020310F703041CEC1A43
0508FF531D5EDC020D10C503045AEE1A
480508FF53825EE802F90F8E03046AF2
1A510508FE53995ED90252105803045B
F81A590508FE53FF5EE60247102B0304
93FF1A5E0508FD53115FE3023F100703
040FFC1A5F0508FD53405FE4023710F9
0204B9EB1A610508FD53765FCE023F10
ED020495E41A670508FC53AD5FFF02A3
10E202046EF21A6E0508FD53CD5FF002
B210D70204F0011B760508FD531760EF
02A510CB0204B40A1B7D0508FE535260
E802A410C20204160C1B810508FD5358
60EC02C010C40204C3041B8A0508FD53
CF60ED02B910C90204B5001B8F0508FD
53D260E402C110C9020444FA1A930508
FE531961F302AF10C50204CB041B9905
08FE535D61E4029210C102046F0B1BA0
0508FE536161FA028E10BA0204A10D1B
A50508FE538F61F4028A10B70204750C
1BA80508FF53DB61F9028D10BB0204BC
0C1BAF0508FF53F761E802CF10BC0204
970C1BB7050800546162F102D410BB02
045D101BBF050800546162EF02D410BC
020482131BC905080054C162EB02D110
BA020402121BD3050800541B63F302D2
10BE02040E051BD80508FF534663DE02
9510B9020497FA1AD90508FF534D63ED
028710D80204A4F51ADC0508FF538163
D80294103403047FFB1AE20508FF53BC
63D7028510850304E8091BEE0508FF53
0C64F502E81096030455101BF60508FF
533D64ED02F11069030454021BFB0508
FF537164F102EE103D0304A6F91AFC05
08FF539E64EF02F2105D03040DF81AFC
050800541C65DA028510BC030437FE1A
00060800545F65DE028B100604040B0B
1B0C0608FF53B665D902861004040409
0E1B1906080054D465E4029210BC0304
F5011B210608FF53246605034F107A03
046AFB1A270608FF537A66020351109E
030461FA1A2B06080054CB6602035110
E903049BFF1A2E0608FF530367F90258
101A040410041B340608005456670303
52102F0404BE061B3A060800549167EE
0269102204045A071B4306080154D667
FA026E10090404D2081B4D0608015434
68EB027A10E8030489071B5506080054
3D6802037210D20304D9021B5B060800
549068D2025A10C6030404011B5C0608
0054C368CA026610BF030466031B5F06
0800543769D2026610AD0304F1071B66
060800545769D1026010930304D50A1B
6E0608FF53F469D402BF10720304E605
1B740608FF533A6ADC02C31051030475
021B760608FF53846AE302C810370304
CA031B760608FF53A56AE402C7102A03
0414041B750608FF53DE6AF502041124
0304AA041B730608FF53FA6AF502F610
1D0304CB041B73060800540E6B0603F8
10170304FA021B740608FF53CC6B0903
FA1013030424031B780608FF53706C01
03F9101203044D061B780608FE537C6D
E902041110030425091B780608FE53BE
6CE50202110B0304AC081B760608FE53
796CE402F210070304E5021B770608FE
53106DDD020211070304FC001B770608
FE53506DE602FD1007030499011B7706
08FE535C6FDA02FC102A030410041B76
0608FE537A6FDE02FA104E0304BB091B
790608FD53B26FEB02EC104C03040D0E
1B770608FD536D6EE6022A11390304DE
081B710608FD534A6EF2022111270304
A7021B620608FE53796EF00225111B03
04D6FC1A530608FE53456EE6021F1116
04040BFC1A490608FE53666EED02D010
DE05048DFD1A4B0608FD53D46ECB02D2
10080704C8051B490608FD53C56ED102
CF108A07049E071B480608FE53046FCA
02E1109D07043E041B400608FE53F76E
D002DA10590704FBFF1A380608FF53FF
6E0303431027070458FE1A360608FE53
A06EF60255102F0704BAFD1A340608FE
53316FF70248104B07043A011B390608
FF53F66EEC0249105B07046E031B3C06
08FF53EE6EE7027710500704B4021B3C
0608FF53346FF9027E1046070446011B
3A0608FF531F6FEA0287103E07044500
1B2E0608FF53C76EF5027F10340704DB
FD1A230608FE53D16EEE024710310704
6BFC1A1C0608FE53D86EF20245104E07
043BFE1A1B0608FE53106FF6025A1070
07044F011B1A0608FD53F16EED024A10
7D0704A2011B180608FD53F46EF6025C
10770704E2FF1A190608FE53F36EEE02
6E10710704D0FE1A160608FD53B16EF8
0263106B07043FFE1A0D0608FD53806E
F5026210670704A1FD1AF80508FD5337
6EF10258106007047AFB1AEA0508FC53
3B6EE70252106907046DFA1AE20508FC
53886EE2024910AB070461FA1AE10508
FC53226FE8024510F3070441FC1ADF05
08FC536F6EE90246102E0804EBFC1ADB
0508FB53666EF20263104708046BFC1A
D50508FB53756EFA0261104708045DFB
1AC80508FB53FE6DF1025310410804BB
F81AB50508FC53716DF7026910490804
C6F51AA40508FC537E6DC5023610A808
0445F11A9D0508FD533F6DCE0232103D
0904EEF01A970508FC53B86DD1024710
B209049DF61A8C0508FC53456DCF0240
10EA0904E3F61A7A0508FC53FE6CD002
4010F30904CDF11A6D0508FC53EE6C09
035710ED090487EC1A650508FC53136D
02036410EA0904DDE91A540508FC5367
6C07036A10ED090410E51A450508FC53
426C08036810E9090441E11A320508FC
530A6CFF0258100D0A0442DD1A290508
FC53716CFC025E10500A0411DD1A1B05
08FB539D6BFC025E10850A0463D81A0A
0508FB534D6BFD0261109F0A04A2BB1A
FB0408FC53E56AF2024110A60A04F38D
1AF20408FC53F26AFB023610980A04D8
881AE50408FB53376AF9023D10850A04
E17B1AD90408FC53C569FC023D107B0A
0465611AC90408FB535F69FC02FB0F74
0A04924F1ABF0408FB538569FD020110
620A04D74B1AB20408FA53B968F102FE
0F400A0478441A9F0408FA535268FE02
09102D0A0430321A8C0408FA53E867F3
02FA0F170A0474341A7A0408FB53B967
C002C90FC90904E14E1A720408FB538E
67C202BE0F7109046B651A680408FC53
BF66C102C70F540904A9621A580408FC
533A66C202BA0F580904632218460408
FC53D065C302F80F5B09046466143704
08FC53C865C102F00F6F0904FD77162A
0408FD53CA64BD02F40F87090420A817
1E0408FC534D64BF0200108B09049E63
14140408FC53F063BE0253108B09049C
7A140C0408FC531364B70252108D0904
7FBF14050408FC534C63B5024C108C09
04B15814000408FC53BA62C602591087
0904E34814FD0308FC53EC61F302FA0F
850904D46614010408FD533D61E302F4
0F7F09048E79140B0408FD53BB60F902
F80F7F0904D35D140F0408FC535B60F0
02FC0F7F09043B4A140D0408FB530760
F102F60F7C0904604D14080408FC535A
5FB1029C0F790904793414040408FC53
F95EB9029C0F770904604714040408FB
53AA5EB1029F0F750904085F140C0408
FB534D5EB702A70F710904495D141004
08FB53F35DA802730F6C0904644E1414
0408FB53855D9B02710F6C09041A4314
100408FC53015D9202700F6409046430
14090408FC53C65C95026B0F620904D4
2814040408FC53A25C04038A0F5F0904
654314070408FC535C5CF7028F0F5B09
04034B140C0408FC53165CFE02890F58
09045B3D14100408FC53E45B0B03980F
520904235B14110408FC538B5BD1029C
0F520904D745140C0408FC534E5BD102
A50F4E0904F438140C0408FD53FA5AD7
029D0F4B09045840140A0408FC53BA5A
D202A40F460904723E140A0408FC53C7
5ACB02A30F410904414114070408FB53
4D5AC60218103B0904203A14030408FC
53165ACF020510350904A63414050408
FC53DD59C00217103109045438140604
08FB53AF59CA0212102B090479371408
0408FB5399593703F40F280904343D14
0A0408FB5382593C03ED0F210904CA3B
14080408FB5369592903DB0F1B0904AB
2E14020408FB5319593503FC0F190904
CD2714020408FB53F458C402DA0F1409
04B83814FD0308FC53135ABB02D70F11
0904AFB111F30308FC539E65C602DB0F
120904D95A11EA0308FC53F467C202EF
0F1509049DE310DA0308FC53E86AC901
B00B180904A3E70BCA0308FC53B36AC5
01A00B330904532A0FC10308FC536869
C301A50B4B0904337E0FC30308FD53EE
67CC01B60B7D0904C2470FC30308FD53
9E66B401A70B560A048B7F0EC30308FD
53CB649302CE03120B044E8710C40308
FE530863A602BF03900B04C78F12C303
08FD53C061AA02CC03AB0B04FD9D11C6
0308FD536060A602CA038B0B046A0412
C30308FD53835FA302BE035A0B044681
12C40308FD538E5EA802BF03290B0408
1213C40308FC53CF5DA002BC03</Data>

   <DataCRC>e7a7313c</DataCRC>

   <BytesSent>7565</BytesSent>

</SBEDataUpload>
</InstrumentRawData>
</SBEDataUploadFile>
