<?xml version="1.0"?>
<!-- SCPlusV2_RS232 -->
<SBEDataUploadFile>
<ApplicationData>
<Seaterm232>
<SoftwareVersion>2.6.3.104</SoftwareVersion>
<BuildDate>30-Jun-2017</BuildDate>
</Seaterm232>
</ApplicationData>
<InstrumentState>
<HardwareData DeviceType='SBE19plus' SerialNumber='01906740'>

   <Manufacturer>Sea-Bird Electronics, Inc.</Manufacturer>

   <FirmwareVersion>2.2d</FirmwareVersion>

   <FirmwareDate>9 February 2011 08:30</FirmwareDate>

   <CommandSetVersion>1.1</CommandSetVersion>

   <PCBAssembly PCBSerialNum='25307' AssemblyNum='41054G'/>

   <PCBAssembly PCBSerialNum='25737' AssemblyNum='41580B'/>

   <PCBAssembly PCBSerialNum='24669' AssemblyNum='41606'/>

   <PCBAssembly PCBSerialNum='24372' AssemblyNum='41059D'/>

   <MfgDate>  08 DEC 2010</MfgDate>

   <InternalSensors>

      <Sensor id='Main Temperature'>

         <type>temperature0</type>

         <SerialNumber>01906740</SerialNumber>

      </Sensor>

      <Sensor id='Main Conductivity'>

         <type>conductivity-0</type>

         <SerialNumber>01906740</SerialNumber>

      </Sensor>

      <Sensor id='Main Pressure'>

         <type>strain-0</type>

         <SerialNumber>3220369</SerialNumber>

      </Sensor>

   </InternalSensors>

   <ExternalSensors>

      <Sensor id='volt 0'>

         <type>SBE 43 OXY</type>

         <SerialNumber>432005</SerialNumber>

      </Sensor>

      <Sensor id='volt 1'>

         <type>not assigned</type>

         <SerialNumber>not assigned</SerialNumber>

      </Sensor>

      <Sensor id='volt 2'>

         <type>ECO-FLNTURT CHL</type>

         <SerialNumber>FLNTURTD-2025</SerialNumber>

      </Sensor>

      <Sensor id='volt 3'>

         <type>ECO-FLNTURT TURB</type>

         <SerialNumber>FLNTURTD-2025</SerialNumber>

      </Sensor>

      <Sensor id='volt 4'>

         <type>not assigned</type>

         <SerialNumber>not assigned</SerialNumber>

      </Sensor>

      <Sensor id='volt 5'>

         <type>not assigned</type>

         <SerialNumber>not assigned</SerialNumber>

      </Sensor>

   </ExternalSensors>

</HardwareData>
<StatusData DeviceType='SBE19plus' SerialNumber='01906740'>

   <DateTime>2018-12-07T14:28:32</DateTime>

   <LoggingState>not logging</LoggingState>

   <EventSummary numEvents='241'/>

   <Power>

      <vMain>12.2</vMain>

      <vLith>5.4</vLith>

      <iMain>61.5</iMain>

      <iPump>36.4</iPump>

      <iExt01> 4.1</iExt01>

      <iExt2345>20.6</iExt2345>

   </Power>

   <MemorySummary>

      <Bytes>1492821</Bytes>

      <Samples>87813</Samples>

      <SamplesFree>3782666</SamplesFree>

      <SampleLength>17</SampleLength>

      <Profiles>111</Profiles>

   </MemorySummary>

</StatusData>
<ConfigurationData DeviceType='SBE19plus' SerialNumber='01906740'>

   <ProfileMode>

      <ScansToAverage>1</ScansToAverage>

      <MinimumCondFreq>3226</MinimumCondFreq>

      <PumpDelay>60</PumpDelay>

      <AutoRun>no</AutoRun>

      <IgnoreSwitch>no</IgnoreSwitch>

   </ProfileMode>

   <Battery>

      <Type>alkaline</Type>

      <CutOff>7.5</CutOff>

   </Battery>

   <DataChannels>

      <ExtVolt0>yes</ExtVolt0>

      <ExtVolt1>no</ExtVolt1>

      <ExtVolt2>yes</ExtVolt2>

      <ExtVolt3>yes</ExtVolt3>

      <ExtVolt4>no</ExtVolt4>

      <ExtVolt5>no</ExtVolt5>

      <SBE38>no</SBE38>

      <OPTODE>no</OPTODE>

      <GTD>no</GTD>

   </DataChannels>

   <EchoCharacters>yes</EchoCharacters>

   <OutputExecutedTag>yes</OutputExecutedTag>

   <OutputFormat>raw HEX</OutputFormat>

</ConfigurationData>
<CalibrationCoefficients DeviceType='SBE19plus' SerialNumber='01906740'>

   <Calibration format='TEMP1' id='Main Temperature'>

      <SerialNum>01906740</SerialNum>

      <CalDate>07-Jan-11 </CalDate>

      <TA0>1.255288e-03</TA0>

      <TA1>2.593288e-04</TA1>

      <TA2>-2.376104e-07</TA2>

      <TA3>1.449298e-07</TA3>

      <TOFFSET>0.000000e+00</TOFFSET>

   </Calibration>

   <Calibration format='WBCOND0' id='Main Conductivity'>

      <SerialNum>01906740</SerialNum>

      <CalDate>07-Jan-11</CalDate>

      <G>-1.033008e+00</G>

      <H>1.393941e-01</H>

      <I>-2.175401e-04</I>

      <J>3.475757e-05</J>

      <CPCOR>-9.570000e-08</CPCOR>

      <CTCOR>3.250000e-06</CTCOR>

      <CSLOPE>1.000000e+00</CSLOPE>

   </Calibration>

   <Calibration format='STRAIN0' id='Main Pressure'>

      <SerialNum>3220369</SerialNum>

      <CalDate>21-Dec-10</CalDate>

      <PA0>8.222195e-01</PA0>

      <PA1>1.566037e-02</PA1>

      <PA2>-6.194425e-10</PA2>

      <PTCA0>5.244452e+05</PTCA0>

      <PTCA1>4.417653e+00</PTCA1>

      <PTCA2>-9.798927e-02</PTCA2>

      <PTCB0>2.510725e+01</PTCB0>

      <PTCB1>-1.150000e-03</PTCB1>

      <PTCB2>0.000000e+00</PTCB2>

      <PTEMPA0>-5.917147e+01</PTEMPA0>

      <PTEMPA1>5.387460e+01</PTEMPA1>

      <PTEMPA2>-2.653169e-01</PTEMPA2>

      <POFFSET>0.000000e+00</POFFSET>

      <PRANGE>5.076000e+03</PRANGE>

   </Calibration>

   <Calibration format='VOLT0' id='Volt 0'>

      <OFFSET>-4.687158e-02</OFFSET>

      <SLOPE>1.247988e+00</SLOPE>

   </Calibration>

   <Calibration format='VOLT0' id='Volt 1'>

      <OFFSET>-4.719579e-02</OFFSET>

      <SLOPE>1.248132e+00</SLOPE>

   </Calibration>

   <Calibration format='VOLT0' id='Volt 2'>

      <OFFSET>-4.684526e-02</OFFSET>

      <SLOPE>1.248324e+00</SLOPE>

   </Calibration>

   <Calibration format='VOLT0' id='Volt 3'>

      <OFFSET>-4.678105e-02</OFFSET>

      <SLOPE>1.247145e+00</SLOPE>

   </Calibration>

   <Calibration format='VOLT0' id='Volt 4'>

      <OFFSET>-4.669684e-02</OFFSET>

      <SLOPE>1.248307e+00</SLOPE>

   </Calibration>

   <Calibration format='VOLT0' id='Volt 5'>

      <OFFSET>-4.709579e-02</OFFSET>

      <SLOPE>1.247697e+00</SLOPE>

   </Calibration>

   <Calibration format='FREQ0' id='external frequency channel'>

      <EXTFREQSF>9.999977e-01</EXTFREQSF>

   </Calibration>

</CalibrationCoefficients>
<EventCounters DeviceType='SBE19plus' SerialNumber='01906740'>

   <EventSummary numEvents='241'/>

   <Event type='ErrorFLASHUncorrectableError' count='241'/>

</EventCounters></InstrumentState>
<Headers>

cast 105 04 Dec 2018 10:21:28 samples 85406 to 86219, avg = 1, stop = mag switch

</Headers><InstrumentRawData>
<SBEDataUpload startAddr='1451885'>

   <Type>1</Type>

   <DataFormat>SEACATPLUS0</DataFormat>

   <Bytes>13838</Bytes>

   <Data>
5800049A8D12D30308E2539F4C9A028C
1166FD03718915DE0308E3536D4C9002
8D112AFB03AEEC13E80308E453294C8D
0281119AF9039C4215EF0308E6536D4B
92028D11ADF803FEC815F40308E65317
4BF50220153BF8035A5816FA0308E953
074BF3021E1505F803D28716FA0308EB
53B44AF3021C158AF703322716FD0308
EC53824AF3021815FAF60314B9160004
08ED53764A0003FC0F8BF603AECC1A02
0408EF536B4A0D0303101CF603ED1A1B
050408F053514A0B030510ACF5037E22
1B010408F253624A0003041025F50353
281B000408F4534A4AEA02E30FA5F403
25281B030408F5533B4AE402EB0F29F4
037D291B0A0408F753284AE202E80FB0
F3033B2E1B150408F953324ADF02E30F
A7F3039B2E1B1C0408FA53514AD502DC
0FF8F3037F2C1B270408FC53524AC202
950F3AF4031C2B1B2B0408FC53584AC1
02990F7BF403C82A1B2D0408FD533E4A
C6028C0FD6F403182B1B2E0408FF537A
4AC602930F6CF503312B1B310408FE53
5F4ABB02A70FABF603C4291B310408FF
53A54AAC029A0F20F80353271B310408
FE53CD4AAC02A20F77F90392251B3304
08FF53F24AB302A00F82FA0343251B36
0408FF53EA4ABE02650F47FB0343251B
350408FF53034BC502670F2FFC030C24
1B330408FF53134BB9026A0F37FD037A
221B310408FF53314BBC02720F29FE03
4D211B310408FF53404BCF02710FEBFE
0352201B310408FF53724BDB026A0F73
FF039E1F1B340408FE53A74BD402670F
D9FF03281F1B350408FF53944BC6026D
0F110004EA1E1B350408FF538F4BCE02
5E0F1C0004B71E1B350408FE53B24BE0
024F0F0A0004CC1E1B370408FE53C74B
E202560FF1FF030B1F1B350408FD53C7
4DEA024F0FDDFF03671F1B320408FD53
9E4DE102520FB8FF03B21F1B350408FC
532B4DDE024A0F85FF0306201B370408
FD53F74CE902580F58FF03CC1F1B3A04
08FD53A94CE6025B0F37FF0345201B3B
0408FD536E4CE602580F20FF0334201B
3B0408FE53834CC8029B0F11FF033820
1B390408FE53714CBB02870F14FF033D
201B360408FE535A4CC302970F28FF03
41201B350408FF53124CC502980F42FF
033D201B360408FF53074CE302A20F62
FF03D21F1B370408FF53F64BDC02990F
85FF03A61F1B360408FF53B04BE00293
0F89FF034A1F1B3704080054F64BE602
940F67FF03EE1E1B3804080054B74BE4
02A70F2FFF038E1E1B3C04080054964B
C802AA0FF8FE03571E1B3A040800548B
4BBF02B40FCAFE03321E1B3B04080054
674BC602A70F95FE03321E1B3A0408FF
537A4BD002A20F63FE03431E1B3A0408
0054584BBC02990F3AFE03571E1B3904
080154364BB902A70F14FE03921E1B34
040801540D4BCA029E0FDCFD03181F1B
3404080054004BC002A10F92FD03911F
1B3204080154E74AC6026F0F4EFD03AE
1F1B3504080154CC4AC902600F18FD03
CC1F1B3804080054914AC3025C0FEEFC
0323201B3904080054804AC7025F0FBC
FC038F201B3904080154634AE502840F
9CFC03AE201B39040801541C4AE00280
0F8AFC03CB201B3904080154594ADE02
830F75FC0359211B3904080154894AE4
02820F6DFC0326221B38040801544A4A
DE028D0F77FC034C221B370408015433
4AA402670F8BFC0350221B3804080254
134AB102600FA5FC0344221B3A040802
54E849AE02680FC2FC0332221B3B0408
0254E849B502690FDAFC032B221B3804
080254DF49E202440FE8FC0309221B37
040802545E4AE8023E0FF2FC03D7211B
3A04080254554ADF02420FFBFC038721
1B37040802547F4AE0024A0FF3FC037F
211B39040802540C4A9F02670FD6FC03
C2211B3904080154FD499B02640FB7FC
03D5211B3B04080154AA49A0025B0FA2
FC03A0211B3B040801548249A702650F
91FC03BE211B3D040801546749D70289
0F73FC0333221B3E040800547C49CC02
7C0F5CFC036A221B3F040801547749CF
027F0F53FC038B221B40040801543B49
D3028A0F58FC03A0221B3E0408005436
49D202890F60FC039C221B3D04080154
5B49B402530F73FC03B7221B3B040801
543C49B902560F9BFC03E7221B3A0408
00545749BE02530FC3FC03E3221B3B04
08FF53AE49C202570FEAFC0398221B3A
0408FF539249CA028C0F2AFD0344221B
390408FF534E49CE02840F76FD03F821
1B3A0408FE534049D302870FBFFD0398
211B3F040800546549D902820FFFFD03
5C211B3D040800546349FA02600F35FE
032F211B3D040800543649F102600F62
FE0306211B3D04080054F048EE02670F
84FE0306211B3D040800545249EF0259
0FA3FE03F9201B3E04080154C948E702
910FC1FE03D7201B3D040801540849DC
02930FD4FE03AE201B3D040801541C49
EA02830FEAFE0323201B3D0408025405
49DE02930F00FF03EA1F1B3D04080154
1449ED029A0F13FF03E11E1B3C040801
54F248C7025D0F24FF03DE1D1B3A0408
0254F348CD02580F36FF038E1D1B3B04
080354E948DB02500F44FF03651D1B3B
04080254C848CE02530F4FFF032E1D1B
3C040803549C48FC020B105AFF030D1D
1B3D0408035476480203191064FF03AD
1C1B3B040803548C480B0316106EFF03
481C1B3D04080354C048F702101076FF
03201C1B3E04080354AD48F7023F0F80
FF03371C1B3E040804546D48F302400F
88FF03371C1B3E040803541E48F40245
0F93FF03A91B1B3E040803541B48F702
3F0F9EFF03021B1B3E040802542B48E4
023E0FA6FF03891A1B3F04080254EF47
D8023A0FADFF03311A1B3E04080154DF
47E002400FB5FF03101A1B3E04080154
E847D302400FBFFF03EE191B3F040802
54EF47DE023F0FC9FF03BE191B3E0408
01548F47DF02930FD4FF03B0191B3F04
0801548F47D202870FDDFF03D1191B3E
040801548C47E102930FE6FF0364191B
3B040801547147D7028F0FEFFF03FC18
1B3C04080154BE47BD026D0FF7FF03B1
181B3C040801545F47C302730FFDFF03
76181B3E040800549D47C002720F0600
047F181B40040800546647C7026F0F10
0004AD181B3D040800545F47F8022F0F
1B000494181B3F040801544447FE0238
0F2400048B181B3C040801544247F402
2F0F2E000410181B3C040801540C47F7
02400F390004BF171B39040801541247
FD02320F4300046F171B3C04080254F6
46ED02330F4B00046F171B3E04080254
D846F1023D0F51000467171B3D040802
54E546EF022A0F5B00046B171B3F0408
0254D446F302290F6A00047C171B3F04
080254E1460203A30F75000428171B3E
04080254AA460703950F8000040B171B
3E04080254A246FC029E0F890004D516
1B3C040803549846FA02A20F9200049E
161B3B040803548946CF02A00F9B0004
82161B3B040803548646CF02A30FA200
0492161B3C040804546B46DB02A70FAC
000475161B3D040804545146DC02A30F
B6000475161B3F040804543C46DA0264
0FC0000468161B40040804541E46DC02
540FC900044F161B3D040804540746E8
025D0FD6000421161B3A04080454DE45
ED02570FDF000400161B3B04080354CE
45D802470FE90004EB151B3C04080354
B845ED02490FF30004FC151B40040804
548C45E202480FFB00040C161B410408
04547E45EA02460F040104D6151B4104
0804547D45E002370F0C0104BD151B3E
040803546A45FC02470F170104B5151B
3F040803545045F002440F1D01048F15
1B3C040802544845F502480F28010461
151B3F040802544345F302380F2F0104
5D151B3E040803541B45D4025C0F3401
047E151B3D040803540545CD02660F3C
01048F151B3E040802541145CF025A0F
450104A0151B3F04080254E644D10267
0F4B010465151B3F04080254D744E502
390F53010440151B4004080354C644E8
023E0F5A010423151B3E04080354A144
F702490F63010425151B4004080354A5
44F502450F6B010433151B4004080354
BF44D502510F73010451151B3D040803
54A244CF024D0F7901042F151B3D0408
0354B044D302570F81010401151B4004
080454A844C2024B0F870104D3141B3F
040804546344D1024A0F8E0104CB141B
3F040804547F44BB024F0F940104CF14
1B3F040804545244C5025D0F9A0104F1
141B40040804546044CA025A0FA00104
0A151B4204080354F443C002560FA801
04F1141B4104080354D843C802880FAF
0104EC141B42040803540644D7029D0F
B30104DD141B4104080354CA43C70293
0FBB0104AE141B4204080354D243DE02
910FC101048C141B4004080254E243EA
02A00FCA010488141B4004080254FE43
E102A40FCF0104A1141B4104080354ED
43DF02A00FD50104A6141B4104080354
BE43DF02A40FDA0104BA141B40040802
54B143D602C30FE00104B2141B420408
0254B643DB02C60FE301046F141B4204
0801549A43CE02CD0FE5010456141B43
04080254BD43D002D90FEA010463141B
4504080154A143D102D10FF001049114
1B48040802544E43DE02510FF50104CF
141B48040802546B43E9025E0FFA0104
D1141B48040802547243D802560FFE01
04CF141B49040803545043E602530F03
0204BA141B49040803543543F002670F
0A020480141B4A040803543C43E00262
0F1102047C141B4A040804542D43E602
650F160204AE141B4D040803542943DE
025B0F1A02042F151B4E040803542643
DD02380F1B020401151B4D040803541F
43D5024B0F1D0204A1141B5004080354
0443D9023E0F220204F5141B52040804
54FE42E502440F2302041F151B540408
04542443CB022E0F23020423151B5304
080454E542CB023A0F29020439151B56
04080454C042CE02390F2C02040E151B
5504080454B842D1022D0F3202041A15
1B5604080454D142CE023E0F370204E8
141B5904080454E242EE02420F3E0204
C7141B5904080454E342F502370F4902
04FD141B5C04080454CF42EE02320F4F
0204AC151B6204080354BB42E402330F
4A02048A161B6804080454C342C602E7
1043020479161B6A04080354AE42C202
F1103B020484171B6A04080454AF42C4
02ED10260204D1161B68040804547D42
BE02FA101C0204BC161B69040804546D
42DE026C0F19020496161B6B04080454
7342C7025C0F15020447161B6E040803
547142D4025F0F1502046B171B710408
03546642D0025D0F01020407171B7004
0803543C42E202880FE90104D9161B72
040803542A42E202840FD401046B171B
70040803542C42D7028F0FBC01046F17
1B72040804542A42E2028C0FA80104BA
171B76040804545042E202810F940104
44181B7D040804545742D4021C0F6501
04B9181B80040804542842CD02150F33
0104DB181B80040804541D42DA02280F
0A010464181B82040804540E42C6021F
0FEE0004DC171B8604080454F941A902
280FD60004F1171B85040804541042B3
022E0FC20004CF171B85040805540642
BB022C0FB70004C7171B840408045409
42A8022D0FB00004C3171B8504080554
2842CB02B00FAC0004AA171B86040804
543042DE02B00FAE0004AA171B870408
04541042D602B40FAF0004CB171B8604
0804542A42CC02BC0FB0000406181B86
040804543742F602610FAC000424181B
88040804544842EE02600FA50004A517
1B88040804543942F1025B0FA2000478
171B87040804544142ED02610FA30004
E8171B8A040804543742F502640FA500
047A181B92040805545042D302780F94
000422191B97040805545042D5027A0F
7E0004C4191B97040805543042CF0273
0F5F000448231B9A040805546142CC02
700FA8FF03E2261B9A040806548042E0
02640F88FE036C271B9C040805546942
E802640FBBFD032D271BA204080654B9
42EE025E0F4BFD03642A1BA904080654
9D42E7025E0F54FC03922A1BAE040806
54C442EE02530F83FB039A2A1BAE0408
0654EE42E0025D0F1EFB03B82A1BAF04
080654F642DF024F0FE5FA038F2A1BAD
040807542E43E402520FDAFA03032A1B
AE040807546043E002690FFDFA030C2A
1BAF04080754C543D7025E0F17FB035F
2A1BB404080754F143E202600F11FB03
F7281BB4040807543644DB02620F71FB
034F281BB5040807547044E2025F0FEA
FB0331281BB704080654B544D4029E0F
48FC0347271BBA040807540245D202A0
0FB6FC03E6261BC0040806544D45D002
9D0F17FD03A7261BC1040806547C45CF
02970F62FD0353261BC4040806549F45
C8024F0FA7FD03CD251BC604080654EB
45CF02440FF2FD03A7251BC804080654
1A46CF023A0F2BFE0388251BC9040806
544A46D1023C0F51FE03C9251BCA0408
07546946D702A10F55FE03F7251BCC04
080654B846CC029A0F42FE03EA251BCD
04080654CC46C702A50F38FE03FB251B
CC04080654B746CA029E0F31FE030C26
1BCB04080654CC46E002750F27FE0321
261BC9040806541B47E0027A0F1CFE03
19261BCA040807542F47DF026B0F19FE
03EA251BCD040807547E47DE026D0F28
FE034B261BD504080654CA47D7026E0F
11FE0379261BDC040806541948D7025B
0F05FE03DE241BE6040807544B48E602
670F66FE03A8241BEB040807545048E6
026D0FC2FE03D6241BF3040808548B48
E302580FD3FE03E9251BF90408085463
48FE027D0FA4FE032E241BFE04080854
B74801037C0F01FF037A221B04050808
54D648FC028B0FBEFF03F8221B0B0508
085406490203800F38000412211B1105
0809541349AC02450FE00004F1201B18
050809541449B402470F5E0104AE1F1B
1B050809544549BE02390FE601044D20
1B1D050809544049AE023A0F1502048D
211B1C050809542B49E402960FC60104
FC221B1C05080954FD48E002900F2201
04CE231B1E05080A541D49EE028F0F75
00042A241B2105080B541F49D802920F
F9FF03F4221B2305080A545349E00291
0F0C00046E221B2805080A548949E002
3210590004F4211B2D05080A547B49E0
022010A8000411221B3005080A546749
E2021E10D400041E221B3305080A5455
49DB022610DF00042B221B3605080A54
5649D902A00FE6000487211B37050809
547449E802A60F15010427211B350508
0954A849DB029C0F4E0104CF211B3405
080854B149E0029C0F3C01042B221B36
05080A549949F502740F0C01047A221B
3A05080954BF49F402720FD40004FB24
1B40050809540C4AF402710FECFF0370
271B4905080954EA49F002730F9CFE03
D1271B4B05080954DE49E802580FADFD
035B281B4D05080854BB49F502580F0C
FD03AB281B4D05080754C249ED02590F
A2FC03AF281B5105080854FA49EB025D
0F69FC03DF281B5805080854E1490003
620F44FC03C8281B5C05080854EC49DE
02370F37FC03EE281B6305080854F849
DC02490F2CFC03E6281B6705080754F2
49D3024F0F21FC03FF281B6805080754
F749D702470F12FC0329291B6A050808
54334AD5027B0FFBFB03CD291B6A0508
0754FA49D202830FC7FB039E291B6B05
080854E849C902870FAEFB0370291B6E
05080754F549D2028B0FB2FB03E2291B
7405080754024ACF02680F97FB033A2A
1B7C05080854244ACF025E0F6BFB0379
2A1B8405080854374AD3025D0F3CFB03
972A1B8C05080954A94AC9025C0F18FB
03A72A1B9505080954864AD802F10F05
FB03142A1B9C05080954844AE602F60F
26FB039E291B9C05080954744AE202ED
0F61FB03C0291B9E05080954664ADF02
EE0F7DFB03CD291B9E05080854604AE4
02EA0F85FB03FD291BA1050808549D4A
FE02480F76FB036C2A1BA7050808548A
4AFE023A0F53FB03EA291BAD05080854
EB4A02033A0F6BFB03C0271BB4050808
54D54A0B03460F12FC034F271BB60508
0854EA4ABB02710FB4FC0325271BB905
080854E24AC802760F18FD0318271BBD
05080854AF4AB902730F49FD0343271B
C505080854974AC502620F68FD034B25
1BCA05080854C74AF302850FF6FD03C5
241BCF05080854C14AED02850F7FFE03
B4251BD605080854B94AF502850F94FE
0336251BDB05080854EF4AF102830FB1
FE038A241BE205080954CD4AE7026E0F
FCFE0343241BE505080854A74AB9027B
0F2EFF03D6241BE5050809549C4ABD02
750F29FF03EF241BE505080954864ABE
02750F18FF0343251BE605080A54784A
BB02780FCDFE0303271BE805080A547B
4ACA02440F29FE0329271BEE05080A54
6F4AD5023E0FD3FD0315251BF305080A
54464AD5023B0F32FE03FF241BF50508
0A54404ACD02450F96FE0315251BF505
080A541A4AF5025B0FBCFE0310261BFA
05080A54134AEF02530F8FFE0319251B
0106080A54E649F202510FA7FE039B24
1B0206080A54C049EE02590FEFFE03F7
241B0406080A549B49E2027C0F07FF03
C9231B0806080A549A49E002820F74FF
03BD211B0C06080A54A849DA02850F48
000449211B1206080A54AB49D802870F
ED000455211B1906080A547249E0025D
0F42010437221B1E06080A547549DE02
4D0F33010409221B2206080A544649DB
02470F1C0104A0211B26060809545949
EF024D0F3801042B211B27060809544C
49E302530F6E010416211B2806080954
4549EB025A0F94010414211B28060809
546549E6025A0FA7010440211B2A0608
08544B49D902510FA00104A5211B2E06
0808545049E8024A0F7D0104E3211B36
060809549C49F902840F4E010498221B
3C06080A546A49F502860F090104A822
1B4006080A548149F402830FCA000411
231B4506080A548249F102820F980004
12221B4E06080A547149DB025B0FCB00
04A7201B5306080A546C49D6024C0F54
010441201B57060809546C49D102540F
C5010412211B5E06080A548D49D1024D
0FD3010494211B65060809546E49C802
410FBC01044D201B66060809546D49F5
022E0FFD010417201B67060809546949
FB02380F380204FE1F1B6A06080A545D
49EA02320F53020467201B6E06080A54
5649F4022E0F3E02042B211B7006080B
545749D6024D0FFC0104C6211B790608
0B54AC49C902560F9901042A231B7E06
080C546E49D602560FE3000493241B84
06080B543D49D1024F0F13000415241B
8C06080B544549D202DF0FD4FF038B22
1B9306080B543D49C802DE0F2200048B
231B9D06080B544149CF02E40F100004
CA241B9E06080B541049CD02DD0FA1FF
03C5241B9F06080C541E49CF02440F56
FF03D6241BA106080C541449DC023D0F
2DFF03EB241BA606080D540B49D3023D
0F17FF03AC241BB306080C544449CF02
3E0F32FF0362211BBF06080C545149D2
02440F1D00045A201BC806080C541949
FC02600F1D0104CF201BCC06080C5402
49FE02620F940104E0201BCD06080C54
0849F802540FC20104D3201BCE06080C
54DA48F702650FD80104DC201BCF0608
0B54CF48D102240FDF0104D7201BD106
080B54ED48D102340FE30104DC201BD3
06080B540749D702240FE2010412211B
D706080B540F49DB02300FD101042F21
1BDB06080B541549E502350FBE010414
211BE406080B544149E802350FBE0104
C3201BEB06080A545949E602360FD201
04E4201BF406080A547849E1023A0FD8
01041A211BFC06080A545C49FC02860F
CE010473201B07070809546E49EC0285
0FF50104911F1B1107080A547D49EE02
820F5B0204521F1B1807080A548249F5
02880FA30204CC1F1B1B07080A545249
F502840FA702047F201B1907080A5423
49DF025A0F700204D3201B1907080B54
3849D2025E0F36020445201B1807080B
543949D902420F36020473201B1E0708
0B540749C702520F2E0204F9201B2007
080A540949E4025C0FFE010477211B25
07080A54FA48E6025E0FB501041A221B
2E07080A541049DB02620F7001048821
1B3907080A541849EA02590F8A010437
1D1B3D07080A541649ED02B40FD30204
F11A1B4007080A54DF48F502B10F5904
04021B1B3F07080B54D648F002AD0F3B
0504F01B1B4507080B54B348E802C50F
5D0504741E1B4E07080B54C648E30275
0F75040404231B5607080C54D148E602
740FA30204E3231B5E07080B54CF48E6
02780F1B0104CD241B6907080C54DD48
E3026F0F0C000423231B7307080C54DA
48D502650F280004441C1B7C07080B54
0D49D202B30F33020427181B8807080C
54EB48DB02B40FEB040499171B900708
0C54C748D502B50FB406044D181B9207
080D54BA48CF02AE0F77070455181B98
07080D54AD481503740FBF070461181B
9D07080D54AB480603650FD307041618
1BA407080E548D4808036E0F08080432
161BA907080E549D480F036B0F930804
3E161BAB07080E549948FA02490FEC08
048B171BAF07080E54A548EF02540FC9
0804AE171BB407080D54A648F402570F
9D08049E161BB907080E548948ED0253
0FCE0804EF151BBF07080E549348EE02
560F250904D2151BC807080F546748F4
02620F710904B8131BCF07080F545748
ED02620F180A04FD141BD107080E543A
48FC02630F4B0A045D151BD107080E54
3848EF02570F290A0472151BD007080E
543C48F6020F0F050A0493151BCF0708
0E5433480803180FE70904EF151BD607
080E5427480503140FBF09042A161BDF
07080D541148FC021A0FA90904E0131B
EA07080C542D48F102A50F210A047D13
1BF307080D541C48F302A00FB70A04A2
111BFC07080D543748EA02A20F960B04
E2101B0608080D541748E6029C0F630C
0472101B0B08080D5417481303710FE6
0C049B101B1308080D54F7471103760F
250D04A8101B1B08080C541548100378
0F380D04AC101B2408080C54FA471403
7E0F390D04B9101B2E08080C54DF4704
036F0F3B0D0437101B2E08080B54CF47
0B03780F5E0D040E101B3108080B54C4
47FD027A0F820D0416101B3608080B54
C047FE02740F920D041E101B3B08080B
54B947FA026F0F950D0401101B3E0808
0B54AC4711034D0FA10D04E80F1B3F08
080B549547FD02570FB00D04E20F1B43
08080C549A470A034E0FB40D04F50F1B
4908080D548C4704034D0FB20D04D30F
1B5308080C548E470603460FBA0D04DC
0F1B5D08080C546F471303490FBE0D04
33101B6708080C547B471303400FA60D
0440101B7308080C5485471203430F93
0D04A60F1B7E08080C549A472603290F
B00D04A10F1B8608080C5490471C033A
0FCA0D04780F1B9308080C5474472203
470FE10D04950F1B9D08080E5459471E
03350FED0D04F30E1BAA08080F545547
07038E0F1E0E04EC0D1BBA08080F548D
4700038B0F840E04D30D1BC608080F54
5F470303940FD00E04EC0D1BD208080F
5488470703910FF30E04F00D1BDD0808
0F5466470403990F000F049D0D1BE708
0810543347F902650F1C0F04730D1BEE
0808105437470503640F3B0F049E0D1B
FA080810542A470003660F400F04AA0D
1B0409080F543D471003650F3C0F047C
0D1B0E0908105454470B03970F430F04
990D1B1B09080F5441470F03960F430F
04950D1B28090810541C470B03960F41
0F049D0D1B31090811541C470F03940F
3B0F04010E1B3D090811540F470D030E
10210F04E80D1B470908115409471C03
1310150F04B20D1B50090811542A4711
0314101E0F04BE0D1B5C090810541647
18031610240F04B60D1B660908105412
47FC028F0F290F04D70D1B7009081054
0847F502970F220F04F00D1B79090810
5401470503900F150F04EC0D1B830908
10540747FE02910F110F04D70D1B8A09
081054FA460203930F120F04E00D1B8C
09080F5407471E036D0F140F04D70D1B
9309081054FB462103710F170F04BA0D
1B9B09081054E7461D036E0F1D0F04C3
0D1B9D09081054F24619036F0F240F04
CE0D1BA409081054E546F102730F220F
04BA0D1BB009081054EF46F702700F24
0F048C0D1BBC09081054EC46F902610F
320F04520D1BC809081054F946F30271
0F4F0F04140D1BD109081054F0461103
600F710F040F0D1BDA09081054054711
035E0F830F04410D1BE3090811540747
0F035E0F7F0F04670D1BF009081054F9
461603650F730F04630D1BFE09081054
FF461403620F6A0F04350D1B080A0810
54F54611035E0F710F04280D1B130A08
1054DF4611035B0F7A0F041C0D1B1F0A
081054EE461603680F820F04520D1B29
0A081054E54610035E0F7B0F042D0D1B
2F0A081054EE462803A30F810F04F70C
1B360A081054F2461903A50F910F04EE
0C1B410A081054D24620039C0F9F0F04
EA0C1B4B0A081054D0462903A50FA90F
04DE0C1B550A081054D3460F038E0FAF
0F04EA0C1B610A081154DB461203980F
AE0F04F10C1B640A081054D546150398
0FAD0F04F70C1B640A081054C7461603
8C0FAB0F04FF0C1B660A080F54D24607
034B0FA70F04FB0C1B6C0A080F54DD46
F602530FA50F04F70C1B760A081054D9
460603540FA40F04FB0C1B850A080F54
C54604035A0FA20F04FF0C1B920A0811
54E2462603980FA40F04FB0C1B9E0A08
1054EE462403960FA30F040B0D1BA50A
081054EA462B03980F9F0F04140D1BA4
0A081154D0462003910F9B0F04180D1B
A70A081254F94621038A0F960F04180D
1BB10A081154EC460803630F930F0414
0D1BBB0A081154034712035E0F950F04
140D1BC70A081154E74619035F0F950F
04140D1BD10A081154E24611035C0F97
0F04180D1BDC0A081154E8463303E00F
940F04180D1BE60A081154F9463703DC
0F920F04140D1BEF0A081154DE463103
DA0F940F04180D1BF70A081154F74635
03DA0F940F04180D1B000B081154E246
00037E0F940F04150D1B0F0B081154FE
460403850F930F040F0D1B190B081254
F6460403800F950F04140D1B240B0812
54F746F802850F940F04140D1B320B08
1354E2462503910F940F040F0D1B3E0B
081354F64621038F0F980F04140D1B42
0B081354FF462603910F990F040B0D1B
420B08135400472003970F9A0F040F0D
1B450B081354EA4620038B0F9B0F040B
0D1B490B081454FD464403910F990F04
140D1B520B0814541C473F03930F980F
040F0D1B5D0B08145421474303920F98
0F040F0D1B6D0B08145415474D03930F
960F04070D1B7B0B08145408471E034F
109A0F040B0D1B800B08145412471303
4D109B0F04140D1B830B08155405471A
034910990F04180D1B830B081454F546
14035310970F041C0D1B8C0B08145402
470503CE0F950F040F0D1B980B081454
FE460803D10F930F04140D1BA80B0814
541C471703CC0F940F04190D1BB40B08
135408471203D80F940F04240D1BC10B
0813540B4713036F108E0F043D0D1BC8
0B081354144725036910860F04390D1B
CA0B0811540F4717037010800F04390D
1BC80B081154FC46250372107E0F0435
0D1BCA0B0810540C471A0363107D0F04
350D1BCB0B08115400471C030E117C0F
04350D1BCC0B081154F946240300117F
0F04310D1BCD0B081254F9461C030611
810F04350D1BCA0B0811540A47200309
11800F04390D1BCC0B08105402472D03
FB107E0F04460D1BCC0B081054E3462A
03F210790F04460D1BCB0B081054EE46
4203FF10750F044E0D1BCC0B081054E5
46380300116E0F044E0D1BCD0B081054
D54646031A116B0F04520D1BCD0B0810
54E94647031F11680F04560D1BCC0B08
1054004745031F11660F045A0D1BCB0B
081054F2463E031611620F04560D1BCB
0B081054054733033511610F04520D1B
CA0B081154F24631033811630F04510D
1BCA0B0811540E4733033A11640F044E
0D1BC80B081254004733033A11670F04
520D1BC70B081154FC462E033611670F
044E0D1BC70B081154F9461C03D81068
0F04410D1BC30B0811540E471E03D810
6C0F044E0D1BC50B08125420471B03E4
106C0F044E0D1BC50B0811541F472003
E1106B0F04410D1BC50B0812540E472D
038B106E0F04460D1BB50B0812540A47
370390106D0F04520D1B9D0B08125429
47330388106B0F044E0D1B840B081254
32472D038910660F044A0D1B790B0811
542547280310106A0F04280D1B790B08
1154424724031910730F04180D1B7E0B
0812546C47170315107F0F040F0D1B87
0B081154614719030C10880F04180D1B
890B0812543B4713031C108F0F040F0D
1B8A0B08135432471B0323108F0F0414
0D1B870B081254414717031910920F04
0F0D1B850B081254484706031F10910F
04190D1B850B08125443470F031D108F
0F04140D1B840B08115434473303C40F
900F040B0D1B860B08115448473203BC
0F8F0F040B0D1B860B0811542F473403
BE0F920F04070D1B880B0811543C4738
03C20F940F04FF0C1B8A0B0811544847
2003E20F970F04030D1B8A0B08115454
471D03E10F990F04FF0C1B880B081054
37472303E60F9A0F04030D1B8A0B0811
542A472203DE0F990F04030D1B8B0B08
115428470D03B20F990F04030D1B8F0B
08115433471103B40F970F04FF0C1B8F
0B0811543B471003B40F990F04FF0C1B
8F0B08115441470D03AB0F9A0F04FF0C
1B910B0810543447170331109A0F0407
0D1B920B0810543C47270336109B0F04
FF0C1B950B08105432471C032F10990F
04FF0C1B970B08105423472203291097
0F04030D1B960B0811541B4719033010
990F04070D1B990B08125439472303E5
0F980F04070D1B990B08115430471703
E40F960F04090D1B9B0B08125439471C
03E00F930F04070D1B9C0B0812542747
2203EA0F930F04030D1B9B0B0812542A
470103A50F950F040B0D1B9D0B081354
394704039F0F940F04070D1B9C0B0813
5430470803A50F910F040F0D1B9D0B08
11544147FE02A50F900F040F0D1B990B
08115427472403E50F8F0F04070D1B84
0B0811542B471C03E50F8F0F041C0D1B
630B0811542D471803DE0F880F04200D
1B420B08115442471E03E00F820F0424
0D1B320B08115461471E0317107F0F04
0B0D1B2B0B081154524723031810830F
04FB0C1B1D0B0811544847230318108C
0F04FB0C1B010B08115443471A031010
910F04070D1BDF0A0811545447190316
108F0F04070D1BC40A0812543B471003
B60F8D0F04070D1BAE0A0812543B470E
03B10F8D0F04030D1B950A0812544247
0403AF0F8C0F04FB0C1B7A0A0812543F
471303B70F900F04F70C1B5C0A081254
434712030510910F04ED0C1B480A0813
545D4708030510970F04D90C1B430A08
145455470D0309109D0F04D10C1B3A0A
08145464471A03FE0FA70F04D10C1B29
0A08155450471503CF0FAB0F04D10C1B
070A0815546A470F03D40FAD0F04D50C
1BE6090816544A471103D40FA90F04DE
0C1BCE090815544A470D03D30FA70F04
FB0C1BC1090815545C471A03A60F9A0F
04240D1BB80908155455471603A50F87
0F042D0D1BAA0908155471471303A40F
7B0F04310D1B930908155469471503A2
0F740F04280D1B770908155451471303
A20F710F04390D1B690908155455471A
03580F6D0F04630D1B57090815546847
14035C0F5C0F04780D1B3E0908145447
4713034A0F4D0F046F0D1B1D09081554
2D4715034F0F450F049D0D1B00090814
543B472103910F2F0F04540E1BED0808
145441471C038C0FEE0E04200F1BEA08
0813546D4727039C0F8B0E04B60F1BE5
0808135442471D03950F2A0E04460F1B
D608081454544713036D0F090E049D0F
1BB708081254414711036B0FEE0D0488
0F1B9E080812544C471103700FDE0D04
E40F1B8F08081254554715036F0FB90D
049B101B910808125475470003590F75
0D049B101B99080811546A470B034B0F
450D04B4101B9F080810548B47FE024B
0F290D04D2101BA4080811545F47FE02
4D0F140D04D6101BA4080811547647FB
024F0F040D04CD101BA3080811544E47
13034C0F000D04D2101BA0080811543B
470603540F010D04D6101B9F08081154
31471A03610FFD0C04E6101B9D080811
541F470F03570FF60C04F7101B9D0808
125436471303360FEE0C04D6101BA008
0812541F470A03310FE90C04E7101B9B
0808125414470F032C0FEA0C04EF101B
87080811540E471A03270FE80C04FB10
1B6B08081254E8462003380FE30C0425
111B5508081254E4462B032F0FD10C04
74111B4E08081354F7462F03390FAE0C
04E1111B4D08081354F2462B03380F7A
0C04ED111B5008081354EE461703430F
520C04E5111B4F08081454DC46170340
0F420C04E5111B4608081354DE460D03
420F380C04F1111B3708081254D34611
033B0F310C04E9111B2708081254D046
0A03410F300C04FA111B1A08081254CD
461C03A00F2B0C041F121B0C08081254
C74620039E0F1B0C0427121B04080811
54C0461B03A70F0E0C0453121B030808
1154CE4621039E0FF90B0462121B0408
081254DD463003B80FEE0B0466121B03
08081254DD463303B40FE20B0483121B
0208081354CE463703AB0FD60B047B12
1BFD07081354BA463003B40FCD0B047B
121BF807081254AE461E03470FC90B04
A9121BFA07081154C7461403430FB70B
049F131BFF07081254C1460A03490F64
0B0495141B0508081354BF461303470F
E80A04F2131B0B08081354BF46E002FA
0FBA0A04D5131B0C08081354B046E102
FD0FBB0A0420141B0808081354BA46DF
020010B00A043D141BFE07081354B346
E60203109E0A0414141BEC07081254B5
46D902FB0FA10A041C141BD607081354
99461503500FA00A045F141BCB070813
54D3462703590F8D0A04C3141BC80708
1354DF461E03560F610A0455151BC707
081354D1461C03550F1D0A0444151BCA
07081254B4461703840FF80904D8141B
C90708115496460A037D0F030A048C14
1BCD0708125487460D03820F2E0A041C
141BD007081254C6461303820F660A04
C4131BD307081354AE46FE02380FA60A
0479131BD407081254C0460003300FE1
0A0460131BD407081254C7460103310F
060B0447131BD707081254C246000335
0F250B0414131BD707081254A8461403
3A0F440B04F4121BD507081254B2460E
033E0F5B0B0422131BCE07081354C346
0B03470F5D0B0454131BCE07081454E1
461003400F500B043F131BD007081454
CC461303410F530B0455121BD2070814
54C34600033A0F960B0413121BC70708
1354B84607033A0FD00B04D2121BB107
081354C546FA02330FC10B04C2121B99
07081354B246F902330FAB0B0409131B
8407081454CF460003310F8D0B044713
1B7A07081354D446FC02350F650B046D
131B7B07081454CE4600033A0F470B04
15131B7D07081454CE46F702360F500B
0422131B8107081454CE4606039B0F56
0B0418131B8007081354BA460803A40F
5C0B041D131B7A07081454BE460903A2
0F5C0B0422131B6607081454B146F702
9E0F590B0432131B4507081454B446E4
022F0F4E0B04AF131B27070813549846
DF02390F0D0B04A7161B14070814549B
46DA022B0FE909044C1C1B1207081454
C146DF02350FAA0704821D1B0A070814
54A146DB022D0FC50504821D1BF10608
15548B46D802560FCB04042A1D1BD106
0815549646D102500F6C04045E1D1BB4
06081554B246D102590F2A0404B31E1B
A606081454B646C402530FA60304B220
1BA206081554D646F102640FCC0204AE
201B9B06081454BC46EC02620F400204
45201B8706081554AE46E802560F0D02
0477201B6606081554C246F1025A0FF2
0104BA201B4D06081654B746CF02410F
B90104F0221B4206081554D446D30242
0F010104C2241B3706081554D046C602
460F100004DE241B2406081554DE46CE
02470F69FF03B0241B0106081554CE46
BD023A0F1AFF03F3241BE105081554ED
46C602440FDCFE03DA251BCD05081454
0147BD02440F81FE03A7261BC8050814
542347C4023C0F13FE03D5261BBD0508
14540C47C602440FC1FD03B6261BA605
0813540B47C002670F9CFD039F261B85
050812542C47BD02640F90FD0392261B
76050812542647B902620F95FD03D126
1B71050812545247C202590F8FFD03C4
261B68050812546A47D202551087FD03
AF261B4D050811546147D002521087FD
039F261B26050811548047D6024F108C
FD03A6261B0505081154A847D2024B10
8DFD03D9261BF304081154ED47DD022F
0F83FD0321271BE504081154F747DE02
330F67FD032D271BCE04081154ED47D7
023C0F51FD030C271BB004081054DB47
E002350F47FD031C271B9704081154FC
47E602B90F44FD031B271B9104081154
1548E802B80F47FD0318271B8E040812
541448D802AE0F4BFD03F7261B7A0408
1054FB47E602B00F50FD03F3261B5304
081154F547E402B30F53FD03EE261B2C
04081254FD47B602560F53FD03F3261B
1404081254FD47C3024F0F58FD03D926
1B11040812540D48BF02570F69FD03BE
261B0C040813540D48C1024A0F77FD03
C0261B03040814541048E202490F7DFD
03B4261BF503081454B54EE702470F87
FD0396261BE903081554024BE202420F
98FD034B261BE603081354424AD90244
0FB1FD0321261BE603081254E849FB03
871FD4FD03B4251BE803081354AC49FF
03801F08FE03A7251BEC030813544749
FD03941F2AFE0386251BEF0308125408
4901049A1F46FE0386251BF003081254
3949D002410F55FE038A251BF0030811
542E49C7023E0F5EFE038E251BEE0308
12541649C7023E0F5FFE0379251BF003
0813540949DD02480F63FE0378251BF2
03081354F548D9024B0F68FE0375251B
EE03081354F048F302B40F6CFE037125
1BE6030813540049F102B40F6DFE0375
251BD503081254F6480003AD0F6AFE03
8A251BC3030811541A49F402B10F64FE
037EE71ABE03081254FE48AA08EE1952
FE03AB2E11BE030811542349B908F019
73FE0311D40EC003081154CA49B508FD
19D0FE03D3720EC003081254D949B308
FF1965FF03E9CD0EC0030813543C779E
02C60327000400720FC0030813546CB9
9E02C103BA0004EF3C0FBF030813543B
929E02C60344010424D70EC003081454
C47BA502D003010204E6490EBD030814
547C70A802C003C70204C2150EC00308
1454957BA202CA03530304411A0EC103
081454F070A002CD03B20304A1310EBF
03081554186DA402CA03FF03045C3E0D
C0030815540E70A502C803240404859F
0DBF030814548863AF02C9031B040468
0F0EC103081554735BA602C703030404
81810FC103081554EF4CA502C503F303
04937E0EC003081454D549A502C1032C
040413100EC003081454664CA802C703
21050417930DBF03081454644CA602C4
03BF0604A9370DBE03081554634E9E02
CA030B08044CE10CC1030815542D509E
02C803F4080489040FC003081454BD55
A802C403420904E1F60EBD0308155433
4CA202CA030C0904641414C003081554
094B9D02BD039308041DB615C3030814
54624AA002C3030C08048E2313C00308
1454D5490203FD0B9B0704460812C003
0813544C490603F30B460704722E11BF
030813544A49F502F20BED060414910F
C00308125421490C03FC0BC30604F870
0FC103081354FF48FE02FD0BA5060436
700DC003081354F54861028A12640604
41840DC003081354D1485D028712</Data>

   <DataCRC>55714f8c</DataCRC>

   <BytesSent>13838</BytesSent>

</SBEDataUpload>
</InstrumentRawData>
</SBEDataUploadFile>
