<?xml version="1.0"?>
<!-- SCPlusV2_RS232 -->
<SBEDataUploadFile>
<ApplicationData>
<Seaterm232>
<SoftwareVersion>2.6.3.104</SoftwareVersion>
<BuildDate>30-Jun-2017</BuildDate>
</Seaterm232>
</ApplicationData>
<InstrumentState>
<HardwareData DeviceType='SBE19plus' SerialNumber='01906740'>

   <Manufacturer>Sea-Bird Electronics, Inc.</Manufacturer>

   <FirmwareVersion>2.2d</FirmwareVersion>

   <FirmwareDate>9 February 2011 08:30</FirmwareDate>

   <CommandSetVersion>1.1</CommandSetVersion>

   <PCBAssembly PCBSerialNum='25307' AssemblyNum='41054G'/>

   <PCBAssembly PCBSerialNum='25737' AssemblyNum='41580B'/>

   <PCBAssembly PCBSerialNum='24669' AssemblyNum='41606'/>

   <PCBAssembly PCBSerialNum='24372' AssemblyNum='41059D'/>

   <MfgDate>  08 DEC 2010</MfgDate>

   <InternalSensors>

      <Sensor id='Main Temperature'>

         <type>temperature0</type>

         <SerialNumber>01906740</SerialNumber>

      </Sensor>

      <Sensor id='Main Conductivity'>

         <type>conductivity-0</type>

         <SerialNumber>01906740</SerialNumber>

      </Sensor>

      <Sensor id='Main Pressure'>

         <type>strain-0</type>

         <SerialNumber>3220369</SerialNumber>

      </Sensor>

   </InternalSensors>

   <ExternalSensors>

      <Sensor id='volt 0'>

         <type>SBE 43 OXY</type>

         <SerialNumber>432005</SerialNumber>

      </Sensor>

      <Sensor id='volt 1'>

         <type>not assigned</type>

         <SerialNumber>not assigned</SerialNumber>

      </Sensor>

      <Sensor id='volt 2'>

         <type>ECO-FLNTURT CHL</type>

         <SerialNumber>FLNTURTD-2025</SerialNumber>

      </Sensor>

      <Sensor id='volt 3'>

         <type>ECO-FLNTURT TURB</type>

         <SerialNumber>FLNTURTD-2025</SerialNumber>

      </Sensor>

      <Sensor id='volt 4'>

         <type>not assigned</type>

         <SerialNumber>not assigned</SerialNumber>

      </Sensor>

      <Sensor id='volt 5'>

         <type>not assigned</type>

         <SerialNumber>not assigned</SerialNumber>

      </Sensor>

   </ExternalSensors>

</HardwareData>
<StatusData DeviceType='SBE19plus' SerialNumber='01906740'>

   <DateTime>2018-12-07T14:28:32</DateTime>

   <LoggingState>not logging</LoggingState>

   <EventSummary numEvents='241'/>

   <Power>

      <vMain>12.2</vMain>

      <vLith>5.4</vLith>

      <iMain>61.5</iMain>

      <iPump>36.4</iPump>

      <iExt01> 4.1</iExt01>

      <iExt2345>20.6</iExt2345>

   </Power>

   <MemorySummary>

      <Bytes>1492821</Bytes>

      <Samples>87813</Samples>

      <SamplesFree>3782666</SamplesFree>

      <SampleLength>17</SampleLength>

      <Profiles>111</Profiles>

   </MemorySummary>

</StatusData>
<ConfigurationData DeviceType='SBE19plus' SerialNumber='01906740'>

   <ProfileMode>

      <ScansToAverage>1</ScansToAverage>

      <MinimumCondFreq>3226</MinimumCondFreq>

      <PumpDelay>60</PumpDelay>

      <AutoRun>no</AutoRun>

      <IgnoreSwitch>no</IgnoreSwitch>

   </ProfileMode>

   <Battery>

      <Type>alkaline</Type>

      <CutOff>7.5</CutOff>

   </Battery>

   <DataChannels>

      <ExtVolt0>yes</ExtVolt0>

      <ExtVolt1>no</ExtVolt1>

      <ExtVolt2>yes</ExtVolt2>

      <ExtVolt3>yes</ExtVolt3>

      <ExtVolt4>no</ExtVolt4>

      <ExtVolt5>no</ExtVolt5>

      <SBE38>no</SBE38>

      <OPTODE>no</OPTODE>

      <GTD>no</GTD>

   </DataChannels>

   <EchoCharacters>yes</EchoCharacters>

   <OutputExecutedTag>yes</OutputExecutedTag>

   <OutputFormat>raw HEX</OutputFormat>

</ConfigurationData>
<CalibrationCoefficients DeviceType='SBE19plus' SerialNumber='01906740'>

   <Calibration format='TEMP1' id='Main Temperature'>

      <SerialNum>01906740</SerialNum>

      <CalDate>07-Jan-11 </CalDate>

      <TA0>1.255288e-03</TA0>

      <TA1>2.593288e-04</TA1>

      <TA2>-2.376104e-07</TA2>

      <TA3>1.449298e-07</TA3>

      <TOFFSET>0.000000e+00</TOFFSET>

   </Calibration>

   <Calibration format='WBCOND0' id='Main Conductivity'>

      <SerialNum>01906740</SerialNum>

      <CalDate>07-Jan-11</CalDate>

      <G>-1.033008e+00</G>

      <H>1.393941e-01</H>

      <I>-2.175401e-04</I>

      <J>3.475757e-05</J>

      <CPCOR>-9.570000e-08</CPCOR>

      <CTCOR>3.250000e-06</CTCOR>

      <CSLOPE>1.000000e+00</CSLOPE>

   </Calibration>

   <Calibration format='STRAIN0' id='Main Pressure'>

      <SerialNum>3220369</SerialNum>

      <CalDate>21-Dec-10</CalDate>

      <PA0>8.222195e-01</PA0>

      <PA1>1.566037e-02</PA1>

      <PA2>-6.194425e-10</PA2>

      <PTCA0>5.244452e+05</PTCA0>

      <PTCA1>4.417653e+00</PTCA1>

      <PTCA2>-9.798927e-02</PTCA2>

      <PTCB0>2.510725e+01</PTCB0>

      <PTCB1>-1.150000e-03</PTCB1>

      <PTCB2>0.000000e+00</PTCB2>

      <PTEMPA0>-5.917147e+01</PTEMPA0>

      <PTEMPA1>5.387460e+01</PTEMPA1>

      <PTEMPA2>-2.653169e-01</PTEMPA2>

      <POFFSET>0.000000e+00</POFFSET>

      <PRANGE>5.076000e+03</PRANGE>

   </Calibration>

   <Calibration format='VOLT0' id='Volt 0'>

      <OFFSET>-4.687158e-02</OFFSET>

      <SLOPE>1.247988e+00</SLOPE>

   </Calibration>

   <Calibration format='VOLT0' id='Volt 1'>

      <OFFSET>-4.719579e-02</OFFSET>

      <SLOPE>1.248132e+00</SLOPE>

   </Calibration>

   <Calibration format='VOLT0' id='Volt 2'>

      <OFFSET>-4.684526e-02</OFFSET>

      <SLOPE>1.248324e+00</SLOPE>

   </Calibration>

   <Calibration format='VOLT0' id='Volt 3'>

      <OFFSET>-4.678105e-02</OFFSET>

      <SLOPE>1.247145e+00</SLOPE>

   </Calibration>

   <Calibration format='VOLT0' id='Volt 4'>

      <OFFSET>-4.669684e-02</OFFSET>

      <SLOPE>1.248307e+00</SLOPE>

   </Calibration>

   <Calibration format='VOLT0' id='Volt 5'>

      <OFFSET>-4.709579e-02</OFFSET>

      <SLOPE>1.247697e+00</SLOPE>

   </Calibration>

   <Calibration format='FREQ0' id='external frequency channel'>

      <EXTFREQSF>9.999977e-01</EXTFREQSF>

   </Calibration>

</CalibrationCoefficients>
<EventCounters DeviceType='SBE19plus' SerialNumber='01906740'>

   <EventSummary numEvents='241'/>

   <Event type='ErrorFLASHUncorrectableError' count='241'/>

</EventCounters></InstrumentState>
<Headers>

cast  86 03 Dec 2018 10:28:16 samples 74576 to 75217, avg = 1, stop = mag switch

</Headers><InstrumentRawData>
<SBEDataUpload startAddr='1267775'>

   <Type>1</Type>

   <DataFormat>SEACATPLUS0</DataFormat>

   <Bytes>10914</Bytes>

   <Data>
60180462790BC00308FA53C948A102C6
0342180420790BC10308FC53D448A802
BF03241804EF780BBF0308FE53B748A4
02BF030318048F740BC00308FE53DE48
A902C603E717042A7D0BBF03080054DF
489D02C603CB17047A830BC20308FF53
E148A102C503AE170496820BC10308FF
53C948A402BD03911704EB6A0BC00308
0054F648A402BE03701704765D0BC103
080254D648A202CA034E1704E3850BC0
030802548A49A502C8032D170417DE0B
C2030803546F49A402CE03FE1604CAC9
0CC2030805542549A402C903C5160466
360DC103080754E948AA02C6038C1604
66E20CC003080954E948A502BD033716
04B0A20CC103080A54DC48A002BB03AE
1504976F0CC003080B54DF48A602C803
101504A4430CC303080B54E048A002C5
037D14049B290CC103080954CF48B202
C203001404EA170CC003080854D848A6
02C10397130489080CBF03080954FB48
9E02BD033F1304E6F80BC103080854C6
49A502C303F51204F0F10BC103080A54
694903FC2709B51204C8E40BC003080C
541749F7FB210976120493C70BC10308
0C54164900FC2D092712047EB50BC603
080B547849FEFB2709AF110488B40BD6
03080D54B64B9F060407950F0403D50B
E403080D54194C9F0600071F0C0452A2
17F103080C548A4B9E06F7068D090456
1313F603080C54124B9B06FC063E0804
EA880EF603080C540F4BF102610FBB07
0474F614F403080B54B54AF3025F0F79
0704A14417F503080C54724AEF026D0F
420704E7121BF903080E548B4AF50265
0F070704D2121B0404080F546A4AED02
5C0FC906043E111B0D040810545C4A09
032B0F9F0604B9101B1204080F54334A
15031E0F80060446111B160408105428
4A15031E0F6E06040E121B1904081054
3B4A1203220F5E060460131B1C040810
54334A8F02E50E3D0604A3131B230408
1054314A8802DB0E170604E6131B2904
081054444A8C02E90EFB050431141B2B
04080F54574A8F02E60EEE050473141B
2704081054774AF102250FE405048414
1B2A04081154644AF902240FD405047D
141B2E04081154884AF102240FBE0504
63141B3104081154904AF002200FA205
0495141B3204081154AB4AC202020F93
0504EC141B3104081154C14AB302040F
960504C7141B3404081154CC4AC00203
0FA4050495141B3804081154D64AC402
FB0EAA050456141B3C04081154DE4AC9
02040FAB050480141B3804081254E64A
E9020D0FB105049D141B310408125408
4BD7020F0FBD0504B2141B2F04081354
144BE2020F0FCA0504B6141B30040813
54294BD702090FD00504CB141B390408
1354354BC602290FDA0504A1141B4104
0813542E4BB802330FFA050451141B45
04081354284BC0022F0F240604FF131B
41040813540F4BBB022A0F470604F213
1B3A04081354FD4BC4021A0F600604E6
131B3504081254AF4BD4021E0F750604
CD131B3404081354844BC802190F7606
04CD131B3604081354384BD102240F66
0604E6131B3804081354224BF3026F0F
52060420141B3B040813540D4BF8026B
0F42060446141B4104081354E44AF302
600F43060420141B4404081354AF4AF1
02640F4E0604EE131B4504081354974A
ED02580F5B0604BC131B44040814548C
4ADB020F0F690604B0131B3D04081454
8E4AE002110F790604BC131B38040814
54514AE702130F890604B8131B350408
1454344AEB02150F9A0604A3131B3404
081454134ACE02110FA9060492131B36
04081454EA49C702040FB506047D131B
3D04081454D049CB02150FB506045C13
1B4204081454B249CD020F0FBB0604D2
121B46040814548349D902E80EC60604
2C121B46040814546649D602F70ECA06
0464111B40040815545649D502F70EC5
0604A6111B36040815546B49D202F10E
C2060487121B32040815545049DF02ED
0EBE060432131B35040816543849DF02
F80EC8060447131B3C040816540749DF
02E80ED90604B0121B4304081554CC48
E402F90EEC0604C3111B4404081454A9
48E402F10EF50604D4111B4204081454
9B480F033E0FF7060472121B3F040815
5483480B033C0FFB060498121B3D0408
155462480703380FFE0604A9121B3804
081454824819033C0F030704E3121B33
040814547B48CE022E0F04070436131B
34040814548D48D502270F0207043B13
1B39040815545D48D502310F0307041D
131B3E040815545148CA02300F0B0704
27121B43040815543348DA02EB0E1507
0418111B44040815541648E602F30E18
0704F7101B3E04081454EE47E602E60E
2D07049E111B3B040815540D48DE02EA
0E4307042F121B38040814540748F502
210F540704AD121B3704081454F647E8
02240F580704C2121B3B04081454DE47
EE02220F4E0704BE121B3C04081454C1
47F602250F420704B9121B3F04081454
B047E6021F0F390704AD121B40040814
54C147C702100F2E070487121B440408
15548047D3020A0F2E07049A111B4204
0815548447D202130F2F070453111B3E
040815547947D5020D0F2E07040A121B
3B040815544F47F902530F2E07049C12
1B3A040816542F470B034F0F2F0704DF
121B3B040816541D47FF02580F2F0704
F4121B40040817541E4702034F0F2F07
04BE121B44040817542C47ED02130F33
0704B7111B4604081754E646E702110F
39070404111B4404081654CB46F90207
0F390704C9101B3F04081654CE46F502
0C0F3A0704E6101B3B04081654CF46DE
02380F3D070478111B38040817549346
CC02340F3D0704E5111B3904081854AE
46C302400F3D07046E121B3C04081854
A046D402330F390704A0121B40040817
548946CD02380F33070477121B460408
17547C46DC02ED0E34070496111B4A04
0817545C46E202E60E390704FB101B48
040817545246E202F30E370704C1101B
43040817544B46D902F80E360704A410
1B3C040817544046C602FC0E51070442
111B38040817543046D002F80E610704
CC111B39040816540046D302F30E6007
0457121B3A04081754F645C702FA0E59
070490121B4104081654EB45E4024D0F
5207047F121B4704081754E945D5024C
0F4B0704E1111B4B04081754E445D902
500F4C070453111B4804081754B945DB
024F0F450704E6101B4304081754B345
DD02070F3C0704C9101B3C04081754BA
45E802070F3307045F111B3904081854
B045E002030F30070413121B3C040818
54A645E0020F0F3007047B121B400408
19549545E002110F2D070490121B4604
0819548E450F03FA0E2B070427121B4D
0408195495450F03FA0E3207049A111B
4D04081A548E451303FB0E3807045B11
1B4B04081A5487451903040F37070413
111B4904081A546C45E002ED0E350704
7D111B4904081A547D45E202E70E3407
047B121B4C040819548745DE02E70E32
0704BE121B5704081A547045D702EA0E
36070487121B61040819546F450803EF
0E39070438121B66040819545345FC02
FE0E3F0704BB111B6604081A543F45FA
02FC0E3E07044F111B6804081A542845
0003050F3B0704AF111B6C04081A5446
45F402F50E3907045E121B6F04081954
5945F102F40E3807046A121B78040819
546245E902F60E36070438121B7D0408
1A542945F602F50E36070417121B7F04
081A543645F702F80E380704C8111B7C
04081A54DF44CE02150F3907043F111B
7C04081A54E644D1020D0F3B0704F710
1B7D04081A54F844CF02150F3C070453
111B8304081B54FE44CB020A0F3D0704
49121B8C04081B54DA44F602F50E3C07
047F121B9504081C54E444F702F10E3B
070472121B9A04081C54C844F102F80E
3C070462121B9A04081C54C644F002F0
0E40070430121B9704081C54D044EA02
650F400704D4111B9804081C54D244D7
02580F42070445121B9C04081B54AA44
E502690F3F070487121BA804081B54B2
44E6025A0F3C0704B1121BB204081C54
AE44E802130F350704B9121BB704081C
54AA44EE02150F330704C6121BB50408
1B54BB44E902110F340704C0121BB704
081B54AC44F602110F390704AD121BB8
04081B54A144EA02080F3E0704AD121B
B804081B54A144AE02180F420704A912
1BBF04081C548C44BF02130F480704A5
121BC504081B549B44C402220F470704
B1121BCB04081A549444B802190F4C07
04C2121BD00408195490440703240F50
0704B5121BD2040819548344F302330F
560704BE121BD704081A547844040341
0F580704BE121BDC04081A547944F902
380F5A0704C2121BE004081A546344F0
02480F580704CA121BE604081A546F44
E6023B0F580704D7121BEE04081B5472
44EF02440F5B0704E7121BF804081B54
8844E502360F620704E0121BF904081B
547444E702F00E6E0704CE121BFA0408
1B548344E002E90E780704B9121BF904
081B544244DB02F80E800704B9121BF8
04081B544144CD02F10E870704C6121B
F804081B543B44E102F50E8E0704D212
1BFD04081B543D44F102240F930704E7
121B0605081C5445440803140F9A0704
F0121B0F05081C544C4405031E0FA207
04E7121B1405081C54594402030B0FA9
0704D7121B1705081C543F44D502110F
B20704CA121B1605081C544D44DE0217
0FBB0704BE121B1505081C542E44C802
170FC60704B9121B1605081C543F44CC
02020FCE0704B9121B1A05081C542744
0203FB0ED40704BC121B2305081C5424
44FA02ED0EDE0704C2121B2F05081C54
3444FF02FB0EE80704B1121B3705081C
543F440703F20EEC0704A5121B3D0508
1C542F44D902900FF2070490121B3D05
081D544544D9028D0FF9070477121B3F
05081D542D44E302920FFE070477121B
3B05081C543D44E7028D0F0308048312
1B3D05081C543844DF028E0F0608048B
121B4405081C545144ED02D40E090804
94121B4D05081D547244EE02E90E0F08
0487121B5805081D545244F502E00E13
08047F121B6005081D544144F702E30E
14080472121B6B05081D545444CF0216
0F1A080467121B6F05081D543744DA02
0D0F1F080455121B6E05081D543144D7
02090F21080459121B6C05081D543E44
E002040F22080459121B7105081D5461
44EA02DB0E2408045E121B7705081D54
3344FC02D40E20080455121B7B05081C
543E44F302DC0E22080455121B7E0508
1D545B44E802D80E1F080451121B8305
081D544644F102580F1F080451121B88
05081E543844FA02600F1C080455121B
8F05081D543F44ED02560F1B08046212
1B9605081D542744ED025A0F15080462
121BA005081D542944EE02600F140804
59121BA705081D542544D402F50E1008
0459121BAA05081E543144E202070F0B
080457121BAC05081E544744E802020F
0A08044D121BAE05081F545144D50209
0F0908044D121BB005081F544544CA02
290F07080451121BB605081F543844C2
02180F09080459121BBE050820545D44
CC021A0F08080462121BC705081F5443
44CF02170F09080462121BCF05082054
3444E9021C0F0C080462121BD6050820
543C44F102270F0F080466121BD90508
20545A44ED02290F1608045E121BDD05
0820547644F402180F1B08045E121BDE
050820545944E802FB0E2008045E121B
E0050820544144F002F00E2408045E12
1BE7050821545D44E402E30E2A080462
121BEE050821545244F502EE0E300804
67121BF3050821545644F702EE0E3508
0466121BFA050821545F44EA02F10E3A
080466121B04060821543C44D702F40E
3E080459121B05060821541144E802FA
0E3F080455121B07060821544544E002
F60E41080455121B0A060821543644D5
02FE0E43080455121B11060821542944
D902060F43080455121B1C060821541A
44DF02F90E4308044D121B2506082254
2344DB02010F43080445121B31060822
5428440003640F3E080438121B390608
21540D440303630F39080434121B3A06
0821542144FC025D0F34080430121B37
060821541644FE02530F31080434121B
34060821540A44E502DE0E2E08043B12
1B37060821541644E102DE0E2A080440
121B40060821542C44E402DC0E1F0804
49121B4B060822541844EC02E50E1808
044D121B55060822541B44E002E10E18
08044D121B5A060821540D44FC025A0F
1B080449121B5D060821541744F10268
0F1F080445121B5C060822541144EA02
660F1E080440121B5D060822540344F5
02600F20080440121B5C06082254EF43
ED02E40E22080449121B5E0608225423
44F702DE0E2108044D121B6206082254
1244E902DE0E20080455121B6B060823
541844EC02D10E20080462121B780608
22541A44E602070F20080466121B7F06
0823542344E602FC0E25080437121B86
060824541F44DA02070F3908040A121B
86060824542444DE02060F4C0804FA11
1B86060824541C44D702360F5A0804F5
111B85060824541944EC023C0F610804
FA111B8A060824541244DD023A0F6808
04F1111B91060824541944DE02490F69
0804F5111B97060825541F44E402470F
6A0804F5111B9C060825542E440B036D
0F6E0804ED111BA3060824546A440803
710F6F0804F5111BA60608245463441D
03770F720804E5111BA7060824547944
0F03710F770804E1111BAB060824548F
44F502220F7E0804D4111BB006082454
A944EB021C0F850804C8111BB6060824
54B344F802200F8A0804CC111BBC0608
2554E444EF02200F8C0804D7111BC106
082454F1440A03F20E8E0804CC111BC6
060824540A450803FA0E900804D4111B
CD060824540F451103FF0E8E0804D811
1BD40608245447451103FE0E8C0804D8
111BD9060824545B45EA02220F890804
DC111BE0060823546045F2022D0F8708
04DC111BE1060823547545F2021C0F84
0804E9111BE5060823548545E702290F
7D0804E9111BEC060824547B45E20234
0F7C0804E5111BF206082454A645E702
070F790804E9111BFA06082454B545EA
02FC0E73080402121BFC06082454C645
F302FD0E6D08040A121BFC06082454D7
45EE02090F68080402121BFC06082554
E7450003090F660804FF111BFF060825
54E1450003160F63080406121B040708
2454F1450603090F5F08040E121B0F07
0824541146FE020A0F5F08040A121B18
070824542346F402140F5F080402121B
20070824543C46FA020A0F6208040212
1B25070824544B46EE02120F640804FE
111B27070825546146E402120F6A0804
E9111B26070825545C46FC02620F6F08
04F1111B230708255460460303620F71
0804F5111B240708255472460C036A0F
70080402121B2D070825547A46FF026A
0F6A08040A121B36070825548B46F502
5A0F6608040A121B41070826548F46FD
020F0F6A0804E1111B4907082554A446
FC020E0F790804C7111B4B07082454B8
460C03140F840804CC111B4907082454
AF46FA02110F890804E1111B4A070825
54D846F3020F0F890804DC111B4B0708
2554BC46F7020F0F8A0804D4111B5007
082554A746FE021C0F8C0804D0111B5B
07082554B246F102190F8F0804D4111B
6C07082554B646CE02370F910804BF11
1B7907082554CC46D102390F990804AA
111B7D07082554EE46D502340FA20804
AF111B7907082654F346CA02350FA608
04AF111B7707082554FF46FF02EA0EAA
0804AF111B760708255412470103FE0E
AB0804BB111B7B070825540B47FC02EC
0EA70804BF111B83070825540C47FA02
F30EA40804C3111B8C070825541C4709
03F50EA20804BF111B97070827541447
FD02320FA50804BB111B9E070827540C
470203280FA40804BF111BA307082854
284708032E0FA40804BF111BA8070827
54304700032B0FA50804BB111BAB0708
28543F47F502F60EA40804BB111BAB07
0828543A47F502EB0EA70804B7111BA9
070828545C47F702F60EA60804BB111B
AE070828544847ED02F60EA40804C311
1BB40708285457470D038E0FA40804C3
111BBC0708285484470D03910FA30804
C3111BC9070828547C471303980FA308
04BB111BD2070829544D470C03950FA4
0804BB111BD40708295473471303130F
A60804BB111BD20708295475470D031B
0FA50804BF111BD30708295464470B03
0A0FA50804C3111BDA070828547B4714
030D0FA60804C3111BE4070827546147
1C030E0FA30804C8111BEC0708275475
47FE026C0F9F0804CC111BF607082654
83470203700F9D0804D0111BFC070826
54944707036B0F9A0804D0111BFC0708
26548247F6026D0F960804CC111BFC07
08265463470B03A00F970804CC111BFB
070826548F470B03A50F950804D0111B
000808265488471A03A50F950804D411
1B0A08082654B5471C039E0F930804D8
111B1708082654A147FC02BB0F940804
D4111B2308082654A8470303C90F9608
04D8111B2B08082654B847FC02C50F95
0804D4111B2D08082654AC470203C40F
960804D3111B2908082654B24702037E
0F940804D4111B2508082654BE47F702
7F0F950804D8111B2708082654D547F5
02800F950804DC111B3408082754CA47
04037A0F910804E1111B4308082754D5
47F702820F8F0804DC111B4D08082854
DE471403DD10900804D8111B53080829
54C9471A03E510900804D4111B510808
2854BD471303E310920804D4111B5408
082954C4471403EE10940804D8111B56
08082954B4470103570F960804D8111B
5D08082A54A547F402560F950804DC11
1B6208082A5480470503550F930804D4
111B6208082A548647FA025C0F950804
D4111B6408082A549347FA02270F9508
04D3111B6D08082B549D47FF02150F95
0804D4111B7608082B549E47F2021D0F
940804D8111B8408082B549B47F9022D
0F950804DC111B8A08082B548647FC02
640F930804DC111B8B08082B546A47EC
02F30F940804DC111B8508082A546647
F202E50F950804DC111B8108082A5484
47F302F20F920804DC111B7B08082B54
7B470003F60F910804E1111B8008082A
547B47FB027E0F8C0804E9111B8D0808
2A548047F4027B0F8A0804ED111BA008
082A547D470A03850F860804F1111BAD
08082954A447FF02840F880804E9111B
B3080829549947F802080F880804E111
1BB10808295481470603130F8C0804DF
111BAD0808295495470503170F8D0804
E5111BAA0808295491470F03070F8D08
04E5111BA6080828547A47F602430F8C
0804ED111BA9080828548847F702380F
8A0804F5111BB2080828549147F90247
0F860804F1111BBE080829546E47FE02
460F850804F1111BC9080829547D47F5
023E0F870804ED111BD5080829548647
00034F0F880804E9111BDF0808295495
4700034B0F8A0804E5111BE408082954
9647F602530F8B0804E1111BDF08082A
548D47FE02510F8A0804E9111BDC0808
2B54B0470B03100F8A0804ED111BDA08
082B54B7471203100F880804ED111BDE
08082B54A54713030E0F890804F1111B
E908082B548E470403200F850804F711
1BF508082B54AA471003510F860804F1
111BFC08082B549947FC02540F860804
F1111BFC08082B548947F4024B0F8608
04F1111BFB08082C549D47FB02530F85
0804F5111BF908082C5486470103F90E
850804FA111BFE08082C548F470A03F3
0E830804F5111B0109082B548C470203
EF0E810804FA111B0809082B548A47F5
02F30E830804FA111B1209082C547947
FF02F30E820804FE111B1809082B548D
4708031F0F830804F5111B1E09082B54
7447F902280F850804F1111B1E09082B
54954700032A0F850804F5111B210908
2B548D4700031F0F850804F5111B2309
082B549547E502730F840804F3111B28
09082B548547F402720F870804F5111B
3009082B548847F7026D0F860804F511
1B3609082B547F47ED02710F880804F1
111B3E09082B5477470C032C0F890804
F1111B4609082B546E470103270F8908
04F5111B4D09082B549747F802270F89
0804F5111B5109082A5496470803180F
870804FE111B5209082B54A047FD0280
0F850804FE111B5509082C54B547F202
7C0F840804FA111B5409082D549647FE
027E0F840804FA111B5509082D54B647
F102830F820804FE111B5609082D54B9
47F7027E0F83080402121B5B09082D54
94470B03300F810804FE111B6309082D
548F47F902330F820804FB111B690908
2C54A047F702380F820804FA111B6F09
082D54BF470403290F830804FA111B73
09082D548E47FC02200F830804FA111B
7609082D54B04704031A0F850804FA11
1B7C09082D54BD470403210F850804FA
111B8309082D54D5470603150F870804
FA111B8B09082E54DA47FC02610F8408
04FA111B9409082E5495470703630F85
0804FA111B9D09082F54C04703035C0F
840804FA111BA409082E54B347000362
0F850804FE111BA809082E54CE470003
A50F860804FE111BA909082E54BF47FE
029B0F850804FE111BA809082E54A347
FE029C0F850804FE111BAC09082E54C0
470403A50F840804FE111BB109082E54
C447FF029F0F830804FF111BB709082E
54A747D702C40F83080402121BC00908
2E54A747E002C20F84080402121BC809
082E54C647DF02C20F82080406121BD1
09082E54C447DC02BE0F81080402121B
D609082D54C047F602AF0F820804FE11
1BDC09082E54C547FB02B40F850804FE
111BDD09082D54CE47FC02AD0F860804
FA111BE109082D54FE47FC02A90F8808
04FE111BE709082C54BE471E031C0F88
0804FE111BED09082C54C5471F03240F
88080402121BF509082D54CE471D031D
0F880804FE111BFF09082D54A6471E03
200F88080402121B090A082C54754708
03AB0F86080406121B110A082C548A47
1503AC0F87080407121B130A082D54B5
470603B80F8208040E121B120A082C54
B1470F03A90F7E080417121B140A082C
54A3471503AC0F7908041B121B180A08
2C54374813032E1078080417121B1B0A
082C5488481203341077080417121B1A
0A082C5472480C03301076080417121B
1B0A082D545A4810032E107508041712
1B1E0A082C549C480D03E00F74080413
121B1D0A082D548B481003E00F750804
1B121B1D0A082D545E481103E60F7308
041B121B1D0A082D5444481503D80F73
080413121B1D0A082D544A4811033F10
75080417121B1D0A082D5436480D0337
1075080417121B1C0A082D5479480D03
2C1075080417121B1E0A082D54464815
033D107308041B121B1B0A082E543848
220332107108041B121B1F0A082E543E
481A032E107008041F121B1F0A082E54
3548220335107008041F121B200A082E
541948200332107108041F121B1F0A08
2D542548220327107108041B121B200A
082E542F481B0340107108041F121B20
0A082E54F84713033E107008041B121B
1E0A082E541148170342107008041F12
1B200A082F54274810033B107008041F
121B200A082E542D480C038210700804
1F121B1F0A082F5426481B0383107008
041F121B1F0A0830540F480B0381106D
08041F121B200A0830541C4813037E10
6E080423121B200A083054E24736033A
106D080423121B210A083054F3473503
28106D080423121B1F0A083154D9472B
0326106B080423121B1F0A083154DF47
2F0332106E080423121B1F0A083154D9
47020343106D08041F121B1E0A083254
D947FD0235106E08041F121B1F0A0832
54D847050344106D080423121B1F0A08
3354E747030345106C080427121B210A
083254E04706033F106B080427121B20
0A083354ED47FF02F60F6B080427121B
1B0A083354EA47F602E80F6708042712
1B190A083254E047FD02F80F68080423
121B0F0A083254F2470203E50F680804
23121BFA09083254D6471303AD0F6608
0427121BE209083154D4470903A90F63
08042C121BCB09083154D4471403B50F
62080427121BC109083254D4470403AB
0F61080427121BC009083254EF471803
FA0F6508041B121BC109083154D7470C
0304106B08041B121BC109083054B147
170304106F080413121BC309083154D6
47000303107308040E121BC209083154
E5471B03830F7508040A121BB5090831
54104820037B0F7808040A121BA30908
315449482503810F7808040A121B8D09
0830545F482603840F7A080406121B79
09082F5448481E037E0F7A080406121B
6309083054674805035C0F7808040A12
1B47090830543E48FB025C0F7A080403
121B2C0908315444480A03600F790804
02121B1C090830544948FE025A0F7C08
04FE111B19090830544448F002540F7C
0804FE111B15090830546A48EC025F0F
800804F5111B0F09082F545248F2024B
0F820804F1111BFD08082F545A48F302
400F840804F1111BEC08082F546D48EA
02830F860804ED111BDA080830546348
F102800F840804F1111BCD08083054A2
48EC02820F830804F5111BC608082F54
CD48F002790F820804F5111BB508082F
54E148F202440F830804E9111B9C0808
2F54ED48EF02360F840804E9111B7E08
082F54DC48FA02450F830804E9111B67
08083054E548F902410F840804ED111B
5B08082F54E948E202410F830804EF11
1B5508082E54CD48FE028B0F810804E9
111B4908082E54F74803038E0F800804
ED111B3E08082F54FC4803038C0F8208
04E5111B2C08082F540F49FF02930F82
0804E5111B1908082F540149F602070F
830804E9111B080808305405490403FF
0E800804E9111BF207082F543F490903
060F800804B3111BD607082F54194900
03FD0E7A0804FE111BBD07082F543149
EF02EE0E72080417121BAE07082E540D
49F502E60E65080423121BAB07082F54
1849F802EE0E5708042C121BA807082F
541449F402F20E4F08042C121B9F0708
2F541449DF02110F4B080430121B8C07
082F54E648E6020F0F4708042B121B78
07083054EA48E8021A0F44080430121B
6307083054F248E602110F4308043012
1B5607083054F648E202130F3F080434
121B4807083054FF481503250F3E0804
38121B3407082F5401490D03240F3E08
0430121B1707082E54F7481103230F3E
080430121B0007082E5410490D03290F
3E08042C121BF306082E543C49050315
0F3E080427121BF006082E5454490203
080F40080423121BEB06082D545249FE
02150F4408041B121BDE06082D545D49
FA02130F4608041B121BCD06082E5454
49F102340F4A080417121BB506082D54
4449F6022F0F4B08041B121BA406082D
545649F502390F4A08041B121B910608
2E543349F802290F4908041B121B7C06
082D542248EF02140F49080476101B62
06082D541948DE020D0F4708041B121B
4C06082D542248DB020B0F4808041F12
1B4506082D54FE47E502040F4408041F
121B4506082D540848DF02090F430804
23121B4206082D542548F402020F3F08
0423121B3406082E544D48F502010F3D
080427121B1D06082E541748F302020F
3B080423121B0106082E540B48F70201
0F3A080427121BE705082E540B48E202
1A0F3708042C121BDB05082F543148E3
02330F33080440121BCB05082F542048
DB02240F27080455121BB905082F5446
48DF02180F1D08045B121BAB05082F54
5848ED02EF0E1208046E121BA605082F
543648EC02F50E0508047F121B9E0508
2F544248F702F60EF6070494121B9305
082F545348F702F10EE50704A9121B83
05082F544348E402FE0ED80704A9121B
6905082F543F48E002000FD10704B112
1B5805082F544948DA02070FCB0704BE
121B4C050830543548E502020FC00704
DB121B4A050831543C48DD02010FAB07
0411131B47050831546D48F1021E0F87
070460131B3D050831545348EE02150F
5F07048E131B29050831546B48F9021B
0F3B0704A3131B10050832549448F102
110F240704A7131B00050831548448CA
02D80E0B0704E0131BF9040831549A48
D302CD0EEC060428141BF304083154B1
48C802D20EC306042D141BE704083154
D748D102D80EA3060441141BD5040831
540849CC021A0F8A06046B141BC40408
31540349CA02190F79060463141BB204
0831540349D102090F7406046F141BA4
04083154F848CC02130F67060495141B
9C04083054D848CC02EB0E540604BF14
1B9204083154D348C502F70E3F0604D3
141B8304083054E148CA02F30E2C0604
E0141B7204082F54DA48D302F10E1E06
04E4141B6204083054D448CA02EC0E14
0604F1141B5704083054D048DD021C0F
100604EC141B5204083054D248DC0222
0F0D0604F1141B4704083054E948DD02
150F070604F5141B3704083054BD48EA
02200F040604F9141B2404083054C348
C002330FFD050401151B1004083054D1
48BF02370FF805041F151B0404083054
D348BF02340FEC05042F151BFF030831
54CD48CA02390FDE050451151B000408
3054D848E402F50EC305048F151B0004
083054DE48E002F90E9D0504CE151B03
04083054E448E002F40E790504F3151B
0404083054F648E202F10E5D0504FA15
1B04040830541749C602FF0E4E050404
161B0504083054E248C802040F410504
FC151B0604083054F848D802090F3F05
04F3151B0804083154E948D002FE0E42
0504E7151B0604083154D248D402020F
44050400161B0504083154D948D702F5
0E3605044B161B0304083054C648DF02
F40E1E050464161B0304083154ED48E1
02EB0E0F050453161B0004083154CE48
DF02FA0E0B05044B161B0104083154D3
48F102DA0E0A050443161B0604083254
D548F602DE0E09050447161B0A040831
54D448EA02DF0E0E05043A161B110408
3154DC48F802D90E1A050400161B1004
083254E748BC020B0F3E0504A4151B0D
04083254FF48BC02180F5D0504BD151B
0504083254D248BD02120F610504FC15
1BFF03083254E048BB02190F5005042A
161BF703083254B249DB02ED0E3C0504
3E161BEC03083254134AD502F10E2905
0453161BDF030832548E49D902F30E18
05045C161BD603083254864AE002FA0E
09050468161BC803083154324AD702EE
0EFC040473C61AC203083254DB49F1FB
151DF104046DA812C203083154D449FE
FB181D0805049D520FC2030831549249
09FC1A1D380504DE910EC0030830545B
49F6FB191D6D05049B1210C103083154
8149D2062711A405043DC00EC1030831
547D4BD9062211DB050466CE0EC20308
3254054CD2063811200604D96F0FC103
083254754BD40623116306047FE60EC1
030832542D4B1B0863099B060429190E
C103083254D84A2A087009C406045F57
0EC1030832546A4A1D086209E5060447
A20EC203083154644A18086D09240704
E9B30FC103083154CE4BFF03160E6A07
04999F0EC103083154884BFF03130EAE
0704F66E0EC0030831540F4BF803190E
F50704C0830EC303083154B14AF9030E
0E3A0804CE490EC203083154864A0504
130E</Data>

   <DataCRC>8fc219c3</DataCRC>

   <BytesSent>10914</BytesSent>

</SBEDataUpload>
</InstrumentRawData>
</SBEDataUploadFile>
