<?xml version="1.0"?>
<!-- SCPlusV2_RS232 -->
<SBEDataUploadFile>
<ApplicationData>
<Seaterm232>
<SoftwareVersion>2.6.3.104</SoftwareVersion>
<BuildDate>30-Jun-2017</BuildDate>
</Seaterm232>
</ApplicationData>
<InstrumentState>
<HardwareData DeviceType='SBE19plus' SerialNumber='01906740'>

   <Manufacturer>Sea-Bird Electronics, Inc.</Manufacturer>

   <FirmwareVersion>2.2d</FirmwareVersion>

   <FirmwareDate>9 February 2011 08:30</FirmwareDate>

   <CommandSetVersion>1.1</CommandSetVersion>

   <PCBAssembly PCBSerialNum='25307' AssemblyNum='41054G'/>

   <PCBAssembly PCBSerialNum='25737' AssemblyNum='41580B'/>

   <PCBAssembly PCBSerialNum='24669' AssemblyNum='41606'/>

   <PCBAssembly PCBSerialNum='24372' AssemblyNum='41059D'/>

   <MfgDate>  08 DEC 2010</MfgDate>

   <InternalSensors>

      <Sensor id='Main Temperature'>

         <type>temperature0</type>

         <SerialNumber>01906740</SerialNumber>

      </Sensor>

      <Sensor id='Main Conductivity'>

         <type>conductivity-0</type>

         <SerialNumber>01906740</SerialNumber>

      </Sensor>

      <Sensor id='Main Pressure'>

         <type>strain-0</type>

         <SerialNumber>3220369</SerialNumber>

      </Sensor>

   </InternalSensors>

   <ExternalSensors>

      <Sensor id='volt 0'>

         <type>SBE 43 OXY</type>

         <SerialNumber>432005</SerialNumber>

      </Sensor>

      <Sensor id='volt 1'>

         <type>not assigned</type>

         <SerialNumber>not assigned</SerialNumber>

      </Sensor>

      <Sensor id='volt 2'>

         <type>ECO-FLNTURT CHL</type>

         <SerialNumber>FLNTURTD-2025</SerialNumber>

      </Sensor>

      <Sensor id='volt 3'>

         <type>ECO-FLNTURT TURB</type>

         <SerialNumber>FLNTURTD-2025</SerialNumber>

      </Sensor>

      <Sensor id='volt 4'>

         <type>not assigned</type>

         <SerialNumber>not assigned</SerialNumber>

      </Sensor>

      <Sensor id='volt 5'>

         <type>not assigned</type>

         <SerialNumber>not assigned</SerialNumber>

      </Sensor>

   </ExternalSensors>

</HardwareData>
<StatusData DeviceType='SBE19plus' SerialNumber='01906740'>

   <DateTime>2018-12-07T14:28:32</DateTime>

   <LoggingState>not logging</LoggingState>

   <EventSummary numEvents='241'/>

   <Power>

      <vMain>12.2</vMain>

      <vLith>5.4</vLith>

      <iMain>61.5</iMain>

      <iPump>36.4</iPump>

      <iExt01> 4.1</iExt01>

      <iExt2345>20.6</iExt2345>

   </Power>

   <MemorySummary>

      <Bytes>1492821</Bytes>

      <Samples>87813</Samples>

      <SamplesFree>3782666</SamplesFree>

      <SampleLength>17</SampleLength>

      <Profiles>111</Profiles>

   </MemorySummary>

</StatusData>
<ConfigurationData DeviceType='SBE19plus' SerialNumber='01906740'>

   <ProfileMode>

      <ScansToAverage>1</ScansToAverage>

      <MinimumCondFreq>3226</MinimumCondFreq>

      <PumpDelay>60</PumpDelay>

      <AutoRun>no</AutoRun>

      <IgnoreSwitch>no</IgnoreSwitch>

   </ProfileMode>

   <Battery>

      <Type>alkaline</Type>

      <CutOff>7.5</CutOff>

   </Battery>

   <DataChannels>

      <ExtVolt0>yes</ExtVolt0>

      <ExtVolt1>no</ExtVolt1>

      <ExtVolt2>yes</ExtVolt2>

      <ExtVolt3>yes</ExtVolt3>

      <ExtVolt4>no</ExtVolt4>

      <ExtVolt5>no</ExtVolt5>

      <SBE38>no</SBE38>

      <OPTODE>no</OPTODE>

      <GTD>no</GTD>

   </DataChannels>

   <EchoCharacters>yes</EchoCharacters>

   <OutputExecutedTag>yes</OutputExecutedTag>

   <OutputFormat>raw HEX</OutputFormat>

</ConfigurationData>
<CalibrationCoefficients DeviceType='SBE19plus' SerialNumber='01906740'>

   <Calibration format='TEMP1' id='Main Temperature'>

      <SerialNum>01906740</SerialNum>

      <CalDate>07-Jan-11 </CalDate>

      <TA0>1.255288e-03</TA0>

      <TA1>2.593288e-04</TA1>

      <TA2>-2.376104e-07</TA2>

      <TA3>1.449298e-07</TA3>

      <TOFFSET>0.000000e+00</TOFFSET>

   </Calibration>

   <Calibration format='WBCOND0' id='Main Conductivity'>

      <SerialNum>01906740</SerialNum>

      <CalDate>07-Jan-11</CalDate>

      <G>-1.033008e+00</G>

      <H>1.393941e-01</H>

      <I>-2.175401e-04</I>

      <J>3.475757e-05</J>

      <CPCOR>-9.570000e-08</CPCOR>

      <CTCOR>3.250000e-06</CTCOR>

      <CSLOPE>1.000000e+00</CSLOPE>

   </Calibration>

   <Calibration format='STRAIN0' id='Main Pressure'>

      <SerialNum>3220369</SerialNum>

      <CalDate>21-Dec-10</CalDate>

      <PA0>8.222195e-01</PA0>

      <PA1>1.566037e-02</PA1>

      <PA2>-6.194425e-10</PA2>

      <PTCA0>5.244452e+05</PTCA0>

      <PTCA1>4.417653e+00</PTCA1>

      <PTCA2>-9.798927e-02</PTCA2>

      <PTCB0>2.510725e+01</PTCB0>

      <PTCB1>-1.150000e-03</PTCB1>

      <PTCB2>0.000000e+00</PTCB2>

      <PTEMPA0>-5.917147e+01</PTEMPA0>

      <PTEMPA1>5.387460e+01</PTEMPA1>

      <PTEMPA2>-2.653169e-01</PTEMPA2>

      <POFFSET>0.000000e+00</POFFSET>

      <PRANGE>5.076000e+03</PRANGE>

   </Calibration>

   <Calibration format='VOLT0' id='Volt 0'>

      <OFFSET>-4.687158e-02</OFFSET>

      <SLOPE>1.247988e+00</SLOPE>

   </Calibration>

   <Calibration format='VOLT0' id='Volt 1'>

      <OFFSET>-4.719579e-02</OFFSET>

      <SLOPE>1.248132e+00</SLOPE>

   </Calibration>

   <Calibration format='VOLT0' id='Volt 2'>

      <OFFSET>-4.684526e-02</OFFSET>

      <SLOPE>1.248324e+00</SLOPE>

   </Calibration>

   <Calibration format='VOLT0' id='Volt 3'>

      <OFFSET>-4.678105e-02</OFFSET>

      <SLOPE>1.247145e+00</SLOPE>

   </Calibration>

   <Calibration format='VOLT0' id='Volt 4'>

      <OFFSET>-4.669684e-02</OFFSET>

      <SLOPE>1.248307e+00</SLOPE>

   </Calibration>

   <Calibration format='VOLT0' id='Volt 5'>

      <OFFSET>-4.709579e-02</OFFSET>

      <SLOPE>1.247697e+00</SLOPE>

   </Calibration>

   <Calibration format='FREQ0' id='external frequency channel'>

      <EXTFREQSF>9.999977e-01</EXTFREQSF>

   </Calibration>

</CalibrationCoefficients>
<EventCounters DeviceType='SBE19plus' SerialNumber='01906740'>

   <EventSummary numEvents='241'/>

   <Event type='ErrorFLASHUncorrectableError' count='241'/>

</EventCounters></InstrumentState>
<Headers>

cast  81 03 Dec 2018 09:13:42 samples 70900 to 71461, avg = 1, stop = mag switch

</Headers><InstrumentRawData>
<SBEDataUpload startAddr='1205283'>

   <Type>1</Type>

   <DataFormat>SEACATPLUS0</DataFormat>

   <Bytes>9554</Bytes>

   <Data>
4D2704A2520BC0030828548F4BA502CC
030C2704E9480BC003082654674BA302
C503BB2604D1420BC403082554814B9F
02C8038C2604743E0BCA03082654604B
A202CA036E26044D3D0BCF03082554DB
4CAA02C6035E2604BE360BD703082554
224DA802C4036D240401C70BDE030825
54464CA002CA03BA1C04513611E70308
24540F4EA402C203701604F5AB14EC03
0823546C4D1B05C5048512045EC315ED
03082254274D2505CE04351004461415
EF030822544B4D1C05D004D40E0483D8
15EF03082254E94C1B05D304FD0D04D6
081BF0030823540A4D0503080F540D04
2B0A1BF603082354174DFC020E0FE10C
04140B1BFD03082254E34C0703100F69
0C04C70B1B0604082254D94CF902180F
070C04A50B1B0704082154904C060315
0FB70B04880B1B0A040822549D4CBB02
DA0E760B04FD0B1B0A04082454704CC4
02D40E300B04B00C1B0D04082254624C
C602D40EF00A04560D1B0E040824545B
4CBE02D50EBD0A04220E1B1204082454
424CB402440F7C0A04D50E1B13040825
543F4CA402450F270A04360F1B160408
2654774CAC02440FD00904560F1B1D04
082654094DB902440F9309046F0F1B1E
04082754F74CC502130F6E09046F0F1B
1E04082754F84CBF02110F530904A10F
1B1B04082654D64CC102150F530904CF
0F1B1704082554644CB902140F4A0904
3C101B1A04082654864CC202EA0E2B09
0440101B1E04082654DA4CBB02E60E0A
0904F10F1B24040826540B4DC602E80E
FE08047C0F1B27040827541E4DC002E2
0E040904240F1B2904082754DE4CBD02
DE0E0609049D0F1B2804082754024DBF
02E60E0709040E101B2504082854FE4C
C202E40E1A090437101B26040827542F
4DC602E20E2A090437101B2604082654
134DC002E40E35090440101B25040826
54464DDB02190F38090436101B260408
26548F4FE402110F4209041E101B2704
082654864FE602110F51090427101B29
04082754E04EE302190F6109041E101B
2E04082854AA4ED202350F6909042F10
1B3204082954734ECF02380F6609043C
101B3404082A546F4ED602300F640904
01101B3404082A54344ECC022F0F6209
041A101B3004082A54344EAE02EE0E68
0904FD0F1B2E04082B544B4EAE02EF0E
75090405101B2C04082A54A64DB302EC
0E880904F10F1B2E04082B549E4DAF02
F60E940904D80F1B3104082B54E34DAA
02F90E940904CF0F1B3404082B54894D
D302200F910904B60F1B3504082B5482
4DD302210F910904910F1B3204082B54
6B4DD302220F900904840F1B3204082B
54694DCF02290F8E09047E0F1B350408
2B54034DCD02EB0E8F0904670F1B3604
082B54C54CDD02F60E980904460F1B37
04082C548C4CD002E90EB109042D0F1B
3404082C545D4CDE02010FCD0904180F
1B2E04082A54684CC802D30ECF0904EA
0E1B2F04082B545F4CC802D30EC70904
E20E1B3204082A547F4CBB02CB0EBF09
04EA0E1B3604082A54734CCA02D40EBD
0904EE0E1B3904082A54794CBD02F70E
BF0904C90E1B3A04082A546E4CCC02F2
0EC50904B80E1B3B04082A54234CC302
FD0EDA0904A80E1B3804082B54F84BC4
02F80EE009048A0E1B3604082B54F54B
C102E70EE309048A0E1B3704082B54DD
4BC202090FE10904A80E1B3404082B54
9E4BC602FD0EDE0904C90E1B3704082B
54744BB702F10ED90904D50E1B390408
2A54374BBF02F80EDD0904DA0E1B3904
082B54024BB702150FEB0904BC0E1B3B
04082A54D54AB902170FF609049F0E1B
3B04082A54A74AC402130FFB0904A80E
1B3A04082B54784AC502170FFB0904C5
0E1B3B04082B54404AD702FA0EEE0904
CD0E1B3B04082B54F249D902F60EE209
04C90E1B3B04082C54E849D002F20EDE
0904B40E1B3904082B54C849D202EF0E
DC09049B0E1B3704082B54B349CF02F8
0EDE0904B80E1B3904082B54B049CA02
F80ED60904DE0E1B3D04082A546749C0
02EA0EC50904EE0E1B4204082A546F49
D502F00EAB0904EA0E1B4604082A5444
49CB02EA0E930904EE0E1B4804082A54
3649B902E00E8E0904E20E1B4A04082A
540549C002EB0E990904C10E1B480408
29542E49B702DA0EA70904B80E1B4504
082954F248C502E70EA00904AC0E1B48
04082954E548D602E40E8709040E0F1B
4D040829541649D302DD0E6709047C0F
1B5704082954E948D702EA0E500904B6
0F1B5C040829541849D002E10E480904
910F1B6304082954C348CC021C0F5D09
04240F1B6704082854CF48D2021E0F5F
09041C0F1B6C04082954D548C6022E0F
4E0904420F1B6B04082954AE48D10220
0F4F0904390F1B6C04082954D248B602
2F0F9809042D0F1B6D04082954D648AA
02380FE00904EE0E1B7004082A54D848
A702380FF50904DE0E1B7204082A54B4
48AF02390FE90904D10E1B7504082A54
7C48B102380FD30904C90E1B7804082A
547648D802E20EBB0904D10E1B7C0408
2A543A48CD02E20EB60904CD0E1B8104
082A543248D502EB0EB80904CD0E1B87
04082B546748D102EC0EB90904C90E1B
8B04082B541448CF02F20EC30904D20E
1B8C04082B54FE47CC02F90ECA0904DE
0E1B8804082B540748C602EB0EC90904
D50E1B8904082C542448CB02FA0EC409
048A0E1B8C04082D54FE47CA020D0FD0
09047E0E1B9304082C540148CF021E0F
CE0904B80E1B9D04082D540B48D1021C
0FC60904F30E1BA404082D540048DB02
150FC90904EE0E1BA904082D54FE47BD
02330FDB0904DA0E1BAA04082D54CF47
CF021B0FE50904F70E1BAA04082C54AF
47CA02210FDF0904DE0E1BA904082C54
A747BD02170FD40904B00E1BAA04082C
54AC47B1021A0FCA0904A30E1BB00408
2D548E47D102E60EC70904A80E1BB404
082E547B47D902EA0ECA0904B00E1BBC
04082D547F47D602ED0ECC0904BC0E1B
C004082D547147E202EB0ED10904D50E
1BC204082D543847B702ED0ED00904EE
0E1BC204082D546347B002F10ED10904
B00E1BC404082E545547AA02020FD209
047A0E1BC604082D542647A602EF0ED3
09045D0E1BCB04082D541247CA02000F
CE0904690E1BCF04082E541047DD0210
0FD209048A0E1BD204082E542247DA02
050FDB09049B0E1BD204082E54FF46D5
02FC0EE40904970E1BD604082E54ED46
D902090FE90904A30E1BD904082F54E8
46D702090FF00904AC0E1BDD04082F54
0047D602180FF20904B00E1BE0040830
54ED46D702090FFA0904B00E1BE30408
3054C946D102130F020A04B00E1BE604
083054B046C602E30E0A0A049F0E1BEA
04083054C846C302E60E150A04A30E1B
EA04083054A646C002E70E1F0A04B80E
1BEB04083054AC46C402E10E260A04AC
0E1BED04082F546446C002F30E2E0A04
370E1BF0040830546746A802F30E300A
04E20D1BF2040830546646B802F70E25
0A04F40D1BFA040830543F46A802F50E
090A04690E1B03050830542D46B102D8
0EDA0904DA0E1B0C05082F541F46B002
CE0EBC0904FB0E1B1205082F541346B4
02DB0EB30904030F1B1405082F542746
BE02DA0EB70904EE0E1B1105082F54F5
45D702E60EB70904E60E1B1205082E54
DF45C902D20EB10904EA0E1B1205082E
54E245D302DB0EA90904F30E1B150508
2E54D845C702E20E970904140F1B1C05
082E54FC45D302E20E850904460F1B21
05082D54D845E5020D0F740904630F1B
2605082D54CE45E902000F650904740F
1B2A05082E54B145E0020D0F5D09047C
0F1B2D05082E54D345E002060F5B0904
7C0F1B2C05082E54F345EF02F10E5D09
047C0F1B2D05082D54D745F002F20E5E
09047A0F1B3005082E54CE45E902EF0E
5B09049D0F1B3A05082D54D945ED02EC
0E4F0904F10F1B4105082E54DA45C202
FA0E43090423101B4805082E54C745C6
02E90E41090423101B4A05082F54E145
C002E70E48090423101B4B05082E54E8
45C202EF0E5609041A101B4905082F54
F745D702960F5B090405101B4B05082E
54F245D7029D0F5B0904FD0F1B4E0508
2F54ED45DB02A00F580904F90F1B5205
082E54DC45DA029C0F520904F50F1B52
05082F54DB45EA02960F4E0904F90F1B
5005082F54D545D702CB0E4B0904FD0F
1B4D05082F54CB45C902B70E4909040A
101B4D05082F54BE45CC02B80E470904
23101B5105082F54DC45C402BF0E4409
0450101B5B05082F54ED45CF021B0F43
090466101B6405082E54F345D202180F
4509046E101B6C05082F540046D1021A
0F48090472101B6E05082F54F245CD02
0B0F4D090465101B6F05082F54DA45C8
02D50E50090455101B6A05082E54D545
C902F00E59090448101B6B05082F54BD
45B902E40E6509044C101B6A05082F54
E745C302DD0E6C090444101B7105082F
54F845BC02E80E6C09043C101B780508
2F54F045BB02D40E6809043C101B7E05
082F541A46B702EF0E62090440101B80
05082F54FE45C902DA0E5E090448101B
8105083054F845B602EB0E5809044C10
1B8005082F54EA45D7020E0F55090448
101B7A05082F54D845D8021B0F550904
3C101B7A05083054C045D202090F5709
0423101B8005083054DC45D3020A0F5E
09041A101B8805083054B145C002F20E
69090427101B9405083054D245C20202
0F6F09042F101B9C05083054B745B802
EF0E6C090433101B9E05083054B345C0
02F90E64090433101B9D05083054DA45
C402D50E5C09042B101B9C05083054D8
45C502E00E5A09041A101B9B05082F54
D945C102D50E62090405101B9B05082F
54B845BB02D40E6F0904F50F1B9D0508
2F54C245B902B80E770904EC0F1BA405
082F54A645BA02AE0E7D0904E80F1BA7
05082F54D945C002B00E820904DC0F1B
A905082F54EB45C602AF0E850904DC0F
1BB005082F54E045CA02C00E880904D3
0F1BB405082F54D045F102BE0E8F0904
CF0F1BB905082E54AC45F502C60E9309
04CB0F1BBC05082E54AE45E102C90E9B
0904CA0F1BBB05082E54A045F102BC0E
A00904C70F1BBA05082E548B45CA02DD
0EA50904C70F1BBE05082E547245D402
E60EA90904C70F1BC505082E549A45D0
02E70EAD0904BF0F1BC905082E544F45
DC02E20EB30904BA0F1BCA05082F5464
45CC02CD0EB70904B60F1BC805082F54
6945D102C50EBD0904B60F1BCB05082F
543C45D102CC0EBD0904B60F1BCF0508
30543B45D002C40EC30904BA0F1BD505
0830542845EF02F60ECB0904B20F1BDE
050830542545D702F10ECC0904AA0F1B
E4050830541045E402FE0ED00904A60F
1BE7050830540F45E502F30ECD0904A1
0F1BE805083054DB44E202F20EC30904
A60F1BEA05083054E2440003FB0EBD09
04A60F1BEF05083054CC440303F30EBB
0904A20F1BF305083154AA44FD02FA0E
BC0904A10F1BF705083154AA440503EF
0EBA0904A10F1BF905083154A344E102
CF0EB50904A10F1BFD050831549744DB
02D70EAB0904A10F1B01060830549244
ED02DA0EA40904A60F1B03060830548E
44E002CF0E9D0904AE0F1B0806083054
9244FD02690F990904B20F1B10060830
546B44F1026D0F910904C30F1B160608
30545F44F6026D0F890904D80F1B1B06
082F544C44EF02730F840904E80F1B20
060830541544BB02100F840904FD0F1B
2406082F543544C202130F8809041210
1B25060830545844B702150F8E09041A
101B25060830542744C902070F940904
16101B2806082F543444C402080F9C09
041A101B2E06082F543544E002F50EA6
09041E101B3306082F540444DF02F20E
B009041E101B3406082F540A44D902F0
0EBA09041E101B3406082F541E44E702
F00EC4090423101B3506082F540B44DB
02020FCD09041A101B3706082E54FF43
E502070FD5090412101B3E06082F54F4
43E3020D0FDC09041E101B4906082F54
D443DB02F50EE4090427101B5106082F
54D543D8028B0FEE090440101B580608
2F54B843D302850FF6090476101B5C06
082F54A943D3027C0FFF090476101B5B
06082F54B343D102890F080A047A101B
5A06082F54D243FE02F80E0C0A047A10
1B5B06083054A643FD02F30E090A047E
101B5C0608305487430803FA0E040A04
93101B6206083154BC430203F80EFF09
0497101B6A06083054FF430203F30EF7
090496101B71060830541944CE02800F
EF090493101B70060830545D44D40279
0FF109048B101B7306083054DE44D702
820FF5090487101B76060831540E45D1
02800FF7090487101B78060831546445
E102E20EF709048B101B7A06083254BC
45D802E60EF809048B101B8406083254
6746E002D70EF309048F101B8B060832
54CA46D902DA0EF2090493101B8F0608
32544E47C002010FF409048B101B9006
0832549747C202050FF309048B101B91
06083354EA47B902040FF509048B101B
92060833544B48BD020B0FF709048710
1B95060832547B48D902EB0EFA09048B
101B9C06083454DA48D902D40EF80904
8F101BA3060833543D49CC02D30EF409
0496101BA9060833548749D702EC0EF3
090493101BA906083454BF49D302D80E
F809048B101BA806083554204AE80208
0FFC09047E101BA706083554494ADF02
110FFE090482101BAB06083554834ADE
020F0FFF090482101BB206083554BA4A
E4020C0FFC09048F101BBD0608355406
4BEC02FA0EF809049B101BC606083554
4A4BED02020FF30904A0101BCB060835
54B64BE402FF0EEE0904A8101BCB0608
3454C34BDE020B0FEA0904AC101BCB06
083554EF4BD802F00EE80904B0101BCA
06083554EB4BD902FF0EE50904B0101B
CA060834541D4CD202F30EE20904B410
1BCF06083454454CCE02F50EE20904B9
101BD8060833546C4CF002E90EE10904
B9101BE006083354754CF302E40EDE09
04BF101BE706083354844CF302DC0EDC
0904BD101BEE06083354A24CF302E70E
DF0904B9101BF0060833548B4CF802D8
0EDF0904B9101BF106083354A24CC602
FD0EDE0904B9101BED06083354A64CC0
02EF0EE20904B9101BEE06083254B34C
BF02FC0EE00904BD101BEF06083254D3
4CCC02E80EE00904BD101BF406083254
DE4CCC02C90EDE0904C5101B01070833
540C4DD602CF0EDA0904C9101B080708
3354D34CC902D10ED60904CD101B0E07
0833542A4DCC02CB0ED50904CD101B0E
070833544B4DBE024D0FDA0904BD101B
0C070833544E4DCE02560FE10904B410
1B1007083454434DB802560FE20904B9
101B12070834544B4DC6025A0FE50904
BB101B1707083454384DC802CE0EE109
04C5101B2007083454394DC002C10EE0
0904CD101B2307083454654DC802BA0E
DB0904CD101B23070835545E4DC602C4
0EDC0904C9101B2707083554784DBB02
B90EDE0904C5101B26070835548F4DDB
02DA0EDF0904C5101B2A07083554B34D
C302D90EE00904C5101B2D07083554C0
4DD602DC0EDD0904C9101B3107083554
8D4DDA02CC0EDA0904D2101B37070835
54764DDE02120FD90904D2101B3C0708
35545A4DE402200FD90904D2101B3F07
083554444DE402180FD80904D2101B46
070836541D4DD5021E0FD70904DA101B
4E07083654234DBF02090FD40904DA10
1B53070836541D4DC6020F0FD40904DB
101B5707083654174DBC02110FD50904
DE101B58070836542D4DCC02170FD209
04DE101B5807083654464DDB02EF0ED1
0904E6101B5B070836548F4DD702F10E
CE0904E6101B6207083654714DDB02F3
0ECE0904E6101B6607083654624DDD02
F70ECF0904EB101B6C07083554834DE1
02F30ECB0904EB101B70070835548B4D
E002E20ECC0904EB101B700708355489
4DDB02DC0ECC0904E2101B7007083654
8B4DDE02EB0ECC0904E6101B6F070835
54CB4DE802DE0ECE0904E6101B730708
3554A94DDE02D90ECE0904EB101B7D07
083554BE4DE902EB0ECB0904EB101B88
07083554C94DD902DC0EC80904F3101B
9107083554D34DE202E40EC80904F310
1B9707083454114EF1021B0FC90904EF
101B9807083454E74DF6022B0FCA0904
EB101B9307083554AE4DF2021B0FCC09
04EB101B9307083454C64DE902270FCB
0904EB101B9607083554DA4DEE02D80E
CC0904EF101B9807083454A74DF002DC
0ECB0904F3101BA107083554CD4DFA02
E10EC90904F7101BAB07083554CD4DFD
02E00EC60904FB101BB207083554CB4D
F402DE0EC60904F7101BB3070835549B
4D04030C0FC90904EB101BB207083554
A84D0203140FCF0904D6101BB3070835
54E84D0A03110FD50904D2101BB40708
3554ED4D0D03120FD90904DA101BB807
083554ED4DC202E20ED80904E2101BBD
070834540C4EC202E80ED30904E6101B
C107083454214EB702EF0ED10904EB10
1BC407083454214EB702DE0ED30904E2
101BCA070835541B4EF0024B0FD60904
DE101BD207083454454EF502530FD809
04D6101BDA070835541C4EF202550FD8
0904D2101BE307083554544EE8024F0F
DB0904D2101BE507083554504EE3021D
0FDF0904D2101BE707083654814ED502
070FDE0904CD101BE8070836544A4EDF
020C0FE10904D2101BEF07083654394E
D9020D0FDF0904D2101BF70708365426
4EE3020B0FE00904D2101BFE07083654
D84DDB02FB0EDF0904D6101B03080837
54D04DDB02090FDF0904D6101B070808
3654C74DE402FA0EDF0904D6101B0508
083654DF4DE0020C0FDE0904DA101B0B
08083654AA4DF4021A0FDE0904D7101B
1308083654BA4DEA021C0FDE0904D610
1B1908083754BD4DF702100FDF0904D6
101B2108083754964D0003120FDE0904
D6101B2808083754844DDB02360FDF09
04D6101B2A080837547C4DE8022B0FDD
0904DA101B2E08083754BE4DE702360F
DC0904D6101B2F08083654AD4DD1022F
0FDE0904DA101B34080836540F4ED202
130FDB0904DE101B3708083654144ED1
02120FDB0904DE101B3A08083654474E
CC020B0FDA0904DE101B3B0808365464
4EDB02090FDB0904DA101B4108083654
A54ED502170FDA0904D6101B44080836
548E4E0503F20EDC0904D2101B480808
3654974EF602F40EDC0904D6101B4B08
083754894EFF02F10EDD0904D7101B4D
08083754D24EF202FE0EDC0904D6101B
5008083754284FD902520FDB0904DA10
1B5508083754464FDC02580FDA0904DA
101B58080837543F4FCA024F0FDA0904
DA101B59080836542A4FC902530FDC09
04DA101B5B08083554264F1503F30EDD
0904D6101B5E080836545E4F1703EC0E
DD0904D2101B6508083554214F0A03FA
0EDF0904D6101B6D080836542B4F0D03
F70EDD0904DA101B7308083654474F0F
03FC0EDE0904DA101B7A080836543E4F
F902220FDF0904D6101B7D0808375493
4FF0021E0FE00904CD101B7B08083754
7A4FF302180FE30904CD101B7C080838
548A4FF0021F0FE50904C9101B800808
37546C4FD102710FE50904C9101B8808
083754724FD502720FE40904CF101B8D
08083754B14FD3026B0FE30904CD101B
8D08083854AD4FCA02700FE80904C910
1B9008083754E24FD502560FE70904C5
101B9208083754E64FD8024D0FE70904
C5101B9708083754D04FE102470FE809
04C9101B9F08083854B64FEA02540FE9
0904C9101BA608083854D34FE5025B0F
E80904C9101BA908083854E54FDE025E
0FE80904C9101BAB080838540150DF02
5C0FEA0904C9101BAF08083854E64FE0
02600FE80904C9101BB608083754E04F
D9025C0FEB0904C9101BBF08083754FF
4FDA02530FE80904C9101BC208083754
2450EE02560FE80904C9101BC7080837
54FF4FE202490FE50904C9101BCE0808
3754CB4FE402580FE80904CF101BD308
083754D54F06035E0FE50904CD101BD6
08083654CD4F00035F0FE30904CD101B
D8080836540E5004035C0FE50904CD10
1BD808083654F94F0F035E0FE40904CD
101BD808083654F54FED020D10E30904
CD101BD808083754E04FEC021510E009
04D2101BD808083754A24FFF020B10DF
0904D6101BD808083654C64FF1021610
DF0904D6101BD608083754E94FF30211
10DB0904D6101BD6080837540F50F902
2510DA0904DA101BD708083754B04FFC
021E10D80904DE101BD8080837543C50
FA021610D50904DE101BD708083754DA
4FEF022210D70904DE101BD708083754
DE4FD402FB0FD40904DE101BD7080836
54D04FCD020510D30904E3101BD70808
3654624FD4020010D30904DE101BD608
083654934FD702FE0FD20904DE101BD6
080837549C4FE5022A10D20904DE101B
D708083754C44FD8023710D10904DE10
1BD608083854D14FDD023C10D30904E2
101BD508083854C44FD5022F10D10904
E2101BD708083854AD4FF3022110D009
04E2101BD708083754AA4FF7022110CF
0904E2101BD608083854A44FE9022710
D00904E2101BD408083754884FF40229
10D00904E2101BD508083754E74F0C03
0610CF0904E2101BD508083754665004
03FC0FD30904DE101BD3080838548950
01030510D40904DE101BD00808385469
5000030410D60904DA101BD308083954
385000030510D50904DB101BD2080839
547A50DE029E0FD80904DA101BD20808
3A54B650CF02A20FD70904DA101BD308
083B547C50C702A30FD80904DA101BD3
08083A54A950D602A90FD80904DA101B
CF08083A540851CD025A0FD80904D610
1BC808083A542C51D702650FD80904D6
101BB108083A540C51D302600FD80904
D6101B9708083A543051D8025B0FD609
04DA101B8408083B541951DA022E0FD3
0904DE101B7308083B543351DC02340F
CF0904E6101B6108083B541051E30235
0FCC0904E6101B4D08083C540551DB02
3D0FCB0904E2101B3A08083C54CD5018
031F0FCD0904DE101B2D08083C54D350
1403220FCE0904DA101B2C08083C548D
5014031D0FD20904D2101B2B08083B54
7A501103250FD50904CF101B1F08083B
545E5008031F0FD90904C9101B090808
3B544250E202100FDC0904C5101BEF07
083B546C50E6021B0FDE0904C5101BDE
07083B546650DB02120FDE0904C5101B
D507083A546D50DB02120FE00904C910
1BCE070839544550E302F00EDC0904CD
101BC007083954EF4FD302F60EDB0904
CD101BB007083954F84FE502E60EDC09
04D2101B9E07083954C54FDE02EF0EDA
0904CD101B8907083954CB4FDB02FA0E
DC0904C9101B6D07083954B94FDF02EF
0EDC0904C9101B4E07083754684FCF02
F50EDA0904C5101B35070837549E4FD9
02F40EDD0904C5101B26070836548A4F
D302EC0EE00904C1101B20070836546C
4FCF02FA0EE00904BF101B1507083654
434FCC02EB0EE20904BD101B07070835
54264FC802F70EE70904B4101BFA0608
3554174FD102FA0EE90904B0101BF106
083554014FED02CF0EEC0904B4101BEA
06083454F34EEB02CC0EEC0904B0101B
DA06083454F84EE702D30EEF0904AC10
1BBD06083554D04EF902CF0EF00904A8
101B9F06083454724EE2021C0FF10904
A8101B8306083554494EDA021D0FED09
04AC101B7306083454284EE3021D0FEA
0904B0101B6906083554F64DE002240F
E60904B4101B5C06083554D54DCE0201
0FE40904B9101B4E06083554D64DD102
070FE50904B4101B3A06083554C44DCF
02F80EE20904B4101B2F06083654954D
CA02FA0EE20904B7101B22060836545C
4DD502C40EE20904B4101B0E06083654
194DDE02C20EDF0904B0101BEF050837
54E94CD802C50EDF0904B0101BD10508
3654014DCD02CB0EDA0904C1101BBC05
083654E44CCC02C20ED20904DA101BB5
05083754BD4CFA02ED0EC50904EB101B
B0050837547B4CE802F80EBC0904F310
1BA705083754614CEF02F50EB50904F3
101B9705083854794CEA02F60EAF0904
F7101B82050837548A4CB902FD0EAD09
04F7101B6C050837545F4CC302000FAB
0904F3101B57050837545D4CC102050F
AB0904EF101B3D05083754684CBE0207
0FAA0904EB101B2105083754684CE602
E50EAB0904EB101B0C050837541B4CE0
02E00EA6090403111B0205083754214C
DA02DE0EA0090408111BFE040836541C
4CD902DB0EA00904FB101BF604083654
1B4CBF02E80EA40904EF101BEA040836
54DD4BCB02DC0EAC0904D6101BD60408
3654F44BC402D90EB20904D2101BC504
083554114CB802DA0EB80904CD101BB6
040835542F4CC602D80EBC0904C9101B
A0040835545A4CCB02F80EBB0904D210
1B8304083554BB4CCF02E20EB60904DA
101B6604083554614DCF02F20EAB0904
F7101B52040836544E4EC702F50E9609
0429111B4B040836542C4FE002A60E7B
09045F111B4B040836546050EB02A40E
64090478111B46040837545051DB029E
0E4F09048D111B3A040836548A52DC02
A00E3D09049F111B2704083654B353C3
02FB0E2E0904A6111B1404083654F354
C0020B0F260904AA111B04040836543B
56C002FC0E1F0904A6111BF503083654
FD58C202040F180904C3111BE9030837
542F5A4F01C109030904ED111BE90308
3754AE5A4F01C109E408041F121BEC03
083754FB5A4901BB09C0080455121BEC
030837549D5B4701C209A4080472121B
EC03083754B05B4701C4099708047712
1BF103083754675C0304FD0997080455
121BF603083754925C0504F609810804
7B121BFA03083754D85CF203060A5C08
04CE121BFA03083754085DF403F60938
080409131BF603083754665D1602DB0C
13080430131BF503083654925D2102DC
0CF707044B131BF503083654645D2502
E20CE4070458131BF303083554765D1A
02F00CD5070464131BF203083554635D
34041F0EC9070471131BF30308365480
5D4004210EBD070479131BF703083654
A15D3C04220EB507048A131BF6030836
54945D3A041D0EAA07048E131BEF0308
3654C95D0B03E2079F07049F131BE503
083654D95D1A03DC079A0704AB131BDF
03083654325E0F03E4079A0704A3131B
D703083754905E0D03E707A007049B13
1BC703083754965F1703DC07A707048E
131BC103083754636002FC9219AE0704
86131BC103083754656009FC8E19B707
0469C016C003083754F16009FC8A19D7
0704A2C20EC103083754456108FC8319
FA070448450EC0030837542461C10739
061A080471600FC1030838542A61CD07
48062F080443BB0EC103083854DF61CA
073E0649080457730EC3030837543862
C6073F065A0804C5DA0EC20308375413
61A502C403600804F7320FC303083854
C45F9E02C8036208046A460FC3030838
540260A002BD03720804FF820EC10308
3854685E9902C2038508044C600DC003
083754045CA202C7038E0804C2260EC2
03083754A05AA202C10398080438950E
C2030837540559A402CC03A50804D81E
0FC003083754F1579D02CA03AE080434
DB0EC1030836545857A302BE03BD0804
A6300EC00308365441569902C903CD08
04D49B0EC0030837543355A002CC03E3
0804432E0FC203083754EC539E02C103
F60804C4E50EC1030837542553A802CA
0304090412240EC1030837545E52AC02
C203</Data>

   <DataCRC>7fac626e</DataCRC>

   <BytesSent>9554</BytesSent>

</SBEDataUpload>
</InstrumentRawData>
</SBEDataUploadFile>
