<?xml version="1.0"?>
<!-- SCPlusV2_RS232 -->
<SBEDataUploadFile>
<ApplicationData>
<Seaterm232>
<SoftwareVersion>2.6.3.104</SoftwareVersion>
<BuildDate>30-Jun-2017</BuildDate>
</Seaterm232>
</ApplicationData>
<InstrumentState>
<HardwareData DeviceType='SBE19plus' SerialNumber='01906740'>

   <Manufacturer>Sea-Bird Electronics, Inc.</Manufacturer>

   <FirmwareVersion>2.2d</FirmwareVersion>

   <FirmwareDate>9 February 2011 08:30</FirmwareDate>

   <CommandSetVersion>1.1</CommandSetVersion>

   <PCBAssembly PCBSerialNum='25307' AssemblyNum='41054G'/>

   <PCBAssembly PCBSerialNum='25737' AssemblyNum='41580B'/>

   <PCBAssembly PCBSerialNum='24669' AssemblyNum='41606'/>

   <PCBAssembly PCBSerialNum='24372' AssemblyNum='41059D'/>

   <MfgDate>  08 DEC 2010</MfgDate>

   <InternalSensors>

      <Sensor id='Main Temperature'>

         <type>temperature0</type>

         <SerialNumber>01906740</SerialNumber>

      </Sensor>

      <Sensor id='Main Conductivity'>

         <type>conductivity-0</type>

         <SerialNumber>01906740</SerialNumber>

      </Sensor>

      <Sensor id='Main Pressure'>

         <type>strain-0</type>

         <SerialNumber>3220369</SerialNumber>

      </Sensor>

   </InternalSensors>

   <ExternalSensors>

      <Sensor id='volt 0'>

         <type>SBE 43 OXY</type>

         <SerialNumber>432005</SerialNumber>

      </Sensor>

      <Sensor id='volt 1'>

         <type>not assigned</type>

         <SerialNumber>not assigned</SerialNumber>

      </Sensor>

      <Sensor id='volt 2'>

         <type>ECO-FLNTURT CHL</type>

         <SerialNumber>FLNTURTD-2025</SerialNumber>

      </Sensor>

      <Sensor id='volt 3'>

         <type>ECO-FLNTURT TURB</type>

         <SerialNumber>FLNTURTD-2025</SerialNumber>

      </Sensor>

      <Sensor id='volt 4'>

         <type>not assigned</type>

         <SerialNumber>not assigned</SerialNumber>

      </Sensor>

      <Sensor id='volt 5'>

         <type>not assigned</type>

         <SerialNumber>not assigned</SerialNumber>

      </Sensor>

   </ExternalSensors>

</HardwareData>
<StatusData DeviceType='SBE19plus' SerialNumber='01906740'>

   <DateTime>2018-12-07T14:28:32</DateTime>

   <LoggingState>not logging</LoggingState>

   <EventSummary numEvents='241'/>

   <Power>

      <vMain>12.2</vMain>

      <vLith>5.4</vLith>

      <iMain>61.5</iMain>

      <iPump>36.4</iPump>

      <iExt01> 4.1</iExt01>

      <iExt2345>20.6</iExt2345>

   </Power>

   <MemorySummary>

      <Bytes>1492821</Bytes>

      <Samples>87813</Samples>

      <SamplesFree>3782666</SamplesFree>

      <SampleLength>17</SampleLength>

      <Profiles>111</Profiles>

   </MemorySummary>

</StatusData>
<ConfigurationData DeviceType='SBE19plus' SerialNumber='01906740'>

   <ProfileMode>

      <ScansToAverage>1</ScansToAverage>

      <MinimumCondFreq>3226</MinimumCondFreq>

      <PumpDelay>60</PumpDelay>

      <AutoRun>no</AutoRun>

      <IgnoreSwitch>no</IgnoreSwitch>

   </ProfileMode>

   <Battery>

      <Type>alkaline</Type>

      <CutOff>7.5</CutOff>

   </Battery>

   <DataChannels>

      <ExtVolt0>yes</ExtVolt0>

      <ExtVolt1>no</ExtVolt1>

      <ExtVolt2>yes</ExtVolt2>

      <ExtVolt3>yes</ExtVolt3>

      <ExtVolt4>no</ExtVolt4>

      <ExtVolt5>no</ExtVolt5>

      <SBE38>no</SBE38>

      <OPTODE>no</OPTODE>

      <GTD>no</GTD>

   </DataChannels>

   <EchoCharacters>yes</EchoCharacters>

   <OutputExecutedTag>yes</OutputExecutedTag>

   <OutputFormat>raw HEX</OutputFormat>

</ConfigurationData>
<CalibrationCoefficients DeviceType='SBE19plus' SerialNumber='01906740'>

   <Calibration format='TEMP1' id='Main Temperature'>

      <SerialNum>01906740</SerialNum>

      <CalDate>07-Jan-11 </CalDate>

      <TA0>1.255288e-03</TA0>

      <TA1>2.593288e-04</TA1>

      <TA2>-2.376104e-07</TA2>

      <TA3>1.449298e-07</TA3>

      <TOFFSET>0.000000e+00</TOFFSET>

   </Calibration>

   <Calibration format='WBCOND0' id='Main Conductivity'>

      <SerialNum>01906740</SerialNum>

      <CalDate>07-Jan-11</CalDate>

      <G>-1.033008e+00</G>

      <H>1.393941e-01</H>

      <I>-2.175401e-04</I>

      <J>3.475757e-05</J>

      <CPCOR>-9.570000e-08</CPCOR>

      <CTCOR>3.250000e-06</CTCOR>

      <CSLOPE>1.000000e+00</CSLOPE>

   </Calibration>

   <Calibration format='STRAIN0' id='Main Pressure'>

      <SerialNum>3220369</SerialNum>

      <CalDate>21-Dec-10</CalDate>

      <PA0>8.222195e-01</PA0>

      <PA1>1.566037e-02</PA1>

      <PA2>-6.194425e-10</PA2>

      <PTCA0>5.244452e+05</PTCA0>

      <PTCA1>4.417653e+00</PTCA1>

      <PTCA2>-9.798927e-02</PTCA2>

      <PTCB0>2.510725e+01</PTCB0>

      <PTCB1>-1.150000e-03</PTCB1>

      <PTCB2>0.000000e+00</PTCB2>

      <PTEMPA0>-5.917147e+01</PTEMPA0>

      <PTEMPA1>5.387460e+01</PTEMPA1>

      <PTEMPA2>-2.653169e-01</PTEMPA2>

      <POFFSET>0.000000e+00</POFFSET>

      <PRANGE>5.076000e+03</PRANGE>

   </Calibration>

   <Calibration format='VOLT0' id='Volt 0'>

      <OFFSET>-4.687158e-02</OFFSET>

      <SLOPE>1.247988e+00</SLOPE>

   </Calibration>

   <Calibration format='VOLT0' id='Volt 1'>

      <OFFSET>-4.719579e-02</OFFSET>

      <SLOPE>1.248132e+00</SLOPE>

   </Calibration>

   <Calibration format='VOLT0' id='Volt 2'>

      <OFFSET>-4.684526e-02</OFFSET>

      <SLOPE>1.248324e+00</SLOPE>

   </Calibration>

   <Calibration format='VOLT0' id='Volt 3'>

      <OFFSET>-4.678105e-02</OFFSET>

      <SLOPE>1.247145e+00</SLOPE>

   </Calibration>

   <Calibration format='VOLT0' id='Volt 4'>

      <OFFSET>-4.669684e-02</OFFSET>

      <SLOPE>1.248307e+00</SLOPE>

   </Calibration>

   <Calibration format='VOLT0' id='Volt 5'>

      <OFFSET>-4.709579e-02</OFFSET>

      <SLOPE>1.247697e+00</SLOPE>

   </Calibration>

   <Calibration format='FREQ0' id='external frequency channel'>

      <EXTFREQSF>9.999977e-01</EXTFREQSF>

   </Calibration>

</CalibrationCoefficients>
<EventCounters DeviceType='SBE19plus' SerialNumber='01906740'>

   <EventSummary numEvents='241'/>

   <Event type='ErrorFLASHUncorrectableError' count='241'/>

</EventCounters></InstrumentState>
<Headers>

cast  97 04 Dec 2018 08:57:12 samples 79327 to 79658, avg = 1, stop = mag switch

</Headers><InstrumentRawData>
<SBEDataUpload startAddr='1348542'>

   <Type>1</Type>

   <DataFormat>SEACATPLUS0</DataFormat>

   <Bytes>5644</Bytes>

   <Data>
19040405E917D103084C54F54DA102CC
030D02048B031BDC03084D54D185AF02
C303F70004CA0D1BE303084D54E166A7
02C4035400048A161BE803084D54FB72
A402C303040004BF171BED03084E54D7
75120415311D00040B171BEF03084D54
1E78140419313C00044C151BF103084D
546B7016041E315C000480141BF20308
4D54696C19041431750004AB131BF003
084D54616B350B3F3187000454131BF1
03084E540869350B44319E00046D131B
F203084E54116C380B4731BE00041513
1BF403084D54DD6D370B4831EA000485
111BF403084E54E96C4104FF14240104
370E1BF603084E5497683B0404156F01
049F0A1BF603084F549D694304F4149E
0104DE0A1BF403084F5487693F04FC14
BB01044E0E1BF6030850549D693B04FD
14EC0104C50E1BF503084F54C365E305
D41022020433101BF703084E546567F2
05CD10570204C9101BFA03084E544363
F605C910AC020446111BFD03084E54AD
62F005C610110304E2101B0004084E54
CA5DB003710F76030408111B0104084F
54065E98036D0FBA0304F8121B020408
4F54935EA303740FF20304A7131B0404
084F549C5F9F03730F3E0404C0131B08
04084F54735FCF02E30F770404FA131B
0704084F545160CB02E70F8B0404E414
1B0804085054F95ED502E50F9804044A
141B0C04084F549B61CF02EA0F970404
EF101B1104084F54B660D302D30F9C04
04FE0F1B1004084F54DC5CD602D30F99
0404E7121B1104084E541C63D702D00F
940404F2131B1204084E54DC64D102D7
0F97040403141B1204084E545A60CF02
CF0F9A040435141B0F04084F548553BD
02C20F95040480141B1004084F54DC52
C202C60F8B0404BF141B1204084F5400
52C002B80F800404CB141B1104084F54
F254C602C00F79040480141B1104084F
54EE52E002FA0F6E040463141B130408
4F546A54E202F90F6604045A141B1404
084F54C055DC02F80F6004044A141B14
04084E54B856E202FE0F5A040478141B
1304084E54BE55CF02C50F5A04049514
1B1204084E547955D002CB0F5B0404B2
141B1604084E543D55D302C00F660404
88141B1904084E542855CA02BE0F7104
04A6141B1A04084E54A254DE02890F78
04049D141B1804084E541854E202960F
880404F1141B1B04084E54D153E00293
0F94040416151B1C04084D54E453E002
8E0F980404F9141B1B04084D544853E4
02840F980404B2141B1C04084D54BA52
EF02F40F8F04046B141B1C04084D542D
53EA02E70F8A040418141B1C04084D54
4053F702F80F850404CD131B1C04084C
544753F202F10F81040490131B1C0408
4D545E530003B60F7F040454131B1C04
084D548B520303AF0F80040443131B1C
04084D54B1520403B60F8204041D131B
1C04084D5467520403AA0F830404F012
1B1C04084D547F530003AB0F820404CE
121B1D04084D546F52FB02AD0F820404
D2121B1F04084D54F152F702B50F8004
04E3121B1F04084D54F54F0403BC0F7F
0404F4121B1E04084E54DC50D3020D10
7B040400131B1F04084E547B4FCF0206
107D040409131B1E04084D547B4FCE02
06107C04045C131B1F04084E54A04FC8
02F80F780404AF131B1F04084F548F50
CF020D10780404C8131B1D04084F54D5
51D502BD0F790404A4131B1F04085054
6052D102C00F7A040479131B20040850
54C052D102C70F80040454131B1E0408
4F546852D102B80F7E040458131B1E04
084F5430531403E00F7E040471131B1F
04084F5475521103E00F7B040464131B
1F04084F5467531103DA0F7B04043F13
1B1F04084F5427511203E90F77040468
131B2004084F548652FC02870F710404
92131B1F04084F54005205037A0F6B04
04A3131B1F04084F541252FE027E0F67
0404B4131B1F04084F545D53FC02800F
640404C4131B2004084F54FE52E802B3
0F610404CD131B1F04084F54EB52E802
B60F600404C8131B2004084F54DA52ED
02B80F5E04049F131B2104084F54DB51
EF02BF0F5E040471131B2004084F54E8
50F202AD0F5F04045C131B1E04084F54
8D4FF802B30F5B040458131B1F04084F
54AF4FFC02AF0F59040464131B200408
4F549C50FE02AB0F5804046D131B2104
084F54C1500403B80F54040460131B1F
040850545850F902E70F5404045C131B
21040850543C500203DA0F5704044F13
1B200408505458500703DB0F5704044F
131B20040850548650FC02CF0F570404
43131B21040850543350D70238105904
042A131B2104085054A04FDF023E105B
040414131B1F04084F54314FEA024310
5B040404131B2004084F549B4EEC023C
10600404E7121B2104084F54BA4ED902
B80F610404C6121B2104084F54AC4FE1
02A30F6604045E121B2304084E54194F
EB02B80F6F0404C5101B2104084E5413
4FE402BA0F7C0404240F1B2304084E54
D54ED602BF0F9504047A0E1B2204084E
54184FCB02980FAC04046D0E1B210408
4E54B44ECA02910FBD0404C90E1B2104
084D54734FB0028C0FC90404D50E1B23
04084D540D4FBE028D0FCE0404050E1B
2204084D54AE4EDA02D00FD80404E20C
1B2304084E54A04EDD02E00FE4040448
0C1B2304084E54CE4EE402D60FF00404
050C1B2404084D54D44EDD02C90FFA04
040D0C1B2104084D54994E0903730F07
0504500C1B2104084E54254F04037B0F
1105046D0C1B2104084E54584E150383
0F1B0504E00B1B2204084D54174E1403
7E0F270504E60A1B2404084E54464DE5
02E70F3305043B0A1B2404084E544E4E
E902DA0F3E0504F5091B2304084E5453
4EE202E60F4A0504FD091B2504084E54
454ED602E00F5405045D0A1B2204084E
54244ED402E30F610504970A1B230408
4E54FC4DE0026D0F6B0504C10A1B2404
084F54684EEB02780F780504FB0A1B26
04084E54B04DE202780F840504650A1B
2804084F548E4CE902670F8F05049909
1B2904084E54AA4CDD02FB0F9F0504E2
081B2A04084E542B4BE2020110AB0504
97081B2A04084E54984CDE020C10B705
0408091B2A04084E54164DE3020810C5
050457091B2A04084E54C34B10030F10
D4050429091B2B04084E54FA4B0803FC
0FDF05045F091B2E04084E54A24C1403
FF0FEB05047C091B3104084E541B4C10
030710F60504F7081B3204084E54374C
0B03680F03060476081B3204084E5471
4B0D036A0F14060427081B3304084E54
CE4A21035A0F2206040E081B3504084E
54674A1103610F3106047E081B380408
4D54FA4A1903610F400604240B1B3B04
084D54663EC502B10F380604580C1B41
04084D546C42C702B50F210604010C1B
4204084D54E849B902BF0F140604390D
1B4704084D54C248B902B30FF805048A
0C1B4C04084D545C4B1103B20FE20504
B20B1B4F04084D54104B0C03C90FE605
04200B1B5504084D54BC490F03C50FEB
05041E0A1B5804084D5478511003BF0F
F105048D091B5904084D54B850F702A0
0FF30504E8091B5B04084E5444460803
9D0FF30504EE0A1B5D04084E549147F5
029F0FEC05044C0A1B5E04084E541850
F902980FEC05042B0A1B6104084D5429
4FFB02D00FF50504630B1B6004084D54
2A450503C50FF10504C70D1B6504084D
54E546FE02D60FD30504FF0E1B6D0408
4E5428470003D80FAB0504650E1B7004
084E548448F902CD0FA40504350D1B77
04084E54654BEA02FE0FAF05047A0C1B
7C04084E54F048F702F20FB10504B40A
1B7F04084E541B4DF3020210A50504E4
091B8004084E547B51FE02F80F960504
DC091B8104084E545E50EC02EC0F9105
04540A1B7F04084E54504AF302E40F91
0504C90A1B8204084E543B49EB02D40F
990504970A1B8504084E54724DE002EA
0FA20504F10C1B8904084D54A043E002
CF0FA50504EA0C1B8D04084D54C148F3
02C90FA50504930C1B9204084E541B48
E802D10FAE0504370C1B9804084E54E9
45DA02C20FBA0504CB0B1B9B04084E54
8E48DB02AC0FC805042B0C1BA004084E
54A54DE802A90FCF0504160C1BA50408
4E544847E0029D0FD40504A10B1BAA04
084D54F648E5029F0FDB05048F0A1BAC
04084D54B04BD702A00FE405043B0A1B
AC04084D54434BEF020110E90504FD09
1BAD04084D547949ED020310F1050476
0A1BAE04084D540E4AED02FB0FF90504
EA0A1BAF04084C54664DF8020D10FE05
04650A1BB104084C54CB4DF202BA0F08
0604200B1BB204084C544D48EF02C10F
0E06043D0D1BB604084C54D547ED02C1
0FF705040B0F1BBE04084C542B46E902
BC0FCC050446111BCA04084C54604600
03DE0F96050462121BD304084B548848
1103D60F6C0504C6121BDD04084B546E
4A0203D90F58050463121BE604084B54
D2500803E20F5C050430121BEC04084A
54374B1103AF0F5D0504DC111BF00408
4A54754D1503B40F58050487101BF204
084A547B501603B90F5905040A121BF3
04084A541A491E03B80F4705044A111B
F704084A54254C1103BA0F3905040212
1BF904084A540349F302FD0F2B0504D0
111BF904084A54314EF402EF0F1C0504
AF111BFC04084A54954AF902F90F1605
046E121B0005084A54A148F702F30F0A
050436131B0405084A54B3450B030D10
F8040420141B0A05084954934C0D0313
10E5040499141B11050849545A4B0603
0810D70404D8141B1805084A54AD4F0C
030B10CD040411151B1F05084A54014F
0F030310C10404E4141B2405084A543F
4C0B030810C1040409131B2805084A54
BF511003FD0FCF040411131B2805084A
54C4520903FC0FD704044A141B290508
4A54EF47CE02D60FD10404E0141B2E05
084B54004BD602D10FC30404D3141B34
05084B549149E102D50FC2040480141B
3B05084B54484CD702CD0FCB04048814
1B3E05084B544C4CC302C80FD9040488
141B4105084B54074BF7021410DC0404
73141B4605084B54104CE5021910DB04
0464131B4905084B54544EEC020D10E0
0404F4121B4B05084B547B4FF2020B10
E904047D131B4D05084B54E94DE40214
10EA0404BA141B4F05084C547A49D902
2210E0040493151B5605084B545D4CE8
021A10D60404B5151B5E05084C54E64D
E3022B10D804040E151B6505084B540F
4DF802B60FEA040454131B6705084B54
AA52F402B40FF704046F141B6A05084B
54334AEF02B70FF4040412151B6E0508
4A54494BF302AF0FEC040433151B7405
084A54AC4C0103BA0FE3040427151B7A
05084A54844CFC02BC0FDD040463141B
7F05084954ED4A0403C70FE304048E13
1B8005084954A84DF302CF0FF0040481
141B8105084954B84BF902BE0FF60404
CD131B8405084854064F0003BC0FFB04
04CD131B85050848548C4BF902B60FFE
04047C141B8905084954934A0B03CE0F
FE040480141B8B050849547F4BFA02B8
0FFC0404FF131B8F050848540B4E2803
20100005046D131B90050848543F4C2B
03141006050491141B9405084854844B
26031E1009050455151B9A05084954F3
471C031B10060504CF141B9E05084954
A54EF702EB0F060504AB131BA1050849
54974FED02F30F0A05040E151BA50508
49544947F902F60F02050492151BAB05
084954464AEB02F30FFC04045A141BB1
05084954384C39039D10F9040454131B
B105084954074B3C03A210FC04043613
1BB205084A54B34933039910FE0404EE
131BB105084A54EC4831039710FE0404
3D141BB205084A54E14931039A100105
04B6141BB205084A5440491E03DC10FD
04049D141BB005084A5458492C03DF10
F90404CB141BB105084A54604B2703E5
10F804040A181BB005084A54624A2003
DF10E5040411191BB005084A54224A04
03C910BE04041D191BB005084A546849
FC02C41098040429191BAF05084A541C
4A0603B91081040426191BAE05084A54
074DF702D41074040422191BA6050849
54764FF702981074040411191BA30508
4954A54DF1029C1078040400191BA005
084954754BEB029C1080040419191B9F
05084954F84BEA029B1081040426191B
A105084954E64C0D034D107B04042A19
1BA105084954ED4C1B033C107404044B
191BA105084954734F0F034610650404
6D191BA10508495436510D033A105504
0485191BA005084954E24F1B03361047
040482191B9B05084954334F2D032B10
3E04047D191B9305084954A64D2F033F
103D040471191B88050849549C4C3703
361043040460191B7A05084854514D31
0338104D04044B191B6C05084854A94D
0403E50F5C04043F191B650508485406
4EF902E90F6704042A191B5D05084854
F54C0403D60F74040419191B50050848
54E44DFB02D90F8304041D191B480508
4854034EF502DE0F8C040409191B4305
084854404EFA02E40F970404FC181B3B
05084954294EEF02E20FA20404F4181B
2B050848547B4EF302DD0FAA0404EF18
1B1405084854294E1303A50FB00404E7
181B0005084954AE4E1903B10FB60404
D6181BF404084954DB4D1303B70FB904
04DF181BE4040848540B4E0803A60FBC
0404F8181BCF04084854B24F0F03B00F
B7040408191BBB040848549E5003031A
10B004041D191BB204084854D14E0603
1E10A8040419191BA7040848543E5002
032E109F040439191B9504084754A44F
0603221095040443191B7C0408475468
4FE102F50F8D04043F191B6C04084754
E150DC02001087040443191B60040847
541950DB02F80F84040447191B540408
47546A4EE0020B107D040458191B3E04
084754564ED502E40F77040464191B2B
04084754734FDE02D90F6C04047D191B
21040847547E4FE002EA0F6104048E19
1B1C040847543F4FDF02DA0F5404049B
191B1304084754AB4EE602E70F4B0404
9D191B0804084754864FE602EB0F4304
049F191BFB03084754EE4AE802F20F3E
0404B4191BF403084754FD51D502FC0F
370404C4191BF3030848546F57E602F2
0F2B0404DE191BF203084754B8535B02
92101F0404F7191BF4030847547B5456
028A10140404E2191BF903084854F552
61028410150404D5191BF903084754B6
526B029C10150404E2191BFA03084754
B250CA02180F100404FB191BF9030847
542F51D102190F080404021A1BFB0308
4754C950C8021B0FFF0304071A1BF903
0847547050D102300FF90304101A1BF8
030847543B519902F310F30304181A1B
F603084754EB4FA602F010EF0304181A
1BF9030846545C4FA202E410EC03041C
1A1BFA03084654AB4F9802F410E90304
1C1A1BF703084754444ABD023D0FE503
04291A1BEF030846548D4AD502440FE3
0304251A1BDD03084654154FCF02470F
E50304201A1BCD030846541E43D5023B
0FE70304161A1BBF030846547749E202
470FE103040CEF19BE030846544B4353
029908B4030426480FBF03084654A043
5B029F08AC0304ADEB0EBF0308465477
4852029508E30304E1550FBF03084654
51455102A00815040456680FC0030847
549145A002C3035D0404528D0EBF0308
47546E45A802CA039E04045AD90EC003
0847546C459D02D303CB040439880EBF
030847548D45A002C303F80404F6AC0E
C0030847549C469D02BC032A0504ED71
0EBE03084754A947A402BE036B0504E3
F40EBE030846548448A402CC03AB0504
D5A30EBF03084654F948A202C503F705
04220C0FBE03084554E948AA02C50353
06046A820EC0030845542649A102CA03
90060409330EC0030845542049A302C5
0399060469EC0DBD03084554E548AF02
C503820604F3D90DC0030846542049A5
02C403780604E2430EC0030845549949
AC02C303BB060499D70DBE03084554C6
499802CD030207044CB00DBF03084554
7449A802C003330704A96C0DBF030844
54E6499D02B9034E070451510DC00308
4454BF49A702CE03700704AA560DC003
0844548E499F02CB03BB070480FA0CC0
03084454C149A402BF030F08048B300D
BF03084454DE499602D2031C080493E1
0DBD030844545449A102C103</Data>

   <DataCRC>43cece24</DataCRC>

   <BytesSent>5644</BytesSent>

</SBEDataUpload>
</InstrumentRawData>
</SBEDataUploadFile>
