<?xml version="1.0"?>
<!-- SCPlusV2_RS232 -->
<SBEDataUploadFile>
<ApplicationData>
<Seaterm232>
<SoftwareVersion>2.6.3.104</SoftwareVersion>
<BuildDate>30-Jun-2017</BuildDate>
</Seaterm232>
</ApplicationData>
<InstrumentState>
<HardwareData DeviceType='SBE19plus' SerialNumber='01906740'>

   <Manufacturer>Sea-Bird Electronics, Inc.</Manufacturer>

   <FirmwareVersion>2.2d</FirmwareVersion>

   <FirmwareDate>9 February 2011 08:30</FirmwareDate>

   <CommandSetVersion>1.1</CommandSetVersion>

   <PCBAssembly PCBSerialNum='25307' AssemblyNum='41054G'/>

   <PCBAssembly PCBSerialNum='25737' AssemblyNum='41580B'/>

   <PCBAssembly PCBSerialNum='24669' AssemblyNum='41606'/>

   <PCBAssembly PCBSerialNum='24372' AssemblyNum='41059D'/>

   <MfgDate>  08 DEC 2010</MfgDate>

   <InternalSensors>

      <Sensor id='Main Temperature'>

         <type>temperature0</type>

         <SerialNumber>01906740</SerialNumber>

      </Sensor>

      <Sensor id='Main Conductivity'>

         <type>conductivity-0</type>

         <SerialNumber>01906740</SerialNumber>

      </Sensor>

      <Sensor id='Main Pressure'>

         <type>strain-0</type>

         <SerialNumber>3220369</SerialNumber>

      </Sensor>

   </InternalSensors>

   <ExternalSensors>

      <Sensor id='volt 0'>

         <type>SBE 43 OXY</type>

         <SerialNumber>432005</SerialNumber>

      </Sensor>

      <Sensor id='volt 1'>

         <type>not assigned</type>

         <SerialNumber>not assigned</SerialNumber>

      </Sensor>

      <Sensor id='volt 2'>

         <type>ECO-FLNTURT CHL</type>

         <SerialNumber>FLNTURTD-2025</SerialNumber>

      </Sensor>

      <Sensor id='volt 3'>

         <type>ECO-FLNTURT TURB</type>

         <SerialNumber>FLNTURTD-2025</SerialNumber>

      </Sensor>

      <Sensor id='volt 4'>

         <type>not assigned</type>

         <SerialNumber>not assigned</SerialNumber>

      </Sensor>

      <Sensor id='volt 5'>

         <type>not assigned</type>

         <SerialNumber>not assigned</SerialNumber>

      </Sensor>

   </ExternalSensors>

</HardwareData>
<StatusData DeviceType='SBE19plus' SerialNumber='01906740'>

   <DateTime>2018-12-07T14:28:32</DateTime>

   <LoggingState>not logging</LoggingState>

   <EventSummary numEvents='241'/>

   <Power>

      <vMain>12.2</vMain>

      <vLith>5.4</vLith>

      <iMain>61.5</iMain>

      <iPump>36.4</iPump>

      <iExt01> 4.1</iExt01>

      <iExt2345>20.6</iExt2345>

   </Power>

   <MemorySummary>

      <Bytes>1492821</Bytes>

      <Samples>87813</Samples>

      <SamplesFree>3782666</SamplesFree>

      <SampleLength>17</SampleLength>

      <Profiles>111</Profiles>

   </MemorySummary>

</StatusData>
<ConfigurationData DeviceType='SBE19plus' SerialNumber='01906740'>

   <ProfileMode>

      <ScansToAverage>1</ScansToAverage>

      <MinimumCondFreq>3226</MinimumCondFreq>

      <PumpDelay>60</PumpDelay>

      <AutoRun>no</AutoRun>

      <IgnoreSwitch>no</IgnoreSwitch>

   </ProfileMode>

   <Battery>

      <Type>alkaline</Type>

      <CutOff>7.5</CutOff>

   </Battery>

   <DataChannels>

      <ExtVolt0>yes</ExtVolt0>

      <ExtVolt1>no</ExtVolt1>

      <ExtVolt2>yes</ExtVolt2>

      <ExtVolt3>yes</ExtVolt3>

      <ExtVolt4>no</ExtVolt4>

      <ExtVolt5>no</ExtVolt5>

      <SBE38>no</SBE38>

      <OPTODE>no</OPTODE>

      <GTD>no</GTD>

   </DataChannels>

   <EchoCharacters>yes</EchoCharacters>

   <OutputExecutedTag>yes</OutputExecutedTag>

   <OutputFormat>raw HEX</OutputFormat>

</ConfigurationData>
<CalibrationCoefficients DeviceType='SBE19plus' SerialNumber='01906740'>

   <Calibration format='TEMP1' id='Main Temperature'>

      <SerialNum>01906740</SerialNum>

      <CalDate>07-Jan-11 </CalDate>

      <TA0>1.255288e-03</TA0>

      <TA1>2.593288e-04</TA1>

      <TA2>-2.376104e-07</TA2>

      <TA3>1.449298e-07</TA3>

      <TOFFSET>0.000000e+00</TOFFSET>

   </Calibration>

   <Calibration format='WBCOND0' id='Main Conductivity'>

      <SerialNum>01906740</SerialNum>

      <CalDate>07-Jan-11</CalDate>

      <G>-1.033008e+00</G>

      <H>1.393941e-01</H>

      <I>-2.175401e-04</I>

      <J>3.475757e-05</J>

      <CPCOR>-9.570000e-08</CPCOR>

      <CTCOR>3.250000e-06</CTCOR>

      <CSLOPE>1.000000e+00</CSLOPE>

   </Calibration>

   <Calibration format='STRAIN0' id='Main Pressure'>

      <SerialNum>3220369</SerialNum>

      <CalDate>21-Dec-10</CalDate>

      <PA0>8.222195e-01</PA0>

      <PA1>1.566037e-02</PA1>

      <PA2>-6.194425e-10</PA2>

      <PTCA0>5.244452e+05</PTCA0>

      <PTCA1>4.417653e+00</PTCA1>

      <PTCA2>-9.798927e-02</PTCA2>

      <PTCB0>2.510725e+01</PTCB0>

      <PTCB1>-1.150000e-03</PTCB1>

      <PTCB2>0.000000e+00</PTCB2>

      <PTEMPA0>-5.917147e+01</PTEMPA0>

      <PTEMPA1>5.387460e+01</PTEMPA1>

      <PTEMPA2>-2.653169e-01</PTEMPA2>

      <POFFSET>0.000000e+00</POFFSET>

      <PRANGE>5.076000e+03</PRANGE>

   </Calibration>

   <Calibration format='VOLT0' id='Volt 0'>

      <OFFSET>-4.687158e-02</OFFSET>

      <SLOPE>1.247988e+00</SLOPE>

   </Calibration>

   <Calibration format='VOLT0' id='Volt 1'>

      <OFFSET>-4.719579e-02</OFFSET>

      <SLOPE>1.248132e+00</SLOPE>

   </Calibration>

   <Calibration format='VOLT0' id='Volt 2'>

      <OFFSET>-4.684526e-02</OFFSET>

      <SLOPE>1.248324e+00</SLOPE>

   </Calibration>

   <Calibration format='VOLT0' id='Volt 3'>

      <OFFSET>-4.678105e-02</OFFSET>

      <SLOPE>1.247145e+00</SLOPE>

   </Calibration>

   <Calibration format='VOLT0' id='Volt 4'>

      <OFFSET>-4.669684e-02</OFFSET>

      <SLOPE>1.248307e+00</SLOPE>

   </Calibration>

   <Calibration format='VOLT0' id='Volt 5'>

      <OFFSET>-4.709579e-02</OFFSET>

      <SLOPE>1.247697e+00</SLOPE>

   </Calibration>

   <Calibration format='FREQ0' id='external frequency channel'>

      <EXTFREQSF>9.999977e-01</EXTFREQSF>

   </Calibration>

</CalibrationCoefficients>
<EventCounters DeviceType='SBE19plus' SerialNumber='01906740'>

   <EventSummary numEvents='241'/>

   <Event type='ErrorFLASHUncorrectableError' count='241'/>

</EventCounters></InstrumentState>
<Headers>

cast  93 04 Dec 2018 08:19:06 samples 77673 to 77959, avg = 1, stop = mag switch

</Headers><InstrumentRawData>
<SBEDataUpload startAddr='1320424'>

   <Type>1</Type>

   <DataFormat>SEACATPLUS0</DataFormat>

   <Bytes>4879</Bytes>

   <Data>
AB1904E6F30BD20308ED535C4D3C0910
06C01704E46D0CDD0308EC533A4E4909
180606130437330EE70308EC53994D47
091706970B04E69D11EE0308EC53F74C
440919061F06040B9514F30308EB53AA
4CD605D619E80204A9C015F80308EA53
824CCF05D919040104E67017FC0308EA
53724CD505D619F0FF03DFD018FF0308
EA53544CD405D71939FF03FA1A1B0804
08EA537E4C06053C10B0FE03791D1B0E
0408E953504C0005401046FE03D91E1B
0E0408E853484CFB044210E9FD035F1F
1B100408E9535B4C06054310ABFD03FA
1F1B140408E9535E4C3303181167FD03
A1201B170408EA53774C38031B1132FD
03E8201B190408EC538E4C2D031F1105
FD03F5201B1A0408ED53C04C35031F11
D8FC0324211B1B0408ED53CE4C2B031A
11B2FC0383211B1B0408EF53B74C7403
D91098FC03A0211B1D0408F053BC4C77
03DA108BFC03A5211B1B0408F153D74C
7403DF107FFC03BE211B1B0408F153D4
4C7903DF1077FC03F0211B1B0408F353
CD4C1103FC1071FC031E221B1C0408F3
53DD4C1603F4106EFC032E221B1D0408
F453D74C1903F01062FC0337221B1C04
08F553F54C1103F91053FC03E3211B1C
0408F653E14C7603E7103FFC03A5211B
1D0408F753F74C6F03E91036FC036E21
1B1D0408F653014D7403ED102EFC0377
211B1D0408F753054D6D03EB1027FC03
1A221B1F0408F553224D8303851020FC
0350221B1F0408F453264D8203901027
FC036E221B1C0408F353424D79038D10
2DFC037A221B1C0408F353554D810385
1024FC038B221B1D0408F253544D8103
831019FC0387221B1C0408F153574D3E
03DB100DFC0383221B1F0408F153F74E
4203D0100BFC037A221B1D0408F1538B
4F3C03DD100FFC0372221B1E0408F153
F94E4203DF1010FC0376221B1F0408F1
537D4E5103DD1011FC037E221B1E0408
F0533F4E5103DE1015FC037A221B1E04
08F053FC4D5C03DB1018FC0376221B1E
0408F053CD4D5103E11019FC0361221B
200408F153B14D6F03A71017FC035522
1B200408F153594D7003A91011FC0340
221B210408EF533C4D7903AC100EFC03
3B221B1F0408F053074D7903AB100CFC
033E221B1F0408F053DD4C5303DC1009
FC0350221B200408EF539C4C4A03DB10
06FC0372221B1F0408F053744C4B03DE
1004FC039C221B210408F0533B4C5303
E2100BFC03C6221B1F0408F1530B4C4D
03D71011FC03D6221B210408F053BF4B
2403C3101AFC03CA221B200408F253AE
4B1E03CD101EFC03A6221B1F0408F253
814B2903CD1020FC0387221B1F0408F3
53574B2A03C41021FC0365221B1F0408
F353254B8003BA1022FC0355221B1F04
08F253EF4A8003B81024FC0337221B1F
0408F253C64A8403BE1024FC0322221B
200408F153A54A8003BA101EFC032222
1B200408F253884A8903FB101BFC0333
221B210408F453544A9703FA1018FC03
3E221B200408F453284A9303021115FC
034C221B210408F553174A9403F71010
FC035D221B200408F753FF496F030311
0DFC036E221B210408F653D949790306
1108FC037A221B200408F653AE497303
091108FC038B221B220408F653874973
03091108FC0393221B210408F6537549
710308110AFC0392221B210408F45351
494503E8100DFC03A0221B210408F353
2E494803E8100DFC03A4221B1F0408F2
53FE483803EC100BFC03A8221B210408
F453DA483803E81007FC03A8221B2004
08F453C6485103FE1001FC03B1221B23
0408F453AF484E03FD10FCFB03AD221B
210408F5539C485A03FA10FAFB03BB22
1B200408F45387484F03F710F4FB03C1
221B220408F3536E48BC03DA10EFFB03
CE221B210408F4534648C503DE10EDFB
03D6221B200408F3532E48BE03D910EC
FB03DB221B210408F3531E48C303DC10
E9FB03DB221B220408F353084896030B
11E9FB03D2221B220408F253F4478403
0911E9FB03CE221B210408F253D14785
030311E9FB03CB221B210408F353CB47
8C030611E7FB03D2221B200408F353B3
4797030711E2FB03DB221B200408F353
A4479203B510DDFB03E3221B210408F3
5397479203C510DDFB03EB221B210408
F35389479203BE10DCFB03E7221B2204
08F35371479503BB10DCFB03DF221B21
0408F3536E4766030911DEFB03D7221B
200408F353664756030211DFFB03D222
1B210408F45348476D030711DFFB03CE
221B200408F4533D4761030511E1FB03
C6221B220408F35338477403FA10E1FB
03B9221B210408F3531D477703FE10E5
FB03AD221B200408F4530A477803F610
E5FB03A8221B210408F35309477D03F9
10E5FB03B2221B1F0408F353F1466903
EA10E5FB03B9221B200408F353E84667
03EA10E2FB03BD221B200408F453CA46
6003EF10E0FB03BD221B1F0408F453B2
466503ED10E0FB03B5221B220408F453
C5466203E910DFFB0387221B210408F4
53A8467D030C11E5FB0344221B210408
F453A6467F030411F6FB03F8211B2004
08F4539546800307110CFC03E1211B21
0408F453744683030A1121FC03EC211B
200408F3536B46960317112FFC03DB21
1B210408F3535C468F03191139FC03D3
211B200408F2534E468F03161144FC03
BA211B220408F3533A46880315114DFC
0377211B230408F25326468703EF1056
FC033C211B210408F25320467A03EB10
62FC0327211B230408F25311468303F1
106EFC0320211B200408F253FB458503
E71078FC0323211B220408F353EF455E
03CA1082FC032F211B210408F253D245
6903C9108AFC031F211B210408F253CB
456903CA1092FC03FD201B210408F253
B7455C03CD109EFC03F9201B210408F1
5398455C03CD10A7FC03F9201B200408
F2538E458D03AA10ADFC03DF201B2204
08F35375458D03B110B5FC03BA201B24
0408F3535E458F03AC10C0FC03C3201B
230408F3535E458F03A510CAFC03AE20
1B210408F35345458B03FF10D3FC0399
201B220408F3531E458903F710DFFC03
88201B1F0408F35324458B03F610E6FC
038C201B210408F35310458803F910F0
FC0399201B200408F353F9446B032D11
FAFC039F201B220408F253E3446D0321
1104FD0399201B210408F253D9445803
21110AFD035E201B210408F253B9446E
032D1111FD0328201B210408F353AC44
7103E5101BFD030A201B220408F35388
446403E31026FD031B201B220408F353
83447C03E7102FFD0341201B230408F3
536A446B03E51039FD0349201B220408
F25364447A03EB1040FD0336201B2004
08F15354446D03C91047FD035A201B23
0408F15337446D03C2104DFD0384201B
260408F1531C446303C51049FD039D20
1B290408F25313445A03C91041FD0380
201B290408F253EF438D03EB103BFD03
49201B2B0408F353E7439203EA1043FD
031F201B2D0408F353CD438903EF1054
FD030A201B2E0408F453C1438903ED10
62FD0302201B2F0408F553A3435603FC
1070FD030A201B310408F45394435B03
FF107AFD032C201B320408F45398434B
03F41082FD0349201B360408F3538943
4903F41083FD0345201B3A0408F35367
436703581184FD033D201B3C0408F353
58436F035D1188FD0330201B3D0408F3
533E4361035B118DFD03F51F1B3E0408
F453424369035A1199FD03D61F1B4004
08F4532D436C035711A9FD03C71F1B44
0408F3535A436703ED10B5FD031B201B
460408F3533A435A03EA10B9FD032320
1B460408F25331436F03EB10B6FD0306
201B4A0408F25315436A03E810BCFD03
DC1F1B4A0408F15315438B031911C5FD
03D01F1B4B0408F153044394031B11D1
FD03CC1F1B4D0408F053E9428F031611
DDFD03CE1F1B4E0408F053E642940317
11EAFD03C71F1B4F0408F153DA425503
1D11F4FD03C71F1B4F0408F153C04255
03181103FE03C71F1B530408F053C042
5E0320110BFE03D81F1B550408F053B1
424C031B1114FE03E51F1B570408F053
9E428903FC101BFE03E51F1B570408F0
53A2428903FA101CFE03D81F1B570408
EF5395428903F81020FE03C61F1B5904
08EF5395428A03F91028FE03BF1F1B5C
0408EF5373428F03F5102FFE03CC1F1B
5C0408F05372428E030A1137FE03CC1F
1B5F0408F0536242960307113EFE03D0
1F1B610408F05391429303101141FE03
E51F1B670408F05394429703021143FE
03F11F1B680408F05384427E03FA103F
FE03F51F1B690408F15368427903F510
37FE03EA1F1B6D0408F15365428303EE
1036FE0313201B6F0408F1535E428303
FA102EFE031F201B710408F05366429F
03171121FE0341201B710408F1534B42
A7031A1111FE0328201B720408F1533B
429203141104FE0334201B770408F253
3B42A3031911FDFD0366201B7D0408F2
53244281034F11E6FD0384201B830408
F25397428F034111C0FD03AB201B8604
08F25393427403451194FD03BA201B8B
0408F2538E427603451170FD03D3201B
8F0408F253554285033F114EFD03D720
1B8F0408F2533F427803561139FD03D3
201B910408F25332428203551120FD03
D7201B950408F25330427A035A110EFD
03E0201B9B0408F3536D4287035D1103
FD03F9201BA30408F253D9428903B211
EDFC0338211BA60408F15379427F03C1
11C3FC0338211BA60408F2534A428203
AC1197FC0338211BA70408F153174280
03BF117BFC032F211BA70408F1530642
AE035A1268FC0301211BA60408F053E9
41A90356125FFC03D3201BA60408F053
D941A703531262FC03AE201BA80408F0
53D441B00351126CFC0399201BA80408
F153BD41A103331277FC0393201BA704
08F153A6419803231283FC0388201BA7
0408F15392419C0327128FFC037B201B
A70408F2538A41920326129AFC037720
1BA80408F25384419F032212A3FC037B
201BA70408F15378414F037D12AEFC03
7B201BA70408F153744153037F12B7FC
038C201BA70408F1535C414F038312BE
FC03A9201BA60408F25351414D037F12
C4FC03CB201BA70408F35349419C038C
12C4FC03F9201BA80408F2533C41A203
9B12BCFC0334211BA60408F2533D4197
039512A9FC0355211BA60408F3535A41
90038C1295FC0349211BA80408F35354
418603F61189FC03FD201BA60408F353
52417A03EA1191FC03C7201BA60408F3
5357418703F41199FC03B3201BA60408
F3536941880301129BFC0388201BA604
08F2536341B00390119DFC036B201BA7
0408F2536141AF0396119DFC0362201B
A80408F2537241A9039311A4FC036620
1BA80408F3536A41A8038D11ADFC0388
201BA70408F3537441B6038111BCFC03
CB201BAB0408F35372418F03F411C8FC
03BE201BA90408F2537F418A03F011D1
FC037F201BA90408F2537A418F03F811
E2FC0356201BAA0408F2537F41900301
12EFFC0352201BAA0408F3536A418903
CB1100FD0362201BAA0408F253734190
03BF110EFD0384201BAA0408F2536741
9303C7111DFD0395201BA90408F1536C
418F03D11128FD0390201BAA0408F153
9441AA037C122DFD0388201BA90408F0
538441A103721234FD036F201BA80408
F0537F41A703701240FD035A201BAA04
08F05381419C03791250FD036F201BA7
0408F05387418703CE115BFD0384201B
A50408F05372417B03BE1164FD03A520
1BA40408EF5351417603C3115DFD03BE
201BA50408EF5359416D03C61154FD03
EC201BA40408EF534B417A03D41144FD
03BE201B9F0408EF5369418F0385113C
FD03EF201B9A0408EF535F4193038511
2EFD03FD201B910408EF5351418C0386
111BFD03B2201B8A0408EE533F419D03
7D1116FD03D7201B860408EF533B4166
037D110BFD03CE231B780408EF535D41
63038011B0FC0336251B6B0408EF5350
415D037E1130FC0360251B650408EF53
414160037411D1FB0374251B620408F0
5333419E0317119AFB0381251B5A0408
F0533A41960321117AFB0381251B5104
08F053474198031F116AFB038E251B4A
0408F15338419803151161FB0381251B
440408F05342419A032A1160FB037D25
1B400408F153674196032C1160FB037D
251B330408F053A141AB03231163FB03
84251B280408F153C44197032A1163FB
038A251B230408F153FF41A90334115E
FB038E251B1B0408F1531742A7031F11
5DFB038A251B130408F1534B429B0326
115BFB038E251B080408F1536F42A103
2B115AFB0396251BFF0308F153B142A7
032A1159FB0396251BFB0308F153D442
7C03E61057FB0398251BF90308F15300
436903E11055FB0392251BF80308F153
2B437003E51057FB0392251BFB0308F0
5356437203F11058FB039B251BFA0308
F15371430F031F1157FB0392251BFC03
08F053B4431803291157FB0392251BFE
0308F053C3431803251159FB038A251B
FD0308F15301440E0326115DFB038825
1B000408F05322441103011161FB038A
251BFD0308F15342447D03BA1061FB03
8A251BFD0308F05365447903B71061FB
038A251BFA0308F05384447803B41061
FB038A251BF00308F05398448703B210
60FB038E251BE00308EF53A5441002C7
0E5EFB038A251BD20308EF53E2440802
BA0E59FB03A0251BC40308EF53F1441D
02C30E51FB0346DA1AC00308EF533656
1002B50E43FB033BBE10C00308EF53B6
47C207F70B4DFB030BA40EC00308EF53
C546BC07FD0B63FB0350BD0EC20308EF
53AA94C107FA0B96FB0303E10EC20308
EF535948C407FA0BF2FB033F8F0EC203
08EF536B46AA02B7034BFC0350050EC2
0308F053A445A402C103ADFC03F4440E
C40308EF534445A402B8030EFD03AE3F
0EC10308F05311459E02C40366FD038C
200EC10308EF530E45A702C403BFFD03
10130EC10308F0531345AA02CE0316FE
03A0D40DC20308F0530C459E02CB03</Data>

   <DataCRC>b2c4030e</DataCRC>

   <BytesSent>4879</BytesSent>

</SBEDataUpload>
</InstrumentRawData>
</SBEDataUploadFile>
