<?xml version="1.0"?>
<!-- SCPlusV2_RS232 -->
<SBEDataUploadFile>
<ApplicationData>
<Seaterm232>
<SoftwareVersion>2.6.3.104</SoftwareVersion>
<BuildDate>30-Jun-2017</BuildDate>
</Seaterm232>
</ApplicationData>
<InstrumentState>
<HardwareData DeviceType='SBE19plus' SerialNumber='01906740'>

   <Manufacturer>Sea-Bird Electronics, Inc.</Manufacturer>

   <FirmwareVersion>2.2d</FirmwareVersion>

   <FirmwareDate>9 February 2011 08:30</FirmwareDate>

   <CommandSetVersion>1.1</CommandSetVersion>

   <PCBAssembly PCBSerialNum='25307' AssemblyNum='41054G'/>

   <PCBAssembly PCBSerialNum='25737' AssemblyNum='41580B'/>

   <PCBAssembly PCBSerialNum='24669' AssemblyNum='41606'/>

   <PCBAssembly PCBSerialNum='24372' AssemblyNum='41059D'/>

   <MfgDate>  08 DEC 2010</MfgDate>

   <InternalSensors>

      <Sensor id='Main Temperature'>

         <type>temperature0</type>

         <SerialNumber>01906740</SerialNumber>

      </Sensor>

      <Sensor id='Main Conductivity'>

         <type>conductivity-0</type>

         <SerialNumber>01906740</SerialNumber>

      </Sensor>

      <Sensor id='Main Pressure'>

         <type>strain-0</type>

         <SerialNumber>3220369</SerialNumber>

      </Sensor>

   </InternalSensors>

   <ExternalSensors>

      <Sensor id='volt 0'>

         <type>SBE 43 OXY</type>

         <SerialNumber>432005</SerialNumber>

      </Sensor>

      <Sensor id='volt 1'>

         <type>not assigned</type>

         <SerialNumber>not assigned</SerialNumber>

      </Sensor>

      <Sensor id='volt 2'>

         <type>ECO-FLNTURT CHL</type>

         <SerialNumber>FLNTURTD-2025</SerialNumber>

      </Sensor>

      <Sensor id='volt 3'>

         <type>ECO-FLNTURT TURB</type>

         <SerialNumber>FLNTURTD-2025</SerialNumber>

      </Sensor>

      <Sensor id='volt 4'>

         <type>not assigned</type>

         <SerialNumber>not assigned</SerialNumber>

      </Sensor>

      <Sensor id='volt 5'>

         <type>not assigned</type>

         <SerialNumber>not assigned</SerialNumber>

      </Sensor>

   </ExternalSensors>

</HardwareData>
<StatusData DeviceType='SBE19plus' SerialNumber='01906740'>

   <DateTime>2018-12-07T14:28:32</DateTime>

   <LoggingState>not logging</LoggingState>

   <EventSummary numEvents='241'/>

   <Power>

      <vMain>12.2</vMain>

      <vLith>5.4</vLith>

      <iMain>61.5</iMain>

      <iPump>36.4</iPump>

      <iExt01> 4.1</iExt01>

      <iExt2345>20.6</iExt2345>

   </Power>

   <MemorySummary>

      <Bytes>1492821</Bytes>

      <Samples>87813</Samples>

      <SamplesFree>3782666</SamplesFree>

      <SampleLength>17</SampleLength>

      <Profiles>111</Profiles>

   </MemorySummary>

</StatusData>
<ConfigurationData DeviceType='SBE19plus' SerialNumber='01906740'>

   <ProfileMode>

      <ScansToAverage>1</ScansToAverage>

      <MinimumCondFreq>3226</MinimumCondFreq>

      <PumpDelay>60</PumpDelay>

      <AutoRun>no</AutoRun>

      <IgnoreSwitch>no</IgnoreSwitch>

   </ProfileMode>

   <Battery>

      <Type>alkaline</Type>

      <CutOff>7.5</CutOff>

   </Battery>

   <DataChannels>

      <ExtVolt0>yes</ExtVolt0>

      <ExtVolt1>no</ExtVolt1>

      <ExtVolt2>yes</ExtVolt2>

      <ExtVolt3>yes</ExtVolt3>

      <ExtVolt4>no</ExtVolt4>

      <ExtVolt5>no</ExtVolt5>

      <SBE38>no</SBE38>

      <OPTODE>no</OPTODE>

      <GTD>no</GTD>

   </DataChannels>

   <EchoCharacters>yes</EchoCharacters>

   <OutputExecutedTag>yes</OutputExecutedTag>

   <OutputFormat>raw HEX</OutputFormat>

</ConfigurationData>
<CalibrationCoefficients DeviceType='SBE19plus' SerialNumber='01906740'>

   <Calibration format='TEMP1' id='Main Temperature'>

      <SerialNum>01906740</SerialNum>

      <CalDate>07-Jan-11 </CalDate>

      <TA0>1.255288e-03</TA0>

      <TA1>2.593288e-04</TA1>

      <TA2>-2.376104e-07</TA2>

      <TA3>1.449298e-07</TA3>

      <TOFFSET>0.000000e+00</TOFFSET>

   </Calibration>

   <Calibration format='WBCOND0' id='Main Conductivity'>

      <SerialNum>01906740</SerialNum>

      <CalDate>07-Jan-11</CalDate>

      <G>-1.033008e+00</G>

      <H>1.393941e-01</H>

      <I>-2.175401e-04</I>

      <J>3.475757e-05</J>

      <CPCOR>-9.570000e-08</CPCOR>

      <CTCOR>3.250000e-06</CTCOR>

      <CSLOPE>1.000000e+00</CSLOPE>

   </Calibration>

   <Calibration format='STRAIN0' id='Main Pressure'>

      <SerialNum>3220369</SerialNum>

      <CalDate>21-Dec-10</CalDate>

      <PA0>8.222195e-01</PA0>

      <PA1>1.566037e-02</PA1>

      <PA2>-6.194425e-10</PA2>

      <PTCA0>5.244452e+05</PTCA0>

      <PTCA1>4.417653e+00</PTCA1>

      <PTCA2>-9.798927e-02</PTCA2>

      <PTCB0>2.510725e+01</PTCB0>

      <PTCB1>-1.150000e-03</PTCB1>

      <PTCB2>0.000000e+00</PTCB2>

      <PTEMPA0>-5.917147e+01</PTEMPA0>

      <PTEMPA1>5.387460e+01</PTEMPA1>

      <PTEMPA2>-2.653169e-01</PTEMPA2>

      <POFFSET>0.000000e+00</POFFSET>

      <PRANGE>5.076000e+03</PRANGE>

   </Calibration>

   <Calibration format='VOLT0' id='Volt 0'>

      <OFFSET>-4.687158e-02</OFFSET>

      <SLOPE>1.247988e+00</SLOPE>

   </Calibration>

   <Calibration format='VOLT0' id='Volt 1'>

      <OFFSET>-4.719579e-02</OFFSET>

      <SLOPE>1.248132e+00</SLOPE>

   </Calibration>

   <Calibration format='VOLT0' id='Volt 2'>

      <OFFSET>-4.684526e-02</OFFSET>

      <SLOPE>1.248324e+00</SLOPE>

   </Calibration>

   <Calibration format='VOLT0' id='Volt 3'>

      <OFFSET>-4.678105e-02</OFFSET>

      <SLOPE>1.247145e+00</SLOPE>

   </Calibration>

   <Calibration format='VOLT0' id='Volt 4'>

      <OFFSET>-4.669684e-02</OFFSET>

      <SLOPE>1.248307e+00</SLOPE>

   </Calibration>

   <Calibration format='VOLT0' id='Volt 5'>

      <OFFSET>-4.709579e-02</OFFSET>

      <SLOPE>1.247697e+00</SLOPE>

   </Calibration>

   <Calibration format='FREQ0' id='external frequency channel'>

      <EXTFREQSF>9.999977e-01</EXTFREQSF>

   </Calibration>

</CalibrationCoefficients>
<EventCounters DeviceType='SBE19plus' SerialNumber='01906740'>

   <EventSummary numEvents='241'/>

   <Event type='ErrorFLASHUncorrectableError' count='241'/>

</EventCounters></InstrumentState>
<Headers>

cast  99 04 Dec 2018 09:17:27 samples 80194 to 80923, avg = 1, stop = mag switch

</Headers><InstrumentRawData>
<SBEDataUpload startAddr='1363281'>

   <Type>1</Type>

   <DataFormat>SEACATPLUS0</DataFormat>

   <Bytes>12410</Bytes>

   <Data>
810F04F8940DD103080554C152E601FC
FBDB0904826614DC03080554C951D801
FCFBF7060476A20FE203080554CE51E8
01F8FB8705047AD614E9030806547751
DC01FBFBCA0404468015EF0308075424
51FCFB6E107E0404D82515F703080754
C650F6FB6910690404BA3515FA030808
54AA50FCFB78106E0404D63916FB0308
0A547C50FEFB69107E040476B919FF03
080A5480504B04260F9C0404A20F1802
04080C5483504F04280FC90404290F1B
0804080C5467504E04260F0405042D11
1B0F04080E5487504C04220F5705045E
121B1404080F545650F602C20EB90504
43131B1604080F546750F102B50E2F06
04AF131B18040810546F50EC02AF0EB7
06042E131B1A040812548B50F402B30E
5607044D121B1B040812549A50ED02B3
0EE50704BB111B1A040811549B500903
C30E55080481111B1C04081354AB5003
03C00EA5080467111B1D04081354C250
0803C30ED50804AF111B1F04081354C4
500003BC0EF80804BB111B1E04081554
D150FC02C20E0E0904BB111B1F040814
54E9500D03C70E330904B3111B200408
1354FF500303C10E590904B3111B2104
0813540C510303C40E80090478111B23
040812541851D902AF0E9E090485111B
24040814544951D402AC0EB509044611
1B24040813544751D502AE0EC2090481
111B26040812545451D802B50EC20904
42111B27040812546151D502C40EBC09
0470111B28040812546051D302C80EB4
090489111B27040811547951CF02C20E
C2090489111B26040812549651D102BD
0EDE09044F111B26040813549E51D702
BD0E0C0A04F7101B2504081354B351C0
02BB0E3A0A0493101B2704081354C251
C602B30E600A0461101B270408135454
53C602B30E790A043C101B2504081254
DF53C602B50E840A0423101B25040812
547F53D302B10E860A0427101B260408
12542953D502B00E820A0427101B2404
081454D952D702BA0E7B0A0423101B25
04081454BA52CE02B20E6F0A041E101B
25040813549652E002DC0E610A043710
1B25040814547052E302D50E530A0448
101B28040814543252E802CF0E470A04
44101B28040815541452E202D60E420A
045D101B29040815540852E602920E49
0A0461101B2604081554BB51E202950E
580A0450101B28040816548D51E30293
0E650A0437101B28040815545851E202
930E7B0A0432101B27040815543B51E2
028C0E8D0A041A101B28040815540E51
0303C40E9C0A04F10F1B2504081554D4
500803CD0EA90A04CF0F1B2704081554
B3500203D10EB70A04A10F1B28040815
549250FF02D30EC30A04670F1B290408
15546250E602BA0ECB0A042D0F1B2904
0814544550DC02B10ED20A04EE0E1B2A
040814541750DD02B60ED70A04C50E1B
2804081454FB4FE202B10ED90A04A80E
1B2804081454DF4F0903C70EDE0A04D1
0E1B2704081554AE4F0603DF0EE00A04
070F1B2704081554884F0803D90EDF0A
04200F1B2704081554754F0603D60EE0
0A04180F1B2804081454534FDE02AC0E
D90A041C0F1B2804081554374FD202B0
0ECC0A042D0F1B2704081554104FD302
AD0EBC0A044A0F1B2704081554F54ED5
02AB0EAC0A045F0F1B2804081654CE4E
D002B30E9F0A046F0F1B2704081654BF
4ED702E40E980A04910F1B2704081654
A54ED502E60E920A04A60F1B29040816
54854ED502E60E900A04CF0F1B280408
17545F4ED102E30E940A04F90F1B2804
081754524EED02BA0E950A0401101B26
040817542E4EE502BD0E9A0A04F90F1B
27040817540B4EF702CB0EA70A04FD0F
1B2704081754014EF502C30EB30A0401
101B2704081754E04DDF02D20EC00A04
F10F1B2604081754CA4DE602E30ED20A
04CF0F1B2704081754AD4DE602CD0EE0
0A04B20F1B2804081754A24DE402CD0E
EB0A048D0F1B25040818548E4DCE02B4
0EF80A04740F1B2504081854854DCF02
AC0E060B046F0F1B2604081854694DD4
02AD0E170B047A0F1B2504081754524D
CB02B30E220B04740F1B270408185444
4DCF02B80E2C0B04740F1B2804081854
404DD802A30E340B047C0F1B29040818
542F4DD202970E370B04780F1B290408
1754264DD802AD0E3C0B046B0F1B2604
0817540A4DD702AF0E3C0B045F0F1B27
04081854034DD402FC0E3D0B045F0F1B
2604081854F34CD502F80E390B044A0F
1B2804081754E54CD102EB0E310B0429
0F1B2704081754DB4CD602F30E270B04
100F1B2904081754CD4CC002CF0E210B
04F70E1B2B04081754BE4CC302BF0E1C
0B04C90E1B2A04081754BB4CC802C30E
170B04CD0E1B2904081754C04CB802BA
0E140B04B40E1B2804081654A64CF302
860E120B04C10E1B2804081654974CFE
02910E110B04D10E1B28040816548C4C
F8027E0E140B04DA0E1B2A0408165487
4CF002890E160B04DA0E1B2904081654
7A4CF5027D0E160B04A30E1B28040816
546F4C0803BF0E170B04540E1B290408
17545F4CFC02B90E170B04FD0D1B2804
081754544C0703BB0E120B04910D1B27
04081654434C0203AE0E0E0B040F0D1B
26040816543C4CE502EE0E080B04930C
1B2604081654324CE102F10E040B0497
0C1B2804081654144CE602020F030B04
750C1B28040817540C4CE002F50EFF0A
04A30C1B2A04081654ED4BCA02B00E00
0B04C90C1B2B04081654FD4BD502B10E
FF0A04A30C1B2904081754E84BD302BF
0EFF0A04090C1B2604081754CB4BCD02
A80EFB0A04950B1B2804081654B84BD1
028A0EFC0A04730B1B2704081654A34B
DE02950EF90A04800B1B2704081654A1
4BD102970EF70A047C0B1B2804081654
7C4BD502930EF50A04910B1B29040817
54644BDD02930EF30A04520B1B290408
1754524BCC02A70EF20A04450B1B2804
0817543B4BD202990EF00A04140B1B28
040817542A4BDE02AB0EED0A04070B1B
28040817540D4BD702A60EED0A04A80A
1B2A04081854F54AE402C70EEC0A0465
0A1B2A04081754E94ADB02B50EE90A04
500A1B2804081754D34ADE02C80EE70A
044C0A1B2704081754B44ADF02C20EE7
0A04400A1B2904081854A04AE9029C0E
E70A04720A1B29040818548A4AE0029A
0EE40A046D0A1B2804081854724ADE02
9C0EE30A04440A1B27040818545D4AE4
029F0EE10A042F0A1B2704081854484A
E202B40EE00A043B0A1B270408185431
4AE602C70EDF0A044C0A1B2704081854
284AE802BC0EDD0A04C7091B28040818
54014AE002B90EDC0A04B6091B270408
1854F749DE02C40EDC0A0489091B2704
081854CE49D302E20EDA0A048D091B27
04081854B949CE02EC0ED90A0467091B
2904081854AB49CE02E20ED90A045B09
1B2A04081754A049D702EA0ED80A045F
091B29040818547A49D302F10ED70A04
67091B2B040818546E49D802F00ED40A
0467091B2B040819545D49D102F10ED1
0A0457091B2B040819544F49CE02F80E
D00A0435091B29040819542B49EB02C6
0ED00A0408091B2A040819541C49F102
D20ECE0A04FD081B2704081954FA48EC
02D70ECC0A04F7081B2904081954EB48
ED02DF0ECD0A04EF081B2904081954CB
48ED02B20ECD0A04FB081B2A04081954
BF48E802B40ECB0A0408091B2A040819
54B748FC02AD0ECB0A0408091B280408
19549E48E902B20EC90A04C5081B2904
0819547C48F502B40EC80A049C081B27
0408195471481A039E0EC70A048B081B
2A0408195462480B03AD0EC70A049308
1B2904081A5436481503A60EC90A0497
081B2B0408195431480A039F0EC60A04
A8081B2B040819542148D102D70EC40A
04A8081B29040819541148E002CB0EC5
0A0497081B2904081954F947CC02D80E
C30A047A081B2904081954EA47D302D3
0EC20A046E081B2A04081954DC47AC02
C60EC10A0466081B2904081954B6479D
02BC0EC10A0483081B2A04081A54AE47
9502B60EBF0A048B081B2A04081A54A1
47A802CC0EBD0A0459081B2804081A54
83470403C70EBF0A042B081B2804081A
5477470003BB0EBD0A0427081B270408
1A546A470003C60EBE0A043C081B2904
081A5459470503C80EC00A0455081B2A
04081A544C47F702BF0EBD0A0461081B
2E04081A5439479B02EC0EBB0A045508
1B2C04081A543047AC02E30EB80A0440
081B2A04081B541B479702DE0EB90A04
23081B2904081B5404479B02E00EB80A
040A081B2804081B54EF46BF02CB0EB9
0A0406081B2904081B54DB46C602BC0E
B90A0415081B2704081A54DF46B802BC
0EBA0A043C081B2A04081A54C346B902
C80EB80A0459081B2A04081A54B84693
02AF0EB60A0448081B2C04081A54AC46
9A02C30EB50A0434081B2C0408195496
46A602A90EB20A041F081B2C04081A54
9346A002C00EB30A0406081B2A04081A
548B46CC02C20EB40A04ED071B280408
1A547146E002C30EB10A04E1071B2904
081B546546C602B80EB30A04DC071B29
04081B544946D002B40EB50A04F1071B
2C04081B544746E002B80EB30A040608
1B2C04081B542F46B902B10EB10A041B
081B2C04081B542D46C002A40EB00A04
1B081B2A04081B541E46BB02A90EB00A
040A081B2B04081B540D46C5029D0EAC
0A04F5071B2A04081A540946C602B50E
AD0A04E9071B2A04081B54F745B602B0
0EAE0A04ED071B2904081B54E445C202
A80EAC0A04F5071B2904081A54DC45BB
02AE0EAE0A040E081B2A04081A54D645
DD02B50EAB0A0402081B2B04081A54BE
45DF02BE0EAA0A04D8071B2B04081A54
BA45E302B50EAB0A04BF071B2A040819
54A545E502B70EAA0A04C3071B2A0408
1A549B45EF02DD0EA90A04E1071B2A04
0819549145E802DC0EAB0A0402081B2D
040819547C45EE02CA0EAA0A040A081B
29040819547845FA02D10EA70A04F107
1B28040818547145F302DA0EA80A04E1
071B2A040819545E45CE02FA0EA70A04
CC071B29040819544F45DE02F10EA80A
04C8071B29040819544445D102EA0EA9
0A04D8071B2904081A543B45DD02FB0E
A90A04F9071B2C040819543345CF02ED
0EA90A041B081B2B04081A542545C602
E90EA80A0412081B2904081A541C45D0
02E00EA50A04E9071B2804081B541345
D202D60EA30A04D4071B2A04081A5413
45C602AE0EA40A04D8071B2904081A54
FC44C102B90EA50A04D4071B2804081A
54EE44BD02AA0EA50A04E9071B280408
1A54F844B802AF0EA50A04F5071B2904
081A54EC44D502B70EA50A04E9071B27
04081A54D244DB02C20EA40A04BF071B
2804081B54D544D302B50EA40A04BB07
1B2704081B54C644D902AE0EA70A04D4
071B2A04081B54CF44D002C30EA80A04
23081B2B04081B54B744D502D50EA70A
0472081B2C04081B54A244D902C90EA2
0A0487081B2B04081B549B44D902CF0E
9E0A0440081B2B04081C549D44C902D5
0EA00A04F7081B2A04081C549D44B602
AE0E9E0A04440A1B3004081C549244C2
02B00E9E0A04B80A1B3204081D548F44
B102A80EA80A04C10A1B3504081D5481
44BA02B40EB30A045D0A1B3404081D54
6C44E902A80EBC0A04220A1B3504081D
546C44EC02B50EBE0A042F0A1B320408
1D547444DD02AB0EC30A04270A1B3604
081D546544D802BE0EC40A04120A1B38
04081C546644D502D10ECA0A042B0A1B
3904081D544E44CE02BA0ECB0A046D0A
1B3D04081D548044C802B70ECD0A046D
0A1B3F04081D548344D402CE0ED10A04
650A1B3F04081E545144CF02CF0ED40A
04F9091B4104081D545244BA02B80ED4
0A042B0A1B4104081D544E44C002B10E
D60A04930A1B4204081D545544B002B6
0EDC0A0444101B4504081D546744B202
AD0E290B04840F1B4604081D546E44FE
02900EDB0B040B0F1B4904081D545B44
0403930E8B0C04EE0E1B4804081D5470
44FC029A0E000D04C50E1B4804081E54
5F4404038F0E4C0D04970E1B4B04081E
54A744BD02C00E850D04480E1B500408
1E54DF44CF02B90EBC0D04650E1B5204
081E540E45BE02B80ED60D04160E1B58
04081E545D45C002C20EF60D04010E1B
5C04081E54A645F002BC0E0F0E04050E
1B5D04081D54D345F302CF0E200E0409
0E1B5C04081D540D46F502D30E2A0E04
010E1B5F04081D547246F502CE0E340E
04240D1B6204081D54B046F902BD0E7D
0E04690C1B6504081D54F646D5020C0F
F50E04AD0B1B6404081E542C47D60204
0F6D0F04EC0B1B6404081E546347DC02
220FA40F04F90B1B6604081E54AB47CD
02130FB20F041E0C1B6504081D54E447
E802C10EB90F04A50B1B6504081D541C
48E902C60ECE0F04D30B1B6604081D54
8348D902C10EDE0F04350B1B6904081D
54E548E702CF0E0E1004F70A1B6F0408
1D540C49CA02B10E451004EA0A1B7104
081E543549CC02990E6A1004E20A1B74
04081E549D49D7029E0E7D1004F20A1B
7904081F54D049D7029D0E831004E60A
1B7C04081E54054AEF02BA0E881004EE
0A1B7C04081E54434AEC02A80E891004
FF0A1B8104081F545E4AF502B60E8010
04390B1B8204082054884AF202AE0E62
1004C70B1B8704082054974AEC02B80E
2C1004B60B1B8A04082054D54AD802CC
0E0F1004560B1B8E04082054384BEA02
BA0E1E1004EE0A1B91040820544E4BDE
02C80E4C1004D50A1B9304082054614B
F002BE0E701004F20A1B950408215470
4BC902CF0E7C1004EE0A1B9904082054
794BD502D30E7F1004E90A1B9F040820
54BE4BD602CB0E861004A80A1BA60408
2054EF4BD202CB0E9E1004A30A1BA804
082054C14BB702CB0EAF10049F0A1BAA
04082054D84BBB02D40EBD10049F0A1B
AB04082154E04BBB02C90EBE1004CD0A
1BAA04082154E74BAF02D80EB61004D5
0A1BAA04082154F24BEF02CD0EA71004
FB0A1BAB040820540A4CF702D30E9410
04140B1BAE040820542C4CF602DB0E85
1004AC0A1BB204081F54414CE602C50E
951004970A1BB604082054484CF702D7
0EB110049F0A1BB7040820544E4CE802
B90EBD1004B40A1BB704082054654CF2
02AF0EBA1004B00A1BBC04082154A94C
FA02AE0EB71004B00A1BC204082054C0
4CF702B10EB71004AC0A1BC504082154
9F4CF2028A0EBA1004AC0A1BC7040822
54B34CEF029A0EBA1004B40A1BC70408
2254A84CEA02930EB91004B00A1BC804
082254B54CE7028F0EB71004BC0A1BC7
04082254AA4CEE02CD0EB41004C90A1B
C904082154E44CEB02D70EAC1004DA0A
1BD004082254EF4CF502C90EA31004C9
0A1BD304082254084DF402D60EA11004
C50A1BD404082254FE4C0A03B10EA410
04AD0A1BD504082254EC4C0903B10EAF
1004A80A1BD404082254F24CFB02B10E
B71004B40A1BD604082254EA4CF902AF
0EB61004BC0A1BD504082254EF4C0A03
B10EB61004BC0A1BDA04082154164DDD
02B30EB31004B80A1BE0040822544A4D
D702B90EB11004B40A1BE8040821546B
4DCC02B10EB41004AC0A1BEC04082154
504DD302B10EB71004A80A1BEF040820
54514DF102C90EB71004A30A1BEE0408
2054384DF502DF0EBB1004AC0A1BF004
082054274DF902D80EBE1004A80A1BF1
04082054334DF702CF0EBE1004B00A1B
F2040820543E4DF002920EBD1004A80A
1BF304081F543C4DF9029B0EBE1004A3
0A1BF304081F542F4DF502980EC21004
9F0A1BF404081F54354DF002960EC410
049F0A1BF804082054544DED02B30EC8
1004930A1BFB04082054534DF502B00E
C91004930A1BFE04081F544C4D0003AE
0ECF1004860A1B0405081F547F4DEE02
B20ED41004930A1B07050820545A4DFE
02B10ED11004930A1B0B050820546F4D
DF02D50ED11004820A1B0D050820546F
4DD902CF0ED610047E0A1B0E05082054
614DE702E40EDC1004810A1B0F050821
547D4DE402CF0EDD1004760A1B110508
21547B4DCF02890EE21004760A1B1205
082154694DDE02930EE510047E0A1B13
05082154654DD102970EE51004760A1B
1605082154574DD602970EEA10046D0A
1B1705082154514DDA02A90EED100472
0A1B19050823545E4DE802B80EED1004
650A1B1B050823545E4DF102BF0EF110
04480A1B1D05082254594DEC02BB0EFE
1004480A1B1C050823545C4DE802B80E
0511044C0A1B20050823548B4DF702B3
0E0A1104480A1B2205082254A04D0003
B30E0B1104540A1B2405082254AD4DF3
02AF0E071104610A1B2905082254A74D
F502B40E021104590A1B2B050823549C
4D0503B30E001104590A1B2E05082354
984D0703B10EFF10044C0A1B30050823
54814D0803B30E041104370A1B320508
23549D4D0703B80E0F1104120A1B3605
082354974DDF02B40E201104120A1B39
05082354914DF102AF0E2C11040E0A1B
3B05082354B14DE302B20E351104010A
1B4205082354F94DDD02B40E3D1104E0
091B4905082254124ED802B30E4A1104
D8091B5005082154874EE202A60E5511
04DC091B5505082154A44EDB02B30E5C
1104DC091B5C05082254924EE402B50E
5F1104E1091B6205082254A44ED602D1
0E5D1104E0091B6805082354AA4ECB02
DA0E5D1104E8091B6C050824547F4ECC
02D40E5B1104E4091B6D05082454694E
D502CB0E5A1104E0091B71050823548A
4ECF02DF0E5A1104D3091B7605082454
824E0B03FD0E5F1104D3091B7C050824
548E4E0103E60E611104D8091B810508
24548A4EF502F10E631104CF091B8305
0825544B4E0603F40E651104CF091B83
050824542B4ED902A00E661104D3091B
8005082554234EEC02A10E691104D309
1B80050825542F4EDB02A20E661104D3
091B8405082554144EED02AA0E651104
E0091B8205082654F84DDE02B40E6111
04E8091B8405082654034EE502BC0E5C
1104D3091B8505082554054EE102B40E
5E1104CF091B8905082554494ED702B9
0E641104C3091B93050825547A4EE802
CB0E6A1104BF091B98050825547D4EF4
02EE0E721104BB091B9C05082454834E
F802ED0E761104B6091B9C050824548C
4EF002F20E781104BB091BA205082454
764EEE02E60E791104BB091BA5050824
54774E0D03F30E781104BB091BAC0508
24546F4EFE02EF0E791104BB091BAF05
082354474EFE02F00E7A1104C3091BB2
05082354414E0003FC0E751104BD091B
B305082354344E0103BA0E741104BF09
1BB305082354124EFA02BC0E751104BF
091BB2050823540D4E0003BC0E761104
C3091BB1050824540D4E0203C40E7611
04C7091BB105082454344EE602B10E73
1104CB091BB405082454494EE802B30E
6F1104C3091BB6050824541E4EF002BC
0E701104BF091BB8050824541F4EED02
B30E701104BF091BBB050823543A4EE9
02AD0E731104BB091BC005082354184E
D502D40E761104BB091BC10508235402
4ED802D10E761104BF091BC105082354
014ECE02CE0E781104C3091BC2050823
54084ECA02D60E731104D3091BC40508
2354404EFE02B30E6D1104C3091BCC05
082354724E0A03A90E6E1104C3091BD6
05082354A74EFA02B30E701104BB091B
DE05082354A04E0B03BC0E731104B609
1BE505082354A14EE802D30E791104B6
091BE6050823545E4EEF02D10E7B1104
B6091BE805082354664EFB02CF0E7B11
04BB091BEC05082354534EF802DB0E79
1104C3091BED05082454494EE202C10E
781104BB091BEF050823544B4EE302C4
0E791104C3091BF405082354294ED902
BD0E761104C3091BF705082454204EEF
02BD0E751104C3091BF905082454224E
E502CB0E741104C1091BFD050824543F
4EF302D20E751104B6091B0606082454
294EFB02C80E781104BF091B0C060824
54874EF102D00E7A1104BB091B0E0608
2554874EF502D70E7A1104B6091B1106
082554454EF802000F7C1104BB091B14
060825543F4EF502020F7B1104B6091B
1906082554584EED02040F7B1104BB09
1B1E060826546C4EF602040F7D1104B6
091B24060826548B4EEC02D60E7A1104
BB091B2706082654814EF902D30E7C11
04BB091B2E06082754874EFE02CD0E7C
1104BB091B30060826545F4EEB02D50E
7D1104C3091B3506082654304EFE02D0
0E791104C7091B3A060826543B4EF602
CD0E771104C7091B4106082754494EF7
02D70E761104CB091B4206082754344E
FE02D10E741104CF091B42060826542B
4E0003CD0E711104CF091B4906082754
454E0B03160F701104C3091B4F060827
54634E0203170F741104C3091B570608
27548E4E00030D0F761104D3091B6006
082754A54EFE02070F711104EC091B69
06082754A44EE402DF0E6A1104E4091B
7306082654B44EF202ED0E631104E809
1B7B060826548C4EF702D90E601104E8
091B81060825548D4EE602DE0E5F1104
F5091B8806082554A64EFD02BB0E5C11
04E9091B8F06082554CC4EF702C10E5D
1104E0091B9906082554C34EF502B50E
621104DC091B9E060826549A4E0403C7
0E641104E0091BA006082654664EDB02
B00E671104E0091BA106082654504EE9
02B80E671104E4091BA206082654384E
E202B30E641104E8091BA20608265425
4ED502AC0E621104EC091BA306082654
3F4EE802BA0E5F1104F1091BA6060826
54344EFC02B80E5E1104E8091BAC0608
2554374EFC02B20E611104E4091BAD06
082654164E1003B40E631104E4091BB0
06082654FF4D0203AD0E641104E4091B
B306082754114EFA02C70E651104E009
1BBA060826541F4E0003BD0E63110401
0A1BC0060827540C4EEE02C50E5B1104
F5091BC306082754FE4DF702BC0E5B11
04F5091BC506082754F24DD802CF0E5B
1104F9091BC806082754014ECC02CB0E
581104F1091BC806082754F84DD202CF
0E591104F9091BC806082654FA4DD302
CD0E591104F9091BCD06082654FE4DE6
02F00E561104F5091BCE06082654054E
E502F20E581104FD091BCF06082654F8
4DE302F50E561104FD091BD506082654
2D4EEF02FB0E561104F9091BDF060826
54474ED302FC0E561104FD091BE30608
2654104EF502C80E581104FD091BE506
082654044E0B03BD0E561104F9091BE7
060825540D4E1103C20E561104FD091B
EC060825542D4E0D03B90E541104FD09
1BF406082554704EF902D30E541104FD
091B0007082554684E0103CF0E561104
010A1B0707082554624EE502D80E5511
04FD091B0B07082654274EEF02D30E55
1104010A1B11070825543C4ED802C70E
541104F9091B15070825541A4EC802DB
0E571104010A1B1D07082554164EDA02
CC0E551104FD091B2407082554144ED3
02CF0E571104FD091B2A070825543F4E
F002E70E581104F9091B2E0708255408
4EDA02E60E591104FD091B3107082554
FA4DDC02DA0E591104FD091B33070826
54EB4DD702E10E581104010A1B370708
2554E04DE302E40E561104010A1B3B07
082654E34DE302B40E561104010A1B44
07082654054EDB02B50E551104010A1B
4B07082754114EE402B60E531104050A
1B4F07082754014ED402AD0E54110401
0A1B5607082754EC4DD702CC0E551104
0E0A1B5A07082754D64DDF02D50E5311
040E0A1B5D07082654D44DE702D20E4F
1104120A1B6107082654DC4DDF02D50E
4F1104120A1B6907082554D74DFC02B1
0E4C1104160A1B7107082654E94DF102
B30E4B11040D0A1B7607082654CC4DF0
02B30E4A1104120A1B7707082654CA4D
0003BA0E4B1104160A1B7807082654D1
4DFC02C00E4711041A0A1B7B07082654
EA4D0D03BB0E4A1104120A1B84070826
54D84D0E03D10E4B1104120A1B8D0708
2654ED4DFC02BD0E491104120A1B9807
082654054EFE02CC0E4C11041A0A1BA1
07082754F94DFC02F00E4C11041E0A1B
A807082754EE4DED02F10E4811041E0A
1BAE07082754CF4DEB02F50E4711041E
0A1BB607082754D44DF802F10E481104
1A0A1BBB07082754EE4DE502F00E4911
04160A1BC407082854D64DEC02EE0E49
1104160A1BC807082854E04DED02E30E
4C1104050A1BCE07082954E04DE002ED
0E521104F9091BD207082954CF4DEA02
BC0E581104F9091BDA07082954B44DEF
02CA0E5B1104F9091BE307082954C94D
F602BB0E5F1104FD091BE707082954BC
4DF402C20E5D1104FD091BF007082954
BB4D0B03E50E5E1104FD091BF7070829
54C44D0A03FE0E5F1104FD091BFF0708
2954C94D1003EA0E5E1104050A1B0608
082A54CE4D1503F80E5C1104010A1B0F
08082954D64D0E03ED0E591104050A1B
1708082854F24DF202110F571104050A
1B1E08082854D24DE902150F57110409
0A1B2208082854C34DF5020D0F541104
120A1B2208082854B34DED02160F5311
04120A1B2208082854A14DDC02090F4F
1104120A1B2208082854AD4DD8020B0F
4E11041A0A1B2308082754B64DDE0206
0F4C11040E0A1B2708082754A24DE002
000F4E1104010A1B2E08082754A54DF9
02DC0E551104010A1B3608082754964D
EE02E00E581104010A1B3708082754A2
4DF502E00E591104050A1B3608082754
8F4DF302E20E5A11040A0A1B37080827
54884DFC02F10E561104120A1B380808
2754A44D0003F10E531104120A1B3808
0826547B4D0403FA0E5111040E0A1B36
08082654894D0303F30E511104120A1B
3608082654774DFE02F10E4F1104160A
1B38080826548C4D0D03EF0E4E110412
0A1B3E080826548B4D1203F60E4B1104
120A1B4108082654824D1503FB0E4C11
04120A1B42080826547D4D0B03F60E4F
1104120A1B4208082654824DF602F90E
4E1104160A1B4108082754914DF70206
0F4B1104120A1B4208082754834DEC02
110F4B11040E0A1B4908082754734DF5
02020F4D11040E0A1B4D08082754764D
0C032B0F4F11040E0A1B520808275475
4D1303240F4F1104110A1B5908082754
804D15031C0F4F1104160A1B5D080827
547D4D1103260F4D11041E0A1B5D0808
2754A14DE002E60E481104220A1B5C08
0828548E4DD802E60E461104270A1B5B
080828547B4DDA02E20E4111042B0A1B
5808082854754DDE02DF0E3E11042F0A
1B5808082954804DDB02DC0E3D11042B
0A1B5A080828546D4DDA02E00E3A1104
2B0A1B5D08082954724DCF02C60E3A11
042B0A1B6008082954724DD302D10E39
1104270A1B6408082A54764DD602D30E
3D1104270A1B6608082954734D0403E9
0E3E1104220A1B6708082954754D0003
E60E401104270A1B6708082954784D02
03E20E411104270A1B67080829548D4D
F902E50E401104270A1B68080828547A
4DE4020B0F401104270A1B6B08082854
844DEA02040F4011042B0A1B6B080829
54794DE902FA0E3E11042F0A1B6E0808
2954714DE102020F3E11042B0A1B6D08
082854724DE2021E0F3D11042B0A1B6E
08082954754DDF02180F3B11042F0A1B
6F08082854654DDF02040F3911042B0A
1B7508082854714DE802110F3E11041E
0A1B7D08082854A34DDC020A0F431104
1A0A1B85080827548A4D0203D10E4711
041D0A1B89080827547C4D0603D30E48
11041E0A1B8E08082654914D0603D10E
4711041E0A1B9508082654964DF502D4
0E4711041E0A1B9F08082654BD4D0003
180F481104220A1BA608082654E94D00
03130F4A11041A0A1BAA08082654BF4D
FE02100F481104270A1BB208082754B8
4DF9020F0F451104400A1BB708082754
9C4DFB026B0F3C1104440A1BBE080826
54A64DFE02730F351104400A1BC10808
26549B4DFF02720F331104400A1BBF08
082654964DFA02730F331104440A1BC2
080826548D4D05030F10321104400A1B
C1080826547E4D04031B102F1104400A
1BC108082654844D0003171032110440
0A1BC108082654744D02031110311104
3B0A1BC108082754624D030303103111
04440A1BC308082754684DE9021E1032
1104480A1BC3080826546B4DF7022710
2C11044C0A1BC208082754614DF8021E
102A1104540A1BC108082654664DF102
2110281104540A1BC2080827545B4D01
0334102611044C0A1BC108082654534D
FC023310261104440A1BC00808265450
4D050332102A11043B0A1BC108082754
514D05033C102E11043B0A1BC0080827
544C4D2B033A10321104400A1BBE0808
2754404D1E033B10301104410A1BBA08
0827544B4D22033610301104500A1BB3
08082754424D240343102A1104500A1B
A9080828544E4D2203BA0F261104500A
1BA208082854484D2603B50F27110448
0A1BA008082854494D2203B80F281104
3B0A1B9E08082754554D2303B60F2D11
04370A1B9E080828544E4D1603A90F32
11043B0A1B9E08082854514DF102580F
331104370A1BA108082854604DFC0262
0F361104330A1BA208082854594DFB02
6B0F381104330A1BA3080828543E4DF3
025F0F3811042B0A1BA4080828544B4D
EF023C0F3B11042B0A1BA3080828544D
4DF602430F3E11042B0A1BA408082754
654DFE02390F401104270A1B9D080827
54734DF402390F431104270A1B900808
27546F4DDB02160F431104270A1B8008
082754624DD702110F4311042B0A1B7A
080827547C4DDE02110F421104220A1B
7B080827547F4DDE02130F4311041A0A
1B7908082654674DF302000F4811041A
0A1B79080826547F4DF502050F4A1104
1A0A1B73080826546C4DE502030F4B11
04160A1B6408082754634DF302F70E4A
11041E0A1B51080826545E4DE802010F
481104220A1B43080827545A4D0B03DA
0E471104210A1B3408082754514D0303
E00E461104220A1B25080827545E4D08
03DE0E4511041E0A1B15080827546D4D
FB02ED0E4511041A0A1B060808275444
4D0F03ED0E471104160A1BF507082754
444D1903EF0E471104120A1BE4070826
54584D0B03DA0E491104120A1BD50708
25545A4D0703E40E4A1104160A1BC107
082554494D02034C0F491104120A1BB6
07082554524D0303390F4A11040E0A1B
A7070825544D4D0403490F4A11040E0A
1B9507082554514D0A03360F4A110405
0A1B8907082554484D0003060F4D1104
010A1B7C07082654534D0B03020F5011
04FD091B6D07082554494D0803040F51
1104050A1B5E070826544E4D00030B0F
531104FD091B5007082554444D0903FC
0E521104FD091B3C070825542A4D0803
FB0E541104F9091B3007082454394D06
03F60E541104F9091B2707082554474D
1003F80E541104F5091B190708255447
4D1703F70E571104F9091B0807082554
554DEC02DD0E571104FD091BFB060825
545E4DFE02CB0E561104FD091BEC0608
26545E4DEF02CE0E551104FD091BD806
082654494DF502DC0E531104FD091BCC
060826544F4DDE02D80E4F1104010A1B
C0060826543C4DE302D10E4E1104FD09
1BAE060826544E4DE302D80E4E1104FD
091BA506082754524DE002D10E4B1104
FD091B9A06082654314DEB02B50E4F11
04FD091B8B06082654374DDB02A90E4F
1104050A1B7A06082654484DEA02AB0E
4D1104FD091B6F06082754554DDC02B0
0E4B1104010A1B6106082754464DDF02
B70E481104010A1B54060827544E4DE9
02D40E4A1104050A1B45060827545C4D
E602D50E481104FD091B330608275451
4DE102D20E471104FD091B2206082754
4C4DDB02DB0E471104FD091B17060827
54444D0B03CE0E481104FD091B0C0608
2754484DFC02D10E4A1104FD091BFA05
082754494D0303D80E491104050A1BED
050826544C4D0703D20E441104050A1B
DF05082654514D1603D10E4211040E0A
1BCF05082654364D1C03CE0E3D110427
0A1BC4050826544B4D0C03D40E351104
330A1BB6050826544F4D0B03D30E2711
043B0A1BA805082654334DE202C20E1D
11045D0A1B9B05082654624DE602C00E
0C1104720A1B8C05082554624DE402C9
0EFE1004720A1B7D050825544B4DD502
C40EF310048F0A1B7005082554654DD8
02C40EE51004A30A1B6705082554524D
CF02B50ED61004990A1B590508255446
4DC902BC0ECD10049F0A1B4B05082554
4B4DD502BB0ECB1004A80A1B41050824
544B4DC602B50EC61004A30A1B330508
2554524DE402C80EC510049B0A1B2105
082554524DD802C20EC81004970A1B16
050826544B4DE302C80EC910048A0A1B
0B05082554454DE402BE0ECF10048A0A
1BFD04082654314DCF02E30ED410048A
0A1BF604082654404DD102E90ED01004
8A0A1BEF040825543E4DD102E10ED310
04860A1BE204082654324DDB02E80ED3
10048A0A1BD304082654414DBE02AB0E
D41004860A1BD004082654454DC402A6
0ED41004820A1BC5040826543A4DC002
A20ED61004860A1BB604082554324DC3
029B0ED61004860A1BAE04082554514D
C902A80ED31004820A1BA80408255424
4DD7027F0ED51004820A1B9804082554
184DE702820ED51004860A1B8B040825
542E4DE8027E0ED310048A0A1B870408
24542D4DE4027A0ED11004820A1B7F04
082454204DE402D30ED21004860A1B72
040824541F4DDA02CF0ED010048F0A1B
6C040824544D4DE002D10ECD10048A0A
1B6504082454354DDC02D60ECD100495
0A1B54040824544D4DCF02C40EC71004
B40A1B47040824545C4DCD02CE0EBB10
04BC0A1B40040824544F4DD302C10EAF
1004DE0A1B34040823543C4DC802CF0E
9A10042D0B1B2704082354424DE302C6
0E7910044A0B1B2204082354484DE602
CF0E551004780B1B17040823543A4DDC
02BF0E301004C70B1B07040823543A4D
DD02D20E051004480C1B01040823542B
4DEE02BD0EB10F04E80D1BFA03082454
184DA202950E0E0F04EE0E1BF2030823
54214D9B028B0E4D0E04F10F1BF20308
24540E4D9E028D0E880D0416101BF403
082454124DA1028F0E220D04480E1BF4
03082454FD4CFAFBD00D6E0D04880D1B
F503082454114D06FCD30DF60D04EE0C
1BF8030824540A4DFBFBD70D7D0E0461
0C1BFA03082454004DFDFBD20DE60E04
750C1BFC03082454F94CE800450D2F0F
04500C1BFC03082454FB4CED004A0D54
0F046D0C1BFB03082554FE4CEE00400D
4F0F04210D1BFB03082554FA4CED0048
0D020F04930E1BFB03082554EE4C5002
930D810E04480E1BFC03082554E94C64
02920D350E04F30E1BFD03082654E74C
6102950DD40D04E80F1BFB03082654F1
4C6302940D4C0D0423101BF803082654
F24C5D02990DEC0C042F101BF3030827
54EB4CE902000FAF0C045F111BEC0308
2654EC4CF2020B0F1F0C04C4131BDB03
082554074DF302090F180B0428141BC9
03082654264DEA020C0F540A04F7CA19
C0030826542D4E01FCFA24F3090409EC
0FBF03082654BE4F07FCFC24050A046A
C70EBE03082554E850FCFBF6247A0A04
65F60DBF03082554875107FC06252A0B
040C650DBE030825540751FA07460452
0C0402060DBF030825546C50F6074E04
260E04F0BE0DBF03082654E44FF2074A
043010040C5E0DBF03082554724FF607
4804DD1104D8480DC0030825540F4F9D
02C4037C1204D9E40EBF03082554C44E
9F02C8035A12046D6D0FC0030825545D
4EA802C5031412042EAC0EC003082454
9B4EA102CB03CD1104922E0EC2030824
54A34E9D02C2038511049DAC0DBF0308
2554444EA402C6034D110427FC0DC003
0826540D4EA502C80337110430480EBD
03082554C34DA802C103</Data>

   <DataCRC>8d2b9b7d</DataCRC>

   <BytesSent>12410</BytesSent>

</SBEDataUpload>
</InstrumentRawData>
</SBEDataUploadFile>
