<?xml version="1.0"?>
<!-- SCPlusV2_RS232 -->
<SBEDataUploadFile>
<ApplicationData>
<Seaterm232>
<SoftwareVersion>2.6.3.104</SoftwareVersion>
<BuildDate>30-Jun-2017</BuildDate>
</Seaterm232>
</ApplicationData>
<InstrumentState>
<HardwareData DeviceType='SBE19plus' SerialNumber='01906740'>

   <Manufacturer>Sea-Bird Electronics, Inc.</Manufacturer>

   <FirmwareVersion>2.2d</FirmwareVersion>

   <FirmwareDate>9 February 2011 08:30</FirmwareDate>

   <CommandSetVersion>1.1</CommandSetVersion>

   <PCBAssembly PCBSerialNum='25307' AssemblyNum='41054G'/>

   <PCBAssembly PCBSerialNum='25737' AssemblyNum='41580B'/>

   <PCBAssembly PCBSerialNum='24669' AssemblyNum='41606'/>

   <PCBAssembly PCBSerialNum='24372' AssemblyNum='41059D'/>

   <MfgDate>  08 DEC 2010</MfgDate>

   <InternalSensors>

      <Sensor id='Main Temperature'>

         <type>temperature0</type>

         <SerialNumber>01906740</SerialNumber>

      </Sensor>

      <Sensor id='Main Conductivity'>

         <type>conductivity-0</type>

         <SerialNumber>01906740</SerialNumber>

      </Sensor>

      <Sensor id='Main Pressure'>

         <type>strain-0</type>

         <SerialNumber>3220369</SerialNumber>

      </Sensor>

   </InternalSensors>

   <ExternalSensors>

      <Sensor id='volt 0'>

         <type>SBE 43 OXY</type>

         <SerialNumber>432005</SerialNumber>

      </Sensor>

      <Sensor id='volt 1'>

         <type>not assigned</type>

         <SerialNumber>not assigned</SerialNumber>

      </Sensor>

      <Sensor id='volt 2'>

         <type>ECO-FLNTURT CHL</type>

         <SerialNumber>FLNTURTD-2025</SerialNumber>

      </Sensor>

      <Sensor id='volt 3'>

         <type>ECO-FLNTURT TURB</type>

         <SerialNumber>FLNTURTD-2025</SerialNumber>

      </Sensor>

      <Sensor id='volt 4'>

         <type>not assigned</type>

         <SerialNumber>not assigned</SerialNumber>

      </Sensor>

      <Sensor id='volt 5'>

         <type>not assigned</type>

         <SerialNumber>not assigned</SerialNumber>

      </Sensor>

   </ExternalSensors>

</HardwareData>
<StatusData DeviceType='SBE19plus' SerialNumber='01906740'>

   <DateTime>2018-12-07T14:28:32</DateTime>

   <LoggingState>not logging</LoggingState>

   <EventSummary numEvents='241'/>

   <Power>

      <vMain>12.2</vMain>

      <vLith>5.4</vLith>

      <iMain>61.5</iMain>

      <iPump>36.4</iPump>

      <iExt01> 4.1</iExt01>

      <iExt2345>20.6</iExt2345>

   </Power>

   <MemorySummary>

      <Bytes>1492821</Bytes>

      <Samples>87813</Samples>

      <SamplesFree>3782666</SamplesFree>

      <SampleLength>17</SampleLength>

      <Profiles>111</Profiles>

   </MemorySummary>

</StatusData>
<ConfigurationData DeviceType='SBE19plus' SerialNumber='01906740'>

   <ProfileMode>

      <ScansToAverage>1</ScansToAverage>

      <MinimumCondFreq>3226</MinimumCondFreq>

      <PumpDelay>60</PumpDelay>

      <AutoRun>no</AutoRun>

      <IgnoreSwitch>no</IgnoreSwitch>

   </ProfileMode>

   <Battery>

      <Type>alkaline</Type>

      <CutOff>7.5</CutOff>

   </Battery>

   <DataChannels>

      <ExtVolt0>yes</ExtVolt0>

      <ExtVolt1>no</ExtVolt1>

      <ExtVolt2>yes</ExtVolt2>

      <ExtVolt3>yes</ExtVolt3>

      <ExtVolt4>no</ExtVolt4>

      <ExtVolt5>no</ExtVolt5>

      <SBE38>no</SBE38>

      <OPTODE>no</OPTODE>

      <GTD>no</GTD>

   </DataChannels>

   <EchoCharacters>yes</EchoCharacters>

   <OutputExecutedTag>yes</OutputExecutedTag>

   <OutputFormat>raw HEX</OutputFormat>

</ConfigurationData>
<CalibrationCoefficients DeviceType='SBE19plus' SerialNumber='01906740'>

   <Calibration format='TEMP1' id='Main Temperature'>

      <SerialNum>01906740</SerialNum>

      <CalDate>07-Jan-11 </CalDate>

      <TA0>1.255288e-03</TA0>

      <TA1>2.593288e-04</TA1>

      <TA2>-2.376104e-07</TA2>

      <TA3>1.449298e-07</TA3>

      <TOFFSET>0.000000e+00</TOFFSET>

   </Calibration>

   <Calibration format='WBCOND0' id='Main Conductivity'>

      <SerialNum>01906740</SerialNum>

      <CalDate>07-Jan-11</CalDate>

      <G>-1.033008e+00</G>

      <H>1.393941e-01</H>

      <I>-2.175401e-04</I>

      <J>3.475757e-05</J>

      <CPCOR>-9.570000e-08</CPCOR>

      <CTCOR>3.250000e-06</CTCOR>

      <CSLOPE>1.000000e+00</CSLOPE>

   </Calibration>

   <Calibration format='STRAIN0' id='Main Pressure'>

      <SerialNum>3220369</SerialNum>

      <CalDate>21-Dec-10</CalDate>

      <PA0>8.222195e-01</PA0>

      <PA1>1.566037e-02</PA1>

      <PA2>-6.194425e-10</PA2>

      <PTCA0>5.244452e+05</PTCA0>

      <PTCA1>4.417653e+00</PTCA1>

      <PTCA2>-9.798927e-02</PTCA2>

      <PTCB0>2.510725e+01</PTCB0>

      <PTCB1>-1.150000e-03</PTCB1>

      <PTCB2>0.000000e+00</PTCB2>

      <PTEMPA0>-5.917147e+01</PTEMPA0>

      <PTEMPA1>5.387460e+01</PTEMPA1>

      <PTEMPA2>-2.653169e-01</PTEMPA2>

      <POFFSET>0.000000e+00</POFFSET>

      <PRANGE>5.076000e+03</PRANGE>

   </Calibration>

   <Calibration format='VOLT0' id='Volt 0'>

      <OFFSET>-4.687158e-02</OFFSET>

      <SLOPE>1.247988e+00</SLOPE>

   </Calibration>

   <Calibration format='VOLT0' id='Volt 1'>

      <OFFSET>-4.719579e-02</OFFSET>

      <SLOPE>1.248132e+00</SLOPE>

   </Calibration>

   <Calibration format='VOLT0' id='Volt 2'>

      <OFFSET>-4.684526e-02</OFFSET>

      <SLOPE>1.248324e+00</SLOPE>

   </Calibration>

   <Calibration format='VOLT0' id='Volt 3'>

      <OFFSET>-4.678105e-02</OFFSET>

      <SLOPE>1.247145e+00</SLOPE>

   </Calibration>

   <Calibration format='VOLT0' id='Volt 4'>

      <OFFSET>-4.669684e-02</OFFSET>

      <SLOPE>1.248307e+00</SLOPE>

   </Calibration>

   <Calibration format='VOLT0' id='Volt 5'>

      <OFFSET>-4.709579e-02</OFFSET>

      <SLOPE>1.247697e+00</SLOPE>

   </Calibration>

   <Calibration format='FREQ0' id='external frequency channel'>

      <EXTFREQSF>9.999977e-01</EXTFREQSF>

   </Calibration>

</CalibrationCoefficients>
<EventCounters DeviceType='SBE19plus' SerialNumber='01906740'>

   <EventSummary numEvents='241'/>

   <Event type='ErrorFLASHUncorrectableError' count='241'/>

</EventCounters></InstrumentState>
<Headers>

cast 110 04 Dec 2018 11:14:01 samples 87588 to 87790, avg = 1, stop = mag switch

</Headers><InstrumentRawData>
<SBEDataUpload startAddr='1488979'>

   <Type>1</Type>

   <DataFormat>SEACATPLUS0</DataFormat>

   <Bytes>3451</Bytes>

   <Data>
4CF9033D271B0604089A53024D02035A
12FAF80342271B0D04089B53EA4C0303
7212CBF8031C271B0D04089C53F44C00
036712AAF803D9261B1004089D53EF4C
06035D1291F803A7261B1104089F5307
4D0403411282F803EE261B110408A053
1E4D0903491280F803EB261B120408A0
531A4D0203471287F80329271B110408
A1531C4D040344128AF80303271B1404
08A3531E4D180367128CF80381261B12
0408A4534A4D1603671297F803C0251B
130408A5535C4D11035F12A1F8031925
1B140408A553514D130369129FF80329
251B110408A7537C4DFE02491297F803
15261B130408A7538A4D0203441293F8
03AF261B130408A853964D0203421299
F80314271B120408A853A74D04034B12
AAF8034B271B110408A853B44D0F033F
12B1F80379271B120408A9530B4E0503
9412AFF803AB271B130408A9531350F9
029112A4F803F1271B130408A853DF4F
06038E1291F803C8271B150408A8536A
4F0003921283F80392271B130408A753
194FD6026E127EF80368271B110408AA
53C94ECF0276127AF80342271B120408
AA53A94ED502731278F8033A271B1304
08AA53834ED202791275F803F3261B13
0408AB53534E160394127FF80382261B
130408AA531C4E1103921298F8031026
1B110408AA53DD4D0F039A12ABF8036D
251B130408A953B04D17038D12B3F803
71251B130408A953794D0003C012B7F8
032E251B140408AB53424D0A03C312C0
F80364251B150408AC53004D0503C312
B7F80321261B140408AE53D44C0403C8
12AAF803D2261B150408AD53994CFA02
C9129FF80325271B160408AC53534CF3
028112A0F80346271B130408AD531F4C
E8027D12A4F80314271B130408AD53DD
4BF3027E12A7F803E2261B160408AD53
BA4BEC028112A0F803BC261B160408AD
538B4BE302E01298F80396261B150408
AD53494BE402E31291F80364261B1404
08AC531D4BE702EA128BF8033A261B15
0408AB53F74ADE02E6128BF80308261B
150408AC53CE4A1303521285F803FB25
1B160408AD53934A0F03561280F80329
261B130408AD53694A0C0356127AF803
64261B130408AD53434A0F035B1275F8
0392261B140408AD53204AF502BF1271
F803AF261B120408AD53FC49F002C112
73F803C9261B130408AD53DE49EB02C5
1277F803D1261B150408AD53B049F002
C1127EF803EE261B140408AD538E49EB
02C31283F803FB261B140408AE536C49
0603141388F803F7261B150408AD5341
49030315138CF803E3261B130408AF53
2C49FB02121391F803F3261B140408AD
530349050312138EF80314271B130408
AD53EB480103561290F8030C271B1504
08AD53C948080354128FF803F7261B11
0408AE53A948FB02551292F803EE261B
130408AF539848FE02521294F803DA26
1B140408AE5371483503C31295F803C0
261B140408AE5350483303BF1293F803
C4261B150408AE533D483103C11293F8
03D9261B160408AF5320482B03C7128F
F803F3261B140408AE5313481E03C612
89F8031C271B130408AC5300482A03C0
128BF80325271B120408AC53D8472103
BF128AF80317271B140408AB53C34722
03C4128DF803EE261B130408AA53A847
2503C11292F803CD261B130408A853A0
47FA02B21294F803C4261B120408A853
8047FD02AE128EF803F3261B150408A7
536447FF02AC128CF803B8261B180408
A7534D47FE02AE128FF80382261B1904
08A7533847F102D11294F80329261B19
0408A7532347EC02D31299F803A3251B
1D0408A6531947E702D112A2F8031025
1B1D0408A6530947EA02D412A8F803B4
251B240408A653EA46DD02CE12A6F803
71251B290408A653F546E302D312A4F8
039B251B2D0408A653E346E002CE12A8
F80307251B320408A753BE46E502CA12
ACF80360241B370408A8539E4603032C
13B3F803C9241B3A0408A95398460703
2E13B7F803F3241B3F0408AB538746FC
023413B6F803EB241B400408AB536B46
01033513B7F80321251B460408AC535D
4602033013B8F803EB241B4D0408AD53
5946EE02D812BCF8031F251B510408AE
533646ED02C912C0F80343251B570408
AE532C46EE02C812BFF80315251B5B04
08AD531546F902CB12C7F803F7241B60
0408AD530E461503F212D2F803F7241B
640408AD53F3451303F812DAF8038624
1B680408AE53D6451603F412E2F80304
241B6F0408AF53CD450D03EF12F3F803
21241B750408AF53B545FE02CE12FDF8
036D241B790408AE5395450003CC12FD
F80358241B790408AE539345FF02D012
FDF8038E241B790408AE536645FE02D6
12FFF80308241B7B0408AE5361450403
B61206F903E7231B7E0408AD5355450F
03AE1213F90319251B850408AD533545
1103AE1212F903DA241B8A0408AC5316
451303B6121BF90304251B910408AB53
26451103AE1226F903FB241B960408AA
531D45E802B0121EF90375241B9D0408
AA530A45EA02B51221F90350241B9F04
08AB53DE44E702AE122AF9030C241BA5
0408AA53D044EA02B41232F903AC231B
A90408AA53B4442003C5123BF903C823
1BAE0408A953AD442703C4123FF903BD
231BAE0408A9538A442D03C0123BF903
E3221BAF0408A85390441803C2123AF9
0309231BAB0408A7537344EF022C133D
F903F8231BA80408A8536344EE022E13
42F90321241BA20408A7535D44F5022C
1347F9035C231B9F0408A6534E44E902
2A1358F903B2221B9C0408A7532B440A
03B11262F90383221B9F0408A7532144
1503B4125FF9035D221BA10408A75309
440F03B01274F9033B221BA10408A753
E8430903AE12BCF90326221BA10408A8
53D7430F03B0120AFA033B221BA20408
A853C643FD02101333FA0359221BA204
08A853B3430103121335FA0393221B9F
0408A853A543000313132BFA037E221B
A10408A85398430003171330FA035022
1BA00408A9538043E002CC1244FA0337
221BA00408A9536F43EA02D31259FA03
2B221BA10408AA535443DA02D01268FA
033B221BA10408AA534743E202D71272
FA034C221BA00408AA5333432D03CF12
6FFA035D221B9F0408AA5327432F03D0
1263FA033E221BA00408AA530D434103
D11257FA0312221BA10408AA5308432D
03CA1251FA03F0211BA10408AA53F342
0F03D11250FA03DB211BA30408AB53D8
420F03D21253FA03C2211BA10408AB53
C0421C03CE1256FA03B1211BA20408AA
53BC421703D7125AFA039C211BA20408
AB53B9421203D2125FFA037F211BA104
08AB53B1420003811365FA0368211BA1
0408AB538E42F60279136DFA036A211B
A20408AB539F42FD027C1373FA036A21
1BA20408AC538B420103831377FA0351
211BA00408AB537542FE02D5127CFA03
2B211BA00408AB5362420803CF1283FA
030E211BA20408AB536342FA02CA128B
FA0306211BA20408AB534C42FA02CA12
95FA0306211BA20408AC5341420003AD
129DFA030C211BA10408AB5341420503
AD12A2FA0301211BA10408AB532A4203
03B312A7FA03E8201BA10408AB531142
0103B412B0FA03CF201BA10408AA530E
420E03EA12B5FA03C3201BA10408AB53
15420F03F112BFFA03C3201BA20408AB
53F6411103F712C5FA03B6201BA50408
AA53E7411103F312CDFA03AF201BA504
08AA53E6411203FB12D5FA03A1201BA5
0408A953DE413C03AC12DEFA0395201B
A30408A953CC413A03B012E4FA038C20
1BA10408A753BE413303B812E9FA0377
201BA40408A653AB412E03AC12F4FA03
6F201BA60408A7539841E7028812FDFA
0366201BA60408A7539641F5028E1204
FB0366201BA70408A6538941ED029212
0DFB0373201BA80408A6538441ED0286
1212FB0388201BA80408A7537A410B03
AA1214FB03A1201BA60408A753644117
039B1216FB0390201BA60408A7535A41
16039F1217FB0377201BA60408A75355
411503A51218FB0373201BA60408A753
44410F039D121EFB035E201BA50408A6
532B410F03981222FB0352201BA50408
A75329411003A11229FB0342201BA704
08A7530E411303A11231FB0338201BA6
0408A853024108039D1237FB0338201B
A60408A85302410603D7123FFB033420
1BA60408AA53ED40FF02D71245FB0338
201BA40408AB53E040F802D3124CFB03
41201BA70408AA53E540FD02D21251FB
0345201BA60408AB53BF401103171354
FB0338201BA50408AB53B94014031813
56FB0326201BA00408AB53C24011030E
1359FB03F9201B900408AA53C2401603
0F134EFB0362201B7C0408AB53A04004
038B1244FB032C201B6C0408AA53AD40
0403941241FB0362201B5A0408AA538D
40FE0292123BFB03FD201B470408AB53
9540030399123CFB03AD211B380408AC
539840130355122EFB03F9201B2B0408
AC5373401703521226FB03B9211B1804
08AC535740070354121CFB0344211B0D
0408AD535E401703521212FB03D7201B
020408AD534D40110353120BFB03E820
1BF80308AC533F40060390120EFB03C7
201BF20308AB534C400803941216FB03
BA201BEB0308AB533540F4028A123BFB
031F211BEA0308AA532A4007039212D7
FB0366211BE30308AA535040D9022412
3DFC0354211BD20308AB533640CF0220
1273FC03A9211BC30308AB532840C702
2A12ECFC03AD211BBB0308AA532940CD
0226123AFD03FD2E1ABD0308AB536440
C4039C3638FD032BF512BC0308AB536B
40BA0399363FFD03CA720FBD0308AA53
5740BC03993656FD0327920EBC0308AA
533F40BF039C366FFD03A8030FBC0308
AA53A140A1028F0483FD037CA80EBE03
08AA53E940A2028B0497FD03BB380FBE
0308A953E240A8029504AEFD035F8A0E
BE0308A953EC409E029204</Data>

   <DataCRC>4502e5f0</DataCRC>

   <BytesSent>3451</BytesSent>

</SBEDataUpload>
</InstrumentRawData>
</SBEDataUploadFile>
