<?xml version="1.0"?>
<!-- SCPlusV2_RS232 -->
<SBEDataUploadFile>
<ApplicationData>
<Seaterm232>
<SoftwareVersion>2.6.3.104</SoftwareVersion>
<BuildDate>30-Jun-2017</BuildDate>
</Seaterm232>
</ApplicationData>
<InstrumentState>
<HardwareData DeviceType='SBE19plus' SerialNumber='01906740'>

   <Manufacturer>Sea-Bird Electronics, Inc.</Manufacturer>

   <FirmwareVersion>2.2d</FirmwareVersion>

   <FirmwareDate>9 February 2011 08:30</FirmwareDate>

   <CommandSetVersion>1.1</CommandSetVersion>

   <PCBAssembly PCBSerialNum='25307' AssemblyNum='41054G'/>

   <PCBAssembly PCBSerialNum='25737' AssemblyNum='41580B'/>

   <PCBAssembly PCBSerialNum='24669' AssemblyNum='41606'/>

   <PCBAssembly PCBSerialNum='24372' AssemblyNum='41059D'/>

   <MfgDate>  08 DEC 2010</MfgDate>

   <InternalSensors>

      <Sensor id='Main Temperature'>

         <type>temperature0</type>

         <SerialNumber>01906740</SerialNumber>

      </Sensor>

      <Sensor id='Main Conductivity'>

         <type>conductivity-0</type>

         <SerialNumber>01906740</SerialNumber>

      </Sensor>

      <Sensor id='Main Pressure'>

         <type>strain-0</type>

         <SerialNumber>3220369</SerialNumber>

      </Sensor>

   </InternalSensors>

   <ExternalSensors>

      <Sensor id='volt 0'>

         <type>SBE 43 OXY</type>

         <SerialNumber>432005</SerialNumber>

      </Sensor>

      <Sensor id='volt 1'>

         <type>not assigned</type>

         <SerialNumber>not assigned</SerialNumber>

      </Sensor>

      <Sensor id='volt 2'>

         <type>ECO-FLNTURT CHL</type>

         <SerialNumber>FLNTURTD-2025</SerialNumber>

      </Sensor>

      <Sensor id='volt 3'>

         <type>ECO-FLNTURT TURB</type>

         <SerialNumber>FLNTURTD-2025</SerialNumber>

      </Sensor>

      <Sensor id='volt 4'>

         <type>not assigned</type>

         <SerialNumber>not assigned</SerialNumber>

      </Sensor>

      <Sensor id='volt 5'>

         <type>not assigned</type>

         <SerialNumber>not assigned</SerialNumber>

      </Sensor>

   </ExternalSensors>

</HardwareData>
<StatusData DeviceType='SBE19plus' SerialNumber='01906740'>

   <DateTime>2018-12-07T14:28:32</DateTime>

   <LoggingState>not logging</LoggingState>

   <EventSummary numEvents='241'/>

   <Power>

      <vMain>12.2</vMain>

      <vLith>5.4</vLith>

      <iMain>61.5</iMain>

      <iPump>36.4</iPump>

      <iExt01> 4.1</iExt01>

      <iExt2345>20.6</iExt2345>

   </Power>

   <MemorySummary>

      <Bytes>1492821</Bytes>

      <Samples>87813</Samples>

      <SamplesFree>3782666</SamplesFree>

      <SampleLength>17</SampleLength>

      <Profiles>111</Profiles>

   </MemorySummary>

</StatusData>
<ConfigurationData DeviceType='SBE19plus' SerialNumber='01906740'>

   <ProfileMode>

      <ScansToAverage>1</ScansToAverage>

      <MinimumCondFreq>3226</MinimumCondFreq>

      <PumpDelay>60</PumpDelay>

      <AutoRun>no</AutoRun>

      <IgnoreSwitch>no</IgnoreSwitch>

   </ProfileMode>

   <Battery>

      <Type>alkaline</Type>

      <CutOff>7.5</CutOff>

   </Battery>

   <DataChannels>

      <ExtVolt0>yes</ExtVolt0>

      <ExtVolt1>no</ExtVolt1>

      <ExtVolt2>yes</ExtVolt2>

      <ExtVolt3>yes</ExtVolt3>

      <ExtVolt4>no</ExtVolt4>

      <ExtVolt5>no</ExtVolt5>

      <SBE38>no</SBE38>

      <OPTODE>no</OPTODE>

      <GTD>no</GTD>

   </DataChannels>

   <EchoCharacters>yes</EchoCharacters>

   <OutputExecutedTag>yes</OutputExecutedTag>

   <OutputFormat>raw HEX</OutputFormat>

</ConfigurationData>
<CalibrationCoefficients DeviceType='SBE19plus' SerialNumber='01906740'>

   <Calibration format='TEMP1' id='Main Temperature'>

      <SerialNum>01906740</SerialNum>

      <CalDate>07-Jan-11 </CalDate>

      <TA0>1.255288e-03</TA0>

      <TA1>2.593288e-04</TA1>

      <TA2>-2.376104e-07</TA2>

      <TA3>1.449298e-07</TA3>

      <TOFFSET>0.000000e+00</TOFFSET>

   </Calibration>

   <Calibration format='WBCOND0' id='Main Conductivity'>

      <SerialNum>01906740</SerialNum>

      <CalDate>07-Jan-11</CalDate>

      <G>-1.033008e+00</G>

      <H>1.393941e-01</H>

      <I>-2.175401e-04</I>

      <J>3.475757e-05</J>

      <CPCOR>-9.570000e-08</CPCOR>

      <CTCOR>3.250000e-06</CTCOR>

      <CSLOPE>1.000000e+00</CSLOPE>

   </Calibration>

   <Calibration format='STRAIN0' id='Main Pressure'>

      <SerialNum>3220369</SerialNum>

      <CalDate>21-Dec-10</CalDate>

      <PA0>8.222195e-01</PA0>

      <PA1>1.566037e-02</PA1>

      <PA2>-6.194425e-10</PA2>

      <PTCA0>5.244452e+05</PTCA0>

      <PTCA1>4.417653e+00</PTCA1>

      <PTCA2>-9.798927e-02</PTCA2>

      <PTCB0>2.510725e+01</PTCB0>

      <PTCB1>-1.150000e-03</PTCB1>

      <PTCB2>0.000000e+00</PTCB2>

      <PTEMPA0>-5.917147e+01</PTEMPA0>

      <PTEMPA1>5.387460e+01</PTEMPA1>

      <PTEMPA2>-2.653169e-01</PTEMPA2>

      <POFFSET>0.000000e+00</POFFSET>

      <PRANGE>5.076000e+03</PRANGE>

   </Calibration>

   <Calibration format='VOLT0' id='Volt 0'>

      <OFFSET>-4.687158e-02</OFFSET>

      <SLOPE>1.247988e+00</SLOPE>

   </Calibration>

   <Calibration format='VOLT0' id='Volt 1'>

      <OFFSET>-4.719579e-02</OFFSET>

      <SLOPE>1.248132e+00</SLOPE>

   </Calibration>

   <Calibration format='VOLT0' id='Volt 2'>

      <OFFSET>-4.684526e-02</OFFSET>

      <SLOPE>1.248324e+00</SLOPE>

   </Calibration>

   <Calibration format='VOLT0' id='Volt 3'>

      <OFFSET>-4.678105e-02</OFFSET>

      <SLOPE>1.247145e+00</SLOPE>

   </Calibration>

   <Calibration format='VOLT0' id='Volt 4'>

      <OFFSET>-4.669684e-02</OFFSET>

      <SLOPE>1.248307e+00</SLOPE>

   </Calibration>

   <Calibration format='VOLT0' id='Volt 5'>

      <OFFSET>-4.709579e-02</OFFSET>

      <SLOPE>1.247697e+00</SLOPE>

   </Calibration>

   <Calibration format='FREQ0' id='external frequency channel'>

      <EXTFREQSF>9.999977e-01</EXTFREQSF>

   </Calibration>

</CalibrationCoefficients>
<EventCounters DeviceType='SBE19plus' SerialNumber='01906740'>

   <EventSummary numEvents='241'/>

   <Event type='ErrorFLASHUncorrectableError' count='241'/>

</EventCounters></InstrumentState>
<Headers>

cast  77 03 Dec 2018 08:28:47 samples 68945 to 69521, avg = 1, stop = mag switch

</Headers><InstrumentRawData>
<SBEDataUpload startAddr='1172048'>

   <Type>1</Type>

   <DataFormat>SEACATPLUS0</DataFormat>

   <Bytes>9809</Bytes>

   <Data>
F9E70354F813D4030870541D4FFEFB88
0E09E003DFC314D203087154C34E04FC
8B0E2FDC03DF2715D403087254925301
FC820EB0DA0368CC15D8030871542354
F8FB860EAEDA033E7F16E003087254F9
5275024F1E91DC03A6401BE703087054
51526E025A1E85E003CB381BEE030870
54765170024F1E0EE603F5311BEE0308
6F5421516D02521ECAEA03E9311BEF03
087054A550C002070FAEED0304351BEE
03087054A450C402050F73EF0317361B
EE03086F545950C202050F53F0032332
1BF303086F540B50C4020B0FA6F0034C
2F1BFB03086F54CF4FCE02DC0E21F103
A82E1BFD03086F543A50CF02E20EBAF1
03A32D1B0004086F54CE4FD102E20E1B
F203A82D1B0504087054A04FCC02DC0E
58F203052D1B0504086F54B74FC702DD
0E82F203962C1B0204086D54C04FBA02
BF0E88F2034B2C1BFF03086C54D24FC2
02BE0E8EF2033E2C1BFA03086E54DB4F
BE02BC0E96F2030C2D1BFE03086C54AD
4FBB02BC0E91F203DE2D1B0504086E54
714FE002DE0E90F203A22D1B0B04086F
54554FE102DC0E89F203C42B1B0C0408
6F543C4FDF02E20E86F203922A1B0B04
086E54594FE402DE0E91F203BC291B0C
04086F546A4FE402D60ED6F203922B1B
1004087054804FE402DA0EF6F203822D
1B1B04087054914FE002D10EE1F20347
2E1B2304087054B54FE902DA0EBDF203
582E1B2C04086F54BF51F102F80EA6F2
03A82E1B37040871549451F302E90E98
F203692E1B4004087054E950F602F00E
8EF203C92D1B4504087154BA50EC02F1
0E8CF2039E2D1B46040871546750E802
EA0E90F203642D1B47040871543E50E5
02FA0E9AF2032E2D1B4B04087154D64F
E402F20E9EF203102D1B4E04087154AF
4FE002F80EA1F203602D1B5204087154
9F4FEA02F90EA7F203E62C1B57040871
54794FE602150FB3F203892B1B590408
72546E4FF3020D0FBDF203812A1B5904
087254354FFA020D0FBCF203312A1B53
04087254084FEC020F0FB8F203D1291B
5104087254E84EDF02D20EB7F2039229
1B4C04087254C14EE202D30EB4F203D1
291B4F04087254A64EE802D10EB2F203
562A1B5204087454834EE102D40EAFF2
035B2A1B59040873545D4E13030D0FB2
F203C8291B5D04087354254E1303FF0E
C0F2038E281B5C04087354164E120300
0FE2F20310271B5C04087354034E1103
040F00F30314261B5704087454004E1A
03FF0E05F30380251B5204087554B94D
CF02DD0E02F3038E251B5004087554A2
4DD402E40E04F30325271B4E04087654
894DD702D70E0CF303E2271B54040876
54664DD202E40E0BF3035F281B590408
7654554DE102E40E05F3035B281B5C04
087554264DDE02E50E06F30314281B5E
040875541E4DE702E70E0FF303AC271B
5F04087654044DD902E60E18F3031427
1B5B04087654E44CCC02180F2AF3033E
261B56040876549F4CCE02250F43F303
6C261B51040875548C4CD3021C0F50F3
033A271B4E04087554754CDC021C0F39
F303F2281B4E040876544D4CF402ED0E
27F303BD291B54040875542D4CF002EB
0E17F303D5291B5C04087654064CEC02
FA0E14F30370291B6304087654D84BEB
02F80E1FF30357281B6504087554D44B
EF02EB0E34F303F7251B6204087554B3
4BBD02F50E38F3039F251B5A04087554
8C4BBF02FC0E29F303B0251B50040875
54754BC402FC0E7EF303F1251B4A0408
74545C4BBA02F40E0EF40396271B4A04
0874543F4B9E02EA0E2AF4035F291B51
040874541B4B9902D90EF8F3039A2A1B
5D04087354D14AA202E70EB4F3035F2A
1B6904087354B34A9D02EF0E83F303B8
281B6904087454774AE002CD0E69F303
78271B65040874544A4AE202D50E44F3
03B8271B5704087354344AE402CA0E7F
F3034B271B4F04087254394AD902D40E
1CF4033A271B4B040873542E4AD102F0
0E69F40392281B4F04087254304AD202
DA0E76F4033E291B59040872542A4AC6
02E50E33F40380291B6304087354174A
CF02DD0EEAF303E6281B690408725413
4AC102D50EBEF3038E271B6604087154
F549EC02D80EA4F303AB261B60040871
54EA49DF02DF0E85F303B4261B580408
7154004AE802DE0E77F30368261B5104
087154F549E002E00EC8F303AF271B4F
04087154E549DD02EB0EF9F303B2281B
5604087154D749DB02E90EF3F3033A29
1B5E04087154D249D902FF0ED2F30392
281B6104087054BB49ED02FC0EC1F303
42271B6104087054B749D902E90EB6F3
0357261B5F040870549249CE02E70E99
F30321261B57040871549249C802DA0E
7CF3030D261B5404087054C049D102DE
0EAAF303EA251B5004087054B349CD02
D80E19F40381271B5004087054B449C3
02E10E3AF40307291B58040870547649
C802D30E2CF40370291B610408705477
49CA02DC0E06F4039A281B6304087154
6049D502DC0EE9F3034F271B63040871
544E49EB02ED0EC9F30366261B5C0408
71545849E402EA0EA2F30336261B5704
0872544549F902E50E7AF303EA261B57
040872543549EE02EC0E62F303EA271B
5B040872543A490103F60E45F3039A27
1B5D040871543A49F002FE0E3EF303A7
261B5D040871541F49F902F60E41F303
D4251B58040871542B49F602F50E3DF3
0386251B53040872541E490003040F35
F303A7261B550408715428490203F80E
2CF30329281B5C040872545E49F902F8
0E1BF30379281B640408725461490203
000F1AF303B3271B66040872546349D2
02CB0E2BF3038E261B62040872543D49
CA02BF0E2EF303C0251B5B0408725440
49DE02BB0E25F30368251B5604087254
3649C302C20E1AF303E2251B55040872
544449D002BE0E15F303C0261B580408
73543949DB02C30E17F30381261B5C04
0872543A49E402CE0E1FF303CD251B5D
040872540649D902DE0E32F3030C251B
5B040872540D49D602CE0E4AF3037624
1B5D04087154F448E702F20E5BF3037E
241B5F04087254DE48E602EA0E67F303
68251B6004087154FD480003F30E64F3
03C5251B6204087154BF48FB02FC0E63
F303C5251B6204087154C548D602EF0E
60F30364251B5E04087154CF48DE02E1
0E61F30396241B5404087154BB48D902
DC0E75F3035C241B5104087154B848E5
02E20E85F30371251B5404087054B848
CB02F50E77F3038A261B5904087054AC
48C502F00E5FF3037D261B5C04086F54
A948D302EE0E54F30329261B6104086F
54BA48CF02EB0E57F303C9251B620408
6F54B548C402EE0E63F3033F251B6304
0870541E49EE02E40E6BF303AC241B62
04087054FE48E102D30E75F30354241B
5E04086F54F448DB02DE0E79F3030424
1B5A04087154F648E802E50E81F303C1
231B5A04087154EF48C702C60E87F303
69231B5804087154CF48D702BF0E8EF3
030D231B5704087154B248C702C10E95
F303CF221B5904087254AF48CA02C70E
9DF30358231B5C04087254AC48D902E6
0EA3F3033F241B6004087254A948E002
DB0EA7F30379241B6304087254B048D5
02D70EA5F30393241B6304087254AB48
E702E50EA1F3036D241B600408735497
48E202D10E9DF303F8231B5C04087354
9048DF02C90EA2F3031D241B5A040873
547848D902D80EA9F303B0241B5B0408
74545248D902C80EA7F303B8241B5A04
0873544048DA02DC0EA6F303B4241B58
040873543148D302010FA5F30360241B
57040873543348CB02080FA7F3035325
1B57040872540E48D102FC0EA4F30336
271B5E040872541548CD02020F8AF303
29281B640408725412480603D30E70F3
0381281B680408725402480803D00E60
F303AF281B6604087254E6470103D50E
4FF303AF281B6104087254EF47F802C2
0E43F30389281B5904087154D247D902
BF0E40F30385271B5504087154D647E4
02C30E52F303A7261B5404087254B847
DE02B60E77F30329261B5404087254C7
47DA02CC0E94F303D1251B5804087254
BD47F902E90EA5F3037D251B5B040871
549B47F102EE0EADF30347251B5F0408
71548647EF02D50EB1F3033E251B5F04
0871549747ED02ED0EB3F303A3251B5D
040871546047FA02DC0EB0F303C0251B
5A040871546547C602F50EA9F3035725
1B57040871546347D502EF0EA6F303EB
241B5A040871544047DD02F40EAAF303
97241B5C040871543B47CC02F70EB1F3
033F241B61040871543D47CD02F70EB9
F3032E241B62040871544047C702FA0E
BFF30336241B62040871542E47D302F6
0EC7F30308241B5E040871541547D002
040FCFF303B8231B5B04087154F246E6
02EF0ED6F30369231B5C04087154D546
D602E80EDEF30343231B5C04087154DA
46DB02ED0EE1F3032E231B6304087154
D246D902F10EE5F30376231B6B040870
54C846E5024C0FEAF30371241B730408
7154AA46D602590FEBF303C5241B7704
0871547746E0024F0FE5F30384251B71
040871545B46E502510FD5F3034B251B
68040871544746DE024E0FCCF3036025
1B68040872545846DA02FA0ECAF30303
261B6A040871543746DE02F60EC0F303
57261B73040871543246DA02F20EB0F3
0385261B7D040871542646E802EB0EA2
F30396261B81040872540446E402C00E
97F303F7261B8204087254F445E002C7
0E84F303FF261B7704087254E445E102
BA0E72F303A7261B6E04087254DC45DD
02C60E6CF30392251B6A04087254D245
DB02EB0E7AF303DA241B6B04087254DC
45E102E60E8EF30382241B7604087154
CD45D802F10E9DF30341241B82040872
54E445E202F10EA5F30350241B870408
7254E545E002B80EA9F303B8241B8104
087154DA45E402A20EAAF3038E241B7B
04087154DF45E302B10EAEF3030C241B
7204087154D345EA02B50EB7F303AC23
1B7104087154C945D802B10EC1F30386
231B7304087154B845CF02D10ED1F303
60231B7904087154AA45D102CB0EFEF3
0350231B8004087154A945D302DC0E32
F40354231B8E04087154B845CB02CF0E
80F40369231B9504087154A6450803D7
0EE1F403E3231B9404087054AD450203
D20E20F503F3231B8E04087154884502
03D50E46F503B0231B8B040871547C45
0403DE0E81F5037A231B8B0408715460
45F102C60EC5F50348231B8F04087254
5B45F502C00EFFF50333231B97040871
545745FC02CA0E24F6032E231BA10408
71544045F602C10E34F6032A231BA604
0871544245F102060F3AF60322231BAE
040872542445E8021F0F3BF60354231B
AF040872540E45F1020F0F31F603B423
1BAC04087254F744EA020A0F15F603B0
231BA704087254E244F702150FFBF503
7E231BA704087254E744CC02AD0EEFF5
0348231BAD04087254D944CF02AF0EF2
F50322231BB304087254D944DA02AD0E
FCF50326231BBD04087254E644D102AB
0E00F6033B231BC004087254B844A702
D50EFCF50343231BC404087254B3449B
02E20EF3F50374231BC2040872549544
9702DE0EE7F503B9231BC00408725481
449D02E70ED1F503C9231BBD04087254
6944D202150FB8F503AC231BBD040872
546044D402190FA9F50386231BC00408
73545B44D702150FA0F5038B231BC804
0873544F44D5020D0F9BF503BD231BCE
040872544544CA02DA0E92F50309241B
D0040872544C44BB02CE0E7FF5037524
1BD3040872543D44B902D40E5FF50375
241BD0040873542044C402C40E45F503
64241BCC040872541D44B502D10E30F5
0336241BCA040872541644F002D30E25
F5039B241BCB040872541044F102D30E
18F503C1241BD5040872540F44F702D7
0EFEF403402B1BE1040872541244EE02
CD0E87F403332F1BEF040872541F440B
03CD0EE3F3038B2F1BFA040873541A44
0003D60E63F303DB2F1B01050873541C
440403C70E0AF30311301B0705087254
5244FD02DC0EC8F2032F301B08050872
547244E402D10EA0F20339301B060508
72543F44CF02C20E8DF20340301B0405
0871544244CF02BE0E7FF2034C301B03
050871545444D902C40E79F2034C301B
08050871546F44F102D70E75F2035930
1B1005087154A944EF02D60E70F20362
301B1705087054EB44F602D90E6AF203
83301B1E050871547A45ED02D50E63F2
03A5301B2005087154BF45E802D50E56
F203BA301B1F05087154CD450503D90E
4CF203BE301B1D05087154FD450F03E5
0E48F203B6301B20050871543C460C03
E60E47F203B5301B2C050871547446FE
02E20E49F203C2301B3D05087054F946
D902DD0E49F203CF301B4C0508715432
47E602DA0E4AF203A9301B5505087154
AC47D802D30E57F2038E301B56050870
54C147DD02EB0E65F2038B301B500508
7154DF47F502DA0E6BF20390301B4A05
0870540748F302DB0E6EF2039C301B45
050871542848E902E60E6CF203AD301B
45050871543548F702D80E68F203BA30
1B4F050871546648CC02E90E69F203AE
301B5F050872549D48D302DC0E6BF203
A5301B6F05087254C248DE02E90E6FF2
03A9301B6E05087254D148D802D50E6F
F203B1301B6505087154ED48CC02E00E
6CF203AD301B5A050872541449F4028D
0F6BF203B2301B54050872543949F002
8F0F6DF203B5301B56050872544149EE
02970F6CF203BE301B60050872546F49
F102910F6CF203BA301B6B0508715474
490303020F6AF203C2301B7005087154
9049FE02FC0E66F203CB301B70050871
54BD490003020F61F203CF301B670508
7254B749FC02020F5CF203D3301B5C05
087254BE49F702E30E5DF203CF301B5B
05087254EA49F002DC0E5DF203D3301B
5F05087254094AF202DE0E5CF203DF30
1B6E050872543B4AEE02DF0E5BF203E4
301B7C05087154814AFA02E30E59F203
E8301B8605087154C24A0703E00E59F2
03E0301B8905087154ED4AF502E20E5D
F203DB301B8905087154FA4A0703DB0E
60F203E0301B8905087154F24A1003E0
0E63F203DF301B8505087154DE4ACB02
D70E62F203E8301B8405087154D94ACE
02C90E60F203E8301B8605087054F24A
D502CA0E5CF203EC301B8A05087054FA
4AD502D70E5CF203DB301B9005087054
074BF702580F5FF203CF301B95050870
54204BF4025D0F66F203D3301B9A0508
6F543E4BE7025A0F69F203D7301B9C05
086F54674BF002530F6BF203DB301B9B
05086F54814B0D03CD0E6BF203DB301B
9705087054814BF902D10E6BF203DF30
1B9D05086F54694BFA02D30E6BF203E0
301BA5050870547D4BFC02CF0E6AF203
DB301BAE05087054894BDD02DA0E69F2
03E0301BB9050870549A4BDD02DF0E69
F203E0301BBD05087054D34BE602DB0E
6DF203D7301BC005087054204CD502DE
0E71F203D3301BC605086F54204CDE02
E00E73F203D7301BCC050870541D4C04
03E90E77F203CF301BD5050870541D4C
0303F10E78F203D3301BE10508715405
4CF602FA0E79F203D7301BEC05087154
F64BFC02EF0E7BF203CF301BF5050872
54DA4BE002E90E7BF203CB301BF60508
7354C74BE502EF0E7CF203CF301BF105
087354D14BE002EC0E7CF203CB301BEC
05087354A74BDB02E40E7BF203CF301B
E505087354C54BE302EF0E7BF203CF30
1BE105087354D84BDA02F10E79F203D7
301BE105087354CD4BE502F40E77F203
DB301BE705087354EC4BDE02EB0E75F2
03DB301BEF05087254C84BED02220F76
F203CF301BFA05087254E14BF1021D0F
78F203D7301B0806087154074CEF021C
0F7BF203D7301B14060871549D4CF902
220F78F203DB301B20060871544E4DFC
021F0F7AF203DB301B2B06087154424D
F302EC0E79F203E4301B3106087154D4
4CF402E60E78F203E7301B3606087154
AB4CEA02EA0E75F203E8301B43060871
54844CF302F30E79F203C6301B530608
71546E4C0003F20E83F203A9301B5C06
087154574CFE02F30E95F2036A301B64
060871548F4CFE02EA0EB4F20337301B
6A06087154E44C0803EF0ED2F2033530
1B7106087154394D0C03DF0EE9F2031A
301B75060870540B4D0703DC0EF9F203
11301B7506087154D54C0303E10E05F3
0309301B75060871549A4CFD02ED0E0A
F3030D301B7C06087154714C01031A0F
0EF3030D301B8406087254754C040322
0F0FF30309301B8B06087254664C0B03
1C0F12F30305301B8D060873545A4C0E
031C0F13F30301301B8606087254484C
FA02250F14F30305301B800608725445
4C2803060F14F3030D301B7B06087254
414C1C03070F10F30316301B7F060872
543F4C2403020F0BF30322301B890608
7254494C1D03FC0E08F30326301B9106
0873543F4C0F03E20E05F3031E301B99
06087354424C0C03E00E05F30316301B
A5060874549D4C0F03DD0E08F3030D30
1BB406087454CF4C1303DE0E0CF3030D
301BBD06087554DB4CF802D80E10F303
0D301BC206087554CE4C0403E10E11F3
0311301BC806087554904C0003E00E0F
F30311301BD4060875545A4C0603E00E
10F30315301BE2060874547C4CFC02DF
0E0FF30316301BF306087454B34CFF02
E00E0BF30326301BFF06087454E44CFE
02E30E03F30344301B0707087454EF4C
0403DC0EFAF20344301B0B07087354D6
4CFE02D50EF4F20341301B0D07087454
A64CEE02F30EF1F20344301B16070874
54834CF602F00EEFF2034C301B210708
7454654CF702F80EEEF20344301B2507
087354534CF002F40EEDF20333301B20
070873544F4C2703110FF5F2032B301B
15070872542A4C1E03130FF6F2033930
1B0A07087254254C2603190FF4F20344
301B0507087254214C1C03170FF3F203
44301B0C07087154334CFE02FC0EF1F2
0344301B1907087154234C0E03F30EF0
F20340301B26070872541F4CF902F10E
F0F20341301B2D07087354144C0D03F1
0EF5F20337301B2A07087354144CF702
F10EF7F20333301B21070873540C4C25
03DB0EF9F2033C301B1707087354104C
1E03DC0EF6F2033C301B1807087354FF
4B1F03D40EF5F20341301B1D07087354
084C1803DB0EF3F20344301B23070873
54014C0803DE0EF2F20344301B290708
7354FF4B0A03D80EF0F20348301B3007
087354074CFC02D90EF3F20340301B39
07087354154C0003E20EF4F2033C301B
40070873544A4CDB02140FF6F2033D30
1B44070873542C4CDB02130FF5F2034C
301B4C070873540E4CDD020D0FF0F203
61301B5207087354094CE7020E0FE5F2
0390301B5707087354014C0203110FD3
F20394301B5E07087354414C1A030E0F
C6F20392301B6707087354584C0D0316
0FC3F2038B301B7107087354604C1103
0B0FCCF20351301B7B070873544A4C17
03120FDEF20355301B8407087354344C
E802360FDAF203A0301B90070872543B
4CDC022B0FCBF203B6301B9C07087254
104CDB02380FC4F20387301B9C070872
54074CDA022D0FC0F203A0301B940708
7354084C1803EC0EBCF203A0301B8A07
087254FC4B1203F50EBBF20394301B84
070872540A4C1B03F40EBEF20392301B
8607087254074C0903EA0EC0F2038B30
1B8B07087254034CE802060FC4F2038B
301B9107087254FD4BED02060FC4F203
83301B9707087154F84BE702FC0EC6F2
037B301B9A07087154024CEB02040FCC
F20383301B9C07087154E84BCF02C50E
CDF20382301BA007087154C54BC802BB
0ECDF2037B301B9C07087154C94BD402
C30ECEF20372301B9A07087154C64BD1
02BD0ED3F2037B301B9507087154D34B
CA02BD0ED2F20383301B9607087254CA
4BEA02DB0ED1F20386301B9D07087254
CE4BF602DB0ECFF20387301BA7070872
54D34BFC02DB0ECFF2037F301BAE0708
7154D84BEF02D70ED4F2035D301BB007
087254054CCD02120FDEF2034C301BB2
07087254F74BCC020F0FECF20349301B
B307087254FD4BC6021A0FF0F2035930
1BB707087254EB4BD1020F0FF0F20351
301BC107087154E14B0D03ED0EF3F203
44301BC807087254CC4BF602F00EF7F2
0340301BCD07087254DC4B0603E60EFB
F2033C301BCD07087354D54B0203F00E
FDF20339301BCA07087254D74BF202DE
0E00F3033C301BC707087254E14BEC02
E00E01F30344301BC607087254D64BEA
02E00EFCF2034C301BCA07087354CE4B
F102E00EF7F20355301BCC07087354C5
4BF502D50EF5F2034D301BD107087254
BC4B15032F0FF2F20351301BD5070872
54CF4B0D032F0FF4F20348301BD40708
7354BD4B1603340FF5F2034C301BD307
087254A34B1D032F0FF5F2034C301BD3
070871549C4BEE02ED0EF5F2034D301B
D7070870549A4BF702EF0EF6F2035530
1BE407087154924BF402E90EF5F20351
301BEE07087154BA4BF602E90EF6F203
4C301BF407087154D34BF102E40EF7F2
034C301BF807087154B44BF302DE0EFA
F2034D301B0008087154DD4BF102E30E
FBF2034C301B0B08087154D04BF802DF
0EFBF2034C301B1608087154D54B1A03
130FF9F20351301B2408087154C54B0E
030D0FF8F20351301B3108087054E54B
09030B0FF9F20355301B4108087054DE
4B0F03100FF8F20359301B4B08087054
F14B0A03160FF8F20359301B5708086F
54DD4B1103EB0EF4F2035D301B5D0808
6F54D64B0D03F10EF4F20361301B6708
086E54DF4B0E03EB0EF3F2035D301B71
08086F54EE4B1103EF0EF1F20362301B
7A08086F54EC4B0E03100FEFF2036130
1B8408086F54E44B15031C0FEFF20366
301B9108086F54014C17030D0FEFF203
66301BA708086F54D84B0603130FEDF2
036E301BBA08086F54D64B0903110FEC
F20376301BCC08086F54E34B1103130F
E8F2037F301BD908086F54284C1B0309
0FE4F2037F301BE308086F54484C0F03
130FDFF20387301BE708086F54404C07
03CC0FDCF20387301BE908087054FF4B
0103D30FDAF2038B301BE808086F54EB
4B0003D10FDBF20386301BEA08087054
D24BFE02CB0FDBF20387301BE8080870
54D14BF602D00FD9F20387301BE80808
7054A44B0D034F0FD9F20387301BE808
087154BB4B1903560FD8F20387301BE8
08087154B34B1103430FDAF20382301B
E608087154A14B1503550FDDF2037B30
1BE708087154A94B0D037C0FDFF2037B
301BE008087154B24B06037F0FE2F203
76301BDC08087054AD4BFD027A0FE2F2
037B301BD108086F54B74BFF027A0FDF
F2037E301BC608086F54964B0203240F
E1F2037B301BB808086F548E4B0D031A
0FDFF2037B301BA808086F54904B0303
230FE1F2037B301B9408086F54944B00
03220FE1F20372301B8208086F54814B
F302120FE1F2036E301B72080870548D
4BF3020D0FE3F2036A301B6708087054
7F4B0603040FE5F20366301B5B080870
54854B0403180FE8F2036A301B510808
70546F4BF8020B0FE8F20366301B4408
087054834B03032D0FEAF20361301B38
08086F54794B0403310FEBF20362301B
29080870547F4BFD02330FEBF2036130
1B18080871547B4B0003310FEDF2035D
301B0C08087154754B0103DE0EEDF203
59301B0108087154834B0403D80EEEF2
035D301BF607087154724B0E03D90EF0
F20359301BE807087154774BFF02D60E
F0F20355301BD7070871546C4B1E03DF
0EF0F20355301BC707087154744B1E03
DD0EF0F20355301BB307087154834B1B
03E10EF2F20351301BA107087054704B
2203DA0EF3F20351301B94070870547E
4B0503030FF1F20355301B8507087054
8B4B0003050FF0F20355301B76070870
548D4B0D03040FEFF20351301B690708
7054854B0603080FF0F2034C301B5D07
086F54804B0003FB0EF2F2034C301B4C
070870548F4B1203FB0EF4F20349301B
3C07087054874B1903F80EF6F2034830
1B2E07086F54854B1103040FF8F2033C
301B1D07086F548F4B1503FC0EF9F203
37301B0D07087054984BEA02C40EF8F2
0340301B00070870548F4BE902C40EFB
F2033D301BF206087154944BE902BE0E
FAF2033C301BE606087154AB4BF502C0
0EFAF20337301BD606087154A94BDB02
CE0EFAF2033C301BC906087154A54BE0
02CF0EFAF2033C301BBC06087354914B
E302CF0EF8F20339301BAD060873549A
4BDC02CB0EFBF20340301BA006087354
974B0F03200FF8F20344301B94060874
54904B1703210FF5F20348301B840608
7454804B15031E0FF3F20348301B7306
087454944B1703170FF0F20348301B67
060874547A4B07031D0FEDF2034D301B
5D060874546D4BDA02DE0EEAF2035130
1B50060875546F4BD902EA0EEBF2034C
301B4206087554814BE102D50EEAF203
4C301B36060875545E4BD802E20EE9F2
034C301B24060875546B4BFF02E30EEA
F2034D301B1806087454654B0603DE0E
E9F20348301B06060874547A4B0003E0
0EEAF20344301BFA050874547C4B0703
DC0EECF2033C301BEA050874547C4BFB
02370FEEF20337301BDB05087354664B
0303380FF1F2033D301BCE0508725481
4BFC02330FF1F2033C301BC905087254
984BF7022B0FF3F20337301BBE050871
54A14BEC02CF0EF3F2032F301BAD0508
7154A94BEA02D10EF6F2032F301B9805
087154D44BF102D40EF8F20326301B85
05087254DB4BEF02D20EFAF20325301B
7705087254EC4BF002D50EFCF2032630
1B6B05087254C14BF702EB0EFCF20326
301B5F05087254D74BED02F00EF9F203
2B301B5005087254BD4BF502F70EFBF2
0326301B3D05087254B84BF502F60EFA
F2032D301B2F05087254BA4BF002E00E
F4F20337301B1E05087254A14BEF02DF
0EF0F2033C301B0F05087154B84BF502
E20EEDF2033C301BFF04087254AD4BEF
02D40EE7F20351301BF004087254BA4B
0503DD0EDBF2036A301BE004087254BA
4BFE02D80ED0F20372301BD204087254
964B0B03D20EC6F20383301BC4040871
54974B0003DC0EBCF20387301BBB0408
7154A34BF502040FB6F20387301BAD04
087154934BEE02FE0EB0F20396301B9B
04087154924BEF02F90EAAF20398301B
8C040870547A4BF602030FA3F203A530
1B7D040870547E4BF702010F9DF203AD
301B6904087054834BDC02D00E97F203
B5301B5C040870548F4BE202D10E8FF2
03C2301B4F040871548C4BE402D50E8A
F203C7301B4104087154974BDD02D90E
83F203CB301B3104087154814BDA02DC
0E7FF203CF301B1D040871547F4BDA02
E10E7CF203CB301B0C04087154884BE0
02D90E7BF203D7301B0104087154744B
DE02E50E76F203D7301BFF0308705489
4BB201BA0E74F203D7301BFF03087154
834BBB01AF0E72F203DB301BFE030871
547A4BBC01AE0E70F203E0301BF80308
7154684BBF01B30E6EF203DB301BF403
087054774B4C02820E6DF203DF301BF6
03087054834B4602840E6FF203E0301B
FC030870547C4B4E02840E6DF203E430
1BFF030870546D4B50027D0E6DF203E0
301B01040870546F4B4802820E6CF203
D7301BFB03087054804B4D03310F72F2
03D3301BF203086F54794B5403330F71
F203E0301BEA03086E54834B5603310F
6EF203E0301BE003086E54774B550336
0F6DF203DB301BD303086E54054CFC00
BE156EF203DB301BCA03086F544E4C02
01BB156EF203DB301BC403086F54174C
0201C4156CF203923C18C303087054F2
4BF000BA1581F203202B0FC203086F54
094C1B0A03FCC1F203E54E0FC2030870
54074C130AF9FBFCF203DB1B0FC20308
7154E04C130A03FC37F303D4470FC303
087054A94D1A0AFAFBB4F303BD880EC2
03087054BC4D04FC430C63F4030C3B0F
C303087054334EFEFB430C2BF5032A28
0FC4030870540E4F05FC4A0C00F6038E
600FC403087054F04E01FC410CB7F603
6C3A10C303087054D04FFFFB410C40F7
0388130FC4030870545D4F1903F50472
F703D4B50EC403087054EE4E1F03EC04
BAF70373790EC403087154674E2003E9
04</Data>

   <DataCRC>bc0824f8</DataCRC>

   <BytesSent>9809</BytesSent>

</SBEDataUpload>
</InstrumentRawData>
</SBEDataUploadFile>
