<?xml version="1.0"?>
<!-- SCPlusV2_RS232 -->
<SBEDataUploadFile>
<ApplicationData>
<Seaterm232>
<SoftwareVersion>2.6.3.104</SoftwareVersion>
<BuildDate>30-Jun-2017</BuildDate>
</Seaterm232>
</ApplicationData>
<InstrumentState>
<HardwareData DeviceType='SBE19plus' SerialNumber='01906740'>

   <Manufacturer>Sea-Bird Electronics, Inc.</Manufacturer>

   <FirmwareVersion>2.2d</FirmwareVersion>

   <FirmwareDate>9 February 2011 08:30</FirmwareDate>

   <CommandSetVersion>1.1</CommandSetVersion>

   <PCBAssembly PCBSerialNum='25307' AssemblyNum='41054G'/>

   <PCBAssembly PCBSerialNum='25737' AssemblyNum='41580B'/>

   <PCBAssembly PCBSerialNum='24669' AssemblyNum='41606'/>

   <PCBAssembly PCBSerialNum='24372' AssemblyNum='41059D'/>

   <MfgDate>  08 DEC 2010</MfgDate>

   <InternalSensors>

      <Sensor id='Main Temperature'>

         <type>temperature0</type>

         <SerialNumber>01906740</SerialNumber>

      </Sensor>

      <Sensor id='Main Conductivity'>

         <type>conductivity-0</type>

         <SerialNumber>01906740</SerialNumber>

      </Sensor>

      <Sensor id='Main Pressure'>

         <type>strain-0</type>

         <SerialNumber>3220369</SerialNumber>

      </Sensor>

   </InternalSensors>

   <ExternalSensors>

      <Sensor id='volt 0'>

         <type>SBE 43 OXY</type>

         <SerialNumber>432005</SerialNumber>

      </Sensor>

      <Sensor id='volt 1'>

         <type>not assigned</type>

         <SerialNumber>not assigned</SerialNumber>

      </Sensor>

      <Sensor id='volt 2'>

         <type>ECO-FLNTURT CHL</type>

         <SerialNumber>FLNTURTD-2025</SerialNumber>

      </Sensor>

      <Sensor id='volt 3'>

         <type>ECO-FLNTURT TURB</type>

         <SerialNumber>FLNTURTD-2025</SerialNumber>

      </Sensor>

      <Sensor id='volt 4'>

         <type>not assigned</type>

         <SerialNumber>not assigned</SerialNumber>

      </Sensor>

      <Sensor id='volt 5'>

         <type>not assigned</type>

         <SerialNumber>not assigned</SerialNumber>

      </Sensor>

   </ExternalSensors>

</HardwareData>
<StatusData DeviceType='SBE19plus' SerialNumber='01906740'>

   <DateTime>2018-12-07T14:28:32</DateTime>

   <LoggingState>not logging</LoggingState>

   <EventSummary numEvents='241'/>

   <Power>

      <vMain>12.2</vMain>

      <vLith>5.4</vLith>

      <iMain>61.5</iMain>

      <iPump>36.4</iPump>

      <iExt01> 4.1</iExt01>

      <iExt2345>20.6</iExt2345>

   </Power>

   <MemorySummary>

      <Bytes>1492821</Bytes>

      <Samples>87813</Samples>

      <SamplesFree>3782666</SamplesFree>

      <SampleLength>17</SampleLength>

      <Profiles>111</Profiles>

   </MemorySummary>

</StatusData>
<ConfigurationData DeviceType='SBE19plus' SerialNumber='01906740'>

   <ProfileMode>

      <ScansToAverage>1</ScansToAverage>

      <MinimumCondFreq>3226</MinimumCondFreq>

      <PumpDelay>60</PumpDelay>

      <AutoRun>no</AutoRun>

      <IgnoreSwitch>no</IgnoreSwitch>

   </ProfileMode>

   <Battery>

      <Type>alkaline</Type>

      <CutOff>7.5</CutOff>

   </Battery>

   <DataChannels>

      <ExtVolt0>yes</ExtVolt0>

      <ExtVolt1>no</ExtVolt1>

      <ExtVolt2>yes</ExtVolt2>

      <ExtVolt3>yes</ExtVolt3>

      <ExtVolt4>no</ExtVolt4>

      <ExtVolt5>no</ExtVolt5>

      <SBE38>no</SBE38>

      <OPTODE>no</OPTODE>

      <GTD>no</GTD>

   </DataChannels>

   <EchoCharacters>yes</EchoCharacters>

   <OutputExecutedTag>yes</OutputExecutedTag>

   <OutputFormat>raw HEX</OutputFormat>

</ConfigurationData>
<CalibrationCoefficients DeviceType='SBE19plus' SerialNumber='01906740'>

   <Calibration format='TEMP1' id='Main Temperature'>

      <SerialNum>01906740</SerialNum>

      <CalDate>07-Jan-11 </CalDate>

      <TA0>1.255288e-03</TA0>

      <TA1>2.593288e-04</TA1>

      <TA2>-2.376104e-07</TA2>

      <TA3>1.449298e-07</TA3>

      <TOFFSET>0.000000e+00</TOFFSET>

   </Calibration>

   <Calibration format='WBCOND0' id='Main Conductivity'>

      <SerialNum>01906740</SerialNum>

      <CalDate>07-Jan-11</CalDate>

      <G>-1.033008e+00</G>

      <H>1.393941e-01</H>

      <I>-2.175401e-04</I>

      <J>3.475757e-05</J>

      <CPCOR>-9.570000e-08</CPCOR>

      <CTCOR>3.250000e-06</CTCOR>

      <CSLOPE>1.000000e+00</CSLOPE>

   </Calibration>

   <Calibration format='STRAIN0' id='Main Pressure'>

      <SerialNum>3220369</SerialNum>

      <CalDate>21-Dec-10</CalDate>

      <PA0>8.222195e-01</PA0>

      <PA1>1.566037e-02</PA1>

      <PA2>-6.194425e-10</PA2>

      <PTCA0>5.244452e+05</PTCA0>

      <PTCA1>4.417653e+00</PTCA1>

      <PTCA2>-9.798927e-02</PTCA2>

      <PTCB0>2.510725e+01</PTCB0>

      <PTCB1>-1.150000e-03</PTCB1>

      <PTCB2>0.000000e+00</PTCB2>

      <PTEMPA0>-5.917147e+01</PTEMPA0>

      <PTEMPA1>5.387460e+01</PTEMPA1>

      <PTEMPA2>-2.653169e-01</PTEMPA2>

      <POFFSET>0.000000e+00</POFFSET>

      <PRANGE>5.076000e+03</PRANGE>

   </Calibration>

   <Calibration format='VOLT0' id='Volt 0'>

      <OFFSET>-4.687158e-02</OFFSET>

      <SLOPE>1.247988e+00</SLOPE>

   </Calibration>

   <Calibration format='VOLT0' id='Volt 1'>

      <OFFSET>-4.719579e-02</OFFSET>

      <SLOPE>1.248132e+00</SLOPE>

   </Calibration>

   <Calibration format='VOLT0' id='Volt 2'>

      <OFFSET>-4.684526e-02</OFFSET>

      <SLOPE>1.248324e+00</SLOPE>

   </Calibration>

   <Calibration format='VOLT0' id='Volt 3'>

      <OFFSET>-4.678105e-02</OFFSET>

      <SLOPE>1.247145e+00</SLOPE>

   </Calibration>

   <Calibration format='VOLT0' id='Volt 4'>

      <OFFSET>-4.669684e-02</OFFSET>

      <SLOPE>1.248307e+00</SLOPE>

   </Calibration>

   <Calibration format='VOLT0' id='Volt 5'>

      <OFFSET>-4.709579e-02</OFFSET>

      <SLOPE>1.247697e+00</SLOPE>

   </Calibration>

   <Calibration format='FREQ0' id='external frequency channel'>

      <EXTFREQSF>9.999977e-01</EXTFREQSF>

   </Calibration>

</CalibrationCoefficients>
<EventCounters DeviceType='SBE19plus' SerialNumber='01906740'>

   <EventSummary numEvents='241'/>

   <Event type='ErrorFLASHUncorrectableError' count='241'/>

</EventCounters></InstrumentState>
<Headers>

cast  84 03 Dec 2018 09:58:37 samples 72995 to 73766, avg = 1, stop = mag switch

</Headers><InstrumentRawData>
<SBEDataUpload startAddr='1240898'>

   <Type>1</Type>

   <DataFormat>SEACATPLUS0</DataFormat>

   <Bytes>13124</Bytes>

   <Data>
FBEB0356810BC30308E9530B48A902C8
03F2EB03C5870BC30308EA530C48A302
CA03F4EB03D78C0BC40308EB532248A4
02C503FDEB0310890BC60308EB531E48
A202C7030BEC03AB7F0BC40308EA5328
48A902CA031EEC03E87A0BC30308EA53
3148A102CD0332EC03BD7C0BC20308EA
533148A402C50348EC033D800BC20308
E9532548A602C80361EC0333790BC303
08E9532848A902C4037CEC03146F0BC2
0308EA532E48A402CC0396EC03E4650B
C40308EA533348A002C103B1EC036261
0BC40308EA534148A202C003D0EC0319
5E0BC40308EB534C48A702C403EBEC03
2E5E0BC20308EB534D489D02C90309ED
0395580BC30308EB534048A802C00327
ED0356540BC50308EC535848A802CB03
46ED03E64F0BC20308ED535648A702C3
0367ED03374A0BC50308ED534F48A402
C60389ED0371480BC30308EC536748AB
02C303A8ED0342450BC40308EB536248
A802C903C8ED0323430BC50308EC5358
48AC02CD03E8ED0378400BC50308ED53
5C48A602C90309EE03E93E0BC30308EE
536948A902C20357EE03873D0BC30308
EF536748AC02C10314EF03733D0BC203
08EF537548A002C6035CF003703E0BC3
0308EF536248A002C80381F103493E0B
C30308F0536148A702BF0337F203F53C
0BC20308EF535A48A202BD039CF2038D
3A0BC60308EF536348AA02C303CEF203
89380BC40308F0535548AC02C203F3F2
03B7350BC40308F0535748AA02CA0392
F303B13C0BC40308F0536548A402C803
AFF4036A400BC50308F0535748AD02C5
0378F503443E0BC40308EF535648A502
C303E2F503623C0BC20308F0535948A2
02B90311F603514C0BC40308F0535F48
A802CA03F1F50332510BC30308F15371
48AC02C30359F50355530BC20308F153
6748A402CB03A8F40305610BC40308F1
537448A002BE031CF40364690BC30308
F2535848A402CC03BAF303B9790BC403
08F2534D48AE02C40371F303CD7B0BC3
0308F2535348A602C5033FF303BF760B
C50308F2533448A602C3031AF303CF74
0BC30308F3534648A602C10304F30309
800BC30308F3532F48A102C503F9F203
B7700BC20308F3533548A502C003F0F2
03AA670BC40308F3532C4812028F0CF2
F203B15E0BC30308F25337480E02880C
F3F203F75B0BC40308F2532F480E028A
0CF5F2034F5A0BC30308F25331481602
880CFAF2034C580BC60308F35328480E
02860CFEF203B9520BC40308F3532848
06012B1006F303C04A0BC40308F3532E
4812012A100FF303BA440BC30308F353
2C48FF002E1019F303AE3E0BC30308F3
534A4800012E1024F303CD380BC20308
F3534D481E07EA0D32F303CF3F0BC403
08F45355481E07DE0D3FF303F34B0BC2
0308F45346482107E40D4CF303EB450B
C30308F55333481C07EA0D5BF3039E4D
0BC40308F5536E489E0F680E67F3034E
490BC20308F5535849AA0F680E6AF303
3B5A0BC40308F653E548A30F730E08F4
03600F10C80308F653D248A50F670E8B
F903FD6F0CCB0308F753AE489606BE05
9EFE032F3F13CF0308F753AB489D06C4
05C4010475A915D50308F7539A4A9706
C2051004049B191BE00308F853D14B93
06C205E10504F1171BE50308F853004B
8E06B9052A0704DE151BEB0308F85363
4BFAFB2D05D007047A151BF00308F853
094CF3FB370507080456141BF90308F8
53504BF8FB32053D080428141B030408
F8532D4A00FC29057A080418141B0604
08F8536049CE02E20CA008045D141B07
0408F853B748CE02E40CB5080414141B
0B0408F8533648DA02E80CB708043114
1B140408F9530048D902E00CBC0804FA
131B180408F8533048FBFB8A0DC40804
20141B1A0408F853DB47F9FB8B0DC808
04B6141B1C0408F9537F47FCFB840DC6
08040E151B1D0408F8534947F8FB800D
C008046B171B1D0408F8531947840082
0EB408043D1B1B1C0408F9530C479100
8E0EA40804191D1B1D0408F953FF4694
00780E620804681E1B1E0408FA53F946
85008D0E83070483201B230408FA53E5
468C00780EAB060490211B240408FA53
D246F703C80D280604DE231B260408FA
53C346FD03C50DE10504BC241B240408
FA53C046FE03CC0D8505048B221B2204
08FA53BA46FE03BA0D150404FD211B21
0408F953A9462F034D0FB90204B0241B
210408F9539F463503490F5801043327
1B230408FA539A463403580F330004EF
251B270408FA53894633034A0FB7FF03
50231B300408F9536846BF01EC0E5800
041B201B310408FA535A46BA01F00E48
0204AE201B300408FA534C46B401FE0E
0D040496261B280408FA533646BB01F2
0E000504E6291B240408F9532B46DE01
C20E630304E5291B210408FA531E46BE
01B60EB5FF03082D1B210408F9531B46
CA01BA0EF9FC03F72C1B250408F9530D
46D801CD0E76FB03EE271B2C0408FA53
0D46C501B00E1DFB0346271B310408F9
53FD4513030D0E9FFC03DA241B330408
FA53ED450D03080E06FF032F231B3004
08F953EE451103FF0D22010443231B2D
0408FA53E1451B03000EB302043A281B
2B0408FA53DA45BB0372109F03044F2D
1B280408FA53D045C903711043040447
2E1B290408F953B845C1037210730304
2E2F1B2A0408F953B745C70378108300
04BA2D1B2C0408F953B5453402300F86
FE03A32B1B2F0408FA53A64534022E0F
A8FD0342271B340408FA539E4527022E
0F12FE03FF251B370408FB539B452802
2B0FD0FF0364271B370408FA538845D2
02B30D3C0104042E1B390408FA539145
D102AB0D390204BF301B390408FA5383
45CC02B90DB00004E0301B380408FA53
8045C402A80DB9FC03792D1B3B0408FB
538045CA02B80DD3FA03572A1B410408
FA5375453103050F12FB03582E1B4404
08FA537B4531030A0FDFFB03A5311B46
0408FA5363452F03F90E8BFB0390321B
440408FA53694533030F0F5DF9032D33
1B3E0408FA5368458702730EB1F70395
321B3C0408FA535C459602660EE1F603
C2301B3D0408FA5359458702750EB9F6
03CE2E1B3F0408FA535E4595026F0EE2
F703192D1B480408FA5354454602B10E
73FA035E311B4D0408FA5366454602B7
0E9FFC03A7341B4D0408F95360455002
BA0EFDFB0316361B480408F953644550
02A80E8FF803EC351B430408F9536545
1503120FE9F503E1321B3C0408F95366
452B03220FD7F40312311B390408F953
64452403200F89F503CD2C1B3E0408F9
536D452403210F96F8039A271B420408
F95373451A03220F57FC03B42B1B4804
08F9536A451A03150FBCFE0396331B48
0408F9536F452403190FFAFF03BD361B
480408F9536D452003020FCDFD03E836
1B460408F9536E452603110F54FA03DD
331B480408FA537E45EC02C70E8AF803
7B301B470408FA538F45E902CF0E5DF8
03362E1B420408FA538245E402CD0ED7
F8033D2D1B430408FA53A045D602CB0E
09FA03EA2C1B410408FA538045EA02EF
0EDCFB039A2B1B420408FA53A145F702
FB0E31FE039E281B460408FB53A445E8
02EE0E49000407271B4A0408FA539445
F402EF0ED50104292A1B4C0408FA539A
45C002F10EBB020481311B4D0408FA53
9845BC02E90E710304BD341B4A0408FA
539245C202EB0EC60204ED361B480408
FB538D45C602FA0E9BFF0389371B4404
08FB538745B802F00EC5FB0331381B47
0408FB538345A502260F31F9039B381B
480408FB537D45AE021E0F65F7038138
1B4A0408FB537545A102240FCFF503EE
371B4D0408FB5372459902190F49F403
15391B4D0408FA536845BD02CB0EA1F2
03853A1B4D0408FB535945B402CF0EDC
F003F73B1B4A0408FA535A45B802D30E
49EF03A4411B470408FA534B45C002CC
0E32EE03CD431B460408FA535345DF02
D80E45ED03373E1B460408FA533745E7
02CF0E7AEC0346381B490408FB534045
E102D50E6CEC03AE361B4D0408FA5330
45DD02CD0EA8EC03C8371B4F0408FB53
2C45DE02D30E69ED0386391B4F0408FB
532845D302E10E82EE03663D1B4F0408
FA532345D402E50EDDEE03DE3E1B4C04
08FA532F45C502D50EEDEE03263F1B4A
0408FA532045C802EA0EF5EE03A43E1B
4C0408FB532F45F102CB0EFAEE03FB3B
1B4E0408FA532645F102C40EFCEE03FA
3A1B520408FA531845EE02D30EFCEE03
7D3E1B540408FA531D45EC02CE0E06EF
038C421B520408FA531645E202A30EDE
EE03D9441B510408FA531945E002B50E
51EE03D6431B4E0408FA530A45D402A0
0E7EED039E401B4A0408FB531145D902
AA0E2BED03E33C1B480408FA53FD44AB
021E0F8CED03D3381B4D0408FA53FF44
B202130F87EE0312361B520408FA53F7
44A802100F85F2037D331B580408FA53
E844AA02290F41F703FD3C1B5B0408FA
53DE44DC02090F83FA03F2431B580408
FA53C844E802FE0E03FB03D6451B5304
08FA53D444E502FF0ECBF603DE451B4D
0408FB53C744E4020E0F35F2034A431B
4A0408FA53C344DB020D0FB5EF03DA3C
1B4D0408FA53B644D902370FB9EE030A
371B530408FA53C144D702220FB4EF03
C6351B580408FA53AD44CC02290F57F2
03CE391B590408FA53A444CB021A0FDD
F403223F1B570408FA53B144E702000F
34F70352401B510408FB53B644E702F6
0E89F703AF3E1B4A0408FB53B844DE02
020FFBF603BB3A1B480408FB53C444E7
02080F42F70338351B4C0408FB53B144
B4020A0F28F803502F1B530408FB53AF
44BB020C0F10FA03862C1B590408FB53
C444C4020F0F72FC037C371B600408FB
53A744C602060F80FE0353411B5D0408
FB53A244D002E30E9EFD03DD421B5B04
08FB53B644CB02D70E94F803A5421B59
0408FC53B844D302DE0EA5F403FE3D1B
560408FC53B044CF02D50E98F2039937
1B550408FD53B644CA02D80E0AF2035E
331B570408FD539D44F702020FFEF303
812B1B5B0408FE53A6440003020FBCF8
03C71F1B670408FE53A8440403F80E84
FD03501D1B6F0408FE53A4440003000F
FC0004C82A1B740408FE539944C2020B
0F1F03041D391B750408FD53A344C802
1B0FEE0204693A1B750408FD53A844CA
02140F34FF0376391B750408FE53AA44
D302080F9EFA031D391B760408FE53B9
44E702FC0E30F7035E371B740408FE53
B444D502F80E1BF50311351B780408FE
53B944D702040F0DF4037D311B790408
FD53D344F002060F4BF403E32E1B7D04
08FD53D244CB02E20E88F5031E2F1B86
0408FD53DD44D902E10E14F803B02E1B
880408FD53EA44C602E50ECCFA038E2B
1B8B0408FD53EB44D002F20E6BFD0312
2C1B8D0408FC53F344D902DE0E3BFF03
362B1B8C0408FD53F044C5022B0FB700
0435291B8E0408FC53E544D4022B0F48
0204E3221B910408FC53FC44D3022A0F
BE03044B1D1B970408FD53EC44CE021C
0FFC0404821D1B9C0408FD53EC44B902
050FE7050447251BA30408FD53E644C8
02050F850604E62B1BA30408FD53D944
CA020E0FF7060438311BA40408FD53D9
44BB02030FDB0504E5321BA10408FD53
E644CF02140FF10104932E1B9F0408FE
53D944C802190FF0FE0307281BA10408
FE53D544C8020B0F0BFE0393241BA604
08FD53D844CF020E0FEBFE03C7201BB0
0408FE53E444C802340F080104E41B1B
B50408FE53DC44CD02360F360304F724
1BB80408FE53DD44CB022F0FBE04040C
2E1BBA0408FE53BD44CB02310F100504
37301BB60408FE53DA44C9023D0F9203
040D301BB30408FE53C444D302160F07
0204FF2B1BB30408FE53DB44BD021B0F
19010455261BB30408FE53D344BB0213
0FFC0004B21F1BBB0408FE53D044BD02
110F450204D01A1BC50408FE53C544E0
021D0F140404101E1BCA0408FE53CA44
E802230F5505042D271BCD0408FF53C7
44E0022A0F160604E22C1BC90408FF53
D744E7021F0F6004045F2A1BCB0408FF
53D744EF02090F00010464231BCA0408
0054EE44EF02070FDBFF03BA201BD004
080054D744EF02FB0EAE00049E1E1BD4
040800544D45EF020B0F620204B81D1B
D7040800543945B902050FE80304B51C
1BDC0408FF531B45B102FE0E2705042A
191BE1040800541745B002FB0E290604
87181BE5040800540145AE02050FE706
04611C1BEB040800540645B702090F58
070423231BEA040800540045EC02760F
A10704A7261BE904080054FF44F3027A
0F0907049F261BE9040800540E45F702
770FDD0404E7231BE904080054FB44E3
02760F9B030452201BEA0408FF530A45
CB02110FA10304CD1D1BEF0408FF5317
45CF02140F250404D21C1BF00408FF53
0645CC02090FE70404D41A1BF40408FF
531E45C802100FC60504131B1BF60408
FE531C45EF02F80E700604621B1BF704
08FE531345D702080FED0604B4191BF9
0408FE531745EE02000F6B07041C171B
FB0408FF532145DF02FE0ED607045816
1BFF0408FF53FC44E502240F240804E3
151B030508FF53FE44D302250F5D0804
F5171B060508FE53F844D902200F7E08
046A1C1B070508FE53D444E2021D0F95
0804561B1B0A0508FE53DF44DB02290F
AD080445171B0D0508FF53E6442403DB
0EC20804F3151B110508FE53E1442703
CE0ED60804F2151B140508FE53ED4417
03CC0ED80804AE171B170508FF53DF44
1E03CF0ED708043D1B1B190508FF53DF
44D402200FDC080463171B1D0508FE53
DF44CA02270FEC08044C151B220508FF
53D944C502250FF6080487151B260508
FF53DB44C3022B0FF508045C191B2805
08FF53DF44E602DF0EF20804A71D1B27
0508FF53DB44E202E60EBD08046C1E1B
270508FF53E044D802DE0E0708043619
1B290508FF53DD44E202DE0E780704CE
151B2F0508FF53C844E002ED0EAC0704
9D141B370508FF53D144D202E80E1008
04B6141B3D05080054BD44DC02F30E5E
0804E0141B4405080054C144E502F70E
8F08043D171B4805080154AF44D102F0
0EA80804D01A1B4905080154BD44AE02
F10EB308041A1C1B4A05080154BB44AD
02F20E2E0804FB191B4A05080154B244
B502F60E82070471191B4B05080154A1
44AB02FE0E570704EE191B4B05080054
B044D902FD0E5C0704A0181B4C0508FF
53C344EF02020F8A0704CA151B4F0508
FF53B244D102030FDD0704AA141B5705
08FF53BD44ED02FF0E2C08043D141B5D
0508FF53BD44F402D00E6D08042D141B
650508FF53AD44FB02D00E9C08043914
1B690508FF53AA44F602CE0EBD08043C
151B6E05080054AF44F302D50ED20804
58191B6F0508FF53A444C302BE0ED808
04991B1B6D0508FF539944C602B80E28
08044D1B1B680508FF53B044C002BA0E
CD060452141B650508FE53D944BB02C1
0EBD0604A2111B660508FF53D244C402
C20EBD07047F111B6D0508FF53C444B1
02020F7008044F111B7705080054E644
AF02080FD3080457111B7F05080054B5
44AA02090F0609044F111B8505080054
B044A902FB0E1B09044F111B86050801
54C444EA02CD0E23090453111B800508
0154C244E602D20E2409046C111B7B05
080154C144FF02D60E1D090481111B77
050802540745F402D20E0C090491111B
7A050802541645AC02D20E0209046411
1B82050802545E45A802CB0E06090442
111B8B050802546045AE02D30E170904
3A111B92050802546445B302D80E2409
043A111B97050803547845D7020B0F2C
09043E111B99050804549C45D9020C0F
2C090446111B94050804549A45E80216
0F2A09044F111B9405080354B445DB02
0B0F25090453111B9805080454E345EF
02150F2009044A111B9905080354F945
F202DF0E21090431111B9E05080354DF
45EF02D80E27090431111BA405080454
0546ED02D50E2B09042D111BAA050803
541446EA02DC0E3309042D111BB20508
04544246CD02270F34090431111BB605
0803543846C402280F3609042D111BB8
050803545146CF022E0F3509042D111B
B9050803546646C902180F3409042D11
1BBB050803548246D502310F37090425
111BBE050803548146DB02320F380904
25111BC1050803548346C802330F3709
0429111BC1050803548B46CE02370F37
09042D111BC2050802549646E102CD0E
3709042B111BC4050802549446E002C6
0E3609042D111BC6050802548C46E302
CB0E36090425111BC705080254A946D8
02D90E39090429111BCA05080254B446
D702DC0E39090425111BC9050802549C
46E802D80E3A090425111BCB05080254
9946ED02E20E38090421111BCF050803
549146ED02D50E39090418111BD00508
0354C146F002E60E3A090418111BD005
080354D746CC02090F3D090410111BD0
05080354DB46D1020A0F3E090421111B
D505080454E246DE02160F3E09042511
1BD805080454F146D102130F3A090425
111BDB05080454F346D402E10E380904
2D111BDF05080454F046E002D30E3609
042D111BE305080454F646D702E70E33
090433111BE9050804540547E702E70E
3109043A111BEA050804541047FC0212
0F2F090436111BEA05080454FE46F702
0D0F2C090431111BEA050804541047FF
02070F2E09043A111BEA05080554FD46
0203130F2D09044F111BF105080454F5
460D030A0F24090453111BFA05080554
0D47B6024F0F1F090446111B01060804
54F946AE024D0F1F090442111B060608
04542247AA02520F24090446111B0906
0804541947B502560F2209043E111B0B
060804542647D502FF0E26090442111B
0D060803543247CC02010F2509043E11
1B0D060803540847CE02020F2609043E
111B10060804541247D302FE0E290904
42111B13060804541647DA02F80E2409
0433111B17060803542547CA02F10E26
090436111B1B060804543447CF02ED0E
29090442111B21060803543547CA02E6
0E2809044A111B25060804541B47C902
5B0F24090446111B2C060804540E47DE
02580F21090442111B33060803543047
E802650F2109043E111B380608045434
47D102640F2309043E111B3B06080454
3947D702600F27090442111B3B060803
544B47CF02DE0E27090446111B3C0608
03543047CF02E30E2609044A111B3E06
0803544847C802DF0E23090446111B41
060803543147C802E90E2309043E111B
44060804543247DF02180F2309043611
1B49060804546747DF020E0F29090436
111B4C060803548447DE020D0F2B0904
37111B4D060803547E47E102210F2B09
043E111B4D060803547A47EB02940F2C
090442111B4F060803547647F302950F
26090446111B5006080454C847F2028D
0F24090442111B55060804549047F702
960F2709043A111B5906080554D547F6
02230F2809043E111B5C06080554D147
E302080F2909043E111B6206080554BC
47F702110F2C09043A111B6406080554
B847E602090F2A09043E111B65060806
54AD47ED020B0F2A09044A111B680608
0654C447E902F20E2609044F111B6A06
0806549E47E502F10E2109044F111B6E
06080754A647E902F10E1E09043A111B
7406080654B447EB02F80E2509041D11
1B7B06080654AD47CF02FD0E30090423
111B7F060807549F47D502F60E370904
3E111B8406080754BA47D902FB0E3209
0442111B8306080754B947D502EF0E2F
090442111B8406080754B847B802F30E
29090446111B8706080754B947CA02EE
0E27090442111B8706080754C047B702
F30E2509043E111B8E06080754B947C1
02F30E27090442111B9406080754BB47
C202F70E26090446111B9506080654B3
47C2021C0F26090446111B9906080754
A447BC020F0F2409044A111B9C060807
549747C0020E0F2209044A111BA10608
07549047B902110F2009044A111BA506
0807549947F902080F22090446111BAB
060806549847EB02010F21090443111B
AF060806549F47F702030F2409041D11
1BB506080654AC47E802FE0E3209040C
111BB7060806549847C802F10E3F0904
14111BB606080654D147D402F00E4309
0429111BB5060807549F47D402ED0E3E
09042D111BB8060806548947CA02EB0E
390904FF101BC4060806547B47C80236
0F430904FF101BD0060806548247C902
260F4E0904FB101BD7060806548447C8
02310F540904FB101BDA060806548147
D902320F57090408111BDB060806545D
47C502330F5409040C111BDC06080654
7947ED02070F51090410111BDC060806
549447F102000F4C090421111BDE0608
06549A47F402FA0E46090421111BE306
0806547A47F502FA0E4009040C111BE8
06080654D147D402000F45090407111B
EA06080654D347D102FB0E4709040811
1BF106080654D147DB02050F4C090408
111BF306080654C247D902050F4E0904
0C111BF506080654DF47F702070F4C09
0421111BFA06080654C547F102F80E4B
090408111B0207080654B547F602100F
49090421111B0C07080654CD47EF020B
0F4709045B111B1207080654C647D302
850F34090457111B1707080654FC47D3
02840F26090442111B1C07080654E647
D602810F23090446111B1C07080754B9
47D502870F27090442111B1A07080754
D147D8027A0F2709043E111B1B070807
54E347EA02550F2809043E111B1D0708
0654E747EF025A0F2809044B111B2407
080654EE47E202490F2709044A111B2C
07080754F447F102530F26090442111B
3307080754CD47D602280F2909044F11
1B3807080754DB47C3021C0F25090453
111B3C07080854D747D2021F0F230904
53111B3D07080754E947C502260F1F09
0453111B3F070807540B48D7020D0F1F
090457111B44070807541A48E702F70E
20090442111B4907080754CC47E60200
0F2509043E111B4D07080854EF47DE02
F80E2B090429111B5007080854E247E6
02DA0E31090429111B5907080854DB47
E002E10E37090418111B5C07080854DE
47E202ED0E3F09041D111B5F07080854
C247D502E50E43090418111B5F070808
54D647D702D50E4509041B111B610708
0954D247E602D80E44090421111B6707
080854CA47E202EB0E43090425111B6D
07080854D547DF02DD0E4009044A111B
7207080854D247EE02DA0E3609044A11
1B7707080854D747DE02E00E2F090442
111B7C07080954CB47E102DB0E2D0904
46111B8307080954DE47D402DA0E2E09
044A111B8A07080954C647DF02E10E2B
090442111B8F07080954DB47CA02F80E
2A090446111B8F07080954CC47CF02FB
0E2A09044A111B9307080954AE47C602
ED0E2A090446111B9307080954C947DB
02F30E2B09044A111B9507080854D947
E302380F2B090453111B9C07080854DB
47DD02270F27090436111BA307080854
A847DD02370F2D09042F111BA9070808
54DA47DE02270F3509043A111BAF0708
0854E147D4023A0F3909042D111BB507
080954EA47CF02CF0E38090429111BBA
07080954CD47D202CC0E39090442111B
BC07080854F147D702D90E3409045711
1BC007080854E847CF02D20E2A09046C
111BC9070807540748F902250F1E0904
70111BCC0708085407480803210F1809
0474111BCF07080754FF4700031D0F13
090478111BD407080754DE47FC02260F
0F090478111BD707080754E747DC023D
0F0B090478111BDA07080754E847D902
3B0F0909047D111BDB070807542548DF
02440F0A09047D111BDF070808542648
D6023F0F0709047D111BE60708085422
48CF02C20E0A090473111BF107080854
2048D302C20E0B090474111BF8070809
541948C502BC0E0C090478111BFA0708
08544C48DB02CA0E0D09047D111BF907
0808545748CD02BD0E0D09047D111BFC
070808544848E2021B0F0B090485111B
FE070808546348DE02240F0609048111
1B01080809544B48E402310F06090474
111B05080809543E48E302220F0B0904
70111B0A080809546F48DE02F30E0F09
0470111B1008080A546348E302E00E12
090468111B1508080A548348D802F80E
15090468111B1C08080A547448E702F8
0E16090468111B2308080B548548EF02
F30E1A090468111B2B08080B545C48ED
02F80E19090468111B3008080B544F48
E802F80E1B090463111B3008080A544B
48F702F20E1D09046C111B2D08080A54
5848DF028F0F19090470111B2C080809
547948EA02970F15090478111B2D0808
0A548348E2028F0F14090478111B3208
080A548848CF02920F11090468111B39
08080A547A48E002900F11090464111B
4208080A548248E602170F1709046811
1B4C08080A545848DE02140F1B090468
111B5008080A544648DE02110F190904
68111B5008080A544448E002130F1A09
046C111B4F080809546848C402FB0E19
090474111B5308080A545848C202F50E
1709046C111B57080809545348BD02F9
0E1509046C111B5D080809545D48C302
070F1409046F111B65080809545048CD
02DF0E1509046C111B6C080809546548
CF02E80E16090470111B7308080A546F
48DC02DC0E17090464111B7908080954
7D48CF02DC0E1B090464111B8008080A
546E48E502240F1D090457111B840808
0954A348E6022C0F20090468111B8408
0809548B48EC021E0F1F090468111B88
08080A54A848DD02210F1F09046C111B
8C08080954A148DE02240F1C09046C11
1B8E080809546F48D302DC0E1C090470
111B91080809544D48D302E00E1B0904
6C111B9508080A546748C902EC0E1909
0464111B9C08080A547948D702DC0E1D
090468111BA508080A545348C2021A0F
1D090468111BA908080B544448CB0215
0F1D09046F111BAE08080B546448B702
150F1D090474111BB208080A544648C1
02130F1A090474111BB608080A543548
F102560F17090470111BB708080A5408
48F2025C0F19090457111BBB08080A54
1C48F302560F18090470111BC108080A
54B347ED02610F19090470111BC60808
0A54CB47E002C90E1B090470111BC908
080A54B747E802CB0E1B090474111BCD
080809549347E602D10E19090478111B
D308080A54BB47D502D10E1809047811
1BD708080A54C647E802C60E16090478
111BDD08080A54B047D002FC0E140904
7D111BE508080954A647D102FB0E1509
0481111BEA08080854BA47D902F10E14
09047D111BEE080809549B47C802E80E
14090483111BF208080754BA47F402F5
0E12090481111BF308080754BE47E802
F60E0F090489111BF408080754B647F4
02F20E0D090485111BF208080854C447
EB02F50E0E090489111BF408080754BD
47DB02170F0C090489111BF708080854
AD47EC02180F0B090485111BFD080809
54A047E602140F0A090489111B020908
0954B947DE020B0F0B090478111B0709
080954A947E102240F10090470111B0B
09080954C747ED021E0F14090474111B
0E09080854BE47D902290F1809046C11
1B1309080854C347D6022E0F1B090470
111B18090808549547E7021A0F1C0904
68111B1E09080954AA47F102010F2009
0468111B2209080954B247ED02020F23
09045B111B2609080954C7470003FA0E
26090464111B2C09080A54E447F80202
0F2809045B111B3209080B54F347E902
FE0E28090446111B3B09080A54DB47E8
02050F30090442111B4309080B54BC47
EC02040F36090442111B4809080B54C9
47DF02000F37090442111B4909080C54
B747E602FE0E3809044F111B4709080C
54D047DF02F40E3709045B111B470908
0C54CC47E402EF0E33090464111B4E09
080C54DD47DA02F50E2C09044F111B58
09080C54BD47EE02CF0E2F090446111B
6409080C54E147F702D00E3509044F11
1B6C09080C54D847E702D30E36090453
111B7509080C54BF47F802CB0E350904
57111B7A09080C54B947F002C20E3109
0457111B7A09080D54D147D702C10E31
090457111B7C09080D54CF47CA02BE0E
30090453111B8009080C54EE47DB02C7
0E30090453111B8809080C54E347D502
C00E32090457111B8D09080C54EE47DA
020A0F3209044F111B9609080C54D647
DE020F0F3209044F111B9D09080C54EC
47EA02290F3309044F111BA909080B54
F047D702170F33090453111BB209080B
54F147DB02490F35090453111BBC0908
0B54D747DC023B0F34090453111BBE09
080B54D447E202400F34090453111BC2
09080B54FC47DB02360F36090453111B
BE09080C543C48D6021B0F3509045B11
1BBE09080C546B48DB02240F3109045B
111BC409080C549248E8021D0F310904
57111BCE09080D549848D302240F2E09
0457111BDA09080D548048E1021C0F30
09044F111BE209080D54A748E502100F
33090453111BE309080D54A248E5020E
0F3409044F111BE609080D54A148D702
160F37090453111BE909080D549A48E0
020A0F36090453111BEC09080C548F48
D602370F35090457111BF409080C547A
48DC02490F3509045F111BFE09080D54
BC48E102360F3209047D111B0A0A080D
54C048E402450F2909046C111B0D0A08
0D548748E802D60F26090474111B0D0A
080E546D48F502D80F23090478111B0D
0A080E547D48E602C90F21090478111B
0E0A080E546E48F302CB0F2009047711
1B0D0A080D543648DC0299101D090478
111B0D0A080D548848E6028B101D0904
74111B0D0A080C544848DE029A101E09
047D111B0B0A080C545E48D30298101A
090481111B0D0A080C548B48E2029E10
19090481111B0D0A080C549D48F50211
1015090489111B0D0A080C548D48ED02
1D1014090489111B0C0A080C549E48FD
02121014090485111B0E0A080C54BD48
F0022A101209048D111B0F0A080C54BD
48F3022F1010090491111B0F0A080C54
CE48EA021F100D09048D111B0E0A080C
548748EA023D100A090496111B0D0A08
0C548B48F9022D100B090489111B0F0A
080B54D548E1024A100D090485111B10
0A080A54D148F9024B101009048B111B
110A080B54D748FB024A101009048511
1B100A080A54AF48EA024D101009048D
111B0F0A080A54BD48DB02C30F110904
89111B100A080954B048D402C30F0F09
048D111B110A080954BD48D402C10F0E
090491111B100A080A54C048CA02C60F
0A09049A111B110A0809549648D102C0
0F07090489111B110A0809549248D702
9C0F0B090485111B110A0809547048E4
029B0F1009047D111B0F0A080A547A48
D8029F0F1409047D111B120A08095463
48E0029E0F1709047D111B0F0A080954
69480603D70F19090478111B0E0A0809
5462480603E00F1E090478111B0E0A08
0A5473480203DD0F1D09047B111B0E0A
080A5452480603E30F1D090481111B0E
0A080A548A480203C50F1A090478111B
0F0A080B548D480F03C00F1B09047D11
1B0E0A080B548F480E03C70F1D090478
111B080A080B547748F802C00F1B0904
7D111BFC09080C54804808039F0F1A09
0489111BE709080C545A480A03A00F16
090489111BD409080C544A4800039E0F
12090489111BCD09080C5428480A03A2
0F11090485111BCB09080D5445480D03
960F12090478111BC809080D546048F3
02270F17090474111BB909080D546948
EC02200F1A090474111BA109080D5474
48EE021E0F1B090470111B8609080D54
3E48FC02260F1E090470111B6E09080D
543748FC020C0F2009046B111B5D0908
0C541948F502190F2009046C111B5109
080C542848F4020E0F22090468111B44
09080C542D48F1020F0F25090464111B
3409080B542D48F602F50E2509045F11
1B2009080B540B48EA02030F2509045F
111B1109080B540648F802F90E260904
5F111B0609080B541D48F202FE0E2809
045B111BF808080B54FE47FD02020F27
09045B111BE408080B54FC470103060F
2A090457111BCA08080B541348050300
0F2B090453111BB008080A540248FC02
FE0E2D09044F111B9808080A54284804
03070F2E090453111B8008080A541948
FA021F0F2E090453111B7408080A541C
480203290F2C090453111B6808080A54
3748FC021A0F2B09044F111B5608080A
543C48F402270F2A09044F111B470808
0A541848EA021D0F2D09044A111B3608
080A540448EA02220F2C09044F111B2E
08080B54ED47F702150F2A09044A111B
2D08080B540848F3022A0F2C09044611
1B2308080B54F247F302EE0E2E090446
111B0C08080C540448E602F30E2E0904
42111BEF07080C54D247EE02F10E2E09
0446111BD407080B54ED47F702E60E2D
090446111BBE07080B54C647C502110F
2B090446111BB207080C548C47BD0214
0F2B090442111BB007080C548E47CA02
1C0F2D090431111BAD07080C54B947C6
020D0F3109042D111BA407080C54B647
BC02130F3509042D111B9807080D54A9
47F6023B0F37090433111B8507080C54
9A47EF02400F36090431111B7107080C
549B47E2024C0F3509043A111B640708
0C54CA47EF023F0F3309043A111B5C07
080D54DF47DC02E10E31090436111B4B
07080D54DC47DA02E40E31090431111B
2C07080C54D847E002E20E2F09042D11
1B0D07080C54DE47DB02DD0E3009042D
111BF306080C54DB47EA02ED0E330904
25111BDE06080C54D847F002F00E3509
0425111BD806080C54CE47E602FA0E38
090418111BD606080C54F347F702EB0E
3A090414111BD106080C54E047DB0207
0F3C090418111BC306080C541148EB02
040F41090414111BB006080C540448E6
02020F3F090417111B9D06080C54F947
E002010F3D09041D111B8B06080C542D
48DA02050F3D090418111B7D06080B54
1348C7020F0F3909041D111B6906080B
54F547CE02090F38090418111B490608
0B54F347CC020E0F3609041D111B2D06
080B541048D2020D0F34090429111B15
06080B54F547C102E90E2E09043A111B
0906080B540848BD02DC0E2309044211
1B0806080B541748C102DE0E1C09043E
111B0206080B544548BD02DC0E1A0904
42111BF605080A544448E502000F1809
0442111BE205080B542848F102FA0E16
09043A111BCC05080B542248E8020D0F
17090442111BB605080B542848FB0206
0F14090442111BA905080A541548AF02
FE0E14090443111BA105080B541248AC
02000F1209043E111B9905080A54E247
B302090F1509043E111B8005080A54DE
47B002000F1609043A111B5F05080A54
D247AF02070F1509043E111B3E05080A
54BE47DF02090F1509043E111B260508
0A54C647DE02FE0E13090414111B1B05
080A54DC47DD02030F14090429111B11
05080954E647D302010F1A090421111B
0805080954DE47D402ED0E2009042111
1BFB04080954D247D002E80E22090421
111BEC04080954C047C802F10E220904
25111BDD04080954D247D102ED0E2309
0429111BCE04080854FB47D602E60E1F
09042D111BC804080954F147C802DC0E
20090431111BC9040809543748D702DE
0E1B090437111BBF040809540B48CF02
DE0E14090431111BA604080954F747F8
02230F15090436111B89040809541148
EF02220F14090431111B6E04080A54F8
47F102220F15090436111B5904080A54
0448E102250F1209043E111B4904080B
54DE47F702230F0E090446111B3E0408
0B54D3479702140F09090446111B3804
080B54FD47A102150F07090442111B2D
04080B540E48A2020E0F0709043E111B
1C04080B54EB47A0020B0F0509044611
1B0B04080B54A347DA02360F0409044A
111B0904080B54D347D802360F030904
46111B0904080A54CF47DF02310F0609
0446111B0304080B54F747D6022E0F03
090446111B0004080B54F3470F03910E
04090447111BFD03080C540148080390
0E03090442111BFE03080C54FE471403
950E0309044F111BFF03080C54F14716
03950E01090496111B0404080C54EE47
1602980DEA0804BB111B0804080B5418
4819029E0DCE0804C3111B0904080B54
02481402A40DBD0804C8111B0804080C
54254819029C0DB30804C3111B060408
0D54154819029E0DAD0804C8111B0404
080C5434484701C30CA70804CC111B02
04080C54F3475601C80CA30804D8111B
0204080C5422484701B70C960804F511
1BFC03080C54E0474901BA0C86080417
121BEE03080C541F482406EB0F760804
17121BE303080D542D481B06F10F6E08
0413121BDC03080E5430481D06F80F67
080423121BD803080D5408481806F70F
5A080445121BCD03080D54FF474610BD
2048080466121BC603080D5410484010
BB203308047F121BC203080D5402483B
10C92021080453C518C303080D540248
4C10BD202A0804357B0FC203080E540A
485102D2054E0804C4F10EC303080E54
10485702C4056A0804760210C203080D
5426485202D705750804C5B90EC30308
0C5420485702D4057E0804751E10C203
080D5435485502D50595080452C10EC3
03080D54DD48A002D003B1080430740E
C303080E54074DA202C503C9080452AA
0EC303080E545A4DA502C303DB080435
570FC303080F54F64CA402C103F60804
71650EC303080E54814E9D02C9031F09
0412240EC403080E54934DA502C50363
09045AD20DC503080E54854CA502CA03
B9090431C70DC203080E54C34BA202BC
03050A0403B00DC303080E540D4BA302
C903640A0459CA0DC503080D54A64A9B
02C203CA0A04104D0FC503080E547E4A
A602C703</Data>

   <DataCRC>22be6a7a</DataCRC>

   <BytesSent>13124</BytesSent>

</SBEDataUpload>
</InstrumentRawData>
</SBEDataUploadFile>
