<?xml version="1.0"?>
<!-- SCPlusV2_RS232 -->
<SBEDataUploadFile>
<ApplicationData>
<Seaterm232>
<SoftwareVersion>2.6.3.104</SoftwareVersion>
<BuildDate>30-Jun-2017</BuildDate>
</Seaterm232>
</ApplicationData>
<InstrumentState>
<HardwareData DeviceType='SBE19plus' SerialNumber='01906740'>

   <Manufacturer>Sea-Bird Electronics, Inc.</Manufacturer>

   <FirmwareVersion>2.2d</FirmwareVersion>

   <FirmwareDate>9 February 2011 08:30</FirmwareDate>

   <CommandSetVersion>1.1</CommandSetVersion>

   <PCBAssembly PCBSerialNum='25307' AssemblyNum='41054G'/>

   <PCBAssembly PCBSerialNum='25737' AssemblyNum='41580B'/>

   <PCBAssembly PCBSerialNum='24669' AssemblyNum='41606'/>

   <PCBAssembly PCBSerialNum='24372' AssemblyNum='41059D'/>

   <MfgDate>  08 DEC 2010</MfgDate>

   <InternalSensors>

      <Sensor id='Main Temperature'>

         <type>temperature0</type>

         <SerialNumber>01906740</SerialNumber>

      </Sensor>

      <Sensor id='Main Conductivity'>

         <type>conductivity-0</type>

         <SerialNumber>01906740</SerialNumber>

      </Sensor>

      <Sensor id='Main Pressure'>

         <type>strain-0</type>

         <SerialNumber>3220369</SerialNumber>

      </Sensor>

   </InternalSensors>

   <ExternalSensors>

      <Sensor id='volt 0'>

         <type>SBE 43 OXY</type>

         <SerialNumber>432005</SerialNumber>

      </Sensor>

      <Sensor id='volt 1'>

         <type>not assigned</type>

         <SerialNumber>not assigned</SerialNumber>

      </Sensor>

      <Sensor id='volt 2'>

         <type>ECO-FLNTURT CHL</type>

         <SerialNumber>FLNTURTD-2025</SerialNumber>

      </Sensor>

      <Sensor id='volt 3'>

         <type>ECO-FLNTURT TURB</type>

         <SerialNumber>FLNTURTD-2025</SerialNumber>

      </Sensor>

      <Sensor id='volt 4'>

         <type>not assigned</type>

         <SerialNumber>not assigned</SerialNumber>

      </Sensor>

      <Sensor id='volt 5'>

         <type>not assigned</type>

         <SerialNumber>not assigned</SerialNumber>

      </Sensor>

   </ExternalSensors>

</HardwareData>
<StatusData DeviceType='SBE19plus' SerialNumber='01906740'>

   <DateTime>2018-12-07T14:28:32</DateTime>

   <LoggingState>not logging</LoggingState>

   <EventSummary numEvents='241'/>

   <Power>

      <vMain>12.2</vMain>

      <vLith>5.4</vLith>

      <iMain>61.5</iMain>

      <iPump>36.4</iPump>

      <iExt01> 4.1</iExt01>

      <iExt2345>20.6</iExt2345>

   </Power>

   <MemorySummary>

      <Bytes>1492821</Bytes>

      <Samples>87813</Samples>

      <SamplesFree>3782666</SamplesFree>

      <SampleLength>17</SampleLength>

      <Profiles>111</Profiles>

   </MemorySummary>

</StatusData>
<ConfigurationData DeviceType='SBE19plus' SerialNumber='01906740'>

   <ProfileMode>

      <ScansToAverage>1</ScansToAverage>

      <MinimumCondFreq>3226</MinimumCondFreq>

      <PumpDelay>60</PumpDelay>

      <AutoRun>no</AutoRun>

      <IgnoreSwitch>no</IgnoreSwitch>

   </ProfileMode>

   <Battery>

      <Type>alkaline</Type>

      <CutOff>7.5</CutOff>

   </Battery>

   <DataChannels>

      <ExtVolt0>yes</ExtVolt0>

      <ExtVolt1>no</ExtVolt1>

      <ExtVolt2>yes</ExtVolt2>

      <ExtVolt3>yes</ExtVolt3>

      <ExtVolt4>no</ExtVolt4>

      <ExtVolt5>no</ExtVolt5>

      <SBE38>no</SBE38>

      <OPTODE>no</OPTODE>

      <GTD>no</GTD>

   </DataChannels>

   <EchoCharacters>yes</EchoCharacters>

   <OutputExecutedTag>yes</OutputExecutedTag>

   <OutputFormat>raw HEX</OutputFormat>

</ConfigurationData>
<CalibrationCoefficients DeviceType='SBE19plus' SerialNumber='01906740'>

   <Calibration format='TEMP1' id='Main Temperature'>

      <SerialNum>01906740</SerialNum>

      <CalDate>07-Jan-11 </CalDate>

      <TA0>1.255288e-03</TA0>

      <TA1>2.593288e-04</TA1>

      <TA2>-2.376104e-07</TA2>

      <TA3>1.449298e-07</TA3>

      <TOFFSET>0.000000e+00</TOFFSET>

   </Calibration>

   <Calibration format='WBCOND0' id='Main Conductivity'>

      <SerialNum>01906740</SerialNum>

      <CalDate>07-Jan-11</CalDate>

      <G>-1.033008e+00</G>

      <H>1.393941e-01</H>

      <I>-2.175401e-04</I>

      <J>3.475757e-05</J>

      <CPCOR>-9.570000e-08</CPCOR>

      <CTCOR>3.250000e-06</CTCOR>

      <CSLOPE>1.000000e+00</CSLOPE>

   </Calibration>

   <Calibration format='STRAIN0' id='Main Pressure'>

      <SerialNum>3220369</SerialNum>

      <CalDate>21-Dec-10</CalDate>

      <PA0>8.222195e-01</PA0>

      <PA1>1.566037e-02</PA1>

      <PA2>-6.194425e-10</PA2>

      <PTCA0>5.244452e+05</PTCA0>

      <PTCA1>4.417653e+00</PTCA1>

      <PTCA2>-9.798927e-02</PTCA2>

      <PTCB0>2.510725e+01</PTCB0>

      <PTCB1>-1.150000e-03</PTCB1>

      <PTCB2>0.000000e+00</PTCB2>

      <PTEMPA0>-5.917147e+01</PTEMPA0>

      <PTEMPA1>5.387460e+01</PTEMPA1>

      <PTEMPA2>-2.653169e-01</PTEMPA2>

      <POFFSET>0.000000e+00</POFFSET>

      <PRANGE>5.076000e+03</PRANGE>

   </Calibration>

   <Calibration format='VOLT0' id='Volt 0'>

      <OFFSET>-4.687158e-02</OFFSET>

      <SLOPE>1.247988e+00</SLOPE>

   </Calibration>

   <Calibration format='VOLT0' id='Volt 1'>

      <OFFSET>-4.719579e-02</OFFSET>

      <SLOPE>1.248132e+00</SLOPE>

   </Calibration>

   <Calibration format='VOLT0' id='Volt 2'>

      <OFFSET>-4.684526e-02</OFFSET>

      <SLOPE>1.248324e+00</SLOPE>

   </Calibration>

   <Calibration format='VOLT0' id='Volt 3'>

      <OFFSET>-4.678105e-02</OFFSET>

      <SLOPE>1.247145e+00</SLOPE>

   </Calibration>

   <Calibration format='VOLT0' id='Volt 4'>

      <OFFSET>-4.669684e-02</OFFSET>

      <SLOPE>1.248307e+00</SLOPE>

   </Calibration>

   <Calibration format='VOLT0' id='Volt 5'>

      <OFFSET>-4.709579e-02</OFFSET>

      <SLOPE>1.247697e+00</SLOPE>

   </Calibration>

   <Calibration format='FREQ0' id='external frequency channel'>

      <EXTFREQSF>9.999977e-01</EXTFREQSF>

   </Calibration>

</CalibrationCoefficients>
<EventCounters DeviceType='SBE19plus' SerialNumber='01906740'>

   <EventSummary numEvents='241'/>

   <Event type='ErrorFLASHUncorrectableError' count='241'/>

</EventCounters></InstrumentState>
<Headers>

cast  80 03 Dec 2018 09:00:10 samples 70423 to 70899, avg = 1, stop = mag switch

</Headers><InstrumentRawData>
<SBEDataUpload startAddr='1197174'>

   <Type>1</Type>

   <DataFormat>SEACATPLUS0</DataFormat>

   <Bytes>8109</Bytes>

   <Data>
162E048CF50DC6030854547F4CA302C2
039F2D04C7150EC4030854546C4CA402
C303622B0427DB10C503085454FD4F9A
02C203CB2204BDEC0FC4030854541550
A402BF03C710045FF00EC5030854543C
4F6803F30EC0050483790DC603085454
874E6203DF0E60010422340DC6030854
549D4E6503DD0E6C01047ED70CC50308
53544C4E5E03E80E4402043CA00CCC03
085354214EFBFB7F118F02048A190ED7
03085354C54DFCFB7A11450304D04A13
DE03085354115001FC7211C9040442D2
12E7030853544950F7FB6E115906042A
111BE8030853546C512508772FA70704
37101BEE03085354B6512C08682F5F08
04EB101BF403085354CC5125086D2F91
080418111BFA030853543D5129087A2F
92080429111B0104085354B252250878
2F8E080429111B080408535409523F02
580F8E080417111B0904085354D85041
02520F8C0804DA101B0C04085254C350
4502580F96080497101B070408525460
504202530FB30804A4101B0404085254
F14FC1021A0FC70804D6101B03040852
54FE4FBE020F0FCA0804E6101B0B0408
5354E14FB9020B0FC30804D6101B1604
085354864FBB02090FBC0804D6101B1E
04085354724FA802380FB00804EF101B
2404085354EA4EA4023D0FA30804C910
1B2704085254564EA4023D0F9E08048F
101B22040852545E4E99022D0FA50804
72101B2004085254184EDB02270FAA08
045D101B2204085154E24DEA02210FA9
080482101B2104085254624DE802200F
AE080429111B2104085254B74CD40227
0FCD08043E111B1E04085254AE4CE502
2A0FDE0804B3101B1E04085254684CB5
02BC0EE90804FD0F1B1F04085454454C
AC02C90E080904C70F1B230408535454
4CB702C30E2C09042B101B2704085454
154CB002C90E4509043E111B2B040854
54E64BDE02380F5209046E121B2A0408
5454BE4BD502490F1E0904F0121B2504
085554C84BCB024C0FA70804AF111B23
04085654B74BD502460F550804EC0F1B
2304085554A94BC6026F0F5A0804F10F
1B26040855548E4BD002670F8A08042B
101B2804085654834BD1026F0FAA0804
59101B2B04085654834BCF02730FBF08
0482101B2A04085654884BA502ED0ED0
080440101B2904085554344BA502E80E
DB0804D80F1B2804085654CC4AA402DB
0EE10804720F1B2704085654AD4A9C02
DE0EE908043D0F1B24040855548D4AA0
02D80EEB0804240F1B2104085554AA4A
F8021C0FEB0804140F1B20040855545E
4AF0020D0FED0804070F1B2104085554
424AF502130FE80804180F1B24040854
54644AE602110FE10804100F1B280408
5454204AAF02040FDC08040B0F1B2A04
0853544A4ABC02FA0ED908040B0F1B2D
040853545D4AAA02070FE20804B0101B
2B040853541D4AB902020FF70804D011
1B2804085354AD49CF02C60E24090455
101B2204085254CA49CC02C80E520904
1C0F1B23040853549249D502C00E7B09
049F0E1B23040853546D49D302C90E87
0904E20E1B27040853546B49B102F10E
600904310F1B2C040853545349A602F3
0E3509045D101B2C040852548549B802
EB0E11090477111B2D040853544F49A8
02FC0E2F0904BB111B2E040853541849
AF02F80E4B0904BB111B2E040853543F
49FA020E0F1C0904D0111B2D04085354
0D49EE02040FDF080491111B2A040853
54E948EF02020FE5080416101B280408
54541749ED02070FFD08046F0F1B2904
0854542349F8020A0F1C0904100F1B2D
04085354A148F702FE0E480904030F1B
2F040854542549FE02FF0E6A09045B0F
1B3404085454E648F302030F75090493
101B3204085454C948DE02140F890904
5B111B2C04085354B648D102190F9409
04D80F1B2804085354C848E8021A0F8B
0904D10E1B2C04085354E448DE020C0F
9C0904DE0E1B3304085354EC48CE02F9
0E8D0904740F1B3604085454C248D502
FB0E690904DF101B39040854547648D9
02F40E670904FF101B35040853548348
D502F50E620904F10F1B31040853545E
48CA02F90E5C09044A0F1B3204085454
A648E302D60E7009045F0F1B37040854
54D648E502CD0E6809046F0F1B3B0408
54547548E402D20E3C09045F0F1B4104
0854548748DB02D50E100904DC0F1B44
040854546548D202D30EF7080493101B
41040854546548D702D10E0C09042B10
1B3D040853547848D402D50E2709046F
0F1B3D040854547648CF02CB0E420904
290F1B3B040854548748C102D50E4C09
045B0F1B3D040854546448B502D30E36
09049D0F1B42040855546448B302D70E
FC08044C101B4D040854541948B502D4
0EB7080472101B53040854545548D902
CD0E7F08046A101B55040854546D48DB
02D10E8A080459101B55040854540649
E702CD0EB208040E101B5404085554D8
48DD02CB0ED40804CB0F1B5104085554
2149E002D70EEB08042B101B58040855
541649A902E20ECC0804EF101B5F0408
5454E048AD02E10E8408048F101B6504
0855545B48AD02DF0E4B0804B0101B62
040855548648AE02E40E5208049B101B
5D040855544D48D102B50E8F08044C10
1B56040855544348DF02B50EB9080448
101B56040854544448DA02B20EBF0804
55101B5A040855549C48D902AF0E9C08
0476101B5C04085554A548E002000F68
0804A0101B5C04085554C948E202080F
330804FB101B5A04085554A748E8020F
0F0508043B111B5C04085554C748E702
010FE307048D111B5E04085554DC48B3
02EC0EC20704E9111B64040855540A49
B502F50EAF0704E1111B6C04085554DC
48B902F10EA3070425111B7204085454
C748B502F30EA0070414111B77040853
54F048AE02F10EBE070431111B780408
5454D648CB02FA0E0508047D111B7604
085354DA48D102EF0E3A08045F111B75
04085354FA48D102F10E5F080410111B
7904085354E548CE02EE0E7A0804E210
1B7F04085354D348D302F90E870804C1
101B85040854548248D102F00E8C0804
F3101B8F04085354D748D002F80E7808
042D111B99040852544349D302FF0E5D
0804EF101B9C040853545149D102220F
530804C3101B9B040853546E49D10225
0F630804A0101B9F040852547349D502
240F740804AC101BA5040852544549C9
02270F7708040C111BAB040852549649
BA02120F67080468111BB404085154CC
49C602130F51080470111BBB04085254
B84BC6020F0F3B080414111BBF040852
545B4BC002190F330804E6101BC20408
5254BA4ABA02100F3A0804C5101BC104
0853546C4AD202170F4F0804C1101BC3
04085454454ADB02240F570804E2101B
C904085354634AD5021E0F550804F710
1BCD04085354714AD102280F4B0804C1
101BD104085354184AB902F50E420804
1D111BD504085254FA4AC102FA0E3A08
04EB101BDD04085254CA4AC202EE0E3A
0804AF101BDC04085254144ABD02F40E
4008049B101BDD04085254BA49AD02EF
0E55080482101BDD040853547949AC02
EB0E67080469101BDC040854541F49B3
02F30E6E080469101BDE040854540649
B002EF0E7308047E101BDD04085454EE
48F602A20E710804C5101BE404085454
0849ED029C0E6D0804D6101BEA040853
546749ED02A20E6C0804CD101BED0408
53548849EE02A80E65080487101BED04
085354D449EA02A30E62080472101BEC
040852548749D402DF0E610804B4101B
EE04085354CA49CF02E50E5C08042511
1BF704085354AA49D002E30E56080464
111B01050853544F49CC02DC0E4F0804
68111B0B050853540B4BA302F70E4508
0421111B1105085354924BA002E90E42
080403111B1205085354634BA202ED0E
500804F3101B0E05085354DE4A9B02F5
0E780804F3101B1305085354A24AD702
EF0E8B08043A111B1B050852542B4AC8
02F50E8F080442111B2505085254554A
D302F90E91080414111B2B050852544F
4AD502ED0E98080414111B2605085254
E349E702EB0EA90804F7101B20050853
548549D902F30EB50804DA101B1C0508
53546749E002EF0EC00804E2101B2305
085354C449DD02F50EC10804F7101B2A
05085354F349E302F10EBD0804FF101B
34050853549B49D102EF0EB70804EB10
1B34050854549949D102F50EB408040C
111B31050853547D49D102F60EBF0804
EF101B29050853549149D302F20ECC08
04CF101B2905085454A749BD02020FD9
0804C9101B2F050854547449CD02020F
DB0804EB101B37050854549049BA02FC
0ED3080408111B43050854548C49C402
050FCD0804FB101B4E050854548E4AE7
02210FD40804DE101B5905085454894B
E202180FE00804C1101B6105085454FC
4BE0021E0FE70804B9101B6905085554
834BE602200FEE0804BD101B72050855
54F04BE7021E0FF50804BD101B800508
55541D4BE1021F0FFC0804BD101B8B05
085554384BEF02200F020904B0101B98
05085554D84AE002290F0A0904B9101B
A605085554084BE602250F100904B410
1BB505085554214BCF02F50E100904AC
101BC0050855546A4BD802EB0E120904
9F101BCC05085454484BD302F50E1209
048B101BD5050854544B4BCC02F30E12
090482101BDB05085554674BDF02220F
12090476101BE005085454EA49E2021F
0F15090476101BE5050855544949EA02
230F15090482101BED05085454E948E0
02270F17090472101BF2050853547148
E702210F19090461101BF50508545460
48E3020F0F1A090459101BF505085354
F547DB02130F1B090469101BF9050853
545248E202130F1B090461101BFB0508
53549E48D702E40E1E09045D101BFD05
0853549948CA02E60E1F090482101B06
060853546F48D102DA0E1E09048B101B
0F060854543F48D502E10E2009047610
1B15060853541648CD02DA0E21090476
101B17060853541748CC02020F240904
7E101B1306085454CA47D702070F2E09
0476101B11060854547947CA02090F39
090465101B10060853547947D1020A0F
4109045D101B13060853546147F20200
0F42090459101B17060854540247EC02
070F3F09045D101B1E060853546947F1
02070F3B09046E101B2506085354A247
E802FD0E3409047E101B2B0608535477
47E9023A0F2F090482101B3106085354
7747EE02420F2D090472101B32060854
541047E502490F2A090465101B310608
53540047E7023E0F2909045D101B3106
0853541F47F402220F28090465101B33
06085354FF46EF02230F27090469101B
37060853541347EF021F0F2609047610
1B3A060853541947F102250F24090482
101B4106085354C546F102220F240904
97101B49060852543647F402F30E2009
048F101B5006085154DA46FB02ED0E1E
090487101B5506085254F846F502EE0E
1B09047E101B58060851540347EA02F5
0E1B09047A101B5B060851540E47E402
1E0F1809047A101B5B060852540E47DC
021A0F1D09046E101B5806085254D346
DB02250F23090465101B5706085254D4
46DD02210F27090469101B5A06085354
5047D002F20E2809046E101B5F060853
543947C802F00E28090469101B610608
5354FC46D702EF0E27090461101B5E06
085254C946D402F60E27090459101B5E
06085154D246D5022F0F26090461101B
6006085254BE46D6021E0F2509046510
1B6206085254CF46D3021D0F2109046A
101B6406085254C646CC02240F1D0904
6E101B6706085254C946D302240F1C09
0487101B6D060853547A46CB02FA0E1C
09047E101B7306085254F446D402000F
1E090469101B7606085254B846D70207
0F210904B4101B72060852546447CF02
FE0E1F0904D6101B73060851549247D3
02F30E190904DE101B7406085154AA47
D202F70E160904F3101B7E06085154A7
47CE02F20E100904E2101B8906085154
7B47D202FA0E0D0904B9101B93060851
543547E602DA0E1909049B101B990608
52547547E602DF0E2C090487101B9B06
0852546F47D902DD0E450904B0101B99
060853544E47E802DE0E430904E6101B
93060853543847E9020C0F2B0904DF10
1B97060852546447F802FA0E1D0904B9
101B9E060853545647F102080F200904
97101BA6060853548447F102050F3209
0476101BAC060853547E47EF020A0F48
090459101BAC06085354B347CF02130F
6009046E101BAC06085354ED47D70219
0F670904A8101BA906085454E947D602
1D0F580904B4101BAB060854541F48CF
02180F430904C1101BAC060854543548
F202020F360904A4101BB00608545413
48F402FC0E3B090461101BB806085454
3648F702010F50090450101BBF060854
545C48F902060F67090448101BC10608
53544648CB02740F7509045D101BBB06
0853542A48CE02700F79090482101BB2
060852543A48CA02710F67090497101B
AF060852541548CE026D0F5909048E10
1BB4060852546D48EA02EF0E5309046E
101BC0060852547A48F302F30E5B0904
61101BCE060853549048F202E60E6709
042B101BD306085354D648EB02F20E7B
090440101BCE06085454AD48FB02F10E
86090459101BC606085454D848E00202
0F80090461101BC8060854548D48E202
FB0E7A090461101BCB06085454B748DF
02030F7809043C101BD806085354FD48
E702FE0E7E090433101BE406085254E9
48EE021D0F8909041A101BEB06085254
C848F1022D0F9909041E101BED060851
54EB48E802240FA009042F101BE90608
5254D248F1021D0FA009043C101BE206
085354D648DC02290F9A09043C101BE4
06085354BB48E602250F95090436101B
E506085354D848E1021F0F9409042B10
1BEB06085354D448E002220F9709041E
101BF3060854543049ED02020F9D0904
27101BFF060854546D49EA02FC0EA209
041A101B0A07085354BB49F402060FA3
090416101B1407085254AB49F702000F
AA09041A101B1C07085254E149FD02FD
0EAE09041A101B2107085154C149E502
100FAA09041E101B28070851545049DB
02170FAB09041A101B2F070851545549
DE02140FAB09041E101B300708525441
49E3021F0FAD09041A101B2E07085254
854909037A0FAA09042B101B30070852
5443490F03700FA7090437101B2F0708
525446490803730FA1090437101B3207
08515474490103710F9B090437101B35
070850548149F302D00E98090436101B
37070850543749FB02D80E9B09043710
1B37070851544349ED02D20E98090433
101B3B070851544649F602CD0E9A0904
27101B40070850544949E402EF0E9E09
0423101B4C070850548149DF02F80EA2
090423101B56070851547F49DE02F50E
A4090427101B5E070851540949DB02EF
0EA7090423101B61070851544749E602
FB0EA5090423101B6507085154744913
031F0FA8090423101B61070852543E49
1403240FA7090433101B5D0708515400
491103220FA1090433101B5D07085254
30491303230F9C09042F101B66070852
549E49DD02EF0E9D090423101B740708
52545349E002F40EA609040E101B8007
0852545649DE02EF0EAF09040A101B86
070853544349EA02F40EB709040E101B
83070853543F490803110FB909041E10
1B7E0708545443490403140FB509042B
101B720708545480490D03170FAE0904
2B101B70070854544449FE02140FAA09
042B101B75070855546B490203070FA6
09041E101B80070855548C490D03020F
A8090412101B85070856544049140304
0FAF09040A101B8A0708565472491503
0E0FB6090405101B8D07085554984918
03070FBA09041E101B89070855544749
0103480FB8090423101B850708565424
490603400FB1090412101B8507085654
3649F702480FB309040A101B89070855
543D4904033E0FB6090401101B900708
55543949D502470FBE0904F10F1B9E07
0855545F49D302580FC60904F10F1BA7
070854545149CE02510FCB090402101B
AE070854543449CC02580FC80904FD0F
1BAC070854545D49B902FC0EC90904FD
0F1BB0070853546749C002FC0EC80904
FD0F1BB3070854545C49C302FD0EC709
0401101BB8070854544849C002010FC6
090401101BC0070854543849B902120F
C409040E101BCC070854544B49EF0213
0FC3090416101BDB070853548D49EC02
150FBD090423101BEC070854544249ED
02120FB7090427101BF9070854541449
EE020F0FB4090427101B020808535437
49EF026A0FAE090427101B0E08085354
5949E6026A0FAE090427101B16080853
543849F1027C0FAE090427101B210808
53541649EF02740FAE090427101B2A08
08535428491203FE0EAE090427101B33
08085454E1480803010FB009042A101B
3D08085454F4481803070FAE09042B10
1B4808085354E1481103000FAF090427
101B55080853541049F602420FB00904
27101B5E080852541D49F2023F0FB009
0423101B69080853545349F402450FB3
090427101B75080852541749F102490F
B3090423101B8008085154DB48F60231
0FB4090423101B8D08085154E348F502
210FB409042F101B9908085254C748F2
02200FB309042F101BA808085154B648
E7021C0FB109042B101BB50808525491
48F502270FB009042F101BC308085354
A248D602500FB209042B101BD0080852
548D48DE02420FB109042B101BDC0808
5354F049EB02520FB209042F101BDF08
0852541C4AEE024D0FB1090433101BE2
08085254DA49E102C00FB0090436101B
E108085254B449E202BD0FAF09043710
1BE1080852545B49E002BC0FAB090437
101BE2080853547249E602C50FAB0904
37101BE1080853545A491203EF0FAB09
0437101BE20808545452491303ED0FAC
090437101BE10808545452490F03F60F
AB09043C101BE10808545465491203EB
0FAA090437101BDE0808545403490A03
ED0FA909043C101BDE080854541D490F
039D12A7090437101BDE080855545249
1703A112A809043C101BDC0808545465
491B03B212A709043C101BDB08085454
16491103A212A7090440101BD2080854
542D4933036110A7090440101BC30808
54546E4935035C10A709043C101BB708
0854545C4934035610A809043C101BB4
080855541D492E035E10A7090436101B
B0080854542949E0028D0FA709043710
1BB0080854544549E802930FA9090437
101BAC080853540849DB02950FA80904
33101BA6080852544749E102910FA809
0437101BA0080852542C49E602600FA7
090437101B9508085354F948D902560F
A7090437101B8708085354DC48E7025F
0FA7090433101B7308085354DA48D702
630FA7090433101B6908085254BC48D9
025A0FA709042B101B5E08085254AC48
F7025A0FA909042B101B4F08085154AB
480003500FAA09042B101B4308085154
B548F2024A0FAB090427101B3C080851
54C348F902510FAE090423101B330808
51549648F8021E0FAE09041E101B2408
0850549048F502190FAF09041E101B08
080850549C48F3021D0FB0090422101B
EB070850549E48F302240FAE09041E10
1BD307085054904805032E0FAF09041E
101BC6070850548F480703340FB10904
12101BB6070850548248FF02330FB509
040A101BA107085054A248FF02330FB6
09040E101B8A0708505494480003540F
B909040A101B7D070850548D4806034A
0FBC090401101B710708505494480B03
570FBC0904F90F1B59070850547A48F9
024C0FC20904FD0F1B3B070850548048
0403530FC20904F90F1B1C070850545B
48E602FD0EC10904F90F1B0307085054
5F48E402020FC40904F50F1BEF060850
546C48EA02FE0EC40904F50F1BD40608
50545948DB02050FC30904F10F1BBA06
0851545548E202300FC60904EC0F1BA9
060850547248DF02370FC60904EA0F1B
9B060850547148ED02310FC70904E40F
1B8B06084F547548DE022F0FCA0904E4
0F1B7006084F545448E202F60ECA0904
E80F1B5B060850545C48E802F20EC909
04E80F1B4A06084F547048E502F30EC6
0904EC0F1B3606084F545748DC02F30E
C30904EC0F1B1906084F545748EF0231
0FC10904EC0F1BF605084F543748EA02
3C0FC10904EC0F1BE305084F543848EF
023A0FBE0904F90F1BD605084F543648
F102370FBA090416101BC205084F5431
48ED02320FA9090433101BAB05084F54
1B48DB02060F99090433101B9705084F
542848E202020F8B09043C101B8A0508
4F542D48E402040F82090448101B7B05
084F541948DE02FC0E75090465101B61
05084F544848B402FF0E6809045E101B
4205084F544548C602FF0E6209046910
1B2A05084F544648C102070F59090493
101B1F050850543748BE02070F450904
BD101B15050850543A48D102EF0E2F09
04BD101B0505084F541148CF02F30E22
0904B9101BE904084F541148D202F10E
1A0904B9101BCD04084F540348D202EE
0E150904B9101BB4040850540848BB02
F50E110904BD101B9D040850541848C6
02F30E0F0904C5101B81040850540B48
B302ED0E0A0904C5101B6E0408515414
48C802F20E060904D2101B6404085154
0B48C402EA0E010904D2101B63040851
54FD47DB022F0F000904C9101B5E0408
51540D48D302390F040904C5101B4C04
085054EF47DB023C0F040904C7101B33
040850540348CC02370F040904CD101B
1A04085154D947D7021D0FFF0804E610
1B0A04085054BB47CA021D0FF408040C
111BFF03085154DE47DA02250FE20804
57111BFB03085054C447D202290FC308
043E111BF703085054D747AA00DA10B2
080470111BF703085054E047AD00DF10
A2080470111BF603084F54C947A600DA
109608045F111BF203084F54F647AF00
D41093080470111BF403084F549C4783
02220A8908040E121BF603084F549747
8302250A5A080459121BF303084E547F
4774021A0A220804A9121BF403084E54
54477F02180AE9070443131BF803084F
54FC477D02150A9B0704AF131BFB0308
4E54F34760018C0B4C070470131BFD03
084E5428485C018C0B2D07044F131BFA
03084E5469485B01880B2B070471131B
F803084D5480485A018D0B2607045C13
1BF603084E5478481703BF0E27070458
131BF503084D5447481103C80E280704
47131BEE03084E542B481103CD0E3107
043F131BE403084E5407481F03C60E34
07044F131BD803084E5455485F0A8817
3607042A131BCC03084F543C486A0A7A
173C07048EAF1AC603084F542848610A
7E174B0704088810C603084E5411486A
0A771785070401D30EC503084E546C4A
0F032C0AC507042D290FC703084F548E
4E19031C0A36080432170FC503084E54
A35420031D0ADB0804F85210C703084E
5412561A03280A9E0904F61D0FC60308
4D5442561203250A9E0A042B200EC603
084D54AB570D022604AB0B049E220FC6
03084D54835616022304A80C047FF00E
C303084D54795516021D04730D04AD77
0EC603084D54085413022304130E04A6
F00EC703084D540053AA02C503</Data>

   <DataCRC>17bf17aa</DataCRC>

   <BytesSent>8109</BytesSent>

</SBEDataUpload>
</InstrumentRawData>
</SBEDataUploadFile>
