<?xml version="1.0"?>
<!-- SCPlusV2_RS232 -->
<SBEDataUploadFile>
<ApplicationData>
<Seaterm232>
<SoftwareVersion>2.6.3.104</SoftwareVersion>
<BuildDate>30-Jun-2017</BuildDate>
</Seaterm232>
</ApplicationData>
<InstrumentState>
<HardwareData DeviceType='SBE19plus' SerialNumber='01906740'>

   <Manufacturer>Sea-Bird Electronics, Inc.</Manufacturer>

   <FirmwareVersion>2.2d</FirmwareVersion>

   <FirmwareDate>9 February 2011 08:30</FirmwareDate>

   <CommandSetVersion>1.1</CommandSetVersion>

   <PCBAssembly PCBSerialNum='25307' AssemblyNum='41054G'/>

   <PCBAssembly PCBSerialNum='25737' AssemblyNum='41580B'/>

   <PCBAssembly PCBSerialNum='24669' AssemblyNum='41606'/>

   <PCBAssembly PCBSerialNum='24372' AssemblyNum='41059D'/>

   <MfgDate>  08 DEC 2010</MfgDate>

   <InternalSensors>

      <Sensor id='Main Temperature'>

         <type>temperature0</type>

         <SerialNumber>01906740</SerialNumber>

      </Sensor>

      <Sensor id='Main Conductivity'>

         <type>conductivity-0</type>

         <SerialNumber>01906740</SerialNumber>

      </Sensor>

      <Sensor id='Main Pressure'>

         <type>strain-0</type>

         <SerialNumber>3220369</SerialNumber>

      </Sensor>

   </InternalSensors>

   <ExternalSensors>

      <Sensor id='volt 0'>

         <type>SBE 43 OXY</type>

         <SerialNumber>432005</SerialNumber>

      </Sensor>

      <Sensor id='volt 1'>

         <type>not assigned</type>

         <SerialNumber>not assigned</SerialNumber>

      </Sensor>

      <Sensor id='volt 2'>

         <type>ECO-FLNTURT CHL</type>

         <SerialNumber>FLNTURTD-2025</SerialNumber>

      </Sensor>

      <Sensor id='volt 3'>

         <type>ECO-FLNTURT TURB</type>

         <SerialNumber>FLNTURTD-2025</SerialNumber>

      </Sensor>

      <Sensor id='volt 4'>

         <type>not assigned</type>

         <SerialNumber>not assigned</SerialNumber>

      </Sensor>

      <Sensor id='volt 5'>

         <type>not assigned</type>

         <SerialNumber>not assigned</SerialNumber>

      </Sensor>

   </ExternalSensors>

</HardwareData>
<StatusData DeviceType='SBE19plus' SerialNumber='01906740'>

   <DateTime>2018-12-07T14:28:32</DateTime>

   <LoggingState>not logging</LoggingState>

   <EventSummary numEvents='241'/>

   <Power>

      <vMain>12.2</vMain>

      <vLith>5.4</vLith>

      <iMain>61.5</iMain>

      <iPump>36.4</iPump>

      <iExt01> 4.1</iExt01>

      <iExt2345>20.6</iExt2345>

   </Power>

   <MemorySummary>

      <Bytes>1492821</Bytes>

      <Samples>87813</Samples>

      <SamplesFree>3782666</SamplesFree>

      <SampleLength>17</SampleLength>

      <Profiles>111</Profiles>

   </MemorySummary>

</StatusData>
<ConfigurationData DeviceType='SBE19plus' SerialNumber='01906740'>

   <ProfileMode>

      <ScansToAverage>1</ScansToAverage>

      <MinimumCondFreq>3226</MinimumCondFreq>

      <PumpDelay>60</PumpDelay>

      <AutoRun>no</AutoRun>

      <IgnoreSwitch>no</IgnoreSwitch>

   </ProfileMode>

   <Battery>

      <Type>alkaline</Type>

      <CutOff>7.5</CutOff>

   </Battery>

   <DataChannels>

      <ExtVolt0>yes</ExtVolt0>

      <ExtVolt1>no</ExtVolt1>

      <ExtVolt2>yes</ExtVolt2>

      <ExtVolt3>yes</ExtVolt3>

      <ExtVolt4>no</ExtVolt4>

      <ExtVolt5>no</ExtVolt5>

      <SBE38>no</SBE38>

      <OPTODE>no</OPTODE>

      <GTD>no</GTD>

   </DataChannels>

   <EchoCharacters>yes</EchoCharacters>

   <OutputExecutedTag>yes</OutputExecutedTag>

   <OutputFormat>raw HEX</OutputFormat>

</ConfigurationData>
<CalibrationCoefficients DeviceType='SBE19plus' SerialNumber='01906740'>

   <Calibration format='TEMP1' id='Main Temperature'>

      <SerialNum>01906740</SerialNum>

      <CalDate>07-Jan-11 </CalDate>

      <TA0>1.255288e-03</TA0>

      <TA1>2.593288e-04</TA1>

      <TA2>-2.376104e-07</TA2>

      <TA3>1.449298e-07</TA3>

      <TOFFSET>0.000000e+00</TOFFSET>

   </Calibration>

   <Calibration format='WBCOND0' id='Main Conductivity'>

      <SerialNum>01906740</SerialNum>

      <CalDate>07-Jan-11</CalDate>

      <G>-1.033008e+00</G>

      <H>1.393941e-01</H>

      <I>-2.175401e-04</I>

      <J>3.475757e-05</J>

      <CPCOR>-9.570000e-08</CPCOR>

      <CTCOR>3.250000e-06</CTCOR>

      <CSLOPE>1.000000e+00</CSLOPE>

   </Calibration>

   <Calibration format='STRAIN0' id='Main Pressure'>

      <SerialNum>3220369</SerialNum>

      <CalDate>21-Dec-10</CalDate>

      <PA0>8.222195e-01</PA0>

      <PA1>1.566037e-02</PA1>

      <PA2>-6.194425e-10</PA2>

      <PTCA0>5.244452e+05</PTCA0>

      <PTCA1>4.417653e+00</PTCA1>

      <PTCA2>-9.798927e-02</PTCA2>

      <PTCB0>2.510725e+01</PTCB0>

      <PTCB1>-1.150000e-03</PTCB1>

      <PTCB2>0.000000e+00</PTCB2>

      <PTEMPA0>-5.917147e+01</PTEMPA0>

      <PTEMPA1>5.387460e+01</PTEMPA1>

      <PTEMPA2>-2.653169e-01</PTEMPA2>

      <POFFSET>0.000000e+00</POFFSET>

      <PRANGE>5.076000e+03</PRANGE>

   </Calibration>

   <Calibration format='VOLT0' id='Volt 0'>

      <OFFSET>-4.687158e-02</OFFSET>

      <SLOPE>1.247988e+00</SLOPE>

   </Calibration>

   <Calibration format='VOLT0' id='Volt 1'>

      <OFFSET>-4.719579e-02</OFFSET>

      <SLOPE>1.248132e+00</SLOPE>

   </Calibration>

   <Calibration format='VOLT0' id='Volt 2'>

      <OFFSET>-4.684526e-02</OFFSET>

      <SLOPE>1.248324e+00</SLOPE>

   </Calibration>

   <Calibration format='VOLT0' id='Volt 3'>

      <OFFSET>-4.678105e-02</OFFSET>

      <SLOPE>1.247145e+00</SLOPE>

   </Calibration>

   <Calibration format='VOLT0' id='Volt 4'>

      <OFFSET>-4.669684e-02</OFFSET>

      <SLOPE>1.248307e+00</SLOPE>

   </Calibration>

   <Calibration format='VOLT0' id='Volt 5'>

      <OFFSET>-4.709579e-02</OFFSET>

      <SLOPE>1.247697e+00</SLOPE>

   </Calibration>

   <Calibration format='FREQ0' id='external frequency channel'>

      <EXTFREQSF>9.999977e-01</EXTFREQSF>

   </Calibration>

</CalibrationCoefficients>
<EventCounters DeviceType='SBE19plus' SerialNumber='01906740'>

   <EventSummary numEvents='241'/>

   <Event type='ErrorFLASHUncorrectableError' count='241'/>

</EventCounters></InstrumentState>
<Headers>

cast 109 04 Dec 2018 11:01:17 samples 87227 to 87587, avg = 1, stop = mag switch

</Headers><InstrumentRawData>
<SBEDataUpload startAddr='1482842'>

   <Type>1</Type>

   <DataFormat>SEACATPLUS0</DataFormat>

   <Bytes>6137</Bytes>

   <Data>
8D3104383910C103089C536A4DA3028C
0FBA3104777715C203089D537A4DA002
960F612E04B9CC0EC203089D53764E9F
028D0F4126049B930EC703089C53F64F
9C02910F2C1D04D8B90ECE03089C5387
514E0269118D13043EC012D803089C53
DC52430269114E0D04B26517E403089D
53AA534C026D118D080467CC19EE0308
9D534A5453026511720404405915F403
089D5345547E03CD10BA01040A2417F7
03089D5330538603C9108500046F0D1B
F803089E53DE527703CA10D1FF03A716
1BF803089E5318537B03C9108AFE037A
221BFD03089F53CE521603690F24FD03
14271B0004089E5382521103660F9DFB
037D281B0404089F536B520B03620F7C
FA032D291B0804089F5327520803640F
D1F903A3291B080408A0537A510E0362
0F68F903D9291B0C0408A053B1540503
700F21F90394291B0D0408A1537E54F3
02710F15F9038E281B150408A253E353
F5026C0FACF903B0251B190408A35366
5302037A0FFDFA0347241B1F0408A353
1C530F03B10F33FC03EB231B210408A3
53E8520E03B20F0CFD0337231B240408
A453AB521103C30FAEFD0350221B2304
08A55389520F03BD0F23FE0364211B26
0408A65363521303051070FE03E8201B
260408A7535752130308109CFE03E91F
1B270408A7534C520A03FA0FC1FE03BF
1F1B280408A75315521303051009FF03
2C201B2B0408A753E0513803DB0F97FF
03DC201B2C0408A853D5513503E30FF4
FF03F9201B2E0408A853BB514903E30F
090004D81F1B2E0408A95394514903D8
0F400004371E1B2D0408A85378513A03
D90F800004B81D1B300408A853575112
03BD0FA40004B41D1B300408A9533D51
1403BA0FA80004371D1B310408A85313
510803B60FA80004B11C1B310408A953
F3501A03C20FA60004041D1B320408A9
53E0500B03F80FCF00044B1D1B310408
A953C1501503EF0F3D0104981C1B3204
08A8539B500F03FE0F920104661B1B32
0408A75382501103EB0FDA01042B1B1B
330408A6535C501F031810080204DC1A
1B330408A7533A502C031F101902046C
1A1B340408A7531A501D032310290204
7C1A1B350408A853EE4F240317103102
04951A1B340408A853D64FFA02F60F8D
0204531A1B330408A753BB4FF102EC0F
F70204B4191B330408A753A24F0003E0
0F400304EF181B340408A853884FFB02
EC0F6C030461181B340408A853714FFC
02F10F8E030406181B330408A8534E4F
29031610AD03049F171B360408A85334
4F35031C10C80304C3171B340408A853
104F33031B10E00304F1171B350408A8
53EA4E31031E10F60304BA171B350408
A853D54EFF0208100604045A171B3504
08A953C34E0103F80F1A0404DD161B35
0408A953AA4E030307103504044B161B
360408A953894E0103F40F4D0404DE15
1B360408A853694E20039B0F55040432
161B340408A853484E1B03A50F530404
CC161B330408A8531F4E24039C0F3C04
0473171B360408A853054E22039E0FDF
030400181B360408A853EF4D0D036A0F
48030461181B360408A953D44D1C035B
0FC3020494181B350408A953B74D0E03
580F650204A8181B340408A9538E4D0F
035F0F190204CA181B350408A953704D
0E035C0FE70104F8181B350408A85350
4DFC024C0FB501041D191B360408A853
424DF7024E0F7D01043B191B340408A8
53224D03034F0F4F010458191B340408
A853024DF7024D0F0B0104C9191B3504
08A753F94C0B036D0FC800047C1A1B35
0408A753D34C13036B0F7D0004331B1B
360408A853C34C1403750F3300046B1B
1B350408A853B34C0C03760F000004D0
1A1B350408A853A84C1E03F810F3FF03
B0191B340408A7539D4C1C03FA100400
049B191B350408A753904C2403F910F1
FF03E2191B340408A753864C1E03FA10
B8FF03AB191B350408A753744C4403F7
1072FF0369191B350408A653774C3D03
F21031FF0315191B340408A753CA4C49
03FC10FCFE03DF181B350408A7538C4C
3B03F210D7FE03C9181B360408A7537D
4C4903FC10B9FE03DF181B350408A753
764C3503351299FE03CE181B340408A7
53614C31033F1273FE0333181B350408
A753554C300338125BFE037C171B3404
08A8534E4C2E0330125BFE03E5161B35
0408A853524C4403F7116DFE0368161B
360408A8534A4C3C03F7117DFE034716
1B350408A853474C3D03F81188FE033A
161B370408A8533F4C4603FA118DFE03
E3151B360408A8532F4C4003441295FE
03A8151B380408A953254C3F0341129F
FE0386151B350408A9532B4C38034D12
A9FE0359151B350408A953184C400341
12B3FE032F151B370408A953154C3A03
4312BFFE03D3141B340408A853024C42
034A12CBFE0352141B360408A853E54B
3D033B12DDFE0307141B360408A953E7
4B47033B12F1FE03D9131B360408A953
D54B42034A1202FF03E1131B370408A9
53CE4B3D03DB1211FF0335141B370408
A953BD4B4403DC1216FF03E6131B3404
08A953B64B4503E0121DFF0382131B36
0408A9539D4B4503DD122CFF035C131B
350408A953904B4303AF113FFF031813
1B360408A953794B3603AA1153FF03DB
121B350408A9535E4B3C03A7116BFF03
B5121B360408A953524B4803A9117FFF
03CE121B360408A8533A4B2D038B1090
FF0364131B360408A8533C4B34038110
95FF0320141B370408A853264B350390
1088FF0378141B360408A9530E4B2D03
83106DFF030F141B370408AA53F14A43
03041160FF0319131B390408A953E64A
4403FA106FFF0349121B390408A953CF
4A3C03F6108AFF0306121B360408A853
BC4A4703F810A1FF0306121B380408A9
53BC4A4203F710B2FF03A1141B3B0408
A953BC4A43031C119EFF03CD181B4004
08A953A64A400319117EFF0315191B45
0408A9539D4A4A032111CDFF0372151B
480408A953714A3E0312112900049514
1B480408A9535E4A07030F11D50004CF
171B4B0408A9535C4A00031611220104
7F1B1B530408A953454AF4021A113501
04341B1B570408AA53384AFF021F1138
0104D41A1B5A0408AA532C4A4F031211
350104DC1A1B600408AA53224A4E0305
11340104DC1A1B630408A953284A5403
FF1032010411191B660408A9531D4A54
030C11350104B71A1B680408A953144A
12038B11360104341B1B6D0408A9530C
4A10039E11390104771B1B710408A953
174A0B0394113D0104E71C1B750408A9
531F4A0C039011320104821D1B790408
A953294A0A038911330104931D1B7F04
08A853334A4503FE104101046D1D1B85
0408A853244A3403F610530104DB1B1B
890408A853404A4703F2106B0104421A
1B8D0408A7534F4A3E03F81079010475
191B930408A8535A4A2D03C110790104
43191B970408A753704A3503B5107701
04061B1B9D0408A8539A4A3203B2107B
0104271C1B9F0408A853BF4A2F03B210
850104A91B1BA20408A853D34A6203AC
119E0104231C1BA80408A853DC4A6003
B311B30104901B1BAE0408A753C64A62
03AA11CB0104891A1BB20408A753E64A
6203A311DB01043E1A1BB60408A853D5
4A3903F810E40104DE191BBC0408A853
DA4A3803F410E80104251A1BBF0408A7
53EC4A2E03E510EE0104B8191BC20408
A853E44A2F03E110F10104941B1BC804
08A853FC4A3403E410FB0104871C1BCE
0408A953FC4A5303FF101402046E1C1B
D30408A953044B5303EE10380204E91A
1BD90408A953FE4A5203FD1058020424
1B1BDC0408A953FA4A4B03F610660204
1C1A1BE10408A953EB4A4603E2116F02
0436191BE40408A853FA4A4603E11171
02041A1A1BE80408A853E94A3C03EC11
770204C21B1BED0408A853004B4503DB
117F0204FD1B1BEF0408A853FC4A4203
C3128D02040E1C1BF40408A953F34A47
03C2129A0204171B1BFB0408A953ED4A
4A03BE12AD0204021B1B000508A953E3
4A3C03C412B602040F1B1B040508A953
E24A46038913BA020486191B060508A9
53E44A39038213BB0204CD191B0C0508
A953DF4A42039913BB0204A31A1B0D05
08A953DA4A3B039313BC02045E1B1B14
0508A953C84A47039013BD0204B61B1B
190508A953BB4A3E030313BF0204B61B
1B1B0508AA53C44A3E03FB12C50204D3
1B1B1F0508AA53C34A4803FF12CE0204
F01B1B250508AA53D24A3D03FD12D702
04D81A1B280508AA53B24A5C03AA12E0
0204391A1B2B0508AA53B14A5E03AF12
E50204531A1B2E0508A953A84A6203AD
12E902047F1B1B320508A953A74A6403
AA12EC02048C1B1B350508A953BB4A3A
03FF12F30204881B1B3A0508A953A64A
4903F212FA0204561B1B3B0508AA5395
4A4403F412FD0204F61A1B410508AA53
974A4B03EB12000304731B1B430508AA
53834A37033D13030304FE1A1B470508
AA53884A2F0343130203042D1A1B4A05
08AA53864A2E033E130503040A1B1B4D
0508AA538F4A31034313040304CB1B1B
500508A953874A2F034513020304081C
1B550508A953824A4E03E413030304E8
1B1B590508A953794A5403E513090304
241B1B5B0508A953644A5303DB131203
04B31A1B5E0508A953714A5703E11310
03049D1B1B5F0508A9536C4A20033313
0D0304E81B1B630508AA53594A200329
130A0304411B1B670508AA536D4A1C03
3013090304D01A1B6A0508AA53604A1E
032B130803043D1B1B6C0508AA535E4A
5F030614050304991B1B6E0508A9535D
4A50030214030304E01B1B740508A953
5B4A5503FF13FB02049D1B1B750508A9
534F4A4E030E14FA0204281B1B780508
AA53514A3303D112FC0204CF1B1B7A05
08A9534B4A2C03D512F80204B61B1B7D
0508AA533F4A2F03C912F60204C71B1B
810508AA533B4A2D03D112F90204271C
1B840508AA533F4A2A03CE12F3020416
1C1B850508AA53394A7403D112F00204
BE1B1B890508AA53374A5803D412F602
043D1C1B8C0508AA533B4A6203CC12F2
0204371C1B910508AB53284A6703CE12
ED0204591C1B910508AB532E4A4B0340
13EC0204A41C1B970508AB53264A4F03
4113E80204C11C1B9C0508AA532E4A56
034313E30204CA1C1BA00508AB53384A
4D034113E10204E31C1BA20508AA532B
4A3F03EB12DF0204DB1C1BA50508AB53
314A4603EA12DD0204CE1C1BA80508AB
53394A4303F012DD0204B91C1BAB0508
AA532C4A3803F012DE0204B91C1BAE05
08AB53334A54031914DA0204A41C1BB1
0508AB533D4A56030B14D80204931C1B
B50508AA533A4A55030C14D80204441C
1BB70508AA533B4A42031814D902048B
1C1BBB0508AA53434A51030514DB0204
8B1C1BBD0508AA53394A2F03C613D602
047F1C1BC00508AA53464A3203C213D5
0204C11C1BC20508AA53504A2B03BF13
D40204061D1BC80508AA535A4A2F03BD
13D00204D21C1BCA0508AA53574A3A03
9F13D90204871C1BCD0508AA53584A3C
03A113DC0204931C1BD00508A9535F4A
44039B13DA0204C61C1BD30508AA5362
4A42039F13D40204E31C1BD70508AA53
6A4A51036713D00204041D1BD70508AA
536C4A49037213C802041D1D1BDC0508
AA53744A53037513C702041D1D1BE105
08AB53794A4C036A13C60204161D1BE1
0508AB537C4A59031013C60204221D1B
E70508AB53734A62030E13C502044B1D
1BE90508AB53784A6B031613C5020493
1D1BEE0508AB53714A59030A13C10204
2A1D1BF30508AA536F4A5E030313C702
04981C1BF50508AA537B4A47033313C5
0204C61C1BF60508A953724A42033013
C302041D1D1BF80508AA53824A3F032B
13C30204371E1BFA0508AA53004B3E03
2A13BB02047D1E1BFC0508AA533F4B42
03AB12B202048E1E1B010608AA536E4B
3A03B512AA0204851E1B060608AA5353
4B4403B212A502048E1E1B0A0608AA53
7A4B3E03B012A302048E1E1B0B0608AA
53904B46039413A00204921E1B0D0608
A9539C4B420393139D0204921E1B0F06
08A953BB4B420395139D0204921E1B11
0608A9530C4C45038A139E02048C1E1B
140608A953434C4F03A613A102048E1E
1B170608A953BC4C4903A113A202048E
1E1B1D0608A953A14C5103A813A10204
8E1E1B200608AA53DD4C4603A113A102
048E1E1B220608AA53E44C5603AA13A3
02048E1E1B240608AB53004D56034113
A102048E1E1B290608AA530E4D59034E
13A20204891E1B2C0608AA532B4D5603
4C13A30204901E1B2F0608AA532D4D5A
034E13A402048E1E1B330608AA53AD4D
4B035D12A10204921E1B360608AA53A5
4D5E035C12A302048E1E1B3A0608AA53
E64D52036712A30204961E1B3A0608AA
53FC4D51035F129F0204961E1B3D0608
AA53D64D570364139F02049E1E1B3F06
08AA53284E530365139D0204A71E1B42
0608AA533D4E540359139B0204A71E1B
460608AA53824E50036013960204A81E
1B480608AB53834E4903F613950204A7
1E1B4F0608AB534F4E5103EE13950204
A21E1B4F0608AB53A14E5603F6139402
04A71E1B530608AB53F24E5503F31395
0204AB1E1B560608AB530B4F5203EB13
940204AB1E1B570608AC53D54E620310
14920204AB1E1B570608AC53A74E5B03
0914920204AF1E1B570608AD539F4E67
030D14900204AC1E1B580608AD53D34E
530308148F0204AB1E1B570608AD531C
4F3503AB15900204AB1E1B570608AD53
0C4F4D03A415910204AF1E1B590608AD
53EA4E4203B1158D0204B31E1B5A0608
AD53174F4B039B158D0204B71E1B5A06
08AE53254F61033A148D0204C01E1B58
0608AD53394F62033414890204C81E1B
570608AD53574F66033714850204CC1E
1B590608AC53684F5A033B147F0204D0
1E1B580608AC531E4F5603E8137B0204
CC1E1B580608AB53224F600386137B02
04D01E1B580608AC531C4F670388137A
0204C81E1B570608AB53354F5D038B13
790204C81E1B580608AB536C4F60038A
137C0204C01E1B520608AB533B4F4503
50147D0204B31E1B3E0608AB530E4F49
034C14850204A21E1B2A0608AA530E4F
470346148A0204A41E1B160608AA5325
4F4F0355149102049A1E1B000608A953
F44E57039613950204961E1BE30508A9
53D54E54039713970204961E1BCE0508
AA53004F48039613990204921E1BC005
08A953034F4E0393139B0204921E1BA8
0508A953EC4E4E03BF129D0204891E1B
890508AA53C94E5803AE129E0204851E
1B720508AA53EE4E5803B012A1020484
1E1B600508AA53F24E4703B212A30204
791E1B510508AB53124F5303B612A702
04701E1B390508AB531F4F51034413A9
0204681E1B1A0508AB53E34E4D034413
AF02045B1E1B040508AB534C4F47033B
13B70204531E1BF70408AB53794F5603
3D13BD0204531E1BEE0408AA537E4F30
031E13C102044F1E1BD50408AA53164F
35031213C302044B1E1BB60408AB5301
4F2E032213C302044F1E1BA30408AB53
304F3C031213C20204811E1B980408AB
533C4F4203B212B20204891E1B930408
AB532A4F5C03AF12A402048E1E1B8504
08AB53094F5C03BF129A02047D1E1B68
0408AB53D64E5003B112920204791E1B
520408AB53D54E07032C129802047D1E
1B430408AB53D74E05032F1299020492
1E1B360408AA53B54E13033B12930204
901E1B270408AA53EE4E140326128C02
04DD1E1B120408AA53E04E1003381266
0204FE1F1B000408AA53D94E01038210
E901049B231BF70308AA53F04E020387
1088000493221BF70308AA53B54E0303
8710DAFF0366211BF90308AA53B14EEF
029110FBFF0337231BFB0308AA53A64E
F9020310A1FF035E241B000408AA53AE
4EFE020D10FEFE0308251BFF0308AA53
9B4EFC02051084FE03CF211BFE0308AA
53AD4E0F030E1010FF037A231B010408
AA53E84EF8021E1017FF036D241BFE03
08AA53A04EFC022910ACFE03DA241BFD
0308AA53924EFD021A102BFE0381261B
FB0308AA53A24EF9021C1074FD039226
1BFC0308AA53DB4E31033111F7FC0331
271BFC0308AA53F54E2F032F117DFC03
5F281BF50308AA53F24E36033E11E6FB
03EA271BEC0308AB53D44E33034011AA
FB03EE261BE60308AB53C24E2F033311
D3FB03B8281BDE0308AA534C4F2D062F
2458FB03862C1BD30308AB53E54E2606
2524D0F903382E1BCA0308AB531A5225
06322489F803EE2B1BC10308AC53264F
1806222461F803839C15C10308AC53F4
4E2001B7218FF803E7470FC00308AB53
634F1801BA21FBF803F4D00DC10308AB
53A04F2001C62174F9033C7B0DC30308
AB5364501501C121DEF903EA770EC203
08AB5385539702C3035DFA039E710EC1
0308AB53B554A002C103F3FA03EB1C0E
C10308AC53DB569802C70391FB03AA78
0EC40308AB530D57A402C60327FC033F
450EC20308AA53A4579B02C103D0FC03
65310EC20308AB532157A202BF0378FD
03D4400EC30308AB536A57A502C203E0
FD030C670EC20308AB5370569802BF03
F9FD0363BE0DC20308AB531C55A302C1
03EBFD0348B20EC40308AA532954A802
B903D4FD03201F0FC30308AB536D5395
02C503C4FD03E0680EC30308AA530553
A202C503B7FD0330D00EC20308AA53AF
529602C003B9FD03B7680EC20308AA53
9E543B02880CE2FD037FC10DC20308AA
53BA5437027D0C61FE03CE7F0DC30308
AB5336544402880C00FF03E0470DC303
08AB53725339027F0C</Data>

   <DataCRC>49a84c22</DataCRC>

   <BytesSent>6137</BytesSent>

</SBEDataUpload>
</InstrumentRawData>
</SBEDataUploadFile>
