<?xml version="1.0"?>
<!-- SCPlusV2_RS232 -->
<SBEDataUploadFile>
<ApplicationData>
<Seaterm232>
<SoftwareVersion>2.6.3.104</SoftwareVersion>
<BuildDate>30-Jun-2017</BuildDate>
</Seaterm232>
</ApplicationData>
<InstrumentState>
<HardwareData DeviceType='SBE19plus' SerialNumber='01906740'>

   <Manufacturer>Sea-Bird Electronics, Inc.</Manufacturer>

   <FirmwareVersion>2.2d</FirmwareVersion>

   <FirmwareDate>9 February 2011 08:30</FirmwareDate>

   <CommandSetVersion>1.1</CommandSetVersion>

   <PCBAssembly PCBSerialNum='25307' AssemblyNum='41054G'/>

   <PCBAssembly PCBSerialNum='25737' AssemblyNum='41580B'/>

   <PCBAssembly PCBSerialNum='24669' AssemblyNum='41606'/>

   <PCBAssembly PCBSerialNum='24372' AssemblyNum='41059D'/>

   <MfgDate>  08 DEC 2010</MfgDate>

   <InternalSensors>

      <Sensor id='Main Temperature'>

         <type>temperature0</type>

         <SerialNumber>01906740</SerialNumber>

      </Sensor>

      <Sensor id='Main Conductivity'>

         <type>conductivity-0</type>

         <SerialNumber>01906740</SerialNumber>

      </Sensor>

      <Sensor id='Main Pressure'>

         <type>strain-0</type>

         <SerialNumber>3220369</SerialNumber>

      </Sensor>

   </InternalSensors>

   <ExternalSensors>

      <Sensor id='volt 0'>

         <type>SBE 43 OXY</type>

         <SerialNumber>432005</SerialNumber>

      </Sensor>

      <Sensor id='volt 1'>

         <type>not assigned</type>

         <SerialNumber>not assigned</SerialNumber>

      </Sensor>

      <Sensor id='volt 2'>

         <type>ECO-FLNTURT CHL</type>

         <SerialNumber>FLNTURTD-2025</SerialNumber>

      </Sensor>

      <Sensor id='volt 3'>

         <type>ECO-FLNTURT TURB</type>

         <SerialNumber>FLNTURTD-2025</SerialNumber>

      </Sensor>

      <Sensor id='volt 4'>

         <type>not assigned</type>

         <SerialNumber>not assigned</SerialNumber>

      </Sensor>

      <Sensor id='volt 5'>

         <type>not assigned</type>

         <SerialNumber>not assigned</SerialNumber>

      </Sensor>

   </ExternalSensors>

</HardwareData>
<StatusData DeviceType='SBE19plus' SerialNumber='01906740'>

   <DateTime>2018-12-07T14:28:32</DateTime>

   <LoggingState>not logging</LoggingState>

   <EventSummary numEvents='241'/>

   <Power>

      <vMain>12.2</vMain>

      <vLith>5.4</vLith>

      <iMain>61.5</iMain>

      <iPump>36.4</iPump>

      <iExt01> 4.1</iExt01>

      <iExt2345>20.6</iExt2345>

   </Power>

   <MemorySummary>

      <Bytes>1492821</Bytes>

      <Samples>87813</Samples>

      <SamplesFree>3782666</SamplesFree>

      <SampleLength>17</SampleLength>

      <Profiles>111</Profiles>

   </MemorySummary>

</StatusData>
<ConfigurationData DeviceType='SBE19plus' SerialNumber='01906740'>

   <ProfileMode>

      <ScansToAverage>1</ScansToAverage>

      <MinimumCondFreq>3226</MinimumCondFreq>

      <PumpDelay>60</PumpDelay>

      <AutoRun>no</AutoRun>

      <IgnoreSwitch>no</IgnoreSwitch>

   </ProfileMode>

   <Battery>

      <Type>alkaline</Type>

      <CutOff>7.5</CutOff>

   </Battery>

   <DataChannels>

      <ExtVolt0>yes</ExtVolt0>

      <ExtVolt1>no</ExtVolt1>

      <ExtVolt2>yes</ExtVolt2>

      <ExtVolt3>yes</ExtVolt3>

      <ExtVolt4>no</ExtVolt4>

      <ExtVolt5>no</ExtVolt5>

      <SBE38>no</SBE38>

      <OPTODE>no</OPTODE>

      <GTD>no</GTD>

   </DataChannels>

   <EchoCharacters>yes</EchoCharacters>

   <OutputExecutedTag>yes</OutputExecutedTag>

   <OutputFormat>raw HEX</OutputFormat>

</ConfigurationData>
<CalibrationCoefficients DeviceType='SBE19plus' SerialNumber='01906740'>

   <Calibration format='TEMP1' id='Main Temperature'>

      <SerialNum>01906740</SerialNum>

      <CalDate>07-Jan-11 </CalDate>

      <TA0>1.255288e-03</TA0>

      <TA1>2.593288e-04</TA1>

      <TA2>-2.376104e-07</TA2>

      <TA3>1.449298e-07</TA3>

      <TOFFSET>0.000000e+00</TOFFSET>

   </Calibration>

   <Calibration format='WBCOND0' id='Main Conductivity'>

      <SerialNum>01906740</SerialNum>

      <CalDate>07-Jan-11</CalDate>

      <G>-1.033008e+00</G>

      <H>1.393941e-01</H>

      <I>-2.175401e-04</I>

      <J>3.475757e-05</J>

      <CPCOR>-9.570000e-08</CPCOR>

      <CTCOR>3.250000e-06</CTCOR>

      <CSLOPE>1.000000e+00</CSLOPE>

   </Calibration>

   <Calibration format='STRAIN0' id='Main Pressure'>

      <SerialNum>3220369</SerialNum>

      <CalDate>21-Dec-10</CalDate>

      <PA0>8.222195e-01</PA0>

      <PA1>1.566037e-02</PA1>

      <PA2>-6.194425e-10</PA2>

      <PTCA0>5.244452e+05</PTCA0>

      <PTCA1>4.417653e+00</PTCA1>

      <PTCA2>-9.798927e-02</PTCA2>

      <PTCB0>2.510725e+01</PTCB0>

      <PTCB1>-1.150000e-03</PTCB1>

      <PTCB2>0.000000e+00</PTCB2>

      <PTEMPA0>-5.917147e+01</PTEMPA0>

      <PTEMPA1>5.387460e+01</PTEMPA1>

      <PTEMPA2>-2.653169e-01</PTEMPA2>

      <POFFSET>0.000000e+00</POFFSET>

      <PRANGE>5.076000e+03</PRANGE>

   </Calibration>

   <Calibration format='VOLT0' id='Volt 0'>

      <OFFSET>-4.687158e-02</OFFSET>

      <SLOPE>1.247988e+00</SLOPE>

   </Calibration>

   <Calibration format='VOLT0' id='Volt 1'>

      <OFFSET>-4.719579e-02</OFFSET>

      <SLOPE>1.248132e+00</SLOPE>

   </Calibration>

   <Calibration format='VOLT0' id='Volt 2'>

      <OFFSET>-4.684526e-02</OFFSET>

      <SLOPE>1.248324e+00</SLOPE>

   </Calibration>

   <Calibration format='VOLT0' id='Volt 3'>

      <OFFSET>-4.678105e-02</OFFSET>

      <SLOPE>1.247145e+00</SLOPE>

   </Calibration>

   <Calibration format='VOLT0' id='Volt 4'>

      <OFFSET>-4.669684e-02</OFFSET>

      <SLOPE>1.248307e+00</SLOPE>

   </Calibration>

   <Calibration format='VOLT0' id='Volt 5'>

      <OFFSET>-4.709579e-02</OFFSET>

      <SLOPE>1.247697e+00</SLOPE>

   </Calibration>

   <Calibration format='FREQ0' id='external frequency channel'>

      <EXTFREQSF>9.999977e-01</EXTFREQSF>

   </Calibration>

</CalibrationCoefficients>
<EventCounters DeviceType='SBE19plus' SerialNumber='01906740'>

   <EventSummary numEvents='241'/>

   <Event type='ErrorFLASHUncorrectableError' count='241'/>

</EventCounters></InstrumentState>
<Headers>

cast  96 04 Dec 2018 08:50:06 samples 78865 to 79326, avg = 1, stop = mag switch

</Headers><InstrumentRawData>
<SBEDataUpload startAddr='1340688'>

   <Type>1</Type>

   <DataFormat>SEACATPLUS0</DataFormat>

   <Bytes>7854</Bytes>

   <Data>
311A04BE720CC503084D547E4B410447
06A01404D6930CCC03084D54744B4304
41062209048C650CD103084E54594D41
044006D700042DA113DA03084F54FC4D
41043F0698FB0343D111E503084F54E9
4D1E037E087FF803D63A15EB03084E54
694D1E038508FCF6032A3A15EF03084E
54F94C2203810841F603DD8215F50308
4F549A4C25038008BFF5033B3619FA03
084F54464C0402D30E87F50322DD1AFE
03085154124C0002D70E7AF5031CC519
0204085054E94BFD01D50E6AF5031800
1B0204085254D54BFB01D60E6EF503F9
201B0504085354EB4B08035C0F9DF503
DE231B0804085354CE4B0003660F45F6
03EF251B0A04085454BD4B0403640FBA
F703F3241B0C04085554C24BFE02690F
2FF903DB221B1204085554BD4B050361
0F9AFA0310211B1704085754AF4BD102
C20FF4FB03D41F1B1C04085754AD4BCF
02C20F33FD03D51E1B1D04085754B34B
DF02C00F30FE030C1E1B2004085854CA
4BD702C30F02FF03651D1B2004085A54
CE4BF702E90FAAFF03EF1C1B2304085C
54E14BED02EC0F290004DF1C1B240408
5C54F04BF502FA0F8E00048B1C1B2204
085C54F34BF302ED0FDB00045D1C1B23
04085C54144CFE02E20F150104401C1B
2204085D54234CFF02E30F410104231C
1B2304085B541B4C0403DE0F6501041A
1C1B2304085B54264C0303E70F860104
C21B1B2104085C542C4CFE02E00FA001
04BE1B1B2304085B54424C0803DE0FB2
0104CF1B1B2404085B54484CFB02E70F
C10104C71B1B2304085B544F4C0203ED
0FD80104A91B1B2704085A54584CFD02
DE0FF50104841B1B2904085A54634CE3
02DF0F0F02045A1B1B2A04085B547E4C
E502DB0F3202045E1B1B2904085A546D
4CD802E50F5F0204171B1B2904085B54
374DE402EB0F8D0204BB1A1B2804085A
54BC4DD9020D10B70204781A1B290408
5B547B4DD3020B10E202043E1A1B2904
085C544B4DD4020B10030304181A1B2A
04085B54074DD2020F101A0304F2191B
2904085D54E04C1C03C110230304D519
1B2A04085E54B54C1403C3101F0304D6
191B2C04085E548E4C1C03C110120304
E6191B2B04085D54594C1703CA10FD02
04F2191B2B04085F541B4CFC020010E3
0204071A1B2B04085F54EB4BF202F70F
C902041C1A1B2C04086054994BF20203
10B50204311A1B2A040860545C4BF802
0510A50204571A1B2B04086054224BE8
02F80F980204531A1B2B04086054E04A
E002DD0F8B02044E1A1B2A040861549A
4AE402E10F810204421A1B2A04086054
644AE002DE0F7A0204321A1B2B040860
54274AE002E60F7502041C1A1B2A0408
6054E149ED021210710204FF191B2B04
0860549F49E50212106D0204E2191B2B
040860546149E0021210690204C0191B
2A04085F543449E9020D106C0204AB19
1B2B04085F54F248EC02F60F6F0204AB
191B2B04085F54AF48E902FA0F710204
B8191B2B04085F548548E302FB0F7302
04C9191B2C04085F544448E102E70F7C
0204DE191B2B04085F540D48F802A70F
8B0204FA191B2B04085F54D047F602A5
0F9F0204101A1B2B04085F549947F902
9C0FAE0204101A1B2A040860547447F1
02A20FB70204141A1B2C040860543B47
F4029A0FBB0204071A1B2C0408605409
47F6020910BC0204FF191B2B04085F54
EA46F7020F10B60204031A1B2C04085E
54B246FE021710AC0204071A1B2C0408
5F54734600030B10A00204101A1B2C04
085F545646F502A90F980204161A1B2D
04085F542746EE02AE0F9202041C1A1B
2D04086054EE45F502A80F910204291A
1B2B04086054D345F002B80F91020431
1A1B2C040860549D45E102CB0F960204
3E1A1B2B040860549245E302C00F9B02
04461A1B2C040860545945E202BC0FA2
0204461A1B2D040860543F45E202BA0F
AB0204421A1B2E04086054124512030E
10AE0204351A1B2D04086054F3440D03
1810B702042D1A1B2B04086154D04412
030F10C002041E1A1B2D04086154BE44
15031910C90204201A1B2C0408625491
4411030D10D402042D1A1B2A04086354
7B44D002B10FDE0204291A1B2A040863
545E44E002AC0FE502041C1A1B2E0408
63544344D302A60FED02040C1A1B2C04
0863541D44D102A30FF00204EA191B2F
040863540D44ED02C60FF30204D9191B
2D04086354EE43F702BD0FF80204D119
1B2C04086254D443F102B60FF90204E6
191B2B04086354BE43F402BE0FFB0204
FA191B2C04086354AC43A302B50FFE02
04FF191B2D040863548043A702C40F00
0304EE191B2E0408625473439D02C60F
0103046D191B2F040862544943A402BD
0F0003048F181B2E0408625430430003
AF0FFD0204EC171B2D040861541943F5
02C40FF80204C7171B2D040861540343
0103BB0FF702048F181B2D04086154EF
420603C50FF80204E3181B2F04086054
D5420403C70F000304D6181B2E040860
54BB42EF02960F02030484181B2F0408
6154AE42F7029E0F010304F9171B2F04
0860549142EC02910FFD02045F171B2D
040860546E42F302820FFB020418171B
2E0408605466422003D30FF602040317
1B2D040861544B422703D80FF30204E1
161B2D0408605441423803D70FF20204
C4161B2E0408615426422403CE0FEF02
049E161B2D040860540642CD022710ED
02047D161B2E04086154F741C6022910
ED020468161B2E04086254EB41CC023A
10EA020453161B2C04086254CE41D502
2B10E8020425161B2D04086254BE41FE
02960FE6020406161B2E04086254B241
0103910FE40204EF151B2E040862548E
4102039B0FE50204CA151B2E04086254
81410303950FE40204B5151B2E040862
546441FE028D0FE1020493151B2E0408
62544941DB02F80FE102047E151B2F04
0863542C41E702F60FDF02046E151B2E
040863542C41DE02F20FE0020461151B
2D040862541E41E402FE0FDF02045915
1B2F0408625405411703DF0FDD020455
151B2F04086254E8401103CF0FDB0204
40151B2F04086254C3400A03D40FDC02
0423151B2F04086354A4401303CF0FDA
0204F9141B2E0408625493400E03D30F
D90204DC141B2E040862548B401203C9
0FD80204C3141B2F0408625469401003
CF0FD90204AE141B2F040862544C4014
03D60FD80204A1141B2F040862544540
0103DA0FD60204A6141B2F0408625420
400903D60FD502049D141B2F04086254
19401103D10FD3020484141B2E040862
5404400303CC0FD502046B141B2F0408
6154EE3F0103C50FD5020463141B2D04
086154DB3F1B03E40FD3020467141B2C
04086254C53F2903F10FD4020463141B
2F040863549D3F3203F30FD402044114
1B2F04086354A03F1C03FD0FD2020435
141B2F040863547D3F2503EB0FD10204
31141B30040863547B3F2903E40FD002
0446141B2E04086254553F2A03ED0FD1
020456141B32040862544C3F2203F30F
CF020441141B32040862543C3F07039D
0FCE02041C141B31040862542A3FF902
A70FCD020407141B31040862541B3FF9
02A70FCE0204F6131B30040862540F3F
0403AD0FCF0204F6131B3104086254FB
3E0403C60FCD0204F6131B3004086254
D63E0B03C20FCD0204FA131B31040863
54DE3E0003C10FCB020403141B320408
6354CD3EFC02C10FCC0204DC131B3004
086254AF3EF902C70FCB0204B4131B32
04086254983EEF029F0FCB02049F131B
32040861548A3EEF02A90FCC0204A713
1B3104086154883EF9029F0FCA0204B4
131B32040861546D3EF002960FC90204
AB131B3004086254603EFE028B0FCB02
0496131B32040862544F3EF202AF0FCB
020479131B3204086254393EF3028D0F
CA02046D131B3004086254293EF80294
0FCA020475131B32040862540D3E0303
900FCB020482131B31040862540B3EFC
028F0FCA020486131B3204086254F73D
02038A0FCA02046D131B3104086354E7
3D0703980FC902044C131B3304086354
E63D2503BB0FC8020436131B2F040863
54D63D2B03BE0FCA02043B131B310408
6454CF3D2603B50FC802044B131B3204
086454B53D2803C00FC902044F131B30
04086454A63D1D03C70FC602043F131B
3004086554953D14039C0FC802043613
1B3104086554823D15039B0FC702044B
131B31040865547B3D1103900FC60204
22131B3104086554743D12039A0FC702
040D131B3004086654683DF502AF0FC7
02044B131B3004086654583DEF02C90F
C7020454131B30040867543D3DEA02BD
0FC6020460131B3004086754443DFB02
C10FC70204A0131B31040867543A3D21
03D80FC5020475131B3104086754213D
1E03DF0FC702047D131B31040867541E
3D2603DB0FC6020471131B3404086754
0E3D1E03DA0FC50204FA131B38040867
54023D0D03EA0FC50204AE141B3A0408
6754003D1403E70FC40204F5141B3B04
086754F73C1703D80FC70204AE141B3C
04086754DE3C1603ED0FC8020488141B
3D04086854E63C0D03D50FCA02046314
1B3D04086854CC3C0503A20FCA020456
141B3E04086954C83CFE02AD0FCA0204
5F141B3F04086854B43CFE029E0FCB02
044A141B4204086854AE3CF902AB0FCB
020495141B4204086854A63C2003BC0F
CC0204A1141B4404086854AA3C2203BB
0FCF02047C141B47040868548E3C2203
C70FD0020484141B4804086854853C1E
03C50FD00204F1141B4A04086854763C
0303A40FD2020461151B4F0408675478
3C0203A00FD90204C5151B5104086754
6E3CFA029F0FDD02045C161B53040866
54613C0F039D0FE402044E171B5A0408
6654653CD702CC0FEC0204C7171B6104
086654693CCB02CC0FF00204CB171B62
04086654523CD702CA0FEF0204F2161B
6104086654663CD102CC0FE902040A16
1B62040866544B3CC402BA0FE60204B5
151B6204086654423CF5028C0FE60204
9C151B62040866543A3CED02870FE702
04B1151B6804086654363CF902900FE8
020453161B6B04086754393CE8028C0F
E5020418171B6E04086754313C3803B1
0FE60204FA161B6E04086754273C3303
C00FE602047D161B6E04086754143C3A
03B10FE6020443161B6F040867540F3C
3303B60FE4020458161B72040867540E
3C0403EB0FE3020403171B7404086754
043C0603D80FE40204DF161B75040868
54FD3B0003E30FE3020492161B770408
6954EF3B0003ED0FE302046C161B7804
086854DE3B0003730FE1020464161B79
04086854DC3B0A037A0FE00204A3161B
7D04086954E03B05037C0FDF0204FE16
1B8004086954E63BFE02710FDF0204F6
161B8204086954ED3BFE026F0FE00204
DD161B8604086954F63B0003B60FE202
04FE161B8C04086954E73BF402AB0FE2
020428171B9004086954DF3BF502C00F
E3020478171B9404086854D13B0003B1
0FEA0204FB161B9604086854CC3B0A03
960FE8020441171B9804086954BC3B10
03990FEC02040F171B9704086954B33B
0803980FED0204AB161B9704086954AB
3B12039E0FEB0204AF161B9704086954
B23B3903B70FED02041C171B9C040868
54B13B2F03AE0FED0204A5171B9F0408
6854A53B3B03BA0FF1020480171BA204
086854AD3B3103B70FF4020480171BA3
040868549B3B2603BF10F8020403171B
A604086854983B1F03B010F60204F616
1BA6040868548C3B2503BA10F702044F
171BA604086854A23B2A03C310F50204
80171BAA04086854B33B2A03BC10F702
04AE171BAF040868548C3B0203DC0FF9
0204EC171BB0040869545A3BFB02CD0F
FC020401181BB204086954643BFD02CD
0FFF020461181BB1040869546D3B0403
D10F0D030459181BB7040869548B3B11
039B0F210304DB181BBB04086A54753B
13039E0F400304811A1BBD04086A547C
3B1403A90FA3030479191BC104086B54
6A3B1303A30F31040469191BC304086B
54763B2903AF0F9A04045D191BC50408
6B54543B2203A80FD8040454191BC504
086B543B3B2003B70FFC040460191BC6
04086B542F3B1E03B80F0C050454191B
C504086B54403B0E03A20F1205045819
1BC804086B545C3B1C03A00F1A050432
191BCE04086B54873B11039C0F290504
04191BD104086A549A3B1703A90F3E05
0408191BD504086954CB3B1303A90F4A
050408191BD704086954ED3B3503910F
4D0504F8181BD804086854163C37038B
0F56050405191BD9040868543C3C3403
8C0F5A0504FC181BDF04086854493C34
039D0F5E0504E7181BDF04086854733C
0E03AC0F630504F4181BE0040867549F
3C1003A00F650504F8181BE104086754
E73C0803A00F620504EB181BE6040867
54153D1C039C0F630504E7181BE70408
68542C3D3A03B80F690504E3181BE904
086754463D4103CB0F6B0504E3181BEC
040867546E3D3103C20F6A0504E7181B
F004086754843D3703BE0F6A0504ED18
1BF004086854A23D1803F40F6A0504EB
181BF104086954AD3D0F03EE0F670504
EF181BF204086A54DE3D0E03F80F6605
04F4181BF304086A54F13D0D03FF0F63
050404191BF404086A54FC3D0D03F50F
5C050411191BF904086A542D3E0E03BA
0F55050408191BFA04086B542D3E0B03
CF0F51050415191BFF04086A54583E10
03C60F4E050415191BFE04086A54663E
1303BC0F4C050415191B0105086A547D
3E2503C90F4905041D191B0105086A54
983E2B03CD0F4705042A191B0505086A
54AD3E2303CA0F3F050426191B050508
6A54B03E1D03C00F3C050432191B0705
086A54F43E4603FE0F3A050422191B0A
050869540E3F3D03F50F3805041D191B
0C05086954143F3A03E40F3C05041D19
1B0C05086954273F4D03EF0F3C050422
191B0D05086854253F1603AD0F3A0504
2A191B0D05086754323F10039B0F3805
042E191B0D05086854363F1403980F35
050436191B0E050869545B3F0403A80F
3305041D191B1205086954493F11039E
0F38050415191B15050869547A3F0A03
F7143D050419191B1805086954773F0E
03FC143E050426191B1B05086954863F
1103FF143B05042E191B1D050869548C
3F0903F51434050447191B1F05086954
893F200314102A05044B191B1D050869
54873F24031C102205043F191B1E0508
6A54943F2B031B102205044B191B2105
086A549C3F170316101F050450191B22
05086B54A13F1503BC0F1B05043D191B
2505086A549C3F1803C10F1F05043B19
1B2A05086A54B43F2A03CD0F2205043F
191B2A05086A54AE3F2103C80F250504
3F191B2B05086A54CC3F0303E30F2405
0447191B2F05086A54C33FF602E90F23
05044B191B3105086954DE3FF902D80F
2105043B191B3105086A54E13FFC02E3
0F23050436191B3B05086A54E23FFC02
F80F2805042E191B3E05086A54E73F0B
03A50F30050426191B4005086A540140
0C03AB0F38050411191B4405086A540A
4008039E0F42050411191B4405086A54
01401103A00F49050419191B4505086A
5411403A03DB0F47050422191B460508
6A540C404103DA0F4605042A191B4705
086A5420404703DB0F40050436191B49
05086A540E403F03D30F39050432191B
4D05086B542740470383103A05041919
1B4E05086C541340530385104005041D
191B5105086D542A4046038310450504
1D191B5405086D5425403E037F104805
0421191B5605086D542C402303DA0F47
050426191B5705086E5435402303E10F
4605042E191B5905086E5437402003E1
0F4305042E191B5805086D5447402803
D80F4205043B191B5805086E5429401E
03DE0F3F050436191B5905086E545140
2703D10F3A05043F191B5B05086D543E
401803D00F38050443191B5D05086D54
52401D03D10F3405043F191B6005086D
545E401E03CD0F3405042E191B600508
6D544B403103C70F38050431191B6205
086E5459403103D10F3E050436191B64
05086E5455402D03D40F3D05043B191B
6705086E5453402F03C20F3C05043619
1B6E05086E545F401E03A2113E05042E
191B7205086D543E402003B011440504
1D191B7305086D5451402703B0114805
0422191B7605086C5458402603A0114B
050422191B7405086C545E401C03CA0F
4C050426191B7605086C5445402403BB
0F4A05043B191B7605086B545A402203
CA0F41050443191B7B05086B544C4021
03C80F3B05043D191B8005086B544D40
2003BE0F3B050436191B7F05086B544F
401503AD0F3E05042E191B8705086B54
68402203A10F4405041D191B8905086B
544B4024039E0F47050426191B890508
6C5459402903980F4B050422191B8B05
086B5454400E03A20F4D05041D191B8F
05086B544D401503A70F4F050422191B
9105086C5446401503A10F4E05042619
1B9105086C5444401003A20F4F050422
191B9105086C542D404403C00F4F0504
25191B9105086C542D404803BA0F4D05
042E191B9205086D542D404203BC0F47
050432191B9205086E543D403A03C20F
4705043F191B9705086E542A403F03C8
0F3D050464191B9905086F544A40F602
BA0F230504A3191B9905086F54414002
03C20F07050497191B98050870543540
0003C20FFB040492191B9705086F543E
40FC02CD0FF8040482191B9605087054
2D402303C70FFB040486191B98050870
5432401C03C90FFD040481191B9C0508
6F547A402603CB0F00050497191B9D05
086F5440402A03DE0FF80404D1191B9F
05086E543F402B03F60FDD0404071A1B
A205086E5437403903FA0FBB04040C1A
1BA305086E542F403003E90FA80404FB
191BA305086E5442403A03E70FA40404
D5191BA305086E5424404203DB0FAF04
04C0191BA305086D5437404903DC0FBD
0404C9191BA805086D5450404903DE0F
C60404B8191BAC05086D5457404403E7
0FD104047D191BAF05086D5445403803
FE0FE5040482191BB105086D544F4029
033C10F3040479191BB405086D545440
29034710FC040492191BB605086D544F
4022033610F40404B8191BB905086D54
6B4023034510E80404B8191BBC05086E
54984025035210DC0404E2191BBD0508
6E5474401A034F10C90404F2191BBE05
086E54724025035810BA0404E6191BBF
05086F546E4028034D10BA0404DE191B
BF05086E54664031039C10B80404D619
1BBE05086F546F403C039210BB0404D9
191BBB05086F547D402B039E10BC0404
D9191BBF05086F5477403A038B10BB04
04DE191BBF05086F547A4043030711BD
0404E2191BBE05086F5477404903FF10
BD0404DE191BBF05086F5471404E03F6
10BC0404DE191BBE05086F5477404403
FF10BE0404DE191BBE05086F54804045
03FC10BB0404DE191BBD05086F547740
49033411BB0404E2191BBF05086F548B
4040034111B90404E6191BC105086E54
864044033F11B50404E2191BC005086F
548D4047033611B40404DE191BBF0508
70548F404103F410BA0404D9191BC005
086F548F403C03E010BC0404D5191BBE
05086F5482404203EB10BF0404D1191B
BD05086E54864047030111C40404D119
1BBC05086E547A407B03B810C70404C4
191BBC05086F547F408403B810CE0404
B8191BAD05086F5482407C03C210D404
04B0191BA00508705492408503BC10D6
0404BA191B9905087054974023036210
D50404BC191B8B05087054A040190356
10D70404B8191B7205086F54A6402603
5E10D50404C0191B5F05086F54964026
035E10D50404A7191B5205086E549740
20035F10DC04048A191B4205086E549F
403E03E00FEB040471191B2405086E54
A9403903DD0FF9040464191B1005086D
54A3404903E80F0A050458191B030508
6D54A7404403DD0F16050443191BF304
086D54A4402203CC0F25050435191BDD
04086C54A4401E03C50F31050436191B
CA04086D5498401A03D60F3605043619
1BC404086D549B401F03DC0F3A050436
191BB904086C54A1404F03AF0F390504
3B191BA804086B5498403B03B90F3805
043B191B9604086B54A2404703B10F37
050443191B8F04086A54A2404403B40F
3605043F191B8604086B54A9400403A0
0F3005043F191B7504086C54C240FE02
B70F31050447191B6204086C54DD40F7
02B20F2A050465191B5904086C54BC40
0003AF0F1D050492191B5504086C54AA
400203A40F0805049F191B4B04086C54
B040FD02B10FF90404CD191B3F04086C
549840F902A60FE20404071A1B3E0408
6C549C400A03B00FC20404311A1B3F04
086C549740FE02A90FA80404FF191B40
04086C549C402803DF0FA50404F2191B
3A04086C548B401F03E90FA504040C1A
1B2D04086C5474402703EE0FA50404EE
191B1C04086C5483401803CF0FA60404
021A1B0F04086D5487405603B00FA204
04351A1B0904086D5473405103B20F8C
0404701A1BFF03086D5470405303BB0F
7304049A1A1BF703086D54C0405703B4
0F480404491B1BF503086D549E408602
050F130404DC1A1BF403086C54834088
02E80E060404D81A1BF503086C547940
8602F10E010404171B1BF703086D5464
407F02F70EDD03047A1C1BF703086D54
5E407B02FB0E6703040A1D1BFA03086E
544440A402530FEA0204C51D1BFC0308
6D5455409B02400F6C0204891E1BFC03
086D5443409D024C0FDE0104891F1BFC
03086D545040A402400F470104D41F1B
FC03086E5453401703C80FF50004C01E
1BFC03086E542D401503C60F2E01043F
1D1BFA03086E5442401803CD0FC10104
761C1BEE03086E5455402403BF0F4902
04DF1C1BDA03086F544240F3008A105F
0204BB1D1BCA03086E545640EF009110
360204EF1D1BC403086F544F40F60082
10D10104AD1C1BC103086E5470400601
82100C0104827414C103086F54514090
004A0CA40004A77A0EC303086F544A40
8C004C0C9700047CDD0EC203086F5464
408E00590C930004BF6B0EC303086E54
4F408D004E0CA0000449810EC203086E
5462408C00570CAE0004651A0EC20308
6E545A40AC02D603C20004F8290EC103
086F5465409D02CE03DA00048F340EC1
03086F547740AC02CC03F0000414A00D
C303086E547740A302C4030801043651
0EC103086E545F409B02C3031D0104F2
850EC303086E5459409D02BB03330104
A79A0EC203086F545A40A602BF03</Data>

   <DataCRC>33a17ef6</DataCRC>

   <BytesSent>7854</BytesSent>

</SBEDataUpload>
</InstrumentRawData>
</SBEDataUploadFile>
