<?xml version="1.0"?>
<!-- SCPlusV2_RS232 -->
<SBEDataUploadFile>
<ApplicationData>
<Seaterm232>
<SoftwareVersion>2.6.3.104</SoftwareVersion>
<BuildDate>30-Jun-2017</BuildDate>
</Seaterm232>
</ApplicationData>
<InstrumentState>
<HardwareData DeviceType='SBE19plus' SerialNumber='01906740'>

   <Manufacturer>Sea-Bird Electronics, Inc.</Manufacturer>

   <FirmwareVersion>2.2d</FirmwareVersion>

   <FirmwareDate>9 February 2011 08:30</FirmwareDate>

   <CommandSetVersion>1.1</CommandSetVersion>

   <PCBAssembly PCBSerialNum='25307' AssemblyNum='41054G'/>

   <PCBAssembly PCBSerialNum='25737' AssemblyNum='41580B'/>

   <PCBAssembly PCBSerialNum='24669' AssemblyNum='41606'/>

   <PCBAssembly PCBSerialNum='24372' AssemblyNum='41059D'/>

   <MfgDate>  08 DEC 2010</MfgDate>

   <InternalSensors>

      <Sensor id='Main Temperature'>

         <type>temperature0</type>

         <SerialNumber>01906740</SerialNumber>

      </Sensor>

      <Sensor id='Main Conductivity'>

         <type>conductivity-0</type>

         <SerialNumber>01906740</SerialNumber>

      </Sensor>

      <Sensor id='Main Pressure'>

         <type>strain-0</type>

         <SerialNumber>3220369</SerialNumber>

      </Sensor>

   </InternalSensors>

   <ExternalSensors>

      <Sensor id='volt 0'>

         <type>SBE 43 OXY</type>

         <SerialNumber>432005</SerialNumber>

      </Sensor>

      <Sensor id='volt 1'>

         <type>not assigned</type>

         <SerialNumber>not assigned</SerialNumber>

      </Sensor>

      <Sensor id='volt 2'>

         <type>ECO-FLNTURT CHL</type>

         <SerialNumber>FLNTURTD-2025</SerialNumber>

      </Sensor>

      <Sensor id='volt 3'>

         <type>ECO-FLNTURT TURB</type>

         <SerialNumber>FLNTURTD-2025</SerialNumber>

      </Sensor>

      <Sensor id='volt 4'>

         <type>not assigned</type>

         <SerialNumber>not assigned</SerialNumber>

      </Sensor>

      <Sensor id='volt 5'>

         <type>not assigned</type>

         <SerialNumber>not assigned</SerialNumber>

      </Sensor>

   </ExternalSensors>

</HardwareData>
<StatusData DeviceType='SBE19plus' SerialNumber='01906740'>

   <DateTime>2018-12-07T14:28:32</DateTime>

   <LoggingState>not logging</LoggingState>

   <EventSummary numEvents='241'/>

   <Power>

      <vMain>12.2</vMain>

      <vLith>5.4</vLith>

      <iMain>61.5</iMain>

      <iPump>36.4</iPump>

      <iExt01> 4.1</iExt01>

      <iExt2345>20.6</iExt2345>

   </Power>

   <MemorySummary>

      <Bytes>1492821</Bytes>

      <Samples>87813</Samples>

      <SamplesFree>3782666</SamplesFree>

      <SampleLength>17</SampleLength>

      <Profiles>111</Profiles>

   </MemorySummary>

</StatusData>
<ConfigurationData DeviceType='SBE19plus' SerialNumber='01906740'>

   <ProfileMode>

      <ScansToAverage>1</ScansToAverage>

      <MinimumCondFreq>3226</MinimumCondFreq>

      <PumpDelay>60</PumpDelay>

      <AutoRun>no</AutoRun>

      <IgnoreSwitch>no</IgnoreSwitch>

   </ProfileMode>

   <Battery>

      <Type>alkaline</Type>

      <CutOff>7.5</CutOff>

   </Battery>

   <DataChannels>

      <ExtVolt0>yes</ExtVolt0>

      <ExtVolt1>no</ExtVolt1>

      <ExtVolt2>yes</ExtVolt2>

      <ExtVolt3>yes</ExtVolt3>

      <ExtVolt4>no</ExtVolt4>

      <ExtVolt5>no</ExtVolt5>

      <SBE38>no</SBE38>

      <OPTODE>no</OPTODE>

      <GTD>no</GTD>

   </DataChannels>

   <EchoCharacters>yes</EchoCharacters>

   <OutputExecutedTag>yes</OutputExecutedTag>

   <OutputFormat>raw HEX</OutputFormat>

</ConfigurationData>
<CalibrationCoefficients DeviceType='SBE19plus' SerialNumber='01906740'>

   <Calibration format='TEMP1' id='Main Temperature'>

      <SerialNum>01906740</SerialNum>

      <CalDate>07-Jan-11 </CalDate>

      <TA0>1.255288e-03</TA0>

      <TA1>2.593288e-04</TA1>

      <TA2>-2.376104e-07</TA2>

      <TA3>1.449298e-07</TA3>

      <TOFFSET>0.000000e+00</TOFFSET>

   </Calibration>

   <Calibration format='WBCOND0' id='Main Conductivity'>

      <SerialNum>01906740</SerialNum>

      <CalDate>07-Jan-11</CalDate>

      <G>-1.033008e+00</G>

      <H>1.393941e-01</H>

      <I>-2.175401e-04</I>

      <J>3.475757e-05</J>

      <CPCOR>-9.570000e-08</CPCOR>

      <CTCOR>3.250000e-06</CTCOR>

      <CSLOPE>1.000000e+00</CSLOPE>

   </Calibration>

   <Calibration format='STRAIN0' id='Main Pressure'>

      <SerialNum>3220369</SerialNum>

      <CalDate>21-Dec-10</CalDate>

      <PA0>8.222195e-01</PA0>

      <PA1>1.566037e-02</PA1>

      <PA2>-6.194425e-10</PA2>

      <PTCA0>5.244452e+05</PTCA0>

      <PTCA1>4.417653e+00</PTCA1>

      <PTCA2>-9.798927e-02</PTCA2>

      <PTCB0>2.510725e+01</PTCB0>

      <PTCB1>-1.150000e-03</PTCB1>

      <PTCB2>0.000000e+00</PTCB2>

      <PTEMPA0>-5.917147e+01</PTEMPA0>

      <PTEMPA1>5.387460e+01</PTEMPA1>

      <PTEMPA2>-2.653169e-01</PTEMPA2>

      <POFFSET>0.000000e+00</POFFSET>

      <PRANGE>5.076000e+03</PRANGE>

   </Calibration>

   <Calibration format='VOLT0' id='Volt 0'>

      <OFFSET>-4.687158e-02</OFFSET>

      <SLOPE>1.247988e+00</SLOPE>

   </Calibration>

   <Calibration format='VOLT0' id='Volt 1'>

      <OFFSET>-4.719579e-02</OFFSET>

      <SLOPE>1.248132e+00</SLOPE>

   </Calibration>

   <Calibration format='VOLT0' id='Volt 2'>

      <OFFSET>-4.684526e-02</OFFSET>

      <SLOPE>1.248324e+00</SLOPE>

   </Calibration>

   <Calibration format='VOLT0' id='Volt 3'>

      <OFFSET>-4.678105e-02</OFFSET>

      <SLOPE>1.247145e+00</SLOPE>

   </Calibration>

   <Calibration format='VOLT0' id='Volt 4'>

      <OFFSET>-4.669684e-02</OFFSET>

      <SLOPE>1.248307e+00</SLOPE>

   </Calibration>

   <Calibration format='VOLT0' id='Volt 5'>

      <OFFSET>-4.709579e-02</OFFSET>

      <SLOPE>1.247697e+00</SLOPE>

   </Calibration>

   <Calibration format='FREQ0' id='external frequency channel'>

      <EXTFREQSF>9.999977e-01</EXTFREQSF>

   </Calibration>

</CalibrationCoefficients>
<EventCounters DeviceType='SBE19plus' SerialNumber='01906740'>

   <EventSummary numEvents='241'/>

   <Event type='ErrorFLASHUncorrectableError' count='241'/>

</EventCounters></InstrumentState>
<Headers>

cast 102 04 Dec 2018 09:47:44 samples 82015 to 82774, avg = 1, stop = mag switch

</Headers><InstrumentRawData>
<SBEDataUpload startAddr='1394238'>

   <Type>1</Type>

   <DataFormat>SEACATPLUS0</DataFormat>

   <Bytes>12920</Bytes>

   <Data>
72F6031DBF14FD03081654D94DF4FB9C
0ED9F603DDF6140104081554A54D04FC
940EB1F7030D231805040813549E4DFE
FB930EBCF8033D201B0904081354784D
ECFB9A0ED0F9031F201B090408125465
4DD102D80E02FB03991F1B0A04081254
524DD102D50E1EFC03951F1B0A040812
54384DD702D80E4BFD03E71D1B0C0408
0F54444DD202D60ECEFE036F1B1B1004
080F54384DD302B20E7A000492191B13
04080E543C4DD002B90EEF010476181B
1604080E542C4DE302BA0E0203040118
1B1A04080E54344DD302B10ECB03047C
171B1B04080E54244DD702A50E690404
2C171B1D04080D54324DD3029E0EE704
0418171B2204080C54244DD0029D0E5D
050407171B2304080B542A4DD702A90E
B80504D5161B2304080B54354DC802A6
0E03060428171B2404080B543B4DA402
C40E3F060486161B2204080C54464DA6
02C20E6A0604A7161B2404080A543F4D
9C02C50E8706044B161B2404080B544B
4DA802C40E9E060468161B2604080B54
554DC302750EAC06045C161B2904080A
544D4DC4027B0EBB060468161B260408
0B54584DC202770EC4060421161B2704
080A54734DC402750ECF060411161B26
04080A54794D7202A50EDD0604FC151B
2604080B54874D8302A20EE906041116
1B2804080B54894D7F02AD0EF70604EB
151B2604080B54854D8602A20EFE0604
E2151B2704080C54B74DDA02A00E0407
04B1151B2804080D542F4FDE029E0E09
070498151B2704080C54EE4ED302A60E
0E070487151B2804080D54C64ED602A6
0E13070461151B2804080D54774ED102
9E0E1907043C151B2804080D54584EAC
02C40E1C070412151B2704080E542B4E
B402C50E20070401151B2704080E5407
4EA802BE0E21070405151B2A04080E54
F64DB802BA0E240704E8141B2A04080F
54C44DAA02CC0E240704AE141B290408
1054B64DA202D80E25070484141B2A04
081154814DA402D30E250704AD141B28
04081254684DA502D20E260704E0141B
2904081154374DA4029E0E2707041F15
1B29040810541D4DA6029C0E2807046A
151B2804081154F84CA2029A0E2B0704
5D151B2904081054DB4CA402990E3607
0412151B2804081054A94CFB02DF0E40
0704CF141B2704081154824CF702D70E
4407048C141B2704081154634CF002D5
0E4907044E141B2904081154474CF002
D10E4B0704EE131B28040811541F4CF6
02C40E500704BC131B28040811540A4C
2903C60E4F07046D131B2904081154F7
4B2903BE0E50070458131B2804081154
DD4B2803C20E4D070494131B28040811
54AE4B2903C90E4C0704D9131B280408
11548D4BE702C90E45070435141B2704
081054714BEA02C00E42070484141B28
04081054604BDD02BD0E410704A6141B
2804080F543B4BE402C40E3E0704AE14
1B2A04080F542F4B7D02B90E3F0704AA
141B2A04080F540D4B8802BA0E3F0704
99141B2B04080F54F64A8602B10E4207
04AA141B2904080F54D34A8602BC0E43
0704C7141B2A04080F54C24AB3028F0E
3E0704E0141B2904080E54A64AB3027F
0E3F0704F1141B2A04080E549E4AAC02
880E3F0704F5141B2904080E54734AAF
02820E410704F5141B2904080E54674A
B502790E430704F1141B2B04080E5453
4AC802A20E490704F9141B2B04080E54
444AC402A20E4D0704EC141B2A04080F
542C4ABD029E0E510704E4141B290408
0E54244AC202A40E570704E0141B2B04
080E54224AF302AF0E5D0704F9141B2A
04080F54FB49EE02AB0E61070401151B
2C04080F54E849FE02B50E600704E014
1B2B04080F54E349EA02A80E660704E0
141B2B04080E54BF49AD020C0F650704
E0141B2C04080E54BE49B002F60E6A07
04FD141B2A04080E54AA49BB020F0F6C
070421151B2B04080E54A849B602F80E
7107042F151B2904080F54A249C102F5
0E77070427151B2B04080F549949C902
EF0E80070416151B2C04080F548E49CA
02EA0E840704EC141B2B04080F547F49
C002F10E870704BF141B2A04080E546F
49C402FD0E8B070491141B2D04080E54
65490603A60E8D07044A141B2A04080E
5459490903AD0E93070439141B2B0408
0E545F490003C40E94070418141B2904
080E544E490A03B90E950704FA131B2A
04080D544949C202F50E990704FA131B
2A04080E544149C002F50E9A0704B813
1B2A04080F542A49C202E90E9D07047D
131B2904080F543649BA02F00EA20704
5C131B2A04080F541749B8028C0EA407
0454131B2A04080F541449C702940EA5
070436131B2B04080F54FB48B8028F0E
A6070400131B2A04080F54FC48BD0295
0EA80704CE121B2C04080F54E748F902
C60EA807047F121B2C04080F54DA48EF
02D10EAA070434121B2A04080E54E048
F002C90EB00704BF111B2B04080F54AF
48EE02D70EB5070478111B2A04080F54
B448F302D40EBA07044F111B2C04080E
54AF48D502A60EC207043E111B2B0408
0F54A648CA029F0EC307040C111B2B04
0810549448CA029B0ECA07049A101B29
040810547C48C802AB0ED007045D101B
2A040810545E48EF02D30ED707041210
1B2B04080F546448F002DF0EDC07042B
101B2B04080F544648E802CD0EE40704
F90F1B2C04080F543748F302C70EE807
0423101B2B04080F542B48E702BE0EED
0704DC0F1B2B04080F541948D602C50E
F10704CF0F1B2A040810541148DF02C1
0EF60704780F1B2B04080F54F347F502
C90EFB0704390F1B2D04080F54F347AE
02AB0E010804100F1B2B04080F54CC47
AD02AB0E080804D50E1B2B04080F54C3
47A902990E0F08049F0E1B2904080F54
AE47B502A20E1508046D0E1B2A040810
549847B1029C0E1E08046D0E1B2B0408
10547547B602DE0E270804610E1B2B04
0810546E47C102CD0E2E0804580E1B2B
040810546147C002CD0E3308042E0E1B
2B040810545247BF02CF0E3A0804FD0D
1B2A040810543E470003970E400804C7
0D1B2A04080F542747FF029B0E490804
C70D1B2A0408105419470703890E4F08
04C30D1B2D04080F54E7460603920E56
0804E40D1B2D04080F54DD46D502B00E
5A0804C30D1B2C04080F54D446CF02A9
0E610804AA0D1B2C04081054BC46DA02
B80E6508046B0D1B2D04081054B946D0
02B60E6D0804350D1B2C040810548146
FF02DA0E740804070D1B2A040810548F
46FC02D10E7B0804070D1B2C04080F54
75460703DC0E8108040F0D1B2B04080F
545E460303D20E8908040F0D1B2B0408
0F544946FC02D30E8E0804D50C1B2D04
080E543446B002CF0E940804B40C1B2D
04080E542646B502D20E9B0804B40C1B
2D04080E541246B902D30EA10804EA0C
1B2E04080F540046B902D60EA60804E6
0C1B2B04080F54EF45C902760EAB0804
B90C1B2E04080F54E345D002710EB008
047A0C1B2E04080F54D645D902740EB6
0804580C1B2D04080F54C045D002800E
BC0804690C1B3004080F54AD45B2027B
0EC20804690C1B3104080F549D45A702
8D0EC80804650C1B3204080F549345BD
02800ECD08043B0C1B3104080F547945
B6028D0ED40804120C1B3304080F5476
45EB02AB0EDA0804160C1B3604080F54
4C45FB02B90EDF08043F0C1B3604080F
544245EF02C10EE40804C00C1B370408
0F544045F302AE0EE508043D0D1B3C04
0810542245F902AD0EE308045A0D1B41
040810540D45BF02B50EDE08049D0D1B
4504080F541D45C202C40ED90804E40D
1B4B04080F540C45BE02C20ED20804C3
0D1B4F04080E54FD44C002C60ECA0804
010E1B5204080F54EE441303D80EC508
04B60D1B5304080E54CF440B03DE0EC6
0804880D1B5304080F54B3440F03C80E
C90804A10D1B5304080E54BD441903D6
0ECC0804F60D1B5404080E54BB44BB02
B80EC80804EC0D1B5804080E54A244B9
02C10EBD08043B0E1B5904080E549F44
AC02BE0EB20804DB0D1B5B04080E548E
44B102BE0EAE0804B20D1B5C04080D54
7244B7020D0FB30804D70D1B6004080E
548A44B102030FB20804330E1B630408
0E547344AD020C0FA80804A30E1B6404
080E545F44B5020D0F940804860E1B69
04080D545E44BE02FE0E890804860E1B
6C04080D545244F702910E830804C10E
1B7304080E546144EF02860E7B08046D
0E1B7604080E544A44F102890E7B0804
240F1B7704080E542344F2029E0E6F08
04390F1B7A04080E541B44CA02C70E67
0804200F1B7F04080D543144D102BC0E
620804350F1B8504080D543B44CC02B9
0E5F08048D0F1B8D04080D541D44D102
B40E5908047C0F1B9204080D543444BB
02AF0E520804960F1B9904080D543844
C302B90E4B08044E0F1B9F04080D5414
44C802B30E4908043D0F1BA404080E54
FA43C902B50E4C0804180F1BAA04080D
542044A202C70E4E0804C70F1BAD0408
0E54DC43A602C90E4B0804A60F1BAD04
080D54EE43A802CD0E480804F30E1BB3
04080E54E343AA02C30E4708040B0F1B
B804080E54D543A402B40E460804200F
1BBA04080E54BD43B702B80E4708047C
0F1BBB04080E54AD43A802A70E500804
800F1BBC04080E54B643BA02B50E5308
04F70E1BBF04080E54A743A002AA0E59
0804740F1BBF04080E547143EF02A70E
590804BA0F1BC004080E548143F202A1
0E590804950F1BC604080D546643F002
A00E530804F50F1BCA04080D546343F7
02A40E5008046A101BC904080C545543
EB02C40E4C080469101BCF04080D546B
43F302C20E480804CD101BD504080D54
6D43FC02BC0E4608045F111BE104080D
545B43FA02CF0E49080406121BE80408
0D546643E9029C0E6A0804F0121BED04
080D545143E4028F0EB7080447131BF0
04080C543843D7029C0E100904C8131B
F004080C543143D902A30E700904C413
1BF204080C542743E5029C0ED8090496
131BF504080C543E43CC02960E440A04
6D131BF804080C543F43D502900EAE0A
042E131BFD04080C544043C902940E04
0B0411131B0305080C544243D1029A0E
4A0B0468131B0605080C543243D00295
0EA80B045C131B0605080D542B43CC02
910EF40B0458131B0605080D540D43D1
028A0E410C0460131B0305080E540643
CD02910E8A0C041D131B0405080E542A
43CA02A20EC60C04BE121B0605080D54
2B43D302A00EE00C04F4121B0B05080D
541E43BC02A20EFD0C04D2121B0B0508
0D541643B3029B0E120D04E7121B0E05
080C542143A002DB0E290D048B121B14
05080D544543A902C50E3B0D047B121B
1E05080D54A943A402CF0E4C0D047212
1B2905080D54AB43A502CA0E5D0D047F
121B3305080D54D643A902CB0E6A0D04
CA121B3805080D54A043E802F50E920D
04A5121B3905080E548D43E602EB0EC5
0D0483121B3B05080E547343EF02FA0E
030E0440121B3D05080D549443E602F2
0E4F0E041B121B4605080D54A043E202
AA0E7C0E040A121B4B05080D549443CD
02B80EAF0E04F1111B4A05080D548C43
D902A40E030F04C8111B4A05080D5477
43D302BA0E500F04A6111B4B05080D54
8C43D802840E8D0F0489111B4A05080D
548B43CF02860EBC0F0470111B4A0508
0D549E43C9028B0EE40F045B111B4905
080E54B743D102830E0D100446111B4D
05080E54D143B302E90E1B10043E111B
5105080D54C543AE02E20E2810043111
1B5205080D54C343BA02DC0E41100421
111B5705080E54DB43BA02E00E481004
1B111B5B05080E54FF43B702E30E5210
040C111B5F05080E540E44E602BD0E5E
100408111B6205080D54EA43E202C00E
65100408111B6705080E54E443E402C8
0E9F1004D6081B6A05080E542044D902
BC0E2F120465021B6D05080D541244CF
02DC0EBA1404D8011B7105080E54F843
CC02E00E6B16049D011B7005080D54FE
43D902E90E5717046C011B7505080D54
1244DD02DB0ED1170453011B7E05080D
542144C602D90E12180421011B840508
0E541D44C202DD0E3F1804F8001B8805
080E542544C202E00E5F1804F8001B87
05080E542E44C502DE0E70180419011B
8505080E545F44DD02C30E6D18043601
1B8805080E54AA44D102B20E60180425
011B8C05080D54E844E202B80E591804
E3001B9105080D540D45E302AB0E6818
04BD001B9805080D545545DE02AA0E84
180439001BA105080D545E45E902B80E
B018040F001BA905080D548C45FE02B8
0EE0180403001BA805080D54A645F102
B30EFE180407001BAB05080E54C94502
03B80E0B190413001BAA05080E540446
CC02CA0E0B190413001BAE05080E541F
46D402BD0E071904E2FF1AB405080E54
3846D302C80E141904C0FF1AB605080F
545C46CB02CB0E281904C0FF1AB30508
0F547B46D902B70E331904D5FF1ABA05
080F549646D102AF0E331904C5FF1ABE
05080F54BA46D802B10E36190493FF1A
BF05080F54D046CB02B50E4419049BFF
1ABF05080F54EA46EA02BF0E4E1904B0
FF1ABE05080F54F046D702C70E4B1904
C0FF1AC0050810543547ED02C80E4319
04B0FF1AC5050810544A47DD02C90E41
1904ACFF1AC7050811545D47E402C60E
451904B4FF1AC8050811545247C4022B
0F411904C5FF1AC6050811549247CF02
360F3C1904C0FF1AC5050811548947CF
02310F351904D9FF1AC305081154AE47
C702330F301904FBFF1AC505081154B5
47E602C70E211904F2FF1AC605081154
C247E902C70E161904D1FF1ACA050810
54DE47DB02C60E1E19049BFF1ACD0508
10540B48E802C30E3319048FFF1AD705
080F543E48E702AF0E4619047AFF1AE3
05080F546048F502B10E5319047EFF1A
EF05080F546448F902B10E5D19044CFF
1AF805080F546B48F502BB0E6F190440
FF1AF905080F547C48DE02B30E7D1904
40FF1AFC05080E547148C602B80E8619
0433FF1AFF05080E548548C502B00E8D
190440FF1AFC05080E546F48CF02AD0E
8D190472FF1AFB05080E546E48D702B8
0E7B1904A8FF1AF905080E547D48CF02
A70E601904B4FF1AF805080E548748C8
029F0E4C1904ACFF1AFB05080D54AF48
CD02A10E43190493FF1A0506080E54A2
48CC029E0E4A19043CFF1A0D06080E54
CF48EC02CF0E6A1904E1FE1A1306080E
54BE48D702CD0E971904EDFE1A140608
0E54D848DE02C00EAF1904F9FE1A1806
080E54F048E002C40EBA19048EFE1A1F
06080E540349FC02B80EDD19046CFE1A
2306080E54F0480703B90EFA190464FE
1A2C06080E540149FF02B20E0F1A046C
FE1A3506080E540D490B03BC0E1A1A04
60FE1A3706080F540149CE02C90E1F1A
046CFE1A3706080F541049CE02C00E21
1A0471FE1A3406080F540249C802BE0E
1F1A0479FE1A3406080F54FC48DB02BD
0E181A0481FE1A3606080F540949D902
BD0E111A0496FE1A3606080E540B49EE
029E0E061A048EFE1A3B06080F540549
F002A40E071A0454FE1A3E06080E5412
49F102A50E151A044FFE1A3E06080E54
2E490103A10E201A044BFE1A4406080F
5445490003CD0E2A1A0447FE1A4E0608
0F547549F902C40E331A0411FE1A5806
080F5454490603BE0E461A04F4FD1A65
06080F5475490603CD0E591A04E8FD1A
7006080F547F49F002050F751A0477FC
1A7C06080F547149FC02090FE71A04B4
FB1A8606080F546449F002FE0E721B04
8BFB1A8F06080F547449F702060FD71B
043CFB1A9906080F547F49CD02BD0E24
1C041FFB1A9D06080F544A49CC02BA0E
571C0428FB1AA006080E545449D402C1
0E721C040BFB1AA506080E545B49D602
C30E811C04DBFA1AAC06080F547B49CA
02CD0E991C042BFA1AB806080F547249
E902BA0EE41C04FDF81ABF06080F5475
49FD02BC0E6B1D0491F81AC106080F54
6349F302C20ED21D0443F91AC106080E
545449EF02BD0EE41D0481F81ACB0608
0E545149E002E40E171E04A1F71AD306
080F544C49E002E60E7E1E0429F71AD4
06080E544A49DE02D80EDE1E0470F71A
D406080F544949E802E40EFF1E04ECF7
1AD206080E544949F302F10EE41E0432
F81AD206080E5461490B03E40EB51E04
60F81AD206080E5445490103FD0E8E1E
0415F81AD806080E543D490503F80E9B
1E041DF71ADC06080F544C49EF02B10E
EF1E0439F61AE1060810543E49CE02A6
0E661F04EBF51AE2060810543A49DA02
AA0EC31F0439F61AE1060810544749D1
029E0EDB1F0473F61AE306080F542D49
DA029E0ED21F04DEF51AE806080F544E
49EB02B60EFA1F04B9F41AF106081054
7249DE02B90E68200487F31AFB060810
54B949E002AE0E0521044DF21A020708
1054E149E202B50ECA21041FF11A1107
081054CD49FE02E20E912204EEF01A1C
07081054D249F102D70E0B2304D5F01A
2707081054C249EF02DE0E5523040BF0
1A3307081054C849F902ED0EA8230481
EF1A4107081054C249F102C60E142404
17EF1A4B07081054C249F902CB0E6E24
04EEEE1A5707081154C549E602C30EAF
240483EE1A5A07081054A249EB02BD0E
ED2404B0EE1A59070810548749E802B7
0E042504F6EE1A5D070810549E49D902
B00EFB2404B8EE1A5F07080F549649D1
02B40EFD2404ACEE1A6607080F54A749
DE02B20E08250449EE1A7007080F5494
49D302BD0E2E2504EEEC1A7A07080F54
944917039C0EAA25049CEB1A8607080F
548F490B039C0E5D260474EA1A910708
0F547B491303A30E2C27043FE81A9B07
080F547B4909039E0E812804FAE11AA5
07080F548649E802A20E2B2B0492DC1A
AD07080F547649E802AA0E752E0401DA
1AB507080F546F49F102A60E4E3104A6
D51AC107080E548049F702A40E263404
15D21ACC07080E5479492203A00ED836
04E2CA1AD807080F5497491903A10E14
3B04D4B71AE607080F549A4925039E0E
DD4204C3B51AF007080E5475491D03A4
0EDD480408B71AFD07080F547A492203
9B0EBA4B04F8B61A09080810543E49EA
029A0EF14C04B3B61A18080810544749
E602880E8C4D04CFB51A20080810542B
49E102930E1A4E0449B51A2208081054
1349E602A30E8C4E0429B61A26080810
541C490503BC0E844E04D4B41A310808
10541849F302A80EB54E0425B41A3B08
0810542F490003AC0E1E4F0418B41A44
0808115429490303B80E684F042DB41A
4B08081154EF480803BC0E844F0462B4
1A5108081254F848F902BE0E804F0472
B41A5508081254CF48FE02BE0E764F04
4BB41A5D08081354D6480703B80E6C4F
0409B41A6608081254D148ED02B40E72
4F04ACB31A7708081154DE480003B60E
8D4F04ABB31A8A08081154DF48F102B3
0EA34F04F9B21A9C08081154BC48F502
AF0EDF4F04E1B21AAD08081154B648F0
02AF0E125004E0B21ABE08081154A948
CA02AF0E285004DDB21ACD08081054D2
48D502B00E305004E5B21AE108081154
C548D102B30E345004D9B21AEF080810
549248CB02B60E375004DCB21AFE0808
11548748ED02B20E395004E5B21A0509
0811547A48FE02AF0E3A5004FDB21A06
090811548B48F102B60E395004F5B21A
0B090810547B48EB02B30E345004D1B2
1A14090810548C482403C90E345004D1
B21A1D09080F547D481803C00E3A5004
D7B21A2109080F5473481D03C70E3950
04DDB21A2409080F5467482D03C00E3B
5004E5B21A25090810547448F202B70E
385004E9B21A2609080F546E48EA02B0
0E2D50040EB31A2A09080F547648E902
C00E1A5004D5B21A32090810545E48F3
02B70E1E5004C9B21A38090810546E48
F202B90E2A5004C2B21A3C0908105461
481203C40E345004BCB21A4209081154
5D481303C40E3B5004BCB21A48090810
544E480F03C00E3E5004BEB21A4B0908
105454480C03BC0E3D5004C0B21A4C09
0810544248F602DA0E3E5004C0B21A4B
090810544448FC02D20E3E5004D1B21A
4E090810544E48E302DA0E385004E0B2
1A4D090810544A48F702D30E2950040D
B31A4D090811543448E802D40E115004
3EB31A4C090811543E48F302C60EF14F
0449B31A4D090812542548F402D20ED4
4F0473B31A4D090812544948EF02D50E
BA4F048FB31A4F090812544448DF029E
0E9E4F0489B31A58090812542F48D902
A10E914F04D5B21A63090812544848E1
029A0EC24F04B4B21A6F090812543E48
E202A60EF74F04C4B21A78090812543D
48E502AB0E105004C2B21A8009081154
2B48F902AE0E1D5004B8B21A85090812
5428480B03B10E275004B0B21A8A0908
115421480C03AD0E2E5004B6B21A9109
0811541F480E03B10E2F5004B8B21A93
090811541C48E002AB0E2F5004BCB21A
96090811542248E4029C0E2F5004BEB2
1A96090810541E48E302A30E2F5004B8
B21A9A090811541148E002A40E2B5004
C0B21AA10908115416480203C50E2950
04C4B21AA5090810541C480203D00E26
5004B6B21AAB090810541848F902CF0E
245004B0B21AB20908105417480703CF
0E295004A0B21AB9090810542448FE02
570F2D50049CB21ABD090810540F48FE
02490F3350049CB21AC609080F540548
FA02510F3650049CB21ACA09081054FE
47E902550F385004A5B21ACF09081054
F647F702450F355004A8B21AD6090810
540848E402F20E305004ACB21ADC0908
10540E48ED02EB0E2E5004B6B21AE109
081054F747DB02DC0E295004A8B21AE8
09080F54F547D302E10E295004B4B21A
F30908105417481003B80E245004D5B2
1AFD090811542948FF02C00E165004E4
B21A070A08115426481503B30E095004
E9B21A0C0A08105424480803AF0E0350
04E9B21A0C0A0811543048D102D40EFC
4F04F1B21A0C0A0811542748D502D70E
F94F0401B31A100A0811540E48D302D0
0EF04F0411B31A120A0811540C48D802
D50EE64F04FDB21A140A081254044801
039D0EE24F0409B31A140A0812541948
02039F0EE04F04F9B21A1A0A0812540D
480203A80EE24F04E5B21A200A081254
1B48FA02A50EEB4F04E8B21A210A0812
5406480003A40EEF4F04E9B21A220A08
125404480003C40EF34F04F1B21A260A
0812542148FA02C20EEF4F04E0B21A2B
0A08135415480603C50EF14F04D1B21A
320A0813542148FE02C40EFA4F04D9B2
1A350A0812541848F602CF0EFE4F04E0
B21A340A08125419480803BE0EFD4F04
E5B21A310A0812542C480103D30EF94F
04FDB21A330A0812542748FA02C80EEA
4F0426B31A380A08115433480D03B00E
D64F040EB31A3B0A0811542B480B03BA
0ED34F04EDB21A3B0A0811542148FF02
B30ED74F04F1B21A3C0A0811542848FA
02AE0EDE4F040EB31A3E0A0812541548
E902D70EDC4F0416B31A3F0A08125419
48E302CF0ED44F0416B31A410A081154
1148E802D40ECC4F0417B31A430A0811
541F48EF02CB0ECB4F04E5B21A4B0A08
11541C48E702CF0ED74F04D5B21A540A
0811541148EF02A40EE74F04D9B21A5B
0A0811540C48F202A20EEF4F04D7B21A
620A0811540648F202A60EF64F04D9B2
1A640A0811541348F302AA0EF64F04B0
B21A6B0A0811541C48E802C00EFC4F04
D3B21A6E0A0810541C48EF02C30EFA4F
04E1B21A700A0810541848E202C00EF5
4F0488B21A780A0810541148E402C00E
0B500459B21A7F0A08105419480103BC
0E2C50044FB21A890A0810540A480903
C00E45500467B21A960A0810540F4808
03C10E4750049CB21A9D0A0810540248
0F03BF0E3B500490B21AA10A08105400
48F302DE0E3150046FB21AA70A081054
0B48FB02D60E37500473B21AAC0A0810
542548F102E60E3D50047AB21AB20A08
10540248F302DC0E3D500467B21AB90A
08105417480303ED0E42500457B21ABA
0A0810540B48F602B80E4A50046EB21A
BA0A0810540448EF02B50E4A500463B2
1ABB0A081054FE47EF02B00E4950046B
B21ABA0A0811544948F702B20E485004
61B21AC10A0811542748EC02CB0E4650
0467B21AC90A0811541748E802C40E42
500473B21AD80A0812542B48D802C30E
3B500480B21AEB0A0811543948E202C0
0E3250046AB21AFF0A0811541E48F502
DE0E3350045BB21A0A0B0812542148F2
02E20E3D500463B21A100B0811542048
EA02D90E43500472B21A0F0B08115418
48F902E70E42500484B21A0E0B081154
274811033E0F355004B8B21A0F0B0811
5433480F03480F1F5004B6B21A130B08
115474481503420F10500488B21A150B
081154B2481703460F1650048CB21A16
0B081154574805034B0F1C5004B4B21A
180B0811543D480D039C0F125004DCB2
1A180B081054334805039F0FFF4F04CD
B21A1A0B081054494808039C0FF74F04
C0B21A190B0811546848FA02A50FF74F
04C6B21A1B0B08105471480503DC0FF7
4F04D9B21A190B08115431481303DC0F
F04F04D5B21A1B0B0811543A480C03DA
0FEB4F04D7B21A1A0B08105438480003
E30FE84F04C9B21A1B0B0810542E481C
03DE0FE94F04D5B21A1A0B080F543648
1103E00FEB4F04CDB21A1A0B080F5433
480B03E00FEA4F04CBB21A1B0B080F54
24481503DA0FED4F04B8B21A1E0B080F
543A4808030310F44F04B4B21A1B0B08
10545F481403F90FF94F04B1B21A1B0B
081054434816030010FE4F04B0B21A1C
0B0810542C481C030210005004ACB21A
1E0B0811542D4815030510025004A9B2
1A1D0B08105433481C03DE0F055004AC
B21A1E0B08105445481C03E30F065004
A8B21A1D0B0810543B481903E40F0850
049CB21A1E0B08105444482003DC0F0B
50049CB21A1F0B080F5452480D030510
0D50049CB21A1C0B080F5443481703FD
0F105004ACB21A1A0B080F5492481503
03100A5004B6B21A190B080F54854813
03FF0F065004A0B21A170B0810546E48
FE02DE0F065004ACB21A190B08105485
48E502DA0F075004A5B21A190B081054
7248F302E10F065004A4B21A170B0811
546248F302E00F075004A4B21A170B08
105462480A03D20F075004B1B21A110B
080F5467481203C90F025004D1B21A06
0B080F545E480903D50FF54F04F5B21A
010B080F546D480F03CB0FE04F04E5B2
1A000B08105476481A03C90FDD4F04BE
B21AFD0A0810547E480F033E0FE64F04
B4B21A000B080F5468480103420FEE4F
04A8B21A010B0810548B480D03440FFB
4F0498B21A040B08105481481B03380F
0750048CB21A040B0810546D4829033B
0F10500480B21A050B0810546C482103
270F1A50047FB21A050B081054624826
03400F1E500477B21A040B0810547348
27032D0F22500477B21A030B08115464
480003360F2650045BB21A050B081054
654803032D0F30500461B21A090B0810
546B48FC02380F39500457B21A0A0B08
10546748FC02330F3D50046BB21A0B0B
0811546248FE02460F3A500472B21A09
0B08115488480203580F3450047BB21A
050B0811547D480B03470F2C500467B2
1A070B08115479480103580F2E500465
B21A0A0B0811547C48FA02560F325004
6BB21A0A0B0811546A48F502350F3350
045FB21A030B0811547448F5022E0F32
500484B21AE80A0811545348F6023A0F
285004A9B21ACF0A0811544448F00231
0F165004B0B21AB40A0812543C48EE02
290F065004A8B21AA90A0812545148F7
021C0F01500476B21AA40A0812547148
F402210F0D50046BB21A9F0A0812544F
480003250F1F50046BB21A890A081254
3548E702D80E26500487B21A680A0812
544948F502E40E2150049CB21A4E0A08
12543F48F402E30E135004A0B21A380A
0811544248EF02E40E0C500484B21A29
0A0811542948FE02B30E0E500461B21A
200A0811543E48F302B60E1E50045FB2
1A100A0811543F480203B20E25500473
B21AF70908125456480603B70E245004
90B21ADF090812545248F502AB0E1A50
049CB21AD4090812547E48D602E00E0C
50048CB21AD9090812548248E202E20E
0950047AB21ADB090811549148E702DE
0E10500480B21ADB090811547F48E202
E10E1450047BB21ADD090811545848FC
02B50E1950046EB21AE0090811545E48
F602B40E1D500473B21AE10908115449
480503B80E20500473B21AE109081154
6448FC02AB0E1F50045FB21AE1090810
545448F902B80E27500454B21ADF0908
10544F48F802BA0E2E50045FB21ADF09
0811542348E802B30E2D50046BB21AE0
090811543548F302B20E2D50046EB21A
DF0908105461481003DA0E27500477B2
1ADD090810543E481403D00E2450046F
B21ADD09080F5444481A03D40E225004
83B21AD909080F5449480F03DA0E1C50
0484B21ADD09080E5440481603D60E18
50046FB21ADD09080E542A480403FD0E
1C500463B21AE009080E5433480A03FB
0E21500450B21AE309080D5445480503
000F2F500426B21AE409080E54304806
03FB0E42500426B21AE409080E543D48
F102B10E4E500437B21AE309080E5426
480003B10E4D50044BB21AE109080E54
3148F202B80E48500457B21AE109080D
543D48EA02AD0E41500448B21AE00908
0D540E48F902BC0E3E500447B21AE109
080D5416480903C10E3F50042EB21AE2
09080E5429480003C30E4A500433B21A
E109080D5438480903CB0E4E500432B2
1AE009080D541C48FD02DA0E4E500437
B21ADE09080E5415480603D10E4B5004
3BB21ADD09080D541D48FE02CD0E4750
043FB21ADF09080E5441480103D10E46
500443B21ADA09080F543E480C03D40E
4250044BB21AD109080F5415480003B1
0E3C50047AB21ABF09080F5415480003
B90E2C50049CB21AAE090810540B480B
03B70E125004A0B21A9E09080F540448
1203B50E05500483B21A9D09080E5412
48E902B60E0650046BB21A9B09080F54
1748E202B70E1250046BB21A9D09080E
542248D302AC0E1950045FB21A9F0908
0E541948E202AF0E20500454B21AA209
080E540348F602CD0E29500443B21AA5
09080E541648F502DA0E3450043BB21A
A409080F540E48F702CB0E3E50043FB2
1AA509080F5417480703D00E40500443
B21AA5090810540F48FE02DE0E3E5004
43B21AA50908105402480003E80E3F50
0444B21AA50908105416480303E20E40
50044BB21AA709080F541348F802DC0E
3D500447B21AA509080E5416480803E6
0E3B50044BB21AA709080F540B48F102
B50E38500459B21AA709080E541548EE
02BC0E36500457B21AA709080E542348
E302BA0E3250045BB21AA909080E5409
48EB02AD0E3050045DB21AAA09080E54
1748EF02B20E2D50045BB21AAA09080F
540648F402B10E2C500453B21AA90908
0F541C48F502B10E2E50044CB21AAB09
080F54FA47EA02AF0E3450044FB21AAB
09080E5403480203D20E34500453B21A
A909080E54F8470303D40E35500454B2
1AA809080E54FE47FB02D30E3450045F
B21AA609080D540D48FC02D40E2C5004
5FB21AA009080D540B48FD02A20E2A50
0484B21A9109080D54EF47FA02A20E1F
50048BB21A7209080D54F147F1029F0E
105004A0B21A5009080E54FB47FE029E
0E01500494B21A3509080E54FE47F202
A10EFC4F047FB21A2309080E54FC47FC
02D50E0250045BB21A1109080E540848
EE02CD0E1150045FB21AF708080E5404
48F202CF0E19500450B21ADC08080D54
FB47FA02D70E2250044BB21ACB08080E
541B48E302C40E2850043BB21ABE0808
0D540948D902BD0E30500432B21A9F08
080D54E847DB02C90E35500448B21A7C
08080E54F847E802B90E2F500490B21A
5E08080D540B48E202B40E12500411B3
1A4908080E541D48F902B50ED64F04B3
B31A4608080D543C48F502B50E7E4F04
BCB31A4A08080D544148F302B30E424F
0452B31A4308080E540C481103BF0E4C
4F0445B31A2F08080D54F1471303C40E
594F0477B31A1208080D54F4471503C9
0E504F04C8B31AF907080D5408480C03
C50E2D4F041DB41AE807080D54F34713
03BE0EF94E0458B41ACB07080D54DD47
EA02B70ECE4E0472B41AA807080D54E7
47E902B10E954E0441B61A8C07080D54
0648F102BE0EE54D0418B81A7607080C
541348F302B40EB94C04F4BE1A6E0708
0D541148F102C10EEB49047EC41A6707
080C541848EF02C80E59460441C51A4F
07080B541148F102C60E204404ADC41A
3207080B54F447F302C00E27430419C5
1A1707080B5413480A03C40E534204B8
CF1A0D07080B542248FA02C10EF73E04
B7D51A0407080B543E48FF02C90EEC3A
048AD31AEE06080B5424480703C10ED3
380452D61AD006080C543C480F03A60E
1C3704ECD81AB006080C5431480403A4
0E393504C9DE1A9906080C544E480603
A60E823204D7E31A8C06080C546748FD
02A00E432F0425EB1A8406080B545948
08039E0E472B04A4EC1A7106080B545A
48F602D30E662804B1EA1A5506080B54
6948F702C70E72270446EA1A3C06080C
547748F102D10E1A2704CDEF1A340608
0B549448E602D20E982504B4F21A3106
080C54B1481703B40E9F230472F31A21
06080D54B1480B03B80E492204D9F21A
0906080C54BE480A03AF0EB4210407F3
1AED05080C54CE481303AD0E602104B2
F41AD605080C54DE48ED02B30EAF2004
CEF61AC705080C54D848DE02AF0EA71F
04C7F81ABF05080C541C49D802AD0E84
1E048FFB1ABE05080C540E49DC02B10E
251D0493FB1AB805080B54F648EC02C2
0E381C0423FB1AA305080C54F548EB02
C80ED51B04B4FA1A8705080C541049E3
02C40ED31B0471FA1A7005080C541849
DD02C90EED1B04FBFB1A6305080C5445
49E702C30E9F1B04E3FC1A5505080B54
3D49DB02D10E211B04A9FC1A3F05080B
542649D802D00EDB1A047BFC1A220508
0C545449D602CF0EC91A047FFC1A0805
080C547549CC02D80EC21A04EFFC1AF2
04080C547049CF02B80EA11A04A6FD1A
E504080C548349CF02BA0E5F1A049AFE
1AE004080C549549D502B10EF81904E9
FE1AD504080C546E49D702B70E941904
A2FE1ABC04080C547D49C502240F6B19
044BFE1A9C04080B547249BF021D0F70
1904ACFF1A8C04080B548E49C202260F
FD180401051B8404080B54C049C4021A
0F751704CB041B7204080B549E49E202
AD0E2716048E051B5504080B548C49E3
02B20E3B150477061B3604080B548949
E202B70E5714041A0A1B1E04080B5484
49DD02B10EC41204290F1B0F04080B54
9549EE02B00E5D100489111B0B04080A
548649CF025F0F130E04E9141B080408
0A548C49D102610FE40B0487151B0204
080A549249D502600F6F0A0444151BFE
03080A549349D3025C0FAA0904C7171B
FC03080A547949DC00510DA908042318
1BFF03080A549949D700530DE1070447
191BFF030809549449D5004B0D250704
061B1B02040809549449E200560D3D06
04661B1B0504080A548A498903C20D9B
0504F11A1B0604080A549B498A03BE0D
6C05045F1A1B0804080A54BD499603CA
0D8B0504061A1B06040809549C499603
C40DBF0504DE191B0504080954B0498E
004D0CEB0504F2191B0604080854C049
8C00510C040604BC191BFF03080854EE
498A00400C170604C31A1BF003080954
3C4A8B004A0CE50504291A1BE6030808
54424A8F00540CCD0504F61A1BD90308
08540D4AFC030D187F0504D61C1BCB03
080854EE49F8031818820404A9201BC3
03080854C64907041C18C80204C6211B
C003080954DD49FD0314189D0104980C
13C203080954D949AB021206A101040F
1E0FC103080954CC49A8021106110204
B13D0EC103080854B049A80212069202
0458360EC303080854BF49A60215062F
03045A710EC303080954DD49A502D003
DD030488710EC203080954EC49AB02C3
03730404F8D40EC303080954E149A202
C303060504A8650EC203080954F349AA
02CC03A7050457240EC2030809542E4A
B102C8033B060476440EC1030809544D
4A9F02BD03CA0604E35A0EC103080954
244A9D02C6036507042EFB0EC1030809
54864AA602C90307080402590EC20308
0954854BA402C1039D080422BD0EBF03
080854C64AAC02C70315090454C90EC1
03080854A74A9B02C5037909048FE70E
C3030807546F4BA202D003EA0904BF04
0EC103080754D74CA202C503700A04FD
920EC203080754D34CA302C703E40A04
89DE0EC103080754724DA402C8033D0B
04AA6F0FC3030807548C4E9C02C80399
0B042B210FC203080854CB4F9D02C603
3E0C04E3020FC2030808540053A402BF
03450D0489BD0EC103080954D3539D02
C1033F0E0401DA0EC3030809549E52A8
02C803E70E04DB8910C2030808547651
9D02C703510F047A7719C40308095473
50AF02BF03790F040B5B16C103080954
764F9802BD03E20E04CFCE1AC1030809
54FD4EA302C2030E0E04EE941AC20308
0954714EAD02C503</Data>

   <DataCRC>e51dd286</DataCRC>

   <BytesSent>12920</BytesSent>

</SBEDataUpload>
</InstrumentRawData>
</SBEDataUploadFile>
